patient_id,minute,hr,spo2,map,etco2,rr,bis,anomaly
1,0,82.21,97.07,78.25,34.15,14.52,49.48,0
1,1,80.91,97.27,76.77,35.81,14.46,51.60,0
1,2,81.15,97.21,76.82,35.87,13.88,50.69,0
1,3,82.79,97.41,77.23,34.31,13.46,50.11,0
1,4,81.69,97.53,78.56,35.89,13.43,52.55,0
1,5,82.08,97.06,76.62,35.89,13.98,51.30,0
1,6,83.72,97.57,78.40,34.51,14.30,50.13,0
1,7,83.38,97.29,80.67,34.53,14.44,52.40,0
1,8,82.81,97.60,80.50,35.29,14.49,50.00,0
1,9,81.32,97.35,80.98,34.61,14.46,50.43,0
1,10,90.85,95.21,70.41,34.81,14.15,58.56,0
1,11,92.03,94.71,69.96,35.38,13.67,60.12,0
1,12,95.69,94.25,66.60,36.04,13.99,62.12,1
1,13,91.36,95.30,69.70,35.32,13.85,58.42,0
1,14,87.71,95.57,68.89,35.86,14.22,55.53,0
1,15,82.00,97.39,78.83,34.26,14.05,51.33,0
1,16,79.81,97.27,78.42,36.00,14.24,51.79,0
1,17,80.41,97.77,77.37,34.24,14.13,51.72,0
1,18,82.36,97.26,80.10,34.48,14.38,52.89,0
1,19,82.89,97.11,80.01,35.89,13.78,52.99,0
2,0,85.76,98.15,87.37,34.08,14.61,40.86,0
2,1,84.34,97.77,87.18,33.16,14.91,43.99,0
2,2,86.50,97.62,89.75,32.84,14.85,41.45,0
2,3,84.46,98.06,92.09,33.11,14.91,43.47,0
2,4,83.43,98.35,91.51,32.53,14.39,41.18,0
2,5,85.10,98.27,91.28,32.30,15.17,44.31,0
2,6,84.63,97.83,91.20,32.36,14.72,43.36,0
2,7,85.06,98.06,89.20,32.21,14.74,44.26,0
2,8,83.92,97.85,87.40,32.86,15.07,41.37,0
2,9,83.18,97.96,88.08,32.90,15.30,41.61,0
2,10,83.72,97.85,87.58,33.90,15.44,42.97,0
2,11,82.76,98.33,88.26,33.11,15.38,40.99,0
2,12,84.02,97.86,87.64,32.31,15.36,44.06,0
2,13,83.14,97.69,89.52,33.63,15.30,43.36,0
2,14,81.85,97.77,87.29,32.99,15.30,41.42,0
2,15,84.39,97.67,88.87,32.87,15.10,40.46,0
2,16,83.71,98.19,89.92,33.57,15.22,42.12,0
2,17,84.19,98.31,88.91,34.03,15.17,41.57,0
2,18,85.81,97.74,90.01,32.81,15.42,43.16,0
2,19,84.97,98.17,89.81,33.08,15.18,43.29,0
3,0,88.15,97.37,78.09,37.17,14.23,54.05,0
3,1,90.27,97.13,77.88,36.35,15.18,54.15,0
3,2,88.35,97.23,82.76,37.03,14.84,55.64,0
3,3,89.48,96.97,82.10,37.45,15.19,54.98,0
3,4,88.25,96.84,82.94,36.75,15.14,54.25,0
3,5,89.99,96.99,81.37,36.72,14.58,55.40,0
3,6,90.62,97.37,80.10,36.27,14.27,54.21,0
3,7,89.69,97.33,80.78,36.49,14.68,53.83,0
3,8,89.18,97.18,79.84,37.03,14.38,55.39,0
3,9,90.47,97.35,81.28,37.70,14.53,53.40,0
3,10,88.16,97.20,79.42,37.91,14.72,55.83,0
3,11,89.08,97.58,76.76,36.88,14.92,56.77,0
3,12,87.16,97.15,76.16,37.19,14.21,54.15,0
3,13,89.81,97.60,78.99,37.63,15.07,54.76,0
3,14,89.51,96.93,81.54,36.32,14.59,56.01,0
3,15,89.56,97.60,77.72,36.92,14.94,55.71,0
3,16,89.55,97.36,76.56,37.98,14.72,55.20,0
3,17,86.96,96.91,80.61,37.27,14.36,56.33,0
3,18,89.03,97.09,79.72,37.14,15.12,54.61,0
3,19,89.33,97.31,80.55,36.30,14.12,54.61,0
4,0,83.54,98.22,84.00,36.47,14.26,53.23,0
4,1,84.46,98.01,88.00,36.30,14.60,55.27,0
4,2,81.87,98.38,83.13,36.08,13.85,53.27,0
4,3,82.33,97.74,88.04,36.65,13.87,52.60,0
4,4,83.98,98.17,86.88,35.37,14.91,52.58,0
4,5,84.08,98.14,82.82,36.91,14.22,53.03,0
4,6,81.80,98.17,83.39,35.66,14.79,56.34,0
4,7,83.19,98.46,88.11,35.81,14.64,54.49,0
4,8,83.07,97.70,84.93,35.38,13.93,54.98,0
4,9,83.17,97.69,85.60,35.73,14.89,55.67,0
4,10,81.98,98.34,84.56,36.99,14.76,52.96,0
4,11,82.48,97.96,84.53,37.07,14.09,54.27,0
4,12,79.86,97.71,82.70,36.99,13.97,52.92,0
4,13,79.81,97.96,86.52,35.49,14.38,56.18,0
4,14,81.70,98.15,83.74,35.89,13.99,53.93,0
4,15,81.57,98.37,85.23,35.75,14.72,52.59,0
4,16,81.52,98.17,82.12,36.73,14.59,53.97,0
4,17,83.71,98.16,85.99,35.09,13.85,52.85,0
4,18,81.52,98.26,86.76,36.07,14.04,54.80,0
4,19,83.84,97.88,83.83,36.18,14.21,53.44,0
5,0,76.65,97.14,79.34,35.72,12.50,58.93,0
5,1,75.04,97.48,81.50,35.22,12.92,55.73,0
5,2,76.51,97.36,80.69,34.83,12.38,57.12,0
5,3,74.56,97.45,79.40,35.67,12.49,57.92,0
5,4,78.27,97.14,84.32,35.09,12.37,55.89,0
5,5,77.89,97.07,80.99,35.28,12.28,58.45,0
5,6,75.15,97.17,80.60,35.86,13.03,58.69,0
5,7,75.80,96.98,81.14,35.58,12.83,57.95,0
5,8,75.38,97.13,82.75,36.08,12.36,58.19,0
5,9,76.44,97.17,82.42,35.81,12.48,56.29,0
5,10,73.77,97.02,79.34,35.45,12.30,58.06,0
5,11,76.56,97.19,78.60,35.82,12.87,55.76,0
5,12,73.96,97.34,81.34,35.21,11.93,57.07,0
5,13,74.15,97.37,79.91,35.19,12.85,55.91,0
5,14,74.86,97.09,81.66,35.96,12.57,55.45,0
5,15,73.50,97.47,81.81,34.80,12.44,58.65,0
5,16,75.73,96.97,81.42,36.14,12.56,57.13,0
5,17,75.50,97.58,79.89,35.90,12.38,58.85,0
5,18,74.02,97.28,79.06,35.22,12.11,59.08,0
5,19,77.24,97.61,79.68,34.86,12.87,55.90,0
6,0,87.58,97.36,86.17,33.29,12.85,46.32,0
6,1,87.64,97.49,87.00,33.28,12.85,47.57,0
6,2,87.06,97.38,86.11,33.55,12.92,47.53,0
6,3,86.00,97.35,84.38,34.52,12.61,46.38,0
6,4,85.08,97.12,87.65,33.96,12.82,45.81,0
6,5,86.02,96.89,84.50,33.70,12.99,45.33,0
6,6,87.81,96.87,85.95,34.43,11.92,47.63,0
6,7,84.93,96.92,84.72,35.08,12.41,44.73,0
6,8,94.97,95.17,78.34,34.16,12.79,52.50,0
6,9,93.91,94.51,74.78,35.07,12.91,53.29,0
6,10,99.18,94.20,71.46,33.54,12.63,56.44,1
6,11,96.29,94.64,78.57,33.41,12.23,54.78,0
6,12,93.04,95.40,80.49,33.62,12.43,51.49,0
6,13,84.47,96.93,82.17,34.13,12.62,44.96,0
6,14,83.96,97.48,84.52,34.19,12.11,46.32,0
6,15,83.71,97.49,83.81,33.30,12.69,45.83,0
6,16,86.16,96.76,85.68,34.36,12.07,47.77,0
6,17,84.54,97.26,83.70,34.14,13.03,47.71,0
6,18,87.14,97.42,87.77,34.68,12.51,46.43,0
6,19,84.98,97.12,88.49,34.93,12.93,46.76,0
7,0,74.82,97.28,95.15,35.16,12.95,52.51,0
7,1,74.84,97.14,93.65,36.20,12.03,52.50,0
7,2,78.60,97.47,96.52,34.97,12.87,51.14,0
7,3,76.58,97.63,97.67,34.68,12.63,52.98,0
7,4,75.61,97.80,95.64,36.02,12.79,49.63,0
7,5,78.15,97.78,93.75,35.26,12.97,52.08,0
7,6,76.75,97.42,98.98,35.67,12.65,50.38,0
7,7,76.29,97.87,98.22,34.37,12.89,52.28,0
7,8,85.56,95.84,90.11,35.05,13.14,58.31,0
7,9,87.40,95.33,87.90,35.18,12.37,61.02,0
7,10,88.00,94.24,82.75,34.27,12.24,60.00,1
7,11,87.01,94.95,87.11,35.92,13.10,58.60,0
7,12,83.92,95.65,86.65,35.10,13.01,57.60,0
7,13,74.02,97.15,92.58,35.43,12.18,52.26,0
7,14,75.88,97.39,97.16,34.78,12.89,52.89,0
7,15,73.67,97.87,92.38,36.19,12.28,50.79,0
7,16,77.34,97.37,96.46,35.50,12.32,50.53,0
7,17,74.36,97.81,98.17,34.57,13.00,50.38,0
7,18,76.79,97.36,92.75,34.42,12.40,50.28,0
7,19,77.73,97.79,92.79,35.45,12.48,52.69,0
8,0,81.41,98.30,93.59,37.86,15.88,48.82,0
8,1,81.30,98.57,94.29,37.79,15.59,48.47,0
8,2,81.32,98.35,93.39,38.03,15.78,48.87,0
8,3,83.55,98.44,94.91,37.11,15.71,46.91,0
8,4,81.14,98.69,95.36,37.47,16.19,47.98,0
8,5,81.54,98.01,90.25,38.64,15.58,48.81,0
8,6,83.73,98.60,93.21,37.31,16.29,47.34,0
8,7,79.95,98.27,94.27,38.52,16.44,46.84,0
8,8,82.38,98.68,91.12,38.54,16.28,46.87,0
8,9,81.05,98.31,89.74,37.49,15.48,47.82,0
8,10,82.90,98.09,95.14,37.10,15.32,46.24,0
8,11,81.73,98.38,90.33,38.31,15.99,47.92,0
8,12,79.91,98.52,93.16,37.49,15.32,49.36,0
8,13,81.00,98.33,94.20,37.86,15.95,48.88,0
8,14,79.98,98.40,89.83,38.13,15.77,48.70,0
8,15,81.58,98.47,92.32,38.67,15.54,48.18,0
8,16,80.45,98.70,90.74,37.87,15.34,47.20,0
8,17,79.18,98.75,90.67,38.04,15.84,45.98,0
8,18,81.43,98.06,91.45,36.95,16.04,48.24,0
8,19,81.86,98.34,92.94,37.08,16.10,47.37,0
9,0,72.11,97.43,98.32,38.04,10.27,49.46,0
9,1,72.07,97.78,95.88,38.97,10.17,52.14,0
9,2,70.98,97.45,93.92,38.39,10.01,51.91,0
9,3,74.85,98.12,95.45,39.31,9.61,50.40,0
9,4,71.92,98.07,97.20,39.72,9.90,51.80,0
9,5,71.32,97.66,97.70,37.90,10.29,51.27,0
9,6,72.20,97.61,96.47,38.81,9.85,49.67,0
9,7,71.24,97.40,97.16,39.57,9.99,52.62,0
9,8,79.02,96.04,93.49,38.10,10.65,55.28,0
9,9,81.17,95.47,90.05,38.66,10.55,60.12,0
9,10,84.65,94.75,81.97,39.06,10.09,59.87,1
9,11,80.76,94.91,86.31,38.60,10.66,57.58,0
9,12,79.09,95.78,90.34,37.85,10.25,55.29,0
9,13,72.89,97.67,95.11,38.92,10.50,51.06,0
9,14,72.54,98.14,94.72,38.75,10.49,52.70,0
9,15,72.16,98.10,94.86,38.94,10.51,52.36,0
9,16,69.89,97.78,95.68,38.35,10.26,50.51,0
9,17,71.97,97.96,97.82,39.34,10.42,50.82,0
9,18,72.04,97.55,93.57,39.42,10.17,51.04,0
9,19,71.88,97.46,96.93,38.93,10.50,51.21,0
10,0,87.86,97.44,87.80,38.24,10.23,58.67,0
10,1,87.24,97.50,89.75,36.36,10.20,59.14,0
10,2,85.20,97.06,89.18,38.27,10.81,59.77,0
10,3,88.79,97.19,89.14,36.68,10.96,57.38,0
10,4,87.49,97.45,89.70,37.11,11.10,57.16,0
10,5,85.99,97.74,88.58,38.27,11.21,59.69,0
10,6,88.59,97.14,89.62,36.74,10.03,59.62,0
10,7,86.89,97.01,86.71,38.01,11.04,58.01,0
10,8,85.19,97.58,87.00,37.41,11.06,59.40,0
10,9,88.72,97.45,88.66,37.19,10.54,58.38,0
10,10,87.39,97.11,88.15,37.86,11.08,56.85,0
10,11,84.37,96.98,83.99,38.32,10.22,57.85,0
10,12,88.05,97.48,84.71,38.29,10.93,59.03,0
10,13,87.36,97.49,87.43,37.24,10.43,56.60,0
10,14,86.75,97.43,83.44,38.17,11.20,57.65,0
10,15,84.04,97.25,87.58,37.05,10.60,59.42,0
10,16,84.25,97.47,84.03,36.89,11.00,59.40,0
10,17,85.44,96.99,86.81,36.56,10.67,56.99,0
10,18,86.45,96.96,88.48,36.61,10.70,59.23,0
10,19,87.79,97.16,88.67,37.74,10.07,57.33,0
11,0,70.17,98.56,99.59,36.95,13.66,55.22,0
11,1,73.16,98.95,95.21,37.33,13.61,55.33,0
11,2,70.17,98.90,97.07,38.66,13.64,56.49,0
11,3,73.38,98.20,98.27,37.16,14.18,54.31,0
11,4,72.68,98.90,96.27,38.13,13.92,54.98,0
11,5,70.60,98.84,97.90,38.52,13.06,52.90,0
11,6,70.56,98.77,98.54,38.69,14.11,56.05,0
11,7,70.53,98.61,96.02,37.58,13.31,53.35,0
11,8,80.61,96.25,90.18,36.84,14.21,61.11,0
11,9,79.80,96.44,88.47,37.85,13.63,63.28,0
11,10,82.70,95.30,83.39,37.97,13.29,65.43,1
11,11,79.49,95.80,90.14,37.55,14.08,63.83,0
11,12,77.97,96.84,88.43,38.31,13.14,60.46,0
11,13,69.24,98.32,97.50,36.96,14.24,55.42,0
11,14,69.60,98.20,98.49,38.62,14.04,53.06,0
11,15,70.52,98.60,94.95,36.77,13.79,55.78,0
11,16,71.00,98.58,95.58,37.91,13.42,53.11,0
11,17,69.83,98.40,95.05,37.83,13.96,53.41,0
11,18,70.83,98.38,99.20,37.03,13.55,54.08,0
11,19,73.13,98.36,95.17,37.94,13.49,53.53,0
12,0,72.81,97.44,94.77,38.14,12.02,49.58,0
12,1,74.21,97.97,96.24,39.46,12.17,51.02,0
12,2,75.01,97.48,97.08,38.74,12.00,50.06,0
12,3,73.68,97.36,98.68,37.87,11.79,51.63,0
12,4,76.31,97.37,94.12,39.29,11.50,52.31,0
12,5,73.96,97.55,98.47,37.81,11.93,53.08,0
12,6,76.37,97.29,94.81,37.87,12.38,51.11,0
12,7,73.45,97.54,95.59,38.07,12.15,52.98,0
12,8,72.28,97.77,97.20,39.06,12.09,50.21,0
12,9,73.87,97.40,97.30,39.41,11.68,51.16,0
12,10,75.00,97.86,96.45,39.47,11.99,50.81,0
12,11,73.30,97.76,96.42,39.29,12.01,51.52,0
12,12,74.53,97.43,93.11,38.75,12.32,49.59,0
12,13,71.34,97.86,94.16,38.26,12.26,51.46,0
12,14,74.76,97.79,95.74,39.09,12.02,50.77,0
12,15,71.32,97.35,95.90,39.42,11.64,49.94,0
12,16,73.85,97.57,96.30,37.90,12.19,49.68,0
12,17,71.77,97.45,92.14,38.16,12.35,51.09,0
12,18,75.30,98.03,94.00,39.24,12.28,51.60,0
12,19,75.73,97.71,98.04,38.11,12.48,52.99,0
13,0,88.90,97.45,84.34,38.08,12.72,56.62,0
13,1,89.14,96.71,86.18,36.72,12.83,57.38,0
13,2,88.33,97.33,85.93,37.91,12.92,55.62,0
13,3,86.88,96.94,85.47,38.15,13.02,56.27,0
13,4,87.66,97.03,89.78,37.36,13.31,55.69,0
13,5,88.58,97.09,88.03,37.30,13.24,57.47,0
13,6,89.04,96.77,89.67,37.44,13.17,57.69,0
13,7,87.99,96.99,86.74,37.93,12.48,55.98,0
13,8,86.67,96.69,86.56,37.22,12.70,56.22,0
13,9,87.46,96.75,85.24,38.28,12.65,55.72,0
13,10,86.27,97.07,83.97,37.10,12.76,55.77,0
13,11,87.97,96.88,88.72,38.05,13.32,57.66,0
13,12,84.86,97.30,85.93,37.73,12.53,56.92,0
13,13,87.23,97.24,83.91,37.98,12.39,59.37,0
13,14,86.58,96.90,83.23,37.27,13.24,58.83,0
13,15,85.10,97.38,87.11,38.09,12.41,57.03,0
13,16,86.10,96.88,88.31,37.14,13.31,55.66,0
13,17,85.25,97.08,83.49,38.20,12.56,58.30,0
13,18,87.45,97.41,88.10,38.22,12.44,58.44,0
13,19,88.47,97.13,85.43,36.66,13.11,56.50,0
14,0,77.48,97.76,78.08,36.27,9.94,57.76,0
14,1,78.15,97.90,78.52,37.04,10.70,59.55,0
14,2,79.66,98.06,80.16,37.35,11.05,56.10,0
14,3,78.29,97.83,77.98,35.79,10.64,56.25,0
14,4,78.40,97.67,82.07,36.61,10.54,58.66,0
14,5,77.52,97.99,83.94,36.01,9.95,56.43,0
14,6,79.33,97.83,82.38,36.75,10.91,59.89,0
14,7,79.82,98.04,81.49,36.30,10.00,57.12,0
14,8,79.13,97.78,79.87,35.96,10.29,57.73,0
14,9,79.78,97.50,82.98,35.92,11.03,58.42,0
14,10,79.39,98.05,78.23,36.78,10.56,59.38,0
14,11,79.70,97.75,82.16,36.37,10.18,57.33,0
14,12,77.03,97.94,81.41,35.85,10.26,58.94,0
14,13,77.55,97.32,78.66,36.56,10.89,59.86,0
14,14,76.83,98.08,79.54,36.87,10.26,59.34,0
14,15,76.39,97.67,80.67,36.03,10.75,59.73,0
14,16,78.96,97.45,78.66,37.30,10.31,58.23,0
14,17,77.60,97.52,78.87,35.86,10.84,58.22,0
14,18,78.81,97.91,82.56,36.17,10.62,59.79,0
14,19,77.50,97.60,77.85,36.22,10.13,58.46,0
15,0,76.43,97.12,81.19,33.28,14.36,54.23,0
15,1,78.81,97.59,81.09,32.77,14.88,55.14,0
15,2,77.27,97.19,82.28,34.60,14.87,56.32,0
15,3,80.34,97.73,81.21,34.54,14.62,56.02,0
15,4,78.81,97.84,81.18,33.64,14.20,53.95,0
15,5,77.97,97.18,80.07,33.59,14.98,54.59,0
15,6,79.63,97.47,81.43,34.39,15.32,53.79,0
15,7,78.15,97.36,79.69,33.98,15.36,54.48,0
15,8,77.64,97.42,80.41,33.05,14.39,56.54,0
15,9,79.43,97.28,80.41,32.82,15.03,53.33,0
15,10,78.29,97.27,79.80,33.74,14.98,54.39,0
15,11,75.69,97.73,78.66,33.73,14.36,52.91,0
15,12,75.72,97.19,80.79,33.72,14.73,56.61,0
15,13,76.34,97.83,81.26,33.33,14.28,54.92,0
15,14,77.59,97.23,81.12,33.92,14.83,54.18,0
15,15,78.10,97.67,80.08,34.00,14.38,55.42,0
15,16,77.65,97.83,79.65,32.95,14.83,53.22,0
15,17,79.12,97.78,77.40,33.99,14.20,52.69,0
15,18,75.86,97.39,80.78,34.23,15.04,55.65,0
15,19,76.51,97.37,77.16,32.96,15.20,54.48,0
16,0,81.02,97.22,78.85,37.97,12.27,46.18,0
16,1,80.16,97.55,83.02,36.94,11.91,46.11,0
16,2,79.60,97.37,83.97,37.29,11.84,47.28,0
16,3,79.78,97.25,78.63,37.17,12.62,47.10,0
16,4,81.86,97.31,79.95,37.56,11.73,48.42,0
16,5,83.01,97.35,83.94,36.99,12.28,49.08,0
16,6,83.13,97.66,80.42,37.19,12.25,46.39,0
16,7,80.76,97.25,78.21,37.95,12.65,46.10,0
16,8,81.18,98.01,79.07,37.44,12.50,46.41,0
16,9,79.84,97.27,79.14,37.69,12.07,46.51,0
16,10,78.84,97.69,79.76,36.34,12.31,45.10,0
16,11,79.88,97.76,81.44,38.24,12.47,47.34,0
16,12,79.14,97.68,80.51,37.75,11.86,47.96,0
16,13,80.20,97.77,78.84,36.30,11.91,45.26,0
16,14,80.74,97.40,79.80,37.47,11.89,46.78,0
16,15,81.22,97.34,78.31,38.27,12.23,48.58,0
16,16,82.05,97.43,80.15,36.29,12.30,45.55,0
16,17,80.67,97.60,79.22,37.53,12.16,45.47,0
16,18,81.71,97.58,82.95,37.32,11.94,47.56,0
16,19,79.09,98.01,80.14,36.97,12.15,46.23,0
17,0,85.01,97.74,85.02,34.94,13.36,47.03,0
17,1,86.43,97.79,82.29,34.27,13.16,49.08,0
17,2,84.79,98.32,83.67,35.04,13.18,48.27,0
17,3,85.83,98.40,85.18,35.28,12.87,48.12,0
17,4,87.35,98.35,83.02,34.34,13.25,48.68,0
17,5,86.03,97.85,86.69,33.95,12.55,50.15,0
17,6,85.05,98.16,81.87,34.01,13.19,48.00,0
17,7,88.01,98.07,85.66,34.64,12.76,48.05,0
17,8,84.94,98.35,85.98,34.93,13.51,48.47,0
17,9,87.06,97.82,84.94,33.86,12.58,50.17,0
17,10,87.78,98.43,83.12,34.58,12.58,48.03,0
17,11,87.13,98.21,84.32,34.22,13.31,46.50,0
17,12,85.29,98.36,81.52,33.75,12.53,49.96,0
17,13,86.38,98.39,83.21,34.97,12.82,49.83,0
17,14,86.53,98.01,81.59,33.97,13.08,50.11,0
17,15,84.56,98.25,82.65,33.54,12.82,49.21,0
17,16,83.56,97.79,82.06,33.92,13.31,48.88,0
17,17,86.82,98.16,80.68,34.86,12.77,46.64,0
17,18,85.22,98.02,80.92,34.87,12.97,47.38,0
17,19,85.97,97.73,84.25,34.42,13.33,49.28,0
18,0,72.03,98.43,79.49,34.25,13.72,48.23,0
18,1,70.81,98.74,78.79,33.82,13.99,46.55,0
18,2,70.92,98.18,78.82,32.58,14.07,48.53,0
18,3,71.69,98.17,82.96,32.87,13.19,48.32,0
18,4,72.23,98.49,79.86,32.90,13.67,46.71,0
18,5,72.80,98.04,80.04,32.39,13.72,49.70,0
18,6,71.90,98.10,80.08,32.48,13.19,48.63,0
18,7,70.93,98.68,83.20,33.94,13.79,50.33,0
18,8,72.44,98.79,83.61,33.60,13.98,48.17,0
18,9,80.79,96.19,74.51,33.78,13.77,52.48,0
18,10,81.12,96.18,71.17,34.27,13.34,57.66,0
18,11,85.08,95.06,69.48,32.70,14.05,59.65,1
18,12,80.79,95.64,68.86,32.56,13.27,55.80,0
18,13,80.25,96.45,77.12,32.64,13.97,54.86,0
18,14,70.17,98.70,78.72,33.77,13.48,48.01,0
18,15,71.09,98.46,80.28,32.65,13.96,47.79,0
18,16,70.19,98.10,80.87,34.15,14.17,48.91,0
18,17,71.04,98.27,78.35,32.37,13.39,49.13,0
18,18,71.40,98.45,83.98,32.34,13.02,46.87,0
18,19,70.37,98.13,78.42,33.79,13.92,48.23,0
19,0,71.22,98.19,83.57,38.38,11.51,49.79,0
19,1,74.08,98.36,81.56,38.13,11.95,48.66,0
19,2,71.86,98.32,83.12,37.21,12.40,48.21,0
19,3,72.98,98.33,82.20,36.74,12.15,47.87,0
19,4,73.18,98.17,80.75,37.20,12.37,50.46,0
19,5,71.97,98.34,84.73,37.92,11.55,47.85,0
19,6,74.08,98.38,85.25,36.98,11.60,48.76,0
19,7,74.15,98.16,83.06,36.99,12.03,50.31,0
19,8,71.14,98.52,84.42,38.16,11.75,49.82,0
19,9,74.58,97.94,83.66,37.30,11.94,49.82,0
19,10,73.19,98.28,83.53,37.25,12.15,50.42,0
19,11,73.17,98.29,81.10,37.00,12.15,47.73,0
19,12,72.12,98.06,80.71,38.18,11.80,47.97,0
19,13,73.01,98.07,83.20,36.88,11.71,46.93,0
19,14,70.49,98.16,79.89,38.45,12.24,47.10,0
19,15,72.25,98.14,79.24,36.65,12.01,49.57,0
19,16,73.19,98.20,82.66,37.67,11.95,46.93,0
19,17,72.38,98.55,79.55,37.53,11.70,47.16,0
19,18,72.25,98.01,83.20,37.25,12.08,47.71,0
19,19,70.76,98.31,80.42,37.81,11.59,48.00,0
20,0,86.94,98.62,83.37,35.84,12.78,46.04,0
20,1,86.18,98.68,84.22,37.05,12.18,47.19,0
20,2,88.22,98.13,80.85,36.80,12.30,45.10,0
20,3,86.70,98.66,85.51,35.87,11.64,45.60,0
20,4,86.50,98.25,82.50,37.51,12.45,44.63,0
20,5,87.15,98.24,85.09,36.49,12.57,45.30,0
20,6,89.30,98.20,84.66,37.18,12.06,45.56,0
20,7,87.01,98.81,84.47,37.17,12.22,44.58,0
20,8,87.97,98.33,81.11,37.41,12.06,46.04,0
20,9,86.50,98.45,83.52,35.86,12.61,46.59,0
20,10,86.34,98.40,85.63,36.54,11.95,44.63,0
20,11,85.53,98.36,80.67,37.00,12.33,45.26,0
20,12,87.47,98.55,81.00,36.37,12.42,44.00,0
20,13,87.86,98.49,82.95,35.82,11.84,45.11,0
20,14,84.94,98.52,83.68,35.95,11.60,44.90,0
20,15,87.86,98.78,80.63,37.55,11.99,43.46,0
20,16,86.66,98.88,82.64,36.52,12.15,44.18,0
20,17,85.00,98.13,83.31,37.15,11.64,46.71,0
20,18,86.35,98.14,84.02,36.67,11.76,44.84,0
20,19,85.78,98.38,80.73,36.91,11.82,46.47,0
21,0,74.67,97.40,93.01,37.70,14.90,46.64,0
21,1,73.52,97.23,94.29,38.08,14.25,47.43,0
21,2,73.63,97.60,97.50,37.65,15.19,46.91,0
21,3,73.66,97.79,97.41,37.67,15.21,47.84,0
21,4,71.96,97.84,96.96,37.88,14.42,47.89,0
21,5,73.07,97.48,97.52,37.18,14.23,46.81,0
21,6,72.31,97.48,92.22,37.96,14.77,45.74,0
21,7,74.65,97.57,97.76,37.80,14.87,45.55,0
21,8,73.97,97.58,93.84,36.59,14.33,44.58,0
21,9,72.57,97.36,92.88,37.03,14.89,48.10,0
21,10,74.15,97.79,95.38,37.34,14.79,47.73,0
21,11,74.33,97.25,92.80,36.87,14.74,46.87,0
21,12,73.10,97.71,91.30,37.32,15.20,46.51,0
21,13,74.09,97.41,91.07,37.23,14.27,47.81,0
21,14,72.56,97.31,91.03,37.90,14.19,48.29,0
21,15,71.98,97.80,94.27,36.39,14.10,47.92,0
21,16,73.19,97.37,95.58,36.47,15.08,46.99,0
21,17,70.74,97.47,96.06,37.67,14.66,46.89,0
21,18,74.87,97.86,92.36,37.61,14.59,46.24,0
21,19,74.72,97.46,94.51,37.88,15.22,46.38,0
22,0,71.91,98.83,82.16,39.17,15.57,43.70,0
22,1,73.14,98.68,83.73,38.40,15.70,40.81,0
22,2,73.51,98.86,84.13,39.12,15.03,43.92,0
22,3,73.18,98.60,82.49,37.82,15.54,42.29,0
22,4,73.84,98.56,83.58,38.09,15.59,43.81,0
22,5,73.25,98.71,87.79,38.79,15.77,41.13,0
22,6,73.57,99.14,84.26,39.32,15.41,41.23,0
22,7,72.14,99.06,85.35,39.03,14.79,44.47,0
22,8,71.44,98.59,84.80,38.46,14.85,43.19,0
22,9,73.39,98.71,85.90,39.03,14.63,43.08,0
22,10,71.31,98.79,84.24,38.70,15.54,42.73,0
22,11,69.38,98.54,84.42,38.10,14.66,42.35,0
22,12,70.59,99.03,84.08,39.44,15.47,44.46,0
22,13,72.00,98.45,80.68,38.15,15.77,42.99,0
22,14,69.69,98.56,81.53,38.19,15.53,43.01,0
22,15,70.13,98.41,85.90,39.09,15.19,41.36,0
22,16,71.29,99.08,80.79,37.68,15.52,44.57,0
22,17,70.42,98.43,81.86,37.75,14.76,42.32,0
22,18,69.47,99.13,84.96,39.15,14.63,44.46,0
22,19,71.80,98.48,84.34,39.42,15.12,42.98,0
23,0,78.61,97.05,77.61,33.78,13.31,54.12,0
23,1,78.90,96.78,75.59,33.93,12.69,51.71,0
23,2,78.21,97.35,77.72,33.76,13.33,53.33,0
23,3,78.07,97.50,77.49,32.83,13.01,53.83,0
23,4,79.93,97.10,80.79,32.25,12.91,52.50,0
23,5,78.29,96.85,79.94,33.18,12.37,53.75,0
23,6,80.10,97.37,81.68,32.78,13.00,53.21,0
23,7,78.23,97.19,79.43,32.78,12.83,53.40,0
23,8,79.00,97.17,76.43,33.16,12.27,53.37,0
23,9,78.63,97.46,80.11,33.74,12.74,52.97,0
23,10,88.61,94.89,72.30,33.64,13.33,58.13,0
23,11,88.53,94.64,70.02,33.64,12.66,59.67,0
23,12,90.74,94.23,64.79,33.78,12.61,61.49,1
23,13,90.50,94.28,65.48,32.75,13.18,63.24,0
23,14,84.98,95.10,69.41,32.48,12.57,58.03,0
23,15,79.64,97.25,76.97,33.28,12.85,52.97,0
23,16,80.24,96.94,78.83,33.00,13.40,55.17,0
23,17,79.98,97.13,76.20,32.30,12.31,52.81,0
23,18,77.53,97.06,78.79,33.70,13.28,52.64,0
23,19,78.85,97.12,78.00,33.31,13.06,53.01,0
24,0,76.00,97.32,86.51,34.02,14.50,53.43,0
24,1,74.72,97.30,87.28,33.22,13.57,55.05,0
24,2,76.86,97.55,92.04,32.29,14.27,54.27,0
24,3,76.87,97.85,88.02,32.56,14.47,55.92,0
24,4,74.25,97.69,89.30,33.03,14.21,54.85,0
24,5,73.96,97.61,90.94,33.08,13.47,52.97,0
24,6,73.49,97.57,91.15,33.15,13.70,52.89,0
24,7,74.06,97.95,88.59,33.94,14.11,56.03,0
24,8,73.32,97.27,89.75,32.26,13.38,55.58,0
24,9,74.39,97.72,87.79,32.29,14.13,53.76,0
24,10,76.00,97.23,88.71,33.00,13.74,55.08,0
24,11,72.29,97.59,88.02,33.45,14.50,53.62,0
24,12,75.13,97.53,88.87,34.08,14.45,52.37,0
24,13,74.24,97.46,91.49,32.91,13.69,54.90,0
24,14,72.20,97.28,88.47,33.67,13.32,54.15,0
24,15,75.49,97.98,90.47,32.68,14.00,53.42,0
24,16,74.74,97.84,89.40,33.21,14.32,52.97,0
24,17,74.37,97.56,86.66,32.40,13.60,54.83,0
24,18,73.45,97.57,90.57,32.46,13.84,53.67,0
24,19,74.06,97.62,90.91,33.59,13.66,53.31,0
25,0,82.12,98.49,90.54,32.28,13.13,51.32,0
25,1,81.00,98.95,94.12,33.72,13.28,50.94,0
25,2,82.70,98.98,92.39,33.09,13.52,54.09,0
25,3,81.60,98.68,95.06,32.10,13.29,50.97,0
25,4,81.61,98.59,91.83,33.13,13.44,53.95,0
25,5,82.58,98.40,93.59,33.41,13.57,51.36,0
25,6,80.41,98.78,94.38,32.72,13.64,53.41,0
25,7,82.29,99.02,90.88,32.61,13.09,52.54,0
25,8,90.39,97.08,84.14,33.85,13.17,57.30,0
25,9,91.50,96.46,84.21,32.48,13.36,59.26,0
25,10,93.65,96.07,77.61,32.09,12.73,62.71,1
25,11,89.87,95.95,79.97,32.73,12.99,59.60,0
25,12,86.24,96.48,86.15,32.54,12.99,59.63,0
25,13,81.21,98.50,94.11,33.86,13.51,53.86,0
25,14,80.49,99.00,92.21,33.07,12.67,54.87,0
25,15,79.72,98.32,94.16,33.37,13.33,54.52,0
25,16,80.11,98.88,93.18,33.53,13.72,51.79,0
25,17,79.69,98.69,92.53,33.91,13.69,51.96,0
25,18,80.43,98.64,91.91,34.00,13.14,52.46,0
25,19,79.26,98.99,90.42,32.77,13.11,51.91,0
26,0,88.29,97.37,80.56,39.03,11.87,47.40,0
26,1,87.34,97.13,81.02,38.66,11.49,44.18,0
26,2,90.16,97.64,79.15,37.61,11.92,45.76,0
26,3,89.35,97.34,80.50,38.64,12.05,46.58,0
26,4,88.18,97.12,80.34,39.46,11.23,44.16,0
26,5,88.85,97.31,79.21,39.03,11.81,46.43,0
26,6,90.68,97.39,82.49,37.74,11.62,44.12,0
26,7,88.97,97.10,82.52,38.12,12.01,44.99,0
26,8,88.84,97.53,79.69,38.70,11.73,46.71,0
26,9,89.41,97.51,81.64,37.59,11.92,45.00,0
26,10,88.09,96.94,77.71,38.87,11.50,46.76,0
26,11,89.39,97.63,78.41,39.03,11.50,47.80,0
26,12,88.53,97.15,76.89,38.57,11.38,45.71,0
26,13,89.10,97.54,79.14,38.05,11.85,44.82,0
26,14,88.36,97.44,75.89,38.81,11.35,46.83,0
26,15,89.20,97.46,75.62,38.78,12.09,45.05,0
26,16,89.44,97.44,75.63,37.96,11.85,46.93,0
26,17,89.87,97.39,79.02,38.57,11.20,44.41,0
26,18,88.72,96.94,79.73,38.35,11.52,47.06,0
26,19,89.67,96.93,79.35,37.57,11.29,46.15,0
27,0,73.58,98.63,93.97,39.37,13.24,61.19,0
27,1,72.18,98.38,93.81,38.73,13.79,62.17,0
27,2,70.52,98.71,94.64,38.18,12.76,59.86,0
27,3,71.95,98.52,90.53,39.80,13.51,62.51,0
27,4,73.73,98.65,91.89,39.04,13.26,63.27,0
27,5,71.38,98.70,95.27,39.03,12.79,61.62,0
27,6,73.01,98.45,90.10,39.82,13.61,61.53,0
27,7,73.84,98.71,92.56,38.55,12.74,62.93,0
27,8,73.11,98.94,93.18,39.01,13.43,59.77,0
27,9,72.96,98.96,93.87,38.14,13.81,62.84,0
27,10,69.83,98.94,92.98,39.62,12.94,60.46,0
27,11,72.32,98.56,91.65,38.64,13.30,62.24,0
27,12,73.22,98.50,91.91,39.26,12.78,59.46,0
27,13,69.99,98.54,91.06,38.98,13.68,61.48,0
27,14,70.14,98.68,87.90,39.68,13.64,59.75,0
27,15,71.89,98.57,90.19,38.44,13.77,62.63,0
27,16,72.33,98.17,90.59,38.50,13.39,61.61,0
27,17,70.64,98.46,90.69,39.89,13.34,60.24,0
27,18,71.41,98.24,93.73,39.59,13.74,61.31,0
27,19,71.22,98.58,89.30,38.37,13.37,61.68,0
28,0,85.01,98.23,93.52,32.31,12.05,58.34,0
28,1,86.75,98.34,89.76,33.09,11.47,55.78,0
28,2,83.88,98.20,91.29,33.59,11.59,58.08,0
28,3,86.15,98.29,94.45,32.96,12.19,56.85,0
28,4,85.53,98.25,89.20,33.66,12.41,57.97,0
28,5,86.66,97.89,92.95,33.78,12.23,57.06,0
28,6,84.54,98.21,90.46,34.06,12.11,56.06,0
28,7,84.78,98.07,89.54,32.72,11.95,56.45,0
28,8,85.03,98.32,90.21,33.73,11.85,56.29,0
28,9,86.37,97.62,89.11,32.80,12.14,57.51,0
28,10,94.45,95.64,82.57,32.90,12.28,63.39,0
28,11,95.16,95.27,79.19,33.79,11.99,64.19,0
28,12,96.87,95.07,77.25,33.28,11.50,64.88,1
28,13,94.01,95.17,80.62,33.30,11.78,66.34,0
28,14,92.48,96.28,87.37,32.62,11.37,63.25,0
28,15,84.18,98.24,88.35,33.21,11.44,56.76,0
28,16,83.48,98.28,92.75,33.01,12.14,55.59,0
28,17,84.14,98.02,90.27,33.91,11.58,57.71,0
28,18,83.38,97.74,93.70,32.28,12.44,56.72,0
28,19,84.53,97.80,92.70,32.46,12.34,58.10,0
29,0,76.71,97.54,87.69,34.71,13.73,45.49,0
29,1,80.65,97.46,84.21,34.50,14.40,46.73,0
29,2,79.62,97.66,85.07,34.32,14.41,47.51,0
29,3,78.72,97.85,87.67,34.47,14.39,47.86,0
29,4,77.64,97.15,84.00,35.60,13.80,48.70,0
29,5,81.14,97.26,88.49,35.41,13.61,45.51,0
29,6,78.73,97.83,88.35,35.86,14.56,44.92,0
29,7,77.96,97.18,89.60,35.43,13.65,45.31,0
29,8,78.67,97.31,86.31,35.54,14.60,47.61,0
29,9,78.96,97.80,88.15,36.03,13.69,45.27,0
29,10,77.06,97.28,84.22,34.36,13.72,46.92,0
29,11,79.07,97.10,86.41,34.17,14.32,48.14,0
29,12,79.69,97.51,82.83,35.27,14.59,47.32,0
29,13,78.97,97.45,88.06,35.81,13.79,44.72,0
29,14,77.81,97.30,84.09,34.15,13.52,45.61,0
29,15,77.25,97.43,86.89,35.30,14.28,47.38,0
29,16,79.21,97.18,87.97,34.94,14.54,45.22,0
29,17,78.17,97.44,86.16,35.30,14.36,46.39,0
29,18,78.97,97.11,88.72,34.41,13.63,47.66,0
29,19,77.31,97.36,89.10,34.49,14.16,48.50,0
30,0,92.92,97.64,91.91,35.29,11.01,49.06,0
30,1,92.01,97.99,89.65,35.31,10.63,51.23,0
30,2,92.11,98.03,90.06,33.68,10.43,48.42,0
30,3,91.40,97.35,90.57,34.31,10.94,50.11,0
30,4,92.45,98.11,89.22,33.95,10.29,48.15,0
30,5,93.56,97.58,91.25,34.39,10.79,48.73,0
30,6,91.48,97.45,90.70,35.10,10.33,49.07,0
30,7,90.29,97.46,92.70,34.90,10.62,49.10,0
30,8,91.54,98.11,88.57,34.41,11.28,47.90,0
30,9,93.58,97.76,91.73,33.75,10.45,50.64,0
30,10,98.43,95.67,85.35,33.88,10.13,54.01,0
30,11,101.01,94.97,79.94,33.65,10.96,55.99,0
30,12,104.31,94.80,79.92,35.60,10.45,59.66,1
30,13,102.44,95.57,81.03,35.10,11.00,56.19,0
30,14,97.03,95.69,82.72,34.37,10.57,53.63,0
30,15,91.36,97.55,91.90,34.84,10.67,50.54,0
30,16,91.89,98.09,87.67,34.87,10.30,48.53,0
30,17,89.55,97.67,88.63,35.57,10.75,49.03,0
30,18,90.47,97.36,88.77,33.88,10.27,48.94,0
30,19,90.64,97.78,91.61,34.57,10.16,49.80,0
31,0,71.48,98.22,80.12,34.55,12.55,47.64,0
31,1,71.94,98.73,81.66,35.31,12.52,49.66,0
31,2,71.42,98.85,85.88,34.24,12.57,49.16,0
31,3,73.28,98.23,83.34,34.76,13.23,46.36,0
31,4,72.42,98.84,83.81,35.68,12.17,47.93,0
31,5,74.79,98.18,85.43,35.44,12.46,47.06,0
31,6,72.20,98.77,85.84,35.47,13.12,48.40,0
31,7,71.10,98.88,82.42,35.15,13.23,48.69,0
31,8,74.44,98.17,82.58,34.96,13.10,47.23,0
31,9,73.89,98.87,81.08,35.97,13.23,47.79,0
31,10,73.94,98.54,83.96,35.61,12.98,46.99,0
31,11,70.63,98.49,83.13,35.38,13.10,48.22,0
31,12,73.62,98.82,81.00,35.80,12.49,49.85,0
31,13,72.86,98.75,84.86,35.77,13.18,49.89,0
31,14,70.12,98.49,80.52,35.04,13.13,47.32,0
31,15,70.11,98.39,84.31,34.91,13.05,47.15,0
31,16,73.47,98.34,80.50,34.22,12.57,47.82,0
31,17,70.34,98.34,80.78,35.74,12.70,49.74,0
31,18,70.40,98.92,83.32,34.50,12.29,46.51,0
31,19,72.57,98.19,83.69,35.53,12.88,46.97,0
32,0,81.72,97.90,91.17,35.05,14.58,53.65,0
32,1,83.23,97.50,90.33,36.19,14.57,51.95,0
32,2,85.75,97.34,88.64,36.67,14.54,54.38,0
32,3,82.79,97.69,91.59,36.35,14.47,51.56,0
32,4,84.69,97.87,86.53,36.36,14.70,54.05,0
32,5,85.15,97.71,87.01,36.85,14.71,50.99,0
32,6,82.34,97.57,88.86,35.79,14.57,50.89,0
32,7,83.29,97.13,91.84,35.62,14.02,53.73,0
32,8,82.77,97.72,89.07,36.20,14.03,54.71,0
32,9,84.11,97.42,87.49,36.41,14.16,54.05,0
32,10,92.04,95.67,83.09,36.79,14.71,56.86,0
32,11,91.79,94.63,78.64,35.68,14.62,59.44,0
32,12,94.73,94.73,78.73,36.65,14.10,63.42,1
32,13,91.68,94.85,79.72,35.52,14.20,59.21,0
32,14,89.83,95.21,81.34,35.18,14.02,58.73,0
32,15,83.69,97.38,85.70,36.15,14.52,51.03,0
32,16,82.46,97.44,85.74,36.79,13.82,51.90,0
32,17,82.29,97.83,90.83,35.64,13.82,52.96,0
32,18,81.31,97.76,85.43,36.21,14.22,51.25,0
32,19,82.16,97.45,87.06,35.94,14.39,53.80,0
33,0,73.40,98.06,98.56,36.45,13.41,42.69,0
33,1,71.47,98.16,95.65,37.49,12.93,41.22,0
33,2,74.20,98.81,98.97,35.76,12.85,42.50,0
33,3,71.06,98.71,94.03,36.44,12.61,43.89,0
33,4,74.37,98.67,96.24,36.23,12.31,42.85,0
33,5,72.35,98.26,96.89,36.23,12.55,42.60,0
33,6,71.18,98.33,94.25,35.79,12.41,44.43,0
33,7,73.72,98.41,97.85,36.25,13.03,43.70,0
33,8,73.14,98.03,94.89,36.45,12.81,43.03,0
33,9,70.00,98.40,97.80,35.70,12.84,41.22,0
33,10,70.35,98.05,93.72,37.17,12.88,41.67,0
33,11,72.22,98.55,97.20,36.33,13.37,41.05,0
33,12,71.00,98.06,97.00,35.70,12.97,43.88,0
33,13,69.75,98.52,93.38,36.77,12.96,40.74,0
33,14,70.49,98.83,97.37,37.31,12.62,43.70,0
33,15,72.16,98.11,97.82,37.36,13.37,40.99,0
33,16,72.65,98.06,98.30,36.39,13.01,40.57,0
33,17,69.62,98.32,93.24,35.78,13.44,42.27,0
33,18,73.19,98.79,98.23,37.42,13.32,44.07,0
33,19,69.97,98.49,95.90,35.72,12.76,42.64,0
34,0,88.59,97.36,97.55,35.95,15.07,48.15,0
34,1,89.68,98.05,94.96,36.63,14.66,48.52,0
34,2,87.91,97.28,96.69,37.50,14.82,48.31,0
34,3,90.45,97.44,94.58,37.29,14.82,47.32,0
34,4,90.34,97.76,97.20,37.44,15.35,47.31,0
34,5,87.61,97.89,96.10,37.29,14.91,45.94,0
34,6,88.16,97.89,96.40,35.64,14.54,48.25,0
34,7,90.43,97.31,95.71,35.75,14.59,46.68,0
34,8,86.97,97.97,100.10,35.62,15.28,47.15,0
34,9,87.34,97.83,98.41,37.47,14.86,48.44,0
34,10,87.98,97.94,94.74,36.52,14.89,46.43,0
34,11,88.85,97.60,96.93,35.70,15.23,46.99,0
34,12,88.19,97.93,93.72,35.79,15.58,45.88,0
34,13,87.42,97.84,95.80,37.41,15.44,48.37,0
34,14,88.29,97.35,93.24,36.80,15.16,47.57,0
34,15,87.91,97.53,95.35,36.28,15.10,45.82,0
34,16,88.60,97.59,96.99,37.11,14.83,47.65,0
34,17,89.59,98.07,94.40,36.36,14.89,48.30,0
34,18,88.31,97.36,97.88,36.44,14.99,47.33,0
34,19,88.39,97.69,99.61,36.05,15.35,45.93,0
35,0,71.34,98.32,96.75,35.70,12.34,46.82,0
35,1,73.32,98.41,96.48,36.92,12.69,47.16,0
35,2,71.97,98.67,93.24,35.07,12.28,44.19,0
35,3,71.58,98.79,96.97,36.64,11.71,45.47,0
35,4,73.03,98.61,94.69,35.64,11.95,48.07,0
35,5,71.42,98.54,97.63,35.31,11.83,46.84,0
35,6,74.09,98.71,93.49,36.44,12.61,45.40,0
35,7,74.11,98.55,93.08,35.89,12.24,46.70,0
35,8,71.87,98.16,93.80,36.59,12.05,46.29,0
35,9,72.42,98.45,93.17,35.82,12.72,48.06,0
35,10,71.62,98.39,92.41,36.35,12.74,45.59,0
35,11,73.77,98.21,94.73,35.80,12.01,47.36,0
35,12,73.31,98.44,91.54,35.70,11.70,46.26,0
35,13,70.63,98.93,91.88,36.26,11.71,45.02,0
35,14,72.55,98.33,92.24,35.43,12.47,47.16,0
35,15,71.60,98.38,96.18,35.20,12.11,46.04,0
35,16,70.61,98.20,95.02,36.34,12.26,45.74,0
35,17,70.38,98.82,95.88,35.77,12.76,47.93,0
35,18,72.21,98.22,93.88,36.19,11.86,47.73,0
35,19,73.91,98.69,93.68,36.65,12.78,46.83,0
36,0,80.84,98.54,94.45,33.93,16.46,57.46,0
36,1,79.05,98.66,97.02,32.41,15.95,56.57,0
36,2,78.61,98.28,98.39,33.18,15.85,58.75,0
36,3,78.06,98.84,95.69,33.41,15.60,56.73,0
36,4,78.20,98.85,97.34,33.64,15.35,56.75,0
36,5,81.40,98.68,96.91,32.35,16.50,59.20,0
36,6,81.42,98.41,98.46,33.27,15.86,56.03,0
36,7,78.07,98.16,96.22,33.25,15.79,59.19,0
36,8,81.15,98.76,95.90,32.10,16.39,55.54,0
36,9,79.04,98.34,95.57,33.57,16.33,55.26,0
36,10,84.91,96.64,91.49,32.33,15.67,64.41,0
36,11,90.08,95.72,85.64,33.48,16.10,63.38,0
36,12,88.97,95.50,83.85,32.11,16.00,65.83,1
36,13,86.21,96.02,87.12,33.05,16.35,63.99,0
36,14,84.24,96.81,91.79,32.72,16.13,63.93,0
36,15,78.78,98.24,96.10,33.40,16.04,58.30,0
36,16,78.26,98.90,97.65,33.13,16.21,56.17,0
36,17,79.35,98.30,94.17,32.61,16.39,56.74,0
36,18,78.99,98.47,97.75,32.36,16.26,56.48,0
36,19,78.71,98.53,98.51,33.01,15.49,56.79,0
37,0,81.89,98.29,90.98,33.51,12.82,50.95,0
37,1,82.07,98.19,88.84,33.99,12.87,49.55,0
37,2,83.43,97.57,89.93,33.96,12.39,53.26,0
37,3,82.61,97.89,88.78,32.92,12.22,53.30,0
37,4,80.78,98.26,89.86,33.65,12.37,52.55,0
37,5,81.38,97.70,91.77,34.07,12.63,51.38,0
37,6,84.14,98.29,88.47,34.07,12.52,51.61,0
37,7,81.04,98.16,88.58,33.42,12.61,51.04,0
37,8,82.25,98.18,88.68,33.72,12.85,49.73,0
37,9,81.00,97.74,91.90,33.99,12.80,52.28,0
37,10,83.58,98.24,90.16,33.57,12.91,51.24,0
37,11,80.68,98.29,89.94,32.44,13.25,50.66,0
37,12,82.34,98.09,86.68,33.88,12.31,50.78,0
37,13,82.07,97.97,88.83,32.49,12.32,51.16,0
37,14,81.05,97.96,89.39,33.78,12.87,50.19,0
37,15,81.60,97.62,88.16,33.43,13.21,51.36,0
37,16,82.93,98.00,86.66,34.03,12.42,51.39,0
37,17,82.53,97.94,91.33,32.43,13.24,53.18,0
37,18,83.50,97.96,87.03,33.52,12.25,49.63,0
37,19,80.78,98.28,90.94,32.84,12.28,50.06,0
38,0,82.15,97.88,88.11,36.11,15.11,58.70,0
38,1,85.07,97.48,84.61,35.01,15.22,60.09,0
38,2,83.55,97.73,88.77,35.93,14.53,58.14,0
38,3,82.05,98.05,87.02,35.07,15.59,60.88,0
38,4,84.73,97.61,90.86,36.39,15.17,58.47,0
38,5,83.16,97.30,85.12,34.66,15.22,58.40,0
38,6,83.04,97.79,88.07,35.16,14.62,60.84,0
38,7,82.41,97.75,85.04,35.79,15.18,60.05,0
38,8,82.14,97.94,85.92,35.26,14.85,61.27,0
38,9,83.43,97.99,89.15,36.28,14.58,58.44,0
38,10,81.87,98.00,88.04,36.24,15.60,60.33,0
38,11,82.85,97.54,89.36,35.58,14.97,59.61,0
38,12,82.69,97.80,88.55,35.72,14.60,59.32,0
38,13,83.21,97.27,88.29,35.36,15.41,60.97,0
38,14,84.01,97.96,87.58,34.83,15.11,60.85,0
38,15,81.65,97.54,86.62,35.25,14.59,58.84,0
38,16,80.77,97.46,87.37,35.34,14.60,59.02,0
38,17,83.13,97.72,86.11,36.07,15.47,60.58,0
38,18,80.99,97.97,88.64,35.38,14.69,58.36,0
38,19,82.50,97.86,84.90,36.27,15.60,58.28,0
39,0,75.79,98.61,82.54,34.67,11.00,60.56,0
39,1,76.52,98.88,82.42,35.22,10.23,59.18,0
39,2,76.16,98.19,79.65,33.88,10.75,61.53,0
39,3,79.33,98.29,82.16,33.68,10.41,58.20,0
39,4,76.65,98.40,83.02,34.61,10.93,59.68,0
39,5,77.68,98.44,81.59,35.36,10.84,58.20,0
39,6,77.63,98.44,85.09,35.03,11.12,58.68,0
39,7,78.98,98.90,84.78,34.61,11.01,58.02,0
39,8,79.10,98.30,80.01,34.01,10.44,61.51,0
39,9,77.23,98.22,80.02,34.49,10.45,60.11,0
39,10,75.75,98.74,79.12,33.62,10.48,61.36,0
39,11,75.08,98.32,80.19,35.36,10.88,59.10,0
39,12,74.85,98.25,79.37,33.90,10.30,59.65,0
39,13,75.49,98.66,80.58,34.48,10.76,60.41,0
39,14,75.95,98.30,83.69,34.25,10.50,60.50,0
39,15,78.33,98.92,83.63,34.14,10.66,58.82,0
39,16,75.34,98.76,81.06,35.46,10.54,60.56,0
39,17,77.99,98.94,80.75,35.07,10.19,58.98,0
39,18,78.14,98.40,83.25,34.89,10.24,60.99,0
39,19,76.10,98.72,79.12,34.29,10.77,58.88,0
40,0,86.17,98.44,92.01,37.77,15.15,48.72,0
40,1,84.56,98.13,91.01,39.12,15.35,49.82,0
40,2,86.08,98.81,90.79,38.93,14.70,52.41,0
40,3,84.99,98.59,87.85,37.98,15.57,49.65,0
40,4,87.17,98.08,88.44,39.73,15.43,52.62,0
40,5,84.87,98.83,90.61,38.44,15.02,51.91,0
40,6,87.43,98.25,88.51,39.08,15.64,51.46,0
40,7,85.83,98.84,88.95,37.95,14.58,49.96,0
40,8,85.05,98.12,90.17,39.04,15.29,49.29,0
40,9,84.68,98.54,90.23,39.06,14.73,50.68,0
40,10,86.42,98.26,88.35,39.15,15.03,51.61,0
40,11,85.84,98.24,89.23,39.36,15.33,52.33,0
40,12,85.57,98.53,90.31,38.54,15.19,52.32,0
40,13,86.29,98.60,91.67,39.46,15.22,51.45,0
40,14,84.24,98.50,87.65,38.50,14.48,51.97,0
40,15,83.36,98.22,86.18,39.13,15.46,51.40,0
40,16,84.10,98.69,89.16,38.86,14.88,52.00,0
40,17,86.04,98.49,88.47,38.98,15.55,48.94,0
40,18,84.76,98.79,86.56,39.09,15.31,50.70,0
40,19,85.41,98.83,90.64,38.99,14.76,52.22,0
41,0,76.68,97.72,88.65,35.44,13.30,58.82,0
41,1,78.34,97.38,89.51,35.48,12.42,58.54,0
41,2,80.34,97.63,90.36,37.29,12.43,60.49,0
41,3,79.39,97.52,92.40,35.72,13.35,57.37,0
41,4,80.32,97.55,93.09,35.67,13.50,59.65,0
41,5,77.86,97.89,94.62,36.92,13.37,58.42,0
41,6,78.84,97.84,90.63,35.99,12.71,57.88,0
41,7,78.68,97.86,92.73,36.03,12.83,58.16,0
41,8,77.63,97.46,89.95,37.17,12.37,61.14,0
41,9,77.86,97.82,94.33,35.45,12.64,58.16,0
41,10,79.28,97.32,90.77,36.51,13.41,57.50,0
41,11,77.74,97.17,93.02,37.33,12.98,57.78,0
41,12,78.10,97.32,89.28,36.22,13.24,60.75,0
41,13,77.34,97.47,88.78,36.27,13.46,59.28,0
41,14,77.28,97.31,93.60,37.29,12.87,61.04,0
41,15,76.99,97.41,91.87,35.47,13.00,57.32,0
41,16,78.76,97.79,88.34,36.55,13.42,58.47,0
41,17,77.57,97.29,93.62,35.55,12.73,60.21,0
41,18,79.15,97.83,89.25,35.61,13.08,60.39,0
41,19,76.67,97.35,90.67,37.25,12.52,59.69,0
42,0,85.70,98.56,91.54,34.44,12.90,54.14,0
42,1,85.32,99.08,88.03,34.05,12.63,52.13,0
42,2,87.10,98.59,89.30,33.70,12.89,51.69,0
42,3,86.60,99.12,94.15,33.13,12.74,54.07,0
42,4,86.43,98.77,91.36,33.48,12.71,52.78,0
42,5,86.00,99.04,92.20,34.24,13.15,52.76,0
42,6,84.52,98.62,90.22,34.22,12.19,51.41,0
42,7,84.48,98.93,90.28,34.29,12.72,53.99,0
42,8,84.25,98.51,88.67,33.50,12.35,52.79,0
42,9,93.08,96.79,85.18,34.37,12.13,57.93,0
42,10,93.96,96.03,79.96,33.75,12.03,61.73,0
42,11,97.15,95.53,76.80,34.11,12.25,62.66,1
42,12,95.78,95.91,82.35,34.34,13.08,62.62,0
42,13,91.88,97.12,85.97,34.09,12.09,58.62,0
42,14,83.47,98.55,89.80,32.96,12.22,52.65,0
42,15,85.64,98.72,87.75,32.75,12.47,50.80,0
42,16,85.71,98.99,90.70,33.92,12.08,52.54,0
42,17,84.41,98.84,92.67,33.99,12.55,51.91,0
42,18,85.62,98.97,90.91,33.93,12.40,51.63,0
42,19,84.52,98.89,88.09,34.28,12.14,54.14,0
43,0,91.94,98.78,96.28,37.21,11.70,61.10,0
43,1,93.07,98.53,92.02,37.93,11.94,60.61,0
43,2,92.89,98.38,93.40,37.83,12.35,58.87,0
43,3,90.42,98.95,95.01,38.42,12.42,58.12,0
43,4,92.73,98.83,93.83,37.92,11.86,60.60,0
43,5,93.45,98.29,93.57,38.08,12.10,57.90,0
43,6,93.49,98.54,93.19,37.89,11.76,57.76,0
43,7,91.99,98.64,92.90,37.70,11.44,57.75,0
43,8,90.72,98.60,96.68,37.85,12.20,59.18,0
43,9,98.76,96.87,89.63,38.48,11.96,65.88,0
43,10,101.25,95.95,87.31,37.74,12.18,67.37,0
43,11,102.69,95.30,81.66,37.47,12.09,69.49,1
43,12,98.95,96.15,84.52,38.01,11.65,67.20,0
43,13,100.16,96.36,88.06,37.59,11.67,67.55,0
43,14,91.92,98.44,92.17,38.78,11.68,60.99,0
43,15,89.78,98.21,95.24,38.33,11.33,57.98,0
43,16,89.14,98.24,94.99,38.54,11.31,61.64,0
43,17,90.91,98.94,95.33,37.81,11.87,58.43,0
43,18,92.54,98.78,93.85,37.69,12.44,59.07,0
43,19,93.05,98.30,96.81,38.83,12.05,59.41,0
44,0,87.88,98.42,78.61,36.36,13.58,45.85,0
44,1,86.80,98.58,81.25,36.66,13.06,47.12,0
44,2,89.59,98.18,76.96,37.07,13.23,49.19,0
44,3,86.70,98.46,81.42,37.70,12.99,46.15,0
44,4,88.26,98.34,81.07,37.01,13.12,48.77,0
44,5,90.11,98.19,81.76,36.25,13.69,47.11,0
44,6,87.41,98.28,81.40,37.74,13.08,46.57,0
44,7,87.26,98.52,81.30,36.44,13.62,49.30,0
44,8,87.37,98.21,78.65,36.23,13.59,46.00,0
44,9,95.64,96.53,72.18,36.67,13.87,52.54,0
44,10,96.61,96.04,69.46,36.15,13.50,57.54,0
44,11,99.19,95.55,66.33,37.48,13.34,59.65,1
44,12,95.25,95.65,68.25,37.17,13.72,55.63,0
44,13,94.04,96.15,73.53,37.66,13.20,55.64,0
44,14,86.23,98.61,78.49,37.53,13.79,45.94,0
44,15,88.74,98.70,77.86,37.16,13.71,47.87,0
44,16,87.96,98.11,75.63,37.68,13.89,49.59,0
44,17,86.79,98.45,80.27,36.81,13.08,47.54,0
44,18,88.32,98.67,81.03,37.75,13.07,48.42,0
44,19,87.51,98.33,77.94,36.93,13.88,48.93,0
45,0,83.34,98.77,89.43,39.05,13.32,50.96,0
45,1,83.49,98.66,89.53,38.22,13.50,50.00,0
45,2,85.70,98.85,85.85,37.45,13.75,49.95,0
45,3,86.49,98.96,90.05,37.61,12.99,50.12,0
45,4,83.34,98.62,87.05,38.30,12.85,49.73,0
45,5,86.22,98.93,87.06,39.16,13.54,53.45,0
45,6,85.96,99.09,87.18,38.33,13.56,50.89,0
45,7,84.85,99.08,88.76,37.98,13.78,50.44,0
45,8,82.89,98.80,90.47,37.90,13.65,52.89,0
45,9,84.51,98.54,85.35,38.56,13.51,50.79,0
45,10,81.86,99.04,84.96,38.70,13.35,49.89,0
45,11,84.66,99.09,88.72,37.53,12.95,49.88,0
45,12,84.27,98.75,89.18,38.15,13.33,51.41,0
45,13,83.15,99.04,85.41,37.35,13.07,52.33,0
45,14,81.42,98.84,88.29,38.11,13.03,51.93,0
45,15,84.43,98.54,84.28,37.23,13.24,53.49,0
45,16,82.07,99.09,85.08,38.26,13.32,49.99,0
45,17,83.13,98.41,85.21,38.90,13.32,51.26,0
45,18,85.38,98.53,87.54,38.51,12.81,53.35,0
45,19,81.97,99.18,86.89,38.01,13.40,49.82,0
46,0,78.54,98.34,84.07,34.51,11.00,60.65,0
46,1,79.76,97.77,79.95,35.27,10.55,61.60,0
46,2,77.02,98.37,81.21,35.03,10.32,59.82,0
46,3,76.96,98.41,80.22,35.98,10.77,61.98,0
46,4,79.58,97.77,80.30,34.44,10.39,62.09,0
46,5,77.41,98.15,80.03,35.75,11.12,61.79,0
46,6,76.46,98.34,84.25,34.81,10.32,62.69,0
46,7,79.57,97.88,79.40,35.84,10.60,60.16,0
46,8,79.80,98.28,80.94,34.26,10.28,60.12,0
46,9,79.01,98.21,80.81,34.63,10.64,61.85,0
46,10,75.84,98.22,84.21,35.11,10.55,62.48,0
46,11,76.73,97.91,78.81,35.60,10.67,60.79,0
46,12,75.90,98.23,82.89,34.76,10.27,60.57,0
46,13,77.05,98.32,82.58,34.02,10.41,61.32,0
46,14,75.93,97.72,80.96,35.94,10.15,60.06,0
46,15,75.59,98.20,80.58,34.51,10.47,61.37,0
46,16,78.17,97.85,83.69,34.62,10.74,59.86,0
46,17,75.26,97.74,80.27,34.05,11.18,61.18,0
46,18,76.60,97.97,82.06,34.21,11.01,61.90,0
46,19,78.70,97.69,81.65,35.05,10.42,60.66,0
47,0,76.76,98.87,90.64,38.22,14.77,60.44,0
47,1,76.59,99.15,93.33,36.73,14.52,60.52,0
47,2,76.30,98.68,91.68,37.73,15.03,59.84,0
47,3,79.44,99.28,90.79,36.96,15.56,60.61,0
47,4,75.80,99.13,88.73,36.77,15.32,59.69,0
47,5,77.92,99.05,89.17,38.39,15.54,63.24,0
47,6,79.15,99.18,92.87,37.58,14.69,59.68,0
47,7,75.96,98.89,90.51,36.55,14.47,59.73,0
47,8,78.29,99.15,90.48,37.57,15.38,63.30,0
47,9,84.99,96.77,83.92,37.11,15.42,67.85,0
47,10,85.23,96.26,83.95,38.38,15.09,69.42,0
47,11,86.78,95.80,76.03,37.98,15.30,72.46,1
47,12,85.38,96.42,81.60,37.40,14.55,69.68,0
47,13,85.49,96.58,84.40,36.66,14.87,65.59,0
47,14,76.39,98.59,91.18,37.01,14.96,62.22,0
47,15,76.18,99.04,92.04,37.00,14.92,63.43,0
47,16,74.54,98.72,91.58,38.47,15.57,62.48,0
47,17,77.89,98.59,92.68,38.01,14.74,60.92,0
47,18,75.85,98.61,87.82,38.30,14.99,62.73,0
47,19,78.70,98.61,92.40,38.45,14.86,61.59,0
48,0,86.24,98.31,89.51,34.07,11.36,59.02,0
48,1,89.80,98.34,91.14,33.74,10.67,56.32,0
48,2,89.91,98.91,88.54,35.24,10.73,58.36,0
48,3,89.26,98.39,86.83,33.93,10.69,56.68,0
48,4,87.32,98.95,88.07,33.90,10.41,59.79,0
48,5,88.25,98.94,91.30,35.20,10.53,57.51,0
48,6,89.26,98.84,87.48,33.68,10.99,59.18,0
48,7,86.80,98.97,89.09,35.18,10.90,59.21,0
48,8,87.48,98.99,88.53,35.28,10.98,56.29,0
48,9,88.98,98.88,89.54,34.44,10.58,56.54,0
48,10,87.55,98.75,90.90,33.35,11.30,58.35,0
48,11,86.46,99.01,88.28,33.54,10.68,59.02,0
48,12,86.80,98.65,87.86,34.08,10.59,58.24,0
48,13,87.82,98.44,86.42,34.44,10.30,57.20,0
48,14,87.09,98.58,85.81,34.97,10.55,58.15,0
48,15,88.01,98.33,87.15,33.60,11.19,56.35,0
48,16,88.71,98.31,90.61,35.27,11.14,58.75,0
48,17,86.50,98.41,88.10,34.83,11.05,56.83,0
48,18,87.97,98.54,87.95,33.64,11.39,56.51,0
48,19,89.35,98.97,88.65,34.70,10.94,58.23,0
49,0,76.80,98.42,78.80,35.77,11.50,48.05,0
49,1,78.87,98.25,80.16,35.34,12.27,48.82,0
49,2,79.33,98.46,76.72,35.25,12.31,46.02,0
49,3,78.76,97.98,78.68,35.31,12.32,47.93,0
49,4,77.33,98.26,79.55,35.90,11.64,49.88,0
49,5,77.49,98.45,78.15,35.55,11.75,47.89,0
49,6,76.99,98.49,77.96,35.87,11.56,48.44,0
49,7,77.23,98.29,80.41,36.55,12.23,49.13,0
49,8,77.65,97.94,80.66,34.68,12.31,46.67,0
49,9,80.00,98.58,80.48,36.56,11.71,49.10,0
49,10,76.22,97.90,76.30,35.95,11.41,46.66,0
49,11,77.68,98.09,77.04,35.72,11.49,46.62,0
49,12,78.76,98.61,80.20,36.04,11.41,47.66,0
49,13,78.80,98.03,78.79,35.95,11.57,47.12,0
49,14,76.38,98.01,79.84,34.70,11.78,48.33,0
49,15,78.37,97.97,77.14,35.45,11.83,47.05,0
49,16,77.64,98.29,77.24,35.53,11.73,48.38,0
49,17,77.87,98.51,80.44,35.71,11.42,46.02,0
49,18,77.41,98.10,79.84,35.21,11.29,46.92,0
49,19,76.94,98.24,80.24,36.18,11.63,46.04,0
50,0,80.25,98.40,90.60,36.85,11.11,57.82,0
50,1,80.52,98.69,93.61,36.74,10.95,59.27,0
50,2,82.04,98.87,92.49,37.84,10.56,61.05,0
50,3,81.17,98.12,88.58,36.95,10.42,59.68,0
50,4,82.50,98.21,89.98,36.62,11.45,60.78,0
50,5,83.11,98.11,92.35,37.91,11.20,59.97,0
50,6,82.82,98.21,94.25,36.89,11.07,59.41,0
50,7,80.11,98.39,89.05,37.13,11.03,57.63,0
50,8,81.63,98.78,91.08,37.96,10.62,57.83,0
50,9,81.88,98.30,89.26,38.41,10.70,59.49,0
50,10,81.80,98.43,92.01,36.78,10.46,59.45,0
50,11,81.44,98.18,88.35,36.73,11.18,57.69,0
50,12,81.69,98.38,89.15,37.65,11.42,60.31,0
50,13,79.56,98.53,89.93,36.97,10.70,57.78,0
50,14,79.10,98.31,91.17,37.65,11.32,59.37,0
50,15,79.37,98.89,91.55,37.48,10.65,58.28,0
50,16,80.91,98.23,88.19,37.82,10.83,59.42,0
50,17,81.60,98.59,87.71,37.44,11.19,61.06,0
50,18,81.37,98.33,89.16,37.61,10.86,60.57,0
50,19,78.68,98.64,87.99,37.88,11.20,60.84,0
51,0,76.33,97.08,89.40,37.60,14.95,48.21,0
51,1,77.91,97.11,94.87,36.67,14.89,46.12,0
51,2,78.50,97.45,93.95,37.59,14.71,46.91,0
51,3,78.59,97.45,95.21,36.89,14.78,46.77,0
51,4,75.57,97.37,91.43,37.69,14.20,47.28,0
51,5,75.95,97.80,91.48,36.30,14.32,49.67,0
51,6,77.66,97.45,92.52,38.00,14.79,49.03,0
51,7,75.09,97.33,91.24,37.32,15.02,47.60,0
51,8,74.73,97.47,92.87,36.99,14.95,47.13,0
51,9,75.78,97.11,91.15,37.94,14.81,47.63,0
51,10,75.04,97.05,94.00,37.42,14.15,49.28,0
51,11,76.68,97.68,89.71,37.84,14.16,46.42,0
51,12,76.52,97.78,93.18,36.52,14.47,47.23,0
51,13,77.00,97.43,91.22,37.94,14.99,48.63,0
51,14,76.22,97.63,88.74,36.19,14.97,46.81,0
51,15,75.63,97.61,92.86,36.30,14.93,48.65,0
51,16,77.02,97.33,89.41,37.10,15.15,46.32,0
51,17,74.48,97.14,90.56,37.15,14.95,49.56,0
51,18,75.80,97.12,92.57,36.25,14.13,46.85,0
51,19,77.78,97.26,89.82,36.59,14.03,47.63,0
52,0,83.70,98.68,77.28,35.14,12.01,45.52,0
52,1,82.98,98.98,79.22,35.92,12.82,46.28,0
52,2,82.41,99.32,78.16,35.63,12.83,47.28,0
52,3,83.75,99.04,80.49,34.89,12.58,47.13,0
52,4,84.45,98.82,81.88,36.06,12.38,45.61,0
52,5,82.61,99.14,82.63,34.89,12.23,48.21,0
52,6,83.02,99.10,80.70,34.40,12.90,48.00,0
52,7,83.46,98.93,79.46,34.37,13.05,47.07,0
52,8,83.37,99.33,78.01,35.42,13.14,48.58,0
52,9,84.10,98.78,79.98,35.81,12.99,48.09,0
52,10,82.18,98.92,76.94,35.13,12.82,49.25,0
52,11,82.20,99.23,79.99,35.40,12.50,45.42,0
52,12,84.24,98.85,80.38,36.22,13.08,45.47,0
52,13,84.66,98.99,77.85,35.11,12.54,46.83,0
52,14,83.92,98.99,79.68,34.60,12.75,49.04,0
52,15,81.07,98.93,80.22,36.22,12.95,46.61,0
52,16,82.82,99.33,79.90,35.28,12.85,45.58,0
52,17,83.88,99.24,78.65,34.78,12.81,47.73,0
52,18,81.25,99.11,77.94,35.50,12.87,46.57,0
52,19,82.61,99.22,81.90,35.90,12.67,45.96,0
53,0,74.18,98.56,86.48,39.81,11.04,60.03,0
53,1,75.45,98.45,88.11,39.13,11.73,60.34,0
53,2,75.85,98.27,85.12,39.80,11.38,60.02,0
53,3,75.53,98.57,88.52,39.86,11.11,60.86,0
53,4,74.26,98.63,85.95,39.05,11.75,61.75,0
53,5,74.44,98.59,84.73,39.48,10.76,60.05,0
53,6,73.71,98.47,86.30,38.36,11.31,61.71,0
53,7,73.21,98.44,89.88,39.87,11.08,58.51,0
53,8,80.44,96.34,79.38,39.74,11.00,66.84,0
53,9,83.04,96.11,75.70,39.32,11.40,68.86,0
53,10,84.99,95.34,74.42,39.33,10.94,69.36,1
53,11,83.88,95.70,74.77,39.11,11.54,66.81,0
53,12,80.27,96.55,83.07,39.35,11.68,64.09,0
53,13,74.48,98.47,84.58,38.06,11.36,60.68,0
53,14,74.17,98.55,84.64,38.48,11.37,60.05,0
53,15,72.79,98.59,87.77,39.02,11.82,59.26,0
53,16,73.24,98.51,83.89,39.01,11.19,59.18,0
53,17,71.83,98.49,86.39,39.86,11.54,61.16,0
53,18,74.73,98.56,87.90,38.07,11.78,58.89,0
53,19,73.92,98.32,87.71,39.44,11.86,60.96,0
54,0,80.21,98.21,81.17,33.98,13.01,53.87,0
54,1,82.19,98.44,79.96,33.50,12.12,55.92,0
54,2,81.69,98.06,83.46,33.32,12.88,54.07,0
54,3,81.25,98.13,80.87,34.68,12.73,55.67,0
54,4,80.69,97.98,83.30,33.48,12.92,55.05,0
54,5,79.63,97.93,83.80,33.30,12.25,53.25,0
54,6,79.77,97.93,81.46,34.51,12.26,54.99,0
54,7,79.41,98.06,83.86,33.63,13.10,55.33,0
54,8,89.32,95.99,78.38,35.04,12.63,62.37,0
54,9,90.43,95.78,76.55,34.32,13.08,63.04,0
54,10,92.98,95.31,68.11,34.14,13.12,66.34,1
54,11,88.46,95.74,71.35,34.12,12.95,62.90,0
54,12,85.93,96.42,74.63,34.33,12.63,59.75,0
54,13,77.68,97.84,81.20,34.94,12.47,54.74,0
54,14,80.52,97.87,83.12,34.58,12.55,55.02,0
54,15,77.80,98.20,80.82,34.48,13.04,54.91,0
54,16,79.11,98.23,81.75,34.68,11.99,54.07,0
54,17,79.31,97.86,82.25,33.65,12.93,55.55,0
54,18,80.27,98.45,80.31,34.70,12.53,55.99,0
54,19,78.73,98.37,81.56,34.48,12.76,55.99,0
55,0,75.65,98.57,83.66,35.10,11.24,49.91,0
55,1,72.49,98.03,85.72,33.76,11.48,50.87,0
55,2,73.71,98.00,83.79,34.42,10.79,50.02,0
55,3,72.87,98.40,86.39,33.43,10.56,51.65,0
55,4,76.38,98.51,87.11,34.46,10.50,51.61,0
55,5,75.83,98.19,83.86,34.09,11.15,51.91,0
55,6,75.47,98.14,83.48,33.68,11.11,48.78,0
55,7,73.73,98.01,87.48,33.57,10.81,48.94,0
55,8,73.40,98.42,84.76,33.36,10.45,51.04,0
55,9,83.40,96.68,80.30,34.16,11.47,54.81,0
55,10,84.22,95.88,79.33,34.78,10.84,59.17,0
55,11,85.11,95.73,72.58,33.91,11.32,59.14,1
55,12,82.26,96.19,78.61,34.28,11.20,57.04,0
55,13,78.99,96.61,77.75,34.41,10.66,56.78,0
55,14,72.57,98.58,83.14,34.26,10.96,51.64,0
55,15,71.70,98.21,83.71,35.27,10.99,48.98,0
55,16,71.16,98.44,86.01,33.48,11.18,50.28,0
55,17,73.84,97.97,86.85,33.66,11.25,49.27,0
55,18,74.02,98.27,83.63,34.31,10.86,49.05,0
55,19,74.54,98.03,84.39,34.20,10.75,51.08,0
56,0,90.51,97.88,93.50,33.62,12.33,57.51,0
56,1,93.23,97.67,94.09,34.51,12.50,58.82,0
56,2,90.74,97.60,89.28,34.39,12.35,57.98,0
56,3,92.71,98.28,90.33,33.28,12.73,58.99,0
56,4,92.38,97.79,89.57,34.11,13.09,59.59,0
56,5,94.08,98.28,91.02,33.49,12.76,58.87,0
56,6,93.14,98.31,89.80,32.92,12.84,59.67,0
56,7,93.02,97.72,89.33,34.16,12.34,58.06,0
56,8,90.91,97.65,90.92,32.98,12.75,58.15,0
56,9,91.68,97.56,94.33,32.88,13.29,59.06,0
56,10,90.44,97.72,90.71,34.70,13.32,57.14,0
56,11,90.54,98.22,91.60,33.37,12.31,56.52,0
56,12,90.27,98.01,90.09,33.26,12.83,56.73,0
56,13,91.35,98.23,88.76,33.78,12.71,58.29,0
56,14,90.69,98.24,90.36,34.21,13.23,57.60,0
56,15,91.56,98.10,87.84,33.37,13.18,57.08,0
56,16,90.72,98.18,89.41,34.22,12.61,56.90,0
56,17,92.54,98.33,88.12,33.14,13.13,59.33,0
56,18,89.73,97.78,91.11,34.25,12.70,56.06,0
56,19,91.71,98.18,93.19,34.36,12.77,56.11,0
57,0,82.56,97.24,79.44,37.02,12.59,45.74,0
57,1,86.34,97.04,84.77,36.71,12.24,44.28,0
57,2,84.13,96.70,83.01,36.67,12.39,45.76,0
57,3,86.93,96.85,79.54,36.97,11.74,44.03,0
57,4,85.86,96.88,81.02,37.34,12.53,43.05,0
57,5,86.08,96.93,83.56,35.72,12.56,42.39,0
57,6,83.30,97.03,84.27,37.20,12.28,44.15,0
57,7,85.49,96.75,81.68,36.04,11.88,45.88,0
57,8,83.57,96.66,81.94,36.02,12.45,42.48,0
57,9,82.83,96.86,83.55,36.72,11.83,43.62,0
57,10,84.89,96.62,83.78,36.89,12.78,42.22,0
57,11,85.50,96.78,80.88,36.56,12.37,42.20,0
57,12,82.25,96.71,83.17,36.46,11.85,45.45,0
57,13,82.01,96.94,79.28,36.06,12.59,44.53,0
57,14,84.67,96.99,82.76,36.60,11.76,43.61,0
57,15,82.80,96.97,80.65,36.29,11.95,43.90,0
57,16,84.34,97.37,79.88,36.18,12.20,45.77,0
57,17,84.02,97.16,81.46,36.34,11.90,44.01,0
57,18,83.21,97.10,79.82,37.34,12.35,44.78,0
57,19,83.11,96.93,80.59,35.97,12.84,43.73,0
58,0,75.77,96.95,84.60,32.92,13.65,57.55,0
58,1,72.36,96.88,84.42,32.66,13.09,55.93,0
58,2,73.82,96.91,81.86,33.43,13.19,56.03,0
58,3,76.41,97.27,81.64,34.18,13.18,56.20,0
58,4,72.87,97.36,81.04,32.70,13.87,56.55,0
58,5,74.61,97.00,85.43,33.42,13.64,58.12,0
58,6,75.87,96.69,82.61,34.10,13.77,58.13,0
58,7,75.16,96.86,81.12,33.72,13.09,58.25,0
58,8,80.58,95.27,79.12,34.29,13.18,63.86,0
58,9,84.16,94.27,71.99,33.40,13.16,65.24,0
58,10,86.49,94.42,70.74,33.07,13.69,67.20,1
58,11,83.72,94.89,74.81,33.36,13.75,63.07,0
58,12,79.45,94.79,73.65,33.22,13.17,64.17,0
58,13,72.38,97.01,83.60,32.92,13.00,58.42,0
58,14,73.86,97.13,80.35,34.58,14.07,56.16,0
58,15,74.05,96.96,84.21,33.97,13.10,57.32,0
58,16,72.83,96.97,82.95,33.54,13.04,55.24,0
58,17,72.27,97.19,79.89,34.01,14.00,58.52,0
58,18,74.74,96.81,85.29,33.17,13.14,57.34,0
58,19,75.67,97.05,85.34,33.72,13.68,54.53,0
59,0,80.81,98.65,84.42,38.05,11.96,45.99,0
59,1,83.00,98.92,85.88,38.12,11.46,48.41,0
59,2,83.82,99.19,84.00,36.66,11.91,46.71,0
59,3,81.85,98.79,83.77,37.72,11.78,48.01,0
59,4,83.52,99.24,86.72,36.24,11.66,45.71,0
59,5,83.65,99.37,87.88,37.06,11.68,48.71,0
59,6,81.61,98.78,84.00,36.21,11.44,46.21,0
59,7,81.32,98.99,86.11,37.54,11.81,46.03,0
59,8,80.61,98.81,84.01,37.97,11.38,45.12,0
59,9,79.94,99.01,84.82,37.42,11.23,48.83,0
59,10,81.79,99.19,87.12,36.97,11.24,46.52,0
59,11,79.21,98.98,82.83,36.77,12.16,46.97,0
59,12,79.83,98.89,86.81,37.88,11.63,45.50,0
59,13,79.49,98.67,82.22,36.92,12.10,46.02,0
59,14,82.40,99.32,85.32,37.75,11.51,45.06,0
59,15,80.72,99.14,81.64,36.63,11.57,47.38,0
59,16,80.63,99.30,83.25,36.54,11.87,45.65,0
59,17,79.32,99.28,83.53,37.68,11.88,48.66,0
59,18,79.87,98.75,81.90,36.77,11.61,45.27,0
59,19,82.81,98.76,87.15,37.37,11.65,46.05,0
60,0,76.28,97.50,80.51,37.92,11.63,51.87,0
60,1,76.52,97.07,84.91,37.71,10.93,52.31,0
60,2,73.42,96.92,83.80,38.39,11.13,48.61,0
60,3,73.72,96.92,85.34,37.93,11.17,51.61,0
60,4,76.42,97.05,79.76,38.04,11.48,48.96,0
60,5,76.68,96.77,80.00,37.72,11.76,52.60,0
60,6,76.45,97.35,81.82,38.04,11.50,51.32,0
60,7,76.22,97.45,84.16,38.41,11.34,48.85,0
60,8,76.49,97.17,84.30,37.40,11.70,48.77,0
60,9,74.25,97.18,82.90,38.13,11.65,49.61,0
60,10,75.31,97.12,83.93,38.83,11.45,48.71,0
60,11,75.37,97.39,81.17,38.57,11.90,50.45,0
60,12,74.20,97.28,82.25,37.66,11.65,50.13,0
60,13,75.40,96.85,83.91,39.00,11.57,52.50,0
60,14,72.47,97.31,79.91,37.12,11.98,49.43,0
60,15,72.90,96.98,78.60,37.32,11.77,48.83,0
60,16,74.87,97.49,80.41,38.61,11.90,50.97,0
60,17,74.27,96.89,82.29,37.85,11.58,48.68,0
60,18,73.57,96.85,83.80,37.63,11.62,50.67,0
60,19,73.48,97.38,84.05,38.88,11.70,51.73,0
61,0,87.44,99.09,84.25,35.77,13.66,50.96,0
61,1,86.48,98.57,83.08,35.51,13.28,48.22,0
61,2,89.34,98.43,82.81,36.09,13.74,48.29,0
61,3,86.36,98.88,84.66,36.48,13.93,47.70,0
61,4,89.83,98.53,84.88,34.90,12.84,49.89,0
61,5,87.66,98.92,81.88,34.82,12.94,47.41,0
61,6,89.20,98.82,82.13,35.33,13.34,48.00,0
61,7,89.64,98.65,83.85,35.95,13.84,49.73,0
61,8,87.49,98.44,81.31,36.61,13.31,50.60,0
61,9,88.76,98.80,86.33,35.64,13.60,49.01,0
61,10,86.96,98.39,81.62,36.07,12.90,49.81,0
61,11,85.98,98.95,85.87,35.14,13.97,47.82,0
61,12,85.64,98.91,81.05,35.40,12.82,49.32,0
61,13,87.66,98.54,81.78,36.57,13.65,50.78,0
61,14,87.35,98.64,81.31,35.13,13.15,49.26,0
61,15,85.39,98.55,85.14,36.03,13.91,48.66,0
61,16,85.06,98.49,81.51,36.26,13.31,47.54,0
61,17,87.97,98.48,80.72,36.47,13.74,49.93,0
61,18,88.16,98.68,83.46,35.48,13.71,48.77,0
61,19,86.25,98.70,82.45,35.27,12.85,49.94,0
62,0,91.45,98.10,88.02,33.14,14.83,46.94,0
62,1,93.42,98.13,84.84,32.95,14.49,49.04,0
62,2,92.97,97.94,87.06,33.53,14.88,45.86,0
62,3,93.14,97.87,86.78,33.52,14.41,46.11,0
62,4,93.21,97.59,87.38,33.21,14.36,48.53,0
62,5,91.44,97.55,86.40,33.68,14.17,49.64,0
62,6,93.80,97.56,88.17,32.69,14.83,48.33,0
62,7,93.77,97.66,88.44,33.43,14.17,46.44,0
62,8,93.32,97.85,86.93,33.28,14.21,46.82,0
62,9,92.85,98.27,84.97,33.91,14.51,48.65,0
62,10,92.25,97.94,85.19,33.55,14.94,47.73,0
62,11,90.77,97.61,84.44,33.66,14.56,49.01,0
62,12,90.16,98.00,86.40,34.17,14.52,46.93,0
62,13,90.00,97.70,87.49,33.28,14.40,45.79,0
62,14,89.22,98.20,86.91,32.75,14.75,47.08,0
62,15,91.50,97.64,85.50,34.45,14.25,46.94,0
62,16,89.98,97.80,84.25,33.05,13.87,46.37,0
62,17,92.62,97.71,87.79,33.98,13.90,48.54,0
62,18,91.80,98.27,85.38,34.45,14.29,47.05,0
62,19,93.07,97.76,83.74,33.18,14.29,45.95,0
63,0,75.78,97.57,95.82,38.43,12.24,46.18,0
63,1,74.82,97.53,98.15,38.32,12.26,46.81,0
63,2,76.48,98.01,94.61,38.32,12.97,49.86,0
63,3,77.97,97.99,95.59,37.52,12.04,46.99,0
63,4,78.97,97.35,95.96,38.41,12.91,49.21,0
63,5,79.06,97.67,96.98,38.21,12.89,47.77,0
63,6,76.35,97.69,95.73,39.26,12.44,46.49,0
63,7,75.82,98.03,99.58,37.68,12.01,47.01,0
63,8,77.56,97.99,97.61,37.34,12.21,48.69,0
63,9,75.02,97.55,95.40,37.57,12.73,46.88,0
63,10,77.41,97.75,96.46,39.16,12.64,49.38,0
63,11,77.11,98.11,93.91,38.61,12.24,47.62,0
63,12,76.75,97.95,95.77,37.52,13.08,46.85,0
63,13,75.08,97.97,99.03,37.35,13.02,49.96,0
63,14,74.41,98.12,94.34,38.84,12.39,48.09,0
63,15,74.31,97.50,97.96,37.35,12.22,49.59,0
63,16,76.27,97.59,95.05,37.44,12.49,46.33,0
63,17,74.50,97.39,96.94,37.73,12.33,47.79,0
63,18,75.05,97.37,95.70,37.46,12.93,49.47,0
63,19,75.24,97.97,97.74,38.35,12.87,48.43,0
64,0,71.31,98.33,90.24,35.80,10.22,54.52,0
64,1,69.86,98.17,92.78,36.61,10.45,52.49,0
64,2,72.89,98.42,92.19,35.95,9.85,51.61,0
64,3,69.48,98.20,93.45,36.49,9.99,51.92,0
64,4,69.65,98.33,92.08,35.79,9.96,52.72,0
64,5,71.38,98.33,91.16,36.16,10.16,54.43,0
64,6,71.74,98.32,92.14,35.26,10.07,52.93,0
64,7,70.00,98.59,92.58,35.17,10.36,54.63,0
64,8,71.92,98.25,89.31,35.77,9.96,53.48,0
64,9,70.80,98.60,87.99,35.56,9.93,51.13,0
64,10,68.77,98.54,92.62,35.92,9.90,51.93,0
64,11,71.12,98.15,87.27,36.78,10.57,53.97,0
64,12,69.33,98.59,91.87,35.89,10.18,53.07,0
64,13,69.11,98.64,91.27,36.55,10.31,54.67,0
64,14,67.89,97.94,87.23,36.81,9.60,53.61,0
64,15,70.35,98.11,87.32,36.34,9.59,53.61,0
64,16,69.70,98.45,89.62,36.14,9.95,52.54,0
64,17,70.99,98.53,89.92,36.10,9.59,52.98,0
64,18,70.88,97.91,88.72,36.19,10.68,52.62,0
64,19,69.10,98.10,87.85,35.02,10.05,52.04,0
65,0,77.20,97.82,80.88,37.21,13.68,55.74,0
65,1,76.51,97.98,81.47,37.24,12.94,54.66,0
65,2,74.45,98.16,83.01,35.59,12.91,52.90,0
65,3,75.84,98.24,84.84,37.12,13.14,54.47,0
65,4,75.75,97.85,85.14,36.68,12.68,53.92,0
65,5,76.86,98.39,82.04,36.39,13.35,54.36,0
65,6,74.72,98.00,85.80,36.06,13.53,55.55,0
65,7,75.26,97.83,85.84,35.54,12.84,54.10,0
65,8,76.26,97.78,82.27,36.08,12.89,55.71,0
65,9,74.27,97.61,85.69,36.79,13.24,55.31,0
65,10,82.20,95.60,76.84,37.17,12.93,60.14,0
65,11,84.95,95.56,71.64,37.38,12.56,63.99,0
65,12,86.43,94.63,68.13,37.34,13.28,63.56,1
65,13,85.74,95.30,71.50,36.13,12.65,64.30,0
65,14,81.37,95.80,78.24,36.28,13.00,61.35,0
65,15,75.39,97.91,85.58,35.76,12.74,56.02,0
65,16,74.43,97.89,86.00,36.41,13.33,55.44,0
65,17,74.47,98.05,81.67,36.37,13.75,53.73,0
65,18,76.52,97.72,83.09,36.81,13.74,54.07,0
65,19,76.04,98.24,86.35,36.57,13.46,53.04,0
66,0,90.40,97.76,84.92,35.39,13.31,57.60,0
66,1,90.83,97.53,86.57,34.25,13.65,59.36,0
66,2,92.82,97.26,87.16,35.49,13.29,57.62,0
66,3,94.12,97.37,88.13,35.35,13.45,60.30,0
66,4,93.60,97.53,90.10,35.84,13.83,58.59,0
66,5,93.82,97.20,88.23,35.31,14.03,58.14,0
66,6,92.45,97.48,85.67,35.07,13.97,59.60,0
66,7,90.63,97.65,86.81,35.96,13.17,59.95,0
66,8,90.48,97.29,84.08,34.65,13.57,57.64,0
66,9,90.67,97.50,87.15,34.87,14.05,59.26,0
66,10,90.53,97.33,89.29,34.19,13.31,58.04,0
66,11,93.30,97.10,85.96,34.53,13.25,59.49,0
66,12,93.01,97.42,86.89,36.07,13.66,59.13,0
66,13,90.70,97.74,86.01,34.51,13.93,58.19,0
66,14,90.60,97.50,87.52,35.04,13.49,57.85,0
66,15,91.98,97.15,87.17,35.40,13.30,58.47,0
66,16,91.95,97.09,86.31,34.44,14.13,56.99,0
66,17,90.55,97.76,84.13,34.88,13.37,60.69,0
66,18,91.71,97.24,83.82,36.16,14.16,60.70,0
66,19,90.09,97.09,87.49,35.44,13.76,59.42,0
67,0,81.65,98.23,80.57,35.05,10.07,58.87,0
67,1,81.65,98.80,82.30,36.29,10.53,59.51,0
67,2,80.98,98.26,84.55,36.35,9.67,59.53,0
67,3,83.93,98.19,84.32,35.66,9.72,61.88,0
67,4,81.34,98.40,85.37,35.83,9.96,60.10,0
67,5,81.49,98.40,80.71,35.41,10.64,61.58,0
67,6,82.20,98.03,83.59,36.55,10.31,62.74,0
67,7,83.18,98.19,84.53,35.50,10.18,60.14,0
67,8,83.36,98.55,83.07,34.63,10.35,62.05,0
67,9,81.09,98.67,79.93,35.53,9.72,62.69,0
67,10,80.48,98.55,82.74,34.91,10.43,60.19,0
67,11,79.99,98.53,81.04,34.85,10.23,59.17,0
67,12,81.85,98.63,81.97,36.13,10.68,62.56,0
67,13,83.33,98.51,84.01,35.74,10.66,61.52,0
67,14,82.33,98.09,83.16,35.23,9.82,59.23,0
67,15,81.77,98.68,83.55,35.89,10.60,62.71,0
67,16,80.99,98.36,81.29,35.50,10.05,62.37,0
67,17,83.55,98.46,79.20,35.60,10.10,62.43,0
67,18,80.94,98.35,84.09,34.94,10.16,60.95,0
67,19,80.39,98.43,83.54,36.49,10.07,61.42,0
68,0,87.31,98.13,84.30,36.19,14.50,46.32,0
68,1,85.97,97.59,81.25,36.63,14.33,46.80,0
68,2,85.06,97.92,86.60,35.54,14.86,45.40,0
68,3,85.96,97.68,83.35,36.61,14.32,45.42,0
68,4,86.08,98.21,86.37,37.20,14.73,46.35,0
68,5,87.15,98.23,83.54,35.92,14.56,44.53,0
68,6,86.94,98.22,83.46,36.78,13.89,45.80,0
68,7,88.19,98.13,83.37,36.09,14.15,44.59,0
68,8,86.60,97.92,84.59,35.44,14.07,46.17,0
68,9,87.38,97.65,83.88,36.08,13.90,46.63,0
68,10,86.14,97.89,83.46,36.51,15.05,45.97,0
68,11,84.27,98.17,80.55,37.12,14.44,47.78,0
68,12,86.68,97.97,81.88,37.35,14.66,46.41,0
68,13,86.51,97.45,84.42,36.92,14.23,44.81,0
68,14,86.43,97.92,84.88,37.18,14.35,45.65,0
68,15,84.96,97.64,85.70,36.95,13.96,46.22,0
68,16,86.44,97.74,85.45,37.30,14.03,45.67,0
68,17,87.19,98.02,81.11,36.87,14.06,46.39,0
68,18,83.99,98.14,84.17,35.41,14.45,48.42,0
68,19,86.92,98.11,82.41,36.15,14.71,45.90,0
69,0,75.52,98.15,95.13,34.60,10.93,59.66,0
69,1,79.06,98.39,92.90,35.89,11.28,61.07,0
69,2,76.13,98.03,92.56,35.87,11.23,60.03,0
69,3,77.73,98.29,96.49,34.30,10.88,57.96,0
69,4,77.70,98.22,94.00,35.15,11.59,60.41,0
69,5,76.90,97.95,96.44,36.08,10.70,60.81,0
69,6,76.94,98.25,92.89,35.18,11.30,57.66,0
69,7,77.12,97.71,94.96,35.22,11.32,60.92,0
69,8,76.29,98.09,90.49,34.43,11.71,58.98,0
69,9,78.82,97.73,92.48,35.70,11.48,59.54,0
69,10,75.16,98.05,90.44,35.64,11.30,58.05,0
69,11,78.72,97.84,91.97,35.25,11.26,60.38,0
69,12,75.79,97.69,90.72,36.07,11.42,57.93,0
69,13,76.10,98.45,89.96,35.58,10.91,58.38,0
69,14,77.34,97.80,91.92,35.35,10.63,61.22,0
69,15,76.28,98.11,89.39,35.91,11.11,57.64,0
69,16,78.42,98.20,92.30,35.40,11.19,58.72,0
69,17,76.68,98.24,89.58,34.81,11.54,60.81,0
69,18,75.68,98.46,92.31,34.79,10.96,60.23,0
69,19,76.92,97.98,91.50,35.97,11.74,58.89,0
70,0,80.18,97.55,84.43,33.84,16.33,57.29,0
70,1,81.90,97.45,88.43,32.31,15.78,55.68,0
70,2,80.61,97.37,87.55,32.70,15.16,56.85,0
70,3,79.74,97.27,86.05,32.77,15.16,57.99,0
70,4,79.50,97.65,84.94,33.68,15.17,55.18,0
70,5,79.25,97.62,84.65,33.07,15.46,55.64,0
70,6,79.06,97.12,86.95,33.20,15.65,55.53,0
70,7,81.39,97.25,88.51,33.19,15.68,58.60,0
70,8,79.08,97.14,85.21,33.78,16.09,57.37,0
70,9,79.99,97.15,87.39,32.66,16.08,55.59,0
70,10,80.22,97.08,86.40,33.31,15.24,57.88,0
70,11,78.56,97.81,84.08,32.70,15.51,58.33,0
70,12,77.95,97.55,88.19,32.20,16.01,57.67,0
70,13,77.81,97.49,84.67,32.26,15.99,58.22,0
70,14,81.00,97.20,88.36,32.78,15.27,55.17,0
70,15,79.88,97.62,84.68,32.45,15.20,56.15,0
70,16,80.37,97.06,83.98,33.88,15.62,56.58,0
70,17,81.01,97.68,88.01,32.63,16.09,55.24,0
70,18,81.13,97.31,85.79,33.77,15.42,55.53,0
70,19,81.87,97.39,85.67,33.25,16.04,58.19,0
71,0,89.60,98.80,78.65,37.08,13.69,54.19,0
71,1,87.00,98.46,80.89,36.92,13.93,52.18,0
71,2,88.99,98.65,80.87,37.49,13.77,54.77,0
71,3,89.73,98.73,76.90,36.93,13.59,52.00,0
71,4,87.25,98.55,78.20,36.46,13.53,54.37,0
71,5,90.05,98.38,77.88,37.75,13.94,54.10,0
71,6,87.97,99.09,80.63,36.94,12.92,52.10,0
71,7,86.97,98.43,78.90,37.43,13.01,53.80,0
71,8,86.72,98.52,76.57,36.96,14.03,52.21,0
71,9,88.16,98.79,81.65,37.30,13.19,53.57,0
71,10,86.98,98.41,79.08,36.77,13.45,55.20,0
71,11,88.95,99.04,78.25,36.83,13.20,55.12,0
71,12,89.46,98.68,77.69,36.44,13.12,53.80,0
71,13,87.61,98.76,75.79,37.99,14.05,53.21,0
71,14,87.33,98.71,75.40,36.68,13.11,53.19,0
71,15,87.54,98.97,78.94,36.93,12.90,55.72,0
71,16,87.19,99.01,78.78,37.59,13.73,52.84,0
71,17,89.47,98.98,80.86,36.93,13.24,54.05,0
71,18,88.35,98.67,77.57,37.36,13.95,54.82,0
71,19,87.16,98.67,76.29,36.89,13.70,51.99,0
72,0,85.02,98.29,81.79,37.37,12.72,45.68,0
72,1,86.24,98.62,84.60,37.87,12.50,43.83,0
72,2,83.58,98.09,82.69,37.24,13.23,46.16,0
72,3,83.07,98.68,85.22,36.22,13.02,45.72,0
72,4,83.65,98.09,83.28,37.96,12.39,44.54,0
72,5,86.12,98.07,82.42,36.50,13.04,42.86,0
72,6,83.46,98.62,79.55,37.51,13.46,45.96,0
72,7,84.16,98.42,84.96,37.96,12.88,45.78,0
72,8,83.22,98.04,84.58,36.61,13.07,44.71,0
72,9,82.98,98.49,83.70,37.45,12.84,43.17,0
72,10,82.94,97.99,83.08,36.89,12.40,42.52,0
72,11,85.43,97.99,81.64,37.01,12.80,46.17,0
72,12,85.42,98.25,83.68,36.25,13.13,42.49,0
72,13,85.14,98.16,82.02,37.66,13.19,46.28,0
72,14,84.02,98.39,80.90,37.90,12.32,46.19,0
72,15,82.79,98.34,80.25,37.73,12.85,46.13,0
72,16,82.24,98.74,81.01,37.91,12.30,44.18,0
72,17,83.04,98.54,82.41,38.03,12.64,43.49,0
72,18,84.71,98.05,84.33,37.67,13.18,43.15,0
72,19,84.46,98.33,80.50,37.65,13.16,44.56,0
73,0,69.10,97.34,92.38,34.40,15.96,54.02,0
73,1,68.86,96.82,88.06,33.50,15.12,53.00,0
73,2,71.79,96.82,88.25,33.03,16.18,51.79,0
73,3,71.44,97.21,88.26,33.12,15.09,54.46,0
73,4,70.90,96.81,92.89,33.27,16.26,53.57,0
73,5,72.24,97.11,91.77,33.33,15.24,53.36,0
73,6,72.05,96.79,88.65,33.03,15.93,55.62,0
73,7,70.44,96.64,88.63,33.52,15.11,52.99,0
73,8,70.32,97.28,87.50,33.78,15.72,52.63,0
73,9,70.29,97.34,92.00,33.22,15.65,53.76,0
73,10,70.89,97.19,87.97,34.13,15.92,53.44,0
73,11,70.38,96.90,86.89,34.22,15.67,54.59,0
73,12,70.99,96.91,86.12,33.04,16.17,55.73,0
73,13,69.44,97.39,87.13,33.86,16.23,52.45,0
73,14,69.11,96.75,86.28,33.66,16.20,52.71,0
73,15,69.76,96.95,90.24,34.08,15.76,51.80,0
73,16,70.64,97.09,87.86,34.28,16.13,54.48,0
73,17,68.77,97.07,88.09,33.40,16.04,52.45,0
73,18,69.02,96.79,92.35,34.41,16.13,53.86,0
73,19,69.65,96.64,91.12,32.80,15.56,53.92,0
74,0,69.39,98.07,92.83,34.76,10.25,61.98,0
74,1,71.83,97.49,96.22,34.61,10.34,62.67,0
74,2,73.54,97.72,98.70,34.41,10.73,60.25,0
74,3,72.31,97.86,94.70,34.64,10.53,60.34,0
74,4,72.41,97.58,98.22,34.74,10.86,60.36,0
74,5,71.18,97.65,95.01,34.59,10.77,60.78,0
74,6,70.60,97.99,97.55,34.21,10.20,61.06,0
74,7,72.73,97.90,95.47,34.25,10.39,60.00,0
74,8,71.23,98.01,97.25,35.05,10.68,61.46,0
74,9,72.29,97.91,94.37,35.27,10.94,59.80,0
74,10,72.55,97.51,94.13,34.30,10.03,59.77,0
74,11,71.14,97.86,96.01,34.84,10.06,59.37,0
74,12,70.78,97.74,93.72,35.31,10.72,63.15,0
74,13,72.02,97.72,96.53,34.98,9.96,59.71,0
74,14,70.66,97.95,95.51,35.17,10.68,59.90,0
74,15,68.87,97.76,96.83,34.87,10.29,60.01,0
74,16,69.24,97.80,94.80,34.24,10.66,62.88,0
74,17,70.94,98.13,95.65,35.11,10.00,60.49,0
74,18,70.03,98.20,97.87,34.34,10.91,61.44,0
74,19,70.68,97.64,92.92,34.07,10.72,61.26,0
75,0,91.23,98.36,84.94,35.82,14.18,46.03,0
75,1,90.13,98.89,89.85,34.74,14.14,46.16,0
75,2,91.33,98.77,86.69,35.50,14.74,45.02,0
75,3,91.22,98.77,86.73,35.01,14.00,44.61,0
75,4,88.12,98.93,90.96,36.08,14.83,44.11,0
75,5,88.42,98.68,90.07,35.57,14.03,45.06,0
75,6,88.71,98.62,89.01,36.20,14.16,47.35,0
75,7,89.84,98.49,89.88,35.87,14.88,47.79,0
75,8,88.49,98.68,85.69,35.05,14.64,44.84,0
75,9,91.08,98.96,90.16,36.50,14.60,45.98,0
75,10,89.28,99.06,89.72,36.30,15.06,47.09,0
75,11,89.76,98.66,86.53,34.70,14.22,45.41,0
75,12,89.08,98.35,85.70,35.51,14.74,47.56,0
75,13,87.85,98.64,89.22,34.66,14.52,45.43,0
75,14,89.95,99.03,88.48,35.83,14.56,45.33,0
75,15,87.78,98.52,88.22,34.93,14.20,45.26,0
75,16,90.30,98.85,85.08,34.72,14.98,45.67,0
75,17,88.90,98.47,84.88,36.23,14.63,46.40,0
75,18,90.60,98.71,84.66,34.73,14.63,44.83,0
75,19,89.57,98.74,86.74,35.74,15.06,44.45,0
76,0,72.15,98.91,77.00,37.43,9.72,54.24,0
76,1,71.75,98.68,80.30,37.38,10.08,52.36,0
76,2,71.12,98.50,78.76,37.82,9.76,52.57,0
76,3,72.09,98.79,81.01,37.56,10.55,55.28,0
76,4,72.58,98.84,78.43,36.57,10.62,53.85,0
76,5,72.87,98.65,78.44,36.82,9.87,54.90,0
76,6,74.62,99.05,77.85,37.16,10.07,54.48,0
76,7,71.15,98.30,77.71,37.10,10.76,55.02,0
76,8,73.68,98.61,81.89,38.07,10.22,53.33,0
76,9,70.56,98.97,77.20,36.54,9.87,53.12,0
76,10,72.41,98.43,80.88,38.27,9.76,55.25,0
76,11,70.29,98.96,76.96,37.15,10.68,52.17,0
76,12,70.64,98.98,77.91,38.05,10.32,54.55,0
76,13,73.21,99.09,80.72,36.89,10.10,53.26,0
76,14,72.80,98.75,81.96,37.73,9.92,52.95,0
76,15,72.83,98.93,80.75,37.66,10.69,52.30,0
76,16,69.90,98.37,81.81,36.60,10.01,51.95,0
76,17,73.07,98.57,79.66,37.60,10.43,54.05,0
76,18,70.85,98.43,78.43,36.94,9.89,52.38,0
76,19,72.94,98.52,81.76,36.90,9.84,53.66,0
77,0,78.86,97.83,90.17,37.16,10.35,50.92,0
77,1,79.95,98.38,93.90,36.51,9.84,51.19,0
77,2,77.83,98.57,92.27,36.58,9.85,47.87,0
77,3,79.34,98.30,93.71,35.60,10.48,49.17,0
77,4,80.47,98.58,92.84,35.90,10.88,49.55,0
77,5,77.62,98.42,93.23,36.03,9.88,50.11,0
77,6,77.66,98.12,95.31,36.49,10.30,49.69,0
77,7,81.03,98.47,94.77,36.32,10.95,50.00,0
77,8,79.33,98.53,93.43,36.91,9.89,49.56,0
77,9,79.98,98.26,92.30,36.97,9.83,49.72,0
77,10,78.10,98.31,94.19,35.94,10.30,48.83,0
77,11,77.88,98.59,94.35,37.04,10.31,50.37,0
77,12,76.92,97.87,90.00,35.67,9.87,50.73,0
77,13,78.34,98.14,94.76,37.19,10.49,47.76,0
77,14,79.42,98.13,92.83,37.53,10.30,49.81,0
77,15,76.60,98.13,90.88,36.17,9.86,50.97,0
77,16,78.86,98.44,91.29,36.48,10.95,47.73,0
77,17,79.09,98.51,91.86,37.34,10.33,47.78,0
77,18,77.64,98.44,92.27,36.86,9.90,50.22,0
77,19,78.80,98.31,89.75,37.07,10.14,47.83,0
78,0,81.13,98.44,83.24,35.98,10.09,48.45,0
78,1,78.32,97.99,87.26,35.47,10.63,49.22,0
78,2,77.99,98.40,85.54,36.66,10.54,47.16,0
78,3,80.26,97.88,86.07,36.85,10.29,50.18,0
78,4,82.09,98.04,84.06,36.98,10.38,48.87,0
78,5,79.93,97.89,84.39,36.40,10.37,47.08,0
78,6,82.10,97.99,83.06,35.85,10.86,47.78,0
78,7,80.35,98.07,83.47,35.66,10.07,47.38,0
78,8,81.79,98.26,86.81,35.81,9.76,49.99,0
78,9,80.17,97.78,84.53,36.33,10.18,50.16,0
78,10,77.48,97.91,86.43,36.24,10.53,48.67,0
78,11,77.80,98.03,83.25,36.49,10.57,47.85,0
78,12,80.37,97.87,82.75,36.25,9.97,50.68,0
78,13,78.88,98.29,81.75,35.75,10.75,50.03,0
78,14,79.15,97.79,82.13,36.55,10.81,48.40,0
78,15,78.75,98.03,80.86,36.05,10.00,49.36,0
78,16,78.11,97.75,85.77,36.98,10.93,50.13,0
78,17,79.86,97.98,81.18,36.57,10.18,49.90,0
78,18,78.90,97.80,86.82,36.47,10.90,49.19,0
78,19,79.90,98.32,84.19,35.53,10.75,48.83,0
79,0,80.85,97.24,77.23,33.45,10.54,53.15,0
79,1,84.14,96.97,79.65,34.17,11.30,54.29,0
79,2,84.39,97.07,78.06,34.73,10.93,54.04,0
79,3,83.35,97.04,81.63,34.09,10.60,51.19,0
79,4,82.56,96.95,81.20,34.14,10.72,53.08,0
79,5,82.82,97.33,79.92,35.01,11.28,53.04,0
79,6,81.56,97.37,80.10,33.82,11.37,51.13,0
79,7,82.55,96.69,79.32,34.99,11.25,52.81,0
79,8,82.53,97.34,80.44,33.58,11.30,53.04,0
79,9,91.78,95.18,74.14,35.14,11.39,59.11,0
79,10,90.66,94.46,68.23,34.92,10.55,61.77,0
79,11,94.42,94.41,68.98,34.33,11.24,62.35,1
79,12,91.80,94.35,71.11,34.42,10.52,58.60,0
79,13,91.24,95.00,73.89,33.40,10.49,57.76,0
79,14,80.18,96.81,76.39,34.85,10.56,50.46,0
79,15,80.20,96.75,76.26,34.90,10.70,51.82,0
79,16,80.17,97.07,81.53,34.36,10.80,53.16,0
79,17,83.38,97.34,77.14,33.51,11.28,52.15,0
79,18,84.29,96.81,79.74,34.37,10.55,51.70,0
79,19,84.68,97.45,78.52,34.91,11.31,53.82,0
80,0,87.50,98.34,92.88,35.64,13.28,48.58,0
80,1,86.42,98.43,97.05,35.10,12.85,48.79,0
80,2,89.34,98.73,95.35,36.23,13.71,49.91,0
80,3,87.79,98.35,96.04,36.21,12.90,48.26,0
80,4,86.67,98.96,92.12,36.19,13.27,51.57,0
80,5,85.75,98.66,95.61,36.00,12.70,49.85,0
80,6,88.14,98.86,91.92,35.45,13.57,48.98,0
80,7,85.52,98.92,92.45,35.89,13.53,49.62,0
80,8,85.55,99.09,96.95,35.31,13.70,50.13,0
80,9,87.65,98.99,95.84,35.24,12.96,51.10,0
80,10,84.87,98.73,94.34,34.88,12.93,51.13,0
80,11,86.53,98.54,93.18,35.09,12.86,49.00,0
80,12,85.86,98.42,91.80,35.70,13.59,50.02,0
80,13,87.61,98.80,90.39,36.04,13.51,50.41,0
80,14,87.73,98.84,93.27,34.94,12.69,48.98,0
80,15,86.62,98.56,92.53,35.25,13.11,49.19,0
80,16,86.68,99.01,93.22,35.46,12.80,50.00,0
80,17,88.11,98.97,95.02,36.10,13.79,51.18,0
80,18,85.66,98.40,90.90,35.30,13.18,50.83,0
80,19,87.73,98.56,95.61,34.70,12.92,50.48,0
81,0,76.15,97.90,93.25,39.12,15.38,43.02,0
81,1,75.34,97.56,92.66,39.07,15.18,41.91,0
81,2,76.50,97.72,93.63,39.14,14.42,42.36,0
81,3,77.31,97.69,92.03,37.44,14.80,43.52,0
81,4,76.54,97.83,89.65,38.87,14.50,43.94,0
81,5,74.80,97.82,94.00,39.06,14.27,42.24,0
81,6,74.59,97.19,90.60,37.31,14.48,41.71,0
81,7,75.82,97.81,89.65,37.43,15.30,43.01,0
81,8,75.23,97.34,88.47,37.99,14.26,41.56,0
81,9,83.08,95.61,84.84,38.04,14.58,47.46,0
81,10,83.94,95.13,80.55,37.55,15.08,52.87,0
81,11,85.69,94.73,79.66,38.64,15.17,51.45,1
81,12,86.16,95.26,81.13,38.31,14.93,51.64,0
81,13,81.71,95.54,81.01,38.84,14.70,51.01,0
81,14,74.73,97.76,92.02,39.01,14.79,42.85,0
81,15,75.31,97.71,91.78,37.95,15.20,43.48,0
81,16,75.58,97.39,87.96,37.97,15.27,41.68,0
81,17,75.49,97.67,90.22,37.36,14.80,42.07,0
81,18,75.17,97.83,87.69,39.14,14.33,44.25,0
81,19,73.31,97.44,89.23,38.11,14.91,44.81,0
82,0,75.34,98.10,99.17,32.51,11.16,54.64,0
82,1,78.27,98.06,95.43,33.41,11.15,52.94,0
82,2,77.16,97.86,97.00,33.17,11.06,53.93,0
82,3,78.68,97.39,97.19,32.82,10.99,52.13,0
82,4,79.21,97.55,97.31,33.10,11.58,52.12,0
82,5,79.03,97.72,100.35,33.94,10.87,53.07,0
82,6,76.53,97.98,98.39,32.32,10.72,51.15,0
82,7,77.12,97.79,95.18,32.14,11.29,52.19,0
82,8,75.68,97.94,95.04,32.47,11.05,51.31,0
82,9,84.21,95.83,92.86,32.96,11.17,57.32,0
82,10,87.57,94.95,86.36,33.63,11.77,62.45,0
82,11,89.61,94.65,85.16,33.60,11.16,62.83,1
82,12,85.66,95.26,85.14,32.57,10.73,61.55,0
82,13,83.76,95.92,92.38,34.05,11.26,60.80,0
82,14,75.65,97.75,94.84,33.50,11.53,52.96,0
82,15,77.92,97.87,96.19,32.86,11.28,54.36,0
82,16,78.27,97.75,97.90,32.28,11.08,51.27,0
82,17,78.14,97.51,96.21,33.11,11.80,53.89,0
82,18,75.37,98.08,97.79,32.11,10.82,53.52,0
82,19,76.73,97.82,98.56,32.41,11.24,52.37,0
83,0,92.78,98.02,95.36,38.14,14.40,41.96,0
83,1,90.46,98.30,98.62,37.78,14.08,44.46,0
83,2,92.97,98.45,97.45,38.73,14.69,45.73,0
83,3,93.39,98.42,99.50,37.55,14.84,42.79,0
83,4,93.13,98.02,96.92,38.24,14.23,43.60,0
83,5,93.63,98.25,99.01,38.32,13.89,44.80,0
83,6,93.82,98.48,95.53,37.49,14.89,42.98,0
83,7,92.77,98.35,97.46,38.54,14.62,45.10,0
83,8,90.94,98.25,100.34,37.50,13.86,42.62,0
83,9,90.94,98.63,95.48,39.34,14.48,43.79,0
83,10,92.13,98.63,94.44,37.93,14.12,45.61,0
83,11,88.99,98.26,96.99,38.87,14.62,42.49,0
83,12,92.33,98.64,97.58,38.40,14.18,43.61,0
83,13,91.87,98.14,95.75,38.44,13.88,42.08,0
83,14,90.57,98.66,95.20,38.38,13.85,43.07,0
83,15,90.86,98.77,93.85,38.65,14.12,42.37,0
83,16,89.68,98.36,94.83,38.44,14.41,43.38,0
83,17,90.12,98.46,97.78,39.02,13.93,42.93,0
83,18,91.35,98.70,97.04,38.93,13.92,43.47,0
83,19,89.91,98.17,98.85,39.44,14.65,43.71,0
84,0,81.26,97.59,82.17,33.28,14.70,43.26,0
84,1,81.63,97.70,85.22,33.21,14.25,43.90,0
84,2,83.45,97.73,79.64,34.64,13.86,45.54,0
84,3,84.07,97.85,83.62,33.77,13.72,43.81,0
84,4,81.87,97.75,84.23,34.48,14.84,42.61,0
84,5,81.26,97.53,85.43,34.16,14.66,45.14,0
84,6,80.96,97.70,83.45,33.80,14.63,45.14,0
84,7,81.24,97.20,81.09,33.99,13.68,45.21,0
84,8,83.05,97.68,80.14,33.60,14.03,45.66,0
84,9,82.08,97.82,82.12,33.09,14.83,42.80,0
84,10,82.01,97.56,83.06,34.62,13.77,42.40,0
84,11,81.60,97.20,83.98,33.42,14.71,44.26,0
84,12,80.33,97.44,78.84,34.68,14.05,42.29,0
84,13,79.92,97.70,82.67,34.82,13.87,43.64,0
84,14,83.16,97.73,79.19,32.99,13.90,42.31,0
84,15,80.23,97.89,82.50,33.78,14.82,43.51,0
84,16,79.54,97.36,84.16,33.24,13.78,46.13,0
84,17,83.02,97.45,83.27,34.06,13.87,46.14,0
84,18,83.01,97.60,81.88,33.79,14.84,43.48,0
84,19,81.76,97.58,81.08,33.52,14.77,43.81,0
85,0,79.81,98.62,96.99,34.19,15.25,56.21,0
85,1,80.88,98.78,97.30,32.68,16.14,58.27,0
85,2,78.77,98.75,94.08,32.97,15.95,58.03,0
85,3,80.52,99.06,95.52,32.52,15.70,59.94,0
85,4,80.36,98.58,96.68,33.04,16.00,56.42,0
85,5,81.56,98.55,98.16,34.02,15.69,58.38,0
85,6,77.73,98.83,95.79,33.25,15.22,58.93,0
85,7,80.04,98.62,96.12,33.95,15.85,59.40,0
85,8,80.01,98.41,94.10,33.12,15.55,56.15,0
85,9,78.60,98.86,98.18,33.92,15.43,58.98,0
85,10,78.62,98.81,97.58,33.70,15.37,58.09,0
85,11,79.47,98.75,92.67,33.57,15.47,56.03,0
85,12,76.55,98.57,97.18,33.71,15.66,56.26,0
85,13,78.02,99.04,96.28,33.83,15.92,58.35,0
85,14,79.64,98.80,97.55,33.94,15.66,59.06,0
85,15,78.74,98.54,94.27,33.76,16.31,57.71,0
85,16,79.63,99.11,93.11,34.36,15.20,56.14,0
85,17,79.40,98.40,97.17,32.79,15.52,60.00,0
85,18,77.24,98.91,93.80,34.12,15.51,57.28,0
85,19,80.85,98.92,98.46,32.96,16.08,58.24,0
86,0,91.01,97.14,84.44,39.18,15.80,55.00,0
86,1,91.68,97.55,86.28,39.51,15.92,54.51,0
86,2,92.73,97.10,88.05,38.82,16.10,53.63,0
86,3,93.32,97.64,83.01,38.97,15.53,53.34,0
86,4,92.51,97.04,86.38,38.45,15.36,55.24,0
86,5,91.93,97.00,87.73,38.81,16.38,54.14,0
86,6,92.96,97.60,87.44,37.60,16.26,53.38,0
86,7,91.10,97.48,85.08,38.69,15.38,52.59,0
86,8,92.10,97.13,84.80,39.22,15.45,51.61,0
86,9,91.47,97.40,82.82,37.61,15.58,52.34,0
86,10,90.10,96.89,86.47,39.19,15.96,52.96,0
86,11,92.47,96.91,83.73,38.25,16.42,54.53,0
86,12,91.54,97.47,82.15,38.89,15.82,53.23,0
86,13,92.58,96.86,81.95,38.38,16.35,54.41,0
86,14,90.47,97.32,81.17,39.31,15.48,52.48,0
86,15,90.55,97.39,85.10,38.87,16.28,54.63,0
86,16,91.30,97.21,82.43,37.82,16.14,55.60,0
86,17,92.36,97.03,83.72,39.02,15.49,53.02,0
86,18,92.53,97.50,82.97,39.09,15.36,52.52,0
86,19,89.57,97.48,82.75,37.81,15.73,55.46,0
87,0,92.04,97.31,92.83,35.56,9.83,43.66,0
87,1,89.67,97.11,96.25,34.89,9.96,43.22,0
87,2,90.43,97.53,93.38,34.28,10.78,43.12,0
87,3,91.33,97.35,97.07,33.65,10.32,42.32,0
87,4,89.34,97.19,98.38,35.05,9.71,42.92,0
87,5,90.39,97.10,97.51,33.88,10.09,41.92,0
87,6,92.01,97.19,96.85,34.04,10.73,43.71,0
87,7,89.67,97.39,98.17,34.87,10.26,42.72,0
87,8,92.29,97.44,94.27,33.95,10.40,42.60,0
87,9,89.84,97.72,97.72,34.67,10.70,43.94,0
87,10,100.05,95.43,86.96,35.42,9.98,46.86,0
87,11,97.96,94.71,84.96,34.89,10.31,51.13,0
87,12,100.04,94.29,83.19,35.17,10.59,50.58,1
87,13,100.13,94.84,87.23,34.07,10.58,50.33,0
87,14,97.14,95.11,88.76,33.83,10.53,48.20,0
87,15,89.70,97.16,94.02,34.96,9.89,41.75,0
87,16,90.60,97.22,93.22,34.99,10.34,41.31,0
87,17,88.96,97.20,92.13,34.63,9.70,41.38,0
87,18,88.13,97.45,93.06,35.14,10.67,42.10,0
87,19,88.95,97.58,97.25,34.76,10.20,40.88,0
88,0,89.94,97.78,92.55,32.58,12.10,50.10,0
88,1,92.37,98.33,94.66,34.39,12.12,48.70,0
88,2,92.40,97.73,93.36,32.69,11.70,48.12,0
88,3,92.08,97.93,97.69,33.54,12.05,49.04,0
88,4,89.72,98.31,92.72,32.64,12.31,49.59,0
88,5,90.95,97.80,96.21,32.89,12.27,47.10,0
88,6,92.41,98.10,95.89,34.37,12.58,49.07,0
88,7,91.58,98.31,93.57,32.69,12.18,46.88,0
88,8,90.25,98.32,93.99,33.46,11.85,50.69,0
88,9,90.01,98.38,95.83,33.70,12.51,49.43,0
88,10,91.19,98.38,92.38,34.05,12.04,48.02,0
88,11,91.23,98.24,93.79,32.78,11.76,49.11,0
88,12,90.61,98.35,93.54,33.18,12.48,49.23,0
88,13,88.85,97.72,92.27,32.58,12.27,50.06,0
88,14,88.91,97.66,96.06,33.83,12.42,49.61,0
88,15,89.06,97.87,95.03,34.38,11.67,50.68,0
88,16,89.27,98.39,93.08,34.36,11.78,50.04,0
88,17,90.16,97.88,94.73,34.03,12.37,48.40,0
88,18,90.24,97.72,91.87,32.66,11.80,49.72,0
88,19,90.00,98.25,93.12,33.19,11.97,48.48,0
89,0,75.52,99.11,92.12,38.21,16.17,58.76,0
89,1,74.20,99.22,92.22,37.26,15.54,58.61,0
89,2,75.22,98.76,92.75,36.59,15.92,60.22,0
89,3,74.24,98.55,95.88,37.39,15.58,60.64,0
89,4,73.39,98.96,95.79,37.35,15.15,61.19,0
89,5,76.55,98.97,94.24,38.12,16.19,60.51,0
89,6,73.43,98.67,91.44,38.01,16.10,61.31,0
89,7,72.89,98.78,95.44,36.61,16.03,58.35,0
89,8,76.51,98.61,91.50,36.58,15.59,61.44,0
89,9,76.07,98.78,91.53,37.82,16.09,59.12,0
89,10,73.44,99.28,94.19,37.49,15.77,60.96,0
89,11,74.09,99.13,91.29,37.93,16.29,59.73,0
89,12,73.32,98.95,89.96,36.51,15.69,58.05,0
89,13,74.84,99.31,93.25,37.93,15.71,61.50,0
89,14,73.81,99.15,89.53,37.86,16.23,60.08,0
89,15,72.98,98.85,90.82,38.11,15.67,61.29,0
89,16,71.94,98.90,93.31,36.57,15.77,57.82,0
89,17,74.94,98.69,89.61,37.95,15.92,61.26,0
89,18,75.02,99.22,94.20,36.88,16.16,61.09,0
89,19,74.67,98.98,92.05,38.13,16.26,60.84,0
90,0,88.27,98.25,92.41,36.35,13.00,44.28,0
90,1,89.27,98.55,95.30,36.35,13.34,46.32,0
90,2,89.78,98.30,92.72,36.37,13.06,46.00,0
90,3,87.23,98.63,94.40,34.93,14.06,44.81,0
90,4,87.68,98.62,97.25,35.24,13.84,43.83,0
90,5,86.86,98.86,94.52,35.65,13.12,46.32,0
90,6,88.58,98.92,96.21,36.21,13.14,44.64,0
90,7,90.07,98.68,91.94,34.44,13.15,45.69,0
90,8,88.03,98.88,95.39,34.43,13.29,43.29,0
90,9,88.71,98.44,91.56,36.05,13.88,45.06,0
90,10,87.35,98.47,94.64,35.41,14.14,44.98,0
90,11,86.97,98.36,96.10,35.23,13.61,43.74,0
90,12,89.28,98.39,92.23,34.57,13.46,44.27,0
90,13,86.70,98.36,91.98,34.96,13.00,46.57,0
90,14,87.22,99.00,93.04,35.24,14.16,46.31,0
90,15,88.13,98.71,90.58,34.94,13.62,46.30,0
90,16,88.34,98.49,93.60,35.61,13.80,46.86,0
90,17,88.42,99.00,91.91,35.45,13.04,43.18,0
90,18,88.71,98.65,95.69,35.99,13.54,45.28,0
90,19,86.82,98.28,92.40,35.96,12.99,46.95,0
91,0,90.54,97.50,80.85,36.97,14.99,44.55,0
91,1,91.03,97.36,80.17,37.42,14.97,44.10,0
91,2,92.16,97.70,81.03,37.67,15.46,45.48,0
91,3,92.13,97.08,81.56,36.45,15.49,43.83,0
91,4,92.40,97.23,82.07,37.53,15.88,44.79,0
91,5,90.92,97.19,80.69,37.16,15.38,43.19,0
91,6,89.32,97.12,83.31,36.40,15.82,42.02,0
91,7,91.65,97.36,79.73,36.59,15.00,41.95,0
91,8,90.19,97.12,82.47,36.60,15.88,44.76,0
91,9,90.13,97.43,78.94,38.21,15.41,44.58,0
91,10,88.19,97.05,81.65,37.42,14.93,44.70,0
91,11,88.43,97.38,80.50,36.43,15.54,42.66,0
91,12,87.81,97.63,79.43,37.13,15.27,45.55,0
91,13,88.31,97.59,78.51,37.30,15.08,44.05,0
91,14,87.25,97.29,79.71,37.43,16.00,44.84,0
91,15,87.86,97.14,81.61,36.42,16.05,44.22,0
91,16,88.82,97.15,79.98,37.21,16.02,43.85,0
91,17,89.54,97.30,81.29,37.21,14.95,45.51,0
91,18,89.16,97.06,79.22,36.68,15.72,44.15,0
91,19,89.77,97.45,83.52,36.42,15.55,44.04,0
92,0,84.89,98.66,92.82,33.92,12.85,44.70,0
92,1,85.05,98.63,98.79,35.24,13.38,43.68,0
92,2,83.36,98.46,94.34,35.38,12.88,45.33,0
92,3,84.20,98.19,96.97,34.48,13.08,42.69,0
92,4,84.94,98.77,94.52,34.31,13.40,44.62,0
92,5,84.27,98.37,93.47,35.71,12.36,43.96,0
92,6,82.42,98.25,97.72,35.48,13.18,44.46,0
92,7,84.44,98.26,94.17,35.70,12.53,44.56,0
92,8,83.58,98.72,94.37,35.59,13.17,42.67,0
92,9,91.31,96.51,87.16,35.19,12.68,49.79,0
92,10,93.81,96.05,88.05,34.13,12.49,51.58,0
92,11,95.25,95.41,82.78,34.90,13.10,52.47,1
92,12,91.81,96.13,85.38,35.47,13.11,51.11,0
92,13,89.30,96.67,89.91,34.56,13.21,47.90,0
92,14,82.91,98.58,95.61,35.15,12.85,43.50,0
92,15,82.91,98.38,97.22,34.04,12.48,42.01,0
92,16,80.75,98.44,92.39,35.01,12.71,44.56,0
92,17,82.39,98.80,92.91,35.69,13.01,41.55,0
92,18,84.88,98.57,97.52,35.06,12.88,43.74,0
92,19,85.14,98.28,97.64,35.05,12.95,43.56,0
93,0,88.42,98.89,94.10,39.44,11.53,49.30,0
93,1,90.37,98.78,98.21,37.81,12.28,47.87,0
93,2,90.89,98.48,96.71,39.27,12.27,50.55,0
93,3,92.31,99.17,95.17,38.16,12.33,49.16,0
93,4,90.16,99.19,96.61,39.15,11.81,51.25,0
93,5,90.58,99.23,98.39,38.91,11.81,49.88,0
93,6,91.40,99.12,97.11,38.31,12.38,48.63,0
93,7,88.68,98.69,99.04,39.02,12.36,49.94,0
93,8,89.58,98.60,93.57,38.21,11.26,49.53,0
93,9,88.32,99.25,96.57,39.58,11.75,49.19,0
93,10,91.10,99.19,98.09,37.82,11.86,51.48,0
93,11,88.24,98.54,95.60,37.93,11.27,47.99,0
93,12,87.52,99.03,97.73,37.98,11.37,50.36,0
93,13,88.61,99.10,97.79,39.77,11.63,49.03,0
93,14,90.15,98.70,97.57,38.56,11.79,49.80,0
93,15,90.64,99.13,94.30,38.33,11.72,47.98,0
93,16,88.31,98.52,96.65,37.88,11.72,51.16,0
93,17,91.31,98.70,93.13,37.87,11.39,49.06,0
93,18,89.59,98.48,97.72,39.76,11.85,50.37,0
93,19,89.38,99.17,96.22,39.02,11.51,48.69,0
94,0,89.51,98.10,81.22,34.58,10.64,56.68,0
94,1,87.89,98.17,76.91,34.97,10.64,53.83,0
94,2,89.75,98.00,80.14,34.74,11.13,55.69,0
94,3,90.59,98.12,81.04,34.74,11.22,55.05,0
94,4,89.73,98.54,79.90,33.10,11.28,54.00,0
94,5,90.82,97.96,82.34,33.73,10.96,53.21,0
94,6,89.42,98.03,81.57,33.18,10.79,54.19,0
94,7,87.84,98.57,79.67,33.87,11.16,53.39,0
94,8,88.03,98.62,77.34,33.81,10.89,56.69,0
94,9,90.01,98.61,80.69,33.82,10.74,53.97,0
94,10,87.45,98.09,80.63,34.82,10.65,56.83,0
94,11,86.74,98.16,80.65,34.21,10.92,54.14,0
94,12,88.86,98.52,76.24,33.97,11.35,55.72,0
94,13,89.25,98.05,77.36,33.95,11.44,55.65,0
94,14,85.55,98.29,80.36,33.10,11.15,54.66,0
94,15,86.40,98.02,75.61,34.23,11.51,56.66,0
94,16,87.35,98.13,80.25,34.22,10.86,53.55,0
94,17,86.56,98.45,79.52,34.86,11.32,54.88,0
94,18,88.91,98.20,77.50,33.27,11.17,56.75,0
94,19,89.61,98.55,79.42,33.37,11.66,55.24,0
95,0,88.34,97.81,83.02,33.04,11.33,44.86,0
95,1,88.41,97.79,84.69,34.39,11.50,43.95,0
95,2,92.31,97.94,85.22,32.55,10.45,43.94,0
95,3,91.64,97.72,88.13,34.27,10.72,44.56,0
95,4,90.68,97.83,86.95,32.59,10.59,46.42,0
95,5,90.34,98.06,88.14,33.32,10.82,45.33,0
95,6,90.30,97.59,85.46,32.79,11.44,45.83,0
95,7,90.96,98.07,84.82,34.07,11.08,45.94,0
95,8,99.77,96.27,79.59,33.06,10.81,53.50,0
95,9,99.78,95.19,79.78,34.09,11.39,53.53,0
95,10,102.92,95.33,71.08,33.63,11.11,54.93,1
95,11,98.97,95.47,73.75,34.27,11.19,51.80,0
95,12,98.50,96.01,77.86,32.93,10.78,52.29,0
95,13,91.31,98.09,86.30,34.45,10.66,44.84,0
95,14,88.46,97.62,83.32,34.06,10.42,44.49,0
95,15,89.11,98.02,82.92,34.17,10.89,47.39,0
95,16,89.35,98.36,82.06,34.31,10.96,43.98,0
95,17,89.70,98.31,83.37,33.20,11.03,46.88,0
95,18,90.62,97.70,87.32,33.10,11.37,44.42,0
95,19,91.20,98.17,86.92,34.02,10.73,45.82,0
96,0,78.44,98.58,88.95,33.50,15.51,58.01,0
96,1,78.83,98.81,87.51,33.45,14.85,61.43,0
96,2,80.47,98.64,85.56,34.57,15.20,58.24,0
96,3,81.52,99.07,85.61,34.16,15.00,60.53,0
96,4,81.47,98.66,90.10,34.75,15.48,60.41,0
96,5,80.55,98.35,88.06,34.12,15.55,59.10,0
96,6,80.23,98.66,88.97,34.33,14.77,58.30,0
96,7,79.58,98.60,88.88,33.56,14.77,60.48,0
96,8,79.90,98.75,87.33,33.49,15.20,61.47,0
96,9,89.24,96.65,79.04,32.95,15.52,64.68,0
96,10,88.73,95.94,81.10,34.44,15.76,66.03,0
96,11,91.27,95.97,76.24,34.36,15.32,71.64,1
96,12,89.23,96.56,80.15,34.72,15.22,69.30,0
96,13,85.34,96.54,79.97,33.09,15.41,64.11,0
96,14,78.06,98.38,87.42,33.91,15.75,58.86,0
96,15,78.14,98.55,88.23,33.64,15.35,61.33,0
96,16,77.90,98.65,86.62,33.98,15.86,58.63,0
96,17,81.35,98.79,84.19,33.73,15.77,59.63,0
96,18,77.83,98.96,84.15,33.22,14.77,59.30,0
96,19,81.33,98.36,87.87,34.59,15.43,60.91,0
97,0,87.16,98.86,83.96,36.96,11.82,45.38,0
97,1,88.98,98.80,85.22,35.70,11.81,43.94,0
97,2,90.50,98.70,85.47,36.40,10.69,44.88,0
97,3,87.73,98.73,86.92,36.51,11.19,45.04,0
97,4,88.74,99.20,88.88,35.68,10.74,44.81,0
97,5,89.86,98.57,89.76,35.88,11.64,44.04,0
97,6,87.75,98.53,84.68,36.97,11.37,44.00,0
97,7,90.18,99.24,88.04,37.06,11.65,46.10,0
97,8,88.29,98.79,89.74,35.67,11.27,47.62,0
97,9,90.29,98.89,89.64,36.73,11.32,44.44,0
97,10,89.60,98.73,85.15,37.18,11.44,47.55,0
97,11,87.33,98.91,85.70,35.57,11.27,44.01,0
97,12,87.40,98.69,87.08,36.02,11.76,46.13,0
97,13,89.09,98.83,89.05,35.58,11.76,46.91,0
97,14,87.52,98.80,86.17,37.11,11.21,45.39,0
97,15,86.69,98.77,85.64,37.03,10.79,45.29,0
97,16,89.57,99.11,84.49,36.65,11.45,45.32,0
97,17,87.34,98.62,88.15,37.05,11.73,45.18,0
97,18,88.03,98.89,86.70,36.04,11.82,44.63,0
97,19,87.72,98.98,85.74,36.24,11.35,45.15,0
98,0,75.93,98.62,96.13,33.14,11.06,54.03,0
98,1,74.78,99.13,98.44,33.92,11.80,56.50,0
98,2,76.69,98.91,96.05,33.23,10.83,56.10,0
98,3,78.02,98.82,96.50,33.43,11.48,52.82,0
98,4,76.49,98.67,100.57,32.55,11.27,54.11,0
98,5,76.03,98.65,98.67,32.54,11.42,53.70,0
98,6,75.25,99.30,96.96,34.05,11.93,54.62,0
98,7,77.16,99.08,97.88,33.02,10.95,56.22,0
98,8,75.69,99.14,100.61,32.24,11.10,56.26,0
98,9,76.09,99.15,97.52,32.47,11.02,52.96,0
98,10,76.15,99.22,96.12,32.51,11.63,55.53,0
98,11,75.64,98.76,99.50,33.84,11.43,53.06,0
98,12,76.13,99.19,96.06,33.46,10.93,56.35,0
98,13,76.00,99.27,99.71,33.99,11.98,55.32,0
98,14,75.27,98.69,98.77,33.33,11.78,55.77,0
98,15,76.79,99.26,98.05,32.43,11.39,53.14,0
98,16,74.58,98.85,99.44,33.50,10.85,56.17,0
98,17,73.95,98.87,95.11,33.71,11.38,54.53,0
98,18,76.39,99.15,97.90,33.13,11.51,53.85,0
98,19,74.82,99.00,99.41,33.26,11.73,54.82,0
99,0,87.19,97.61,78.07,33.43,14.44,48.34,0
99,1,89.32,98.06,77.58,34.37,14.27,50.32,0
99,2,88.45,97.92,79.38,32.61,13.65,49.08,0
99,3,87.29,97.60,79.83,32.62,14.67,49.61,0
99,4,88.81,97.85,79.75,34.11,13.81,50.26,0
99,5,90.04,97.63,80.54,33.31,13.59,49.17,0
99,6,87.69,97.59,82.47,33.50,14.36,50.26,0
99,7,86.22,97.87,78.42,32.65,13.72,51.93,0
99,8,88.12,97.99,78.88,34.25,14.47,49.99,0
99,9,85.72,97.68,78.69,34.23,14.52,49.13,0
99,10,88.02,97.46,80.08,33.65,13.52,49.67,0
99,11,85.23,97.56,79.87,32.72,14.35,51.77,0
99,12,86.45,98.01,79.43,34.27,13.56,49.77,0
99,13,85.45,97.84,78.34,33.37,13.82,50.32,0
99,14,85.60,97.44,78.85,32.60,13.98,51.14,0
99,15,88.50,97.79,78.37,33.69,14.52,50.82,0
99,16,88.59,97.76,79.62,34.12,13.57,52.18,0
99,17,86.43,97.75,76.55,33.29,14.11,48.42,0
99,18,88.88,97.51,78.43,34.31,14.35,49.46,0
99,19,88.92,97.58,81.72,32.59,13.94,52.12,0
100,0,92.48,98.94,97.47,35.01,11.40,53.04,0
100,1,91.02,98.60,94.75,33.28,11.67,51.77,0
100,2,93.11,98.64,95.18,33.41,11.00,51.50,0
100,3,90.12,98.83,93.28,34.61,11.44,53.15,0
100,4,93.65,98.27,96.54,34.96,10.79,50.54,0
100,5,92.11,98.42,97.80,34.91,11.56,50.34,0
100,6,90.09,98.34,97.10,33.31,11.12,53.09,0
100,7,91.71,98.31,98.64,34.23,11.35,51.53,0
100,8,91.52,98.86,95.71,33.97,10.88,51.57,0
100,9,91.10,98.22,93.94,33.22,10.79,51.88,0
100,10,89.97,98.54,94.37,33.53,11.42,52.07,0
100,11,91.62,98.93,96.62,33.70,10.88,50.21,0
100,12,91.57,98.93,94.04,33.63,11.08,51.86,0
100,13,91.96,98.45,94.55,33.46,11.27,50.93,0
100,14,91.10,98.25,91.89,33.86,11.30,52.66,0
100,15,91.95,98.96,91.84,33.49,11.80,53.61,0
100,16,90.34,98.38,94.51,33.96,11.78,52.42,0
100,17,91.31,98.32,95.54,33.98,11.57,50.84,0
100,18,89.17,98.31,96.04,34.65,10.97,52.95,0
100,19,93.32,98.21,97.69,33.35,11.39,52.09,0
101,0,76.18,98.18,80.18,36.54,10.88,44.16,0
101,1,76.02,97.71,82.87,35.98,11.17,42.67,0
101,2,75.41,97.64,82.87,35.56,11.20,40.22,0
101,3,75.06,97.96,79.81,35.25,11.86,40.24,0
101,4,76.05,97.90,83.75,36.76,11.50,41.18,0
101,5,76.91,97.93,80.64,35.68,11.03,41.23,0
101,6,77.00,97.61,81.57,36.38,11.75,41.68,0
101,7,75.12,97.73,81.36,35.83,11.23,41.19,0
101,8,76.98,98.12,77.80,35.01,11.25,42.27,0
101,9,77.09,97.62,77.82,35.74,11.46,42.05,0
101,10,74.21,97.73,81.79,36.08,10.87,42.85,0
101,11,74.55,97.99,77.35,35.97,11.77,40.59,0
101,12,75.24,97.61,81.91,36.67,10.91,42.18,0
101,13,75.17,98.01,77.96,36.20,11.19,43.06,0
101,14,74.27,97.70,78.07,36.61,11.64,43.98,0
101,15,74.18,97.44,80.62,35.06,11.64,41.82,0
101,16,75.92,97.76,78.55,36.63,11.13,42.77,0
101,17,74.40,97.42,77.16,36.65,11.57,40.75,0
101,18,76.55,98.01,77.99,35.94,10.79,43.45,0
101,19,75.13,97.68,77.67,34.92,11.25,43.03,0
102,0,75.65,97.05,80.27,34.98,14.93,49.15,0
102,1,76.82,96.99,81.30,35.36,14.52,51.08,0
102,2,76.19,97.19,78.72,34.83,15.28,51.61,0
102,3,77.66,96.65,83.37,36.11,14.58,49.84,0
102,4,77.43,96.66,81.91,35.34,14.14,50.96,0
102,5,75.47,97.14,79.92,35.32,14.59,50.87,0
102,6,75.97,96.98,81.13,35.09,14.73,49.88,0
102,7,77.63,97.29,82.41,35.11,14.25,48.47,0
102,8,75.98,96.66,78.15,34.98,15.03,51.44,0
102,9,76.81,96.95,78.52,34.54,15.06,50.92,0
102,10,76.64,96.64,79.98,36.23,14.68,51.20,0
102,11,75.66,97.27,78.98,35.34,14.19,50.52,0
102,12,75.13,96.82,80.06,35.32,14.42,50.60,0
102,13,76.26,96.75,82.43,35.51,14.39,52.32,0
102,14,76.03,97.20,82.00,35.35,15.25,52.37,0
102,15,75.56,96.70,80.70,36.04,15.09,50.38,0
102,16,77.53,97.18,79.06,34.38,15.31,49.61,0
102,17,76.81,97.25,82.97,35.37,14.14,50.49,0
102,18,75.16,96.67,78.20,35.53,14.69,50.93,0
102,19,77.24,97.41,82.32,35.25,14.55,51.41,0
103,0,89.23,98.68,81.69,33.41,15.88,58.03,0
103,1,90.09,98.46,85.62,34.05,15.74,61.26,0
103,2,88.17,98.90,84.16,32.84,16.27,60.66,0
103,3,91.51,98.82,82.35,32.62,16.19,60.10,0
103,4,90.03,98.60,85.97,32.69,15.35,59.04,0
103,5,89.70,98.92,82.38,33.58,15.88,57.63,0
103,6,88.90,98.72,85.78,33.12,16.25,59.17,0
103,7,88.12,98.41,84.18,33.22,15.56,57.47,0
103,8,89.56,98.81,87.74,33.24,15.43,58.72,0
103,9,90.85,98.56,85.32,32.95,15.34,58.21,0
103,10,89.49,98.65,81.63,32.70,15.83,60.14,0
103,11,90.88,98.66,82.01,32.84,15.32,58.91,0
103,12,87.75,98.68,85.39,33.41,15.38,60.20,0
103,13,88.02,99.12,80.97,33.43,16.13,59.38,0
103,14,88.40,99.04,83.98,33.60,16.20,58.40,0
103,15,88.46,99.01,82.97,33.01,16.25,59.19,0
103,16,88.40,98.99,84.32,33.56,15.82,60.83,0
103,17,90.47,98.46,84.03,33.44,15.51,60.31,0
103,18,89.57,98.54,82.12,34.07,16.41,57.80,0
103,19,88.18,99.11,85.29,33.34,16.13,59.82,0
104,0,83.28,98.60,92.54,34.07,9.70,60.14,0
104,1,83.19,98.50,96.05,34.64,9.55,60.82,0
104,2,84.05,99.01,92.51,34.55,9.68,59.59,0
104,3,85.09,98.57,93.39,35.21,10.54,60.87,0
104,4,82.00,99.13,95.31,33.84,9.88,61.36,0
104,5,83.12,98.58,95.76,34.19,9.75,58.61,0
104,6,82.15,99.03,96.90,34.04,10.30,57.46,0
104,7,82.70,98.39,95.31,35.23,10.71,58.79,0
104,8,90.29,96.39,90.50,33.98,9.99,66.43,0
104,9,93.83,96.42,85.38,33.99,9.85,66.09,0
104,10,93.66,95.59,84.67,34.83,9.86,70.36,1
104,11,91.81,96.08,85.92,34.95,10.07,66.56,0
104,12,91.57,96.81,88.69,33.76,10.26,66.62,0
104,13,81.67,98.49,96.68,33.70,10.70,58.39,0
104,14,81.17,98.41,96.08,35.02,10.37,59.34,0
104,15,83.70,99.03,94.22,34.59,9.65,58.80,0
104,16,80.96,98.83,95.46,34.98,10.25,60.26,0
104,17,83.48,98.75,94.62,34.35,10.11,60.68,0
104,18,81.37,98.78,91.85,34.69,10.64,57.78,0
104,19,81.89,98.42,93.47,34.66,10.08,58.22,0
105,0,80.05,98.09,79.08,37.34,13.18,54.95,0
105,1,81.78,98.17,79.28,38.12,13.75,57.41,0
105,2,82.83,98.19,78.33,38.62,13.37,56.36,0
105,3,80.82,98.45,80.99,38.06,13.19,54.92,0
105,4,82.12,97.82,81.54,39.14,13.26,55.35,0
105,5,82.42,98.20,84.07,38.77,13.47,56.22,0
105,6,83.49,98.13,78.59,38.46,13.57,56.87,0
105,7,83.63,98.26,82.97,39.20,13.96,57.25,0
105,8,82.83,98.41,80.21,38.75,13.93,57.60,0
105,9,80.39,98.40,80.19,37.73,13.72,58.30,0
105,10,81.14,98.27,80.24,37.50,14.10,58.33,0
105,11,81.67,97.78,79.04,38.67,14.06,57.37,0
105,12,80.03,98.26,80.27,39.17,13.64,56.12,0
105,13,79.43,98.20,79.52,39.13,13.26,55.60,0
105,14,81.50,98.44,82.38,37.78,13.69,56.36,0
105,15,82.25,98.28,77.03,37.63,13.20,57.37,0
105,16,78.80,98.43,82.22,39.13,13.42,57.13,0
105,17,80.01,97.84,77.73,38.76,13.57,58.60,0
105,18,79.64,98.01,80.01,37.46,14.30,58.18,0
105,19,81.02,98.23,81.13,37.83,13.52,58.26,0
106,0,79.67,98.34,98.37,37.99,10.39,54.36,0
106,1,80.48,98.14,98.39,37.45,10.89,52.95,0
106,2,79.58,98.27,99.33,36.40,9.88,56.35,0
106,3,83.05,98.42,94.76,37.70,10.26,52.80,0
106,4,82.87,98.29,99.81,38.15,10.64,56.45,0
106,5,81.30,98.18,94.13,36.47,9.94,53.85,0
106,6,80.69,98.23,99.34,37.49,10.50,54.44,0
106,7,81.81,97.87,97.54,36.56,10.06,53.86,0
106,8,79.21,98.18,96.54,38.16,10.76,53.78,0
106,9,80.75,98.24,94.48,37.91,9.81,56.28,0
106,10,80.55,98.16,96.83,38.00,9.96,54.51,0
106,11,78.70,98.61,95.07,37.54,10.70,54.87,0
106,12,78.38,98.06,93.21,37.66,9.89,53.97,0
106,13,79.78,98.38,94.28,37.60,10.88,53.66,0
106,14,79.90,98.22,95.88,37.74,10.53,55.05,0
106,15,78.55,98.21,95.05,38.25,9.93,53.28,0
106,16,81.50,98.43,97.68,36.58,9.85,53.59,0
106,17,82.12,98.13,96.51,38.14,10.84,54.67,0
106,18,79.38,98.44,95.20,37.99,10.23,53.92,0
106,19,81.34,98.48,95.97,37.02,10.23,55.22,0
107,0,75.74,97.38,95.92,36.75,11.69,44.57,0
107,1,76.88,97.75,90.92,36.47,11.92,45.17,0
107,2,78.17,97.73,91.18,36.10,12.31,43.59,0
107,3,77.27,97.33,91.62,35.77,11.64,45.48,0
107,4,78.15,97.54,92.30,35.54,12.13,46.39,0
107,5,77.00,97.96,93.18,36.63,12.27,44.21,0
107,6,77.28,97.99,91.25,35.77,11.39,45.60,0
107,7,78.34,97.34,96.46,36.49,12.28,43.02,0
107,8,79.23,97.91,93.40,36.09,11.54,43.53,0
107,9,75.74,97.81,95.38,35.48,11.73,42.67,0
107,10,76.51,97.28,95.48,35.27,11.91,45.36,0
107,11,76.29,97.85,94.34,36.37,11.58,46.51,0
107,12,75.74,97.98,95.51,35.76,12.22,43.53,0
107,13,77.92,97.85,92.56,35.24,11.76,46.29,0
107,14,76.67,97.78,93.31,35.27,12.18,43.25,0
107,15,77.04,97.29,92.61,35.09,11.35,42.99,0
107,16,78.31,97.62,92.97,35.52,11.78,43.08,0
107,17,76.51,97.40,93.07,36.00,11.64,43.96,0
107,18,76.34,97.79,95.37,36.23,11.77,45.26,0
107,19,77.61,97.41,93.98,36.97,12.01,46.21,0
108,0,92.59,98.46,79.86,34.13,12.98,45.81,0
108,1,90.75,98.07,81.56,33.90,12.62,43.66,0
108,2,91.11,98.00,82.49,33.62,12.50,47.53,0
108,3,92.39,98.44,80.60,35.20,12.75,47.20,0
108,4,93.35,98.28,78.78,33.93,12.34,46.77,0
108,5,90.40,98.00,77.78,33.68,12.78,45.19,0
108,6,90.68,98.17,83.12,35.19,12.60,44.15,0
108,7,91.65,98.05,80.96,34.65,12.85,46.66,0
108,8,98.93,96.45,73.04,33.65,12.92,52.07,0
108,9,102.09,96.00,70.29,34.63,12.82,51.73,0
108,10,102.56,94.79,66.14,35.32,12.37,53.96,1
108,11,102.83,95.41,72.18,34.34,13.30,54.67,0
108,12,96.90,96.33,73.22,34.18,12.71,50.16,0
108,13,89.77,97.92,76.64,34.28,13.30,44.77,0
108,14,90.42,98.53,80.09,34.23,12.72,45.96,0
108,15,88.54,98.20,81.95,35.21,12.81,44.92,0
108,16,92.20,98.15,77.34,34.42,12.93,45.13,0
108,17,92.70,98.44,81.92,34.50,12.25,47.29,0
108,18,89.53,97.99,79.52,33.92,12.53,45.01,0
108,19,93.08,98.49,77.48,35.32,12.74,44.49,0
109,0,81.23,98.20,80.15,35.78,12.86,59.44,0
109,1,84.07,98.51,83.65,35.73,11.82,57.13,0
109,2,84.86,98.77,84.16,35.38,11.92,56.08,0
109,3,84.28,98.26,83.58,36.71,12.45,56.58,0
109,4,85.13,98.07,85.75,34.98,11.78,58.26,0
109,5,84.46,98.37,83.12,36.31,12.80,58.60,0
109,6,85.11,98.69,82.96,35.42,12.31,58.78,0
109,7,82.09,98.42,79.72,35.97,12.35,56.96,0
109,8,83.58,98.28,82.78,35.00,12.57,56.20,0
109,9,81.34,98.21,82.62,36.69,12.38,59.46,0
109,10,84.33,98.62,82.00,34.93,12.55,58.49,0
109,11,83.53,98.20,84.57,34.85,12.13,57.21,0
109,12,82.34,98.40,82.99,36.50,12.59,56.33,0
109,13,80.76,98.33,81.22,36.10,12.24,58.81,0
109,14,80.20,98.58,82.32,35.60,12.44,58.57,0
109,15,80.51,98.85,79.76,35.94,12.12,58.88,0
109,16,81.05,98.18,82.94,35.39,12.62,57.12,0
109,17,81.53,98.55,84.18,35.12,12.33,56.81,0
109,18,81.93,98.29,81.61,35.59,12.58,56.53,0
109,19,82.55,98.31,80.70,36.24,12.87,55.86,0
110,0,80.85,97.86,95.79,35.32,10.79,43.89,0
110,1,83.10,97.20,94.40,35.81,11.32,43.92,0
110,2,81.55,97.41,92.89,34.78,10.61,43.26,0
110,3,82.25,97.13,93.56,34.23,10.94,42.40,0
110,4,82.02,97.67,94.64,34.84,11.24,40.57,0
110,5,84.33,97.56,93.19,35.18,10.53,41.96,0
110,6,84.09,97.81,98.91,35.77,11.05,41.64,0
110,7,81.10,97.45,98.03,34.25,11.38,42.82,0
110,8,82.50,97.31,98.56,34.36,10.40,40.71,0
110,9,92.26,95.15,88.80,34.23,10.77,49.08,0
110,10,92.99,94.80,85.05,34.59,10.37,49.40,0
110,11,95.75,94.61,81.00,35.32,11.01,51.79,1
110,12,93.03,94.98,85.03,35.64,10.33,48.65,0
110,13,90.51,95.22,90.28,35.38,11.41,48.35,0
110,14,80.13,97.63,94.31,35.94,11.01,40.79,0
110,15,79.90,97.65,94.37,34.69,10.46,41.76,0
110,16,80.02,97.74,93.84,35.28,10.45,41.34,0
110,17,81.92,97.77,95.79,35.34,10.67,42.72,0
110,18,83.22,97.24,92.19,34.74,10.71,41.23,0
110,19,84.26,97.15,94.20,35.72,10.42,41.85,0
111,0,70.50,96.90,75.81,36.62,15.21,61.44,0
111,1,69.20,96.65,79.09,35.51,15.04,61.96,0
111,2,71.00,96.92,81.34,35.54,15.43,58.96,0
111,3,72.11,96.91,77.77,35.89,15.03,58.77,0
111,4,70.25,97.19,82.30,36.69,15.05,59.50,0
111,5,70.94,96.88,81.04,36.55,15.88,59.71,0
111,6,72.09,97.03,81.17,36.31,15.18,59.46,0
111,7,70.71,97.37,77.61,37.04,15.63,58.76,0
111,8,72.75,97.34,79.71,37.05,15.86,60.82,0
111,9,71.37,96.79,77.23,37.08,15.44,60.75,0
111,10,71.44,96.96,81.02,35.72,15.77,61.72,0
111,11,68.57,97.33,78.60,36.28,15.43,62.30,0
111,12,69.23,96.81,75.83,37.16,16.01,59.22,0
111,13,71.17,96.93,75.54,36.99,15.81,59.46,0
111,14,70.31,97.06,78.02,35.53,16.07,60.94,0
111,15,68.04,97.29,75.22,35.63,15.82,61.77,0
111,16,69.19,96.79,76.31,36.01,15.84,61.42,0
111,17,70.13,97.02,77.96,36.49,15.59,60.77,0
111,18,70.14,97.24,77.20,35.29,14.98,58.80,0
111,19,70.43,97.37,79.75,36.52,15.61,59.26,0
112,0,90.23,98.75,95.00,35.85,13.98,62.51,0
112,1,91.81,98.86,95.63,35.30,13.44,61.77,0
112,2,90.28,99.15,99.37,35.96,13.37,59.92,0
112,3,90.56,98.99,99.67,36.05,14.12,59.23,0
112,4,93.24,98.87,100.06,34.79,14.05,61.90,0
112,5,92.93,98.41,99.04,36.03,13.60,59.03,0
112,6,91.17,98.49,97.28,34.69,13.80,60.55,0
112,7,90.80,98.84,96.10,36.30,13.75,59.53,0
112,8,91.53,98.64,97.73,35.76,13.55,61.99,0
112,9,93.67,98.74,97.07,34.83,14.20,59.05,0
112,10,93.49,98.71,97.91,35.62,13.96,59.58,0
112,11,93.19,98.65,96.09,36.23,13.66,58.92,0
112,12,92.26,98.41,93.74,35.51,13.79,59.65,0
112,13,92.12,99.09,92.93,36.11,13.95,60.43,0
112,14,89.51,98.44,96.39,36.53,13.97,62.48,0
112,15,90.93,98.47,93.81,35.44,13.15,59.28,0
112,16,91.84,98.91,97.76,34.84,14.12,59.38,0
112,17,92.06,98.85,97.93,35.78,14.02,59.93,0
112,18,92.19,98.82,98.26,35.28,13.46,58.71,0
112,19,89.96,98.60,97.49,35.26,13.50,61.18,0
113,0,70.30,98.59,91.79,35.20,12.75,59.42,0
113,1,71.77,97.82,91.22,33.78,11.79,60.21,0
113,2,71.56,98.04,88.15,34.26,11.87,58.21,0
113,3,70.13,98.44,87.55,34.41,12.57,59.69,0
113,4,71.06,98.05,87.79,34.72,12.62,60.15,0
113,5,70.21,98.03,89.52,35.12,12.07,59.16,0
113,6,72.27,98.45,92.22,35.53,12.36,57.81,0
113,7,70.19,97.99,89.85,35.12,12.53,59.18,0
113,8,70.35,98.42,88.71,34.57,11.76,60.02,0
113,9,71.70,97.85,87.23,34.71,12.04,60.17,0
113,10,69.52,97.97,86.93,34.20,12.65,61.05,0
113,11,68.92,98.52,91.05,35.60,12.30,59.25,0
113,12,68.87,98.03,86.42,34.02,11.77,59.91,0
113,13,71.69,98.36,88.51,35.38,11.85,57.89,0
113,14,68.71,98.41,86.19,35.53,12.81,58.93,0
113,15,68.57,97.98,87.90,34.37,12.43,59.30,0
113,16,71.36,98.59,87.52,35.19,12.29,61.12,0
113,17,70.01,98.11,86.69,33.78,11.91,60.97,0
113,18,70.04,98.27,91.31,35.05,12.31,60.27,0
113,19,68.97,98.14,86.09,34.04,11.68,58.07,0
114,0,77.09,98.94,92.20,37.31,11.59,59.08,0
114,1,74.68,98.56,91.95,37.44,12.39,61.74,0
114,2,74.81,98.86,90.16,37.69,11.92,59.86,0
114,3,76.28,98.96,93.06,37.21,11.73,59.88,0
114,4,77.07,99.20,89.97,36.84,11.79,62.15,0
114,5,77.68,98.92,93.48,36.88,11.87,59.16,0
114,6,76.72,98.64,93.06,37.66,11.87,60.35,0
114,7,75.58,98.46,89.44,37.32,12.47,60.66,0
114,8,75.10,99.03,90.92,37.19,11.78,61.14,0
114,9,74.11,98.92,89.89,37.52,12.22,59.11,0
114,10,76.97,98.53,92.50,38.22,12.12,59.16,0
114,11,77.06,98.49,88.06,37.04,12.54,58.96,0
114,12,75.20,98.44,88.62,37.35,12.55,59.21,0
114,13,73.40,98.71,87.25,38.13,12.40,60.57,0
114,14,74.49,98.88,88.58,37.05,11.45,61.43,0
114,15,76.04,98.57,90.36,37.95,12.18,59.36,0
114,16,75.43,98.89,89.63,36.77,11.87,61.57,0
114,17,74.72,98.51,91.98,37.44,12.29,59.50,0
114,18,74.94,99.04,91.31,37.05,11.79,59.60,0
114,19,73.99,98.55,89.40,37.33,11.86,58.43,0
115,0,88.61,97.04,83.62,35.75,14.27,53.40,0
115,1,85.58,97.51,85.33,34.97,14.70,53.32,0
115,2,85.63,97.40,84.05,35.91,14.16,50.79,0
115,3,88.10,97.43,85.83,35.41,14.42,54.17,0
115,4,86.91,96.90,86.84,34.67,14.56,53.41,0
115,5,89.70,97.29,84.60,36.01,14.82,54.02,0
115,6,87.02,96.75,86.00,35.22,14.11,51.73,0
115,7,88.70,97.37,87.54,35.54,14.23,51.13,0
115,8,88.61,97.50,88.48,34.98,14.78,53.95,0
115,9,85.93,97.00,88.93,34.58,14.38,50.99,0
115,10,85.87,97.44,85.52,35.44,14.29,54.46,0
115,11,87.05,96.87,83.13,34.63,14.43,51.37,0
115,12,87.33,96.84,86.69,34.32,14.78,53.13,0
115,13,85.45,97.26,87.96,34.92,14.30,52.97,0
115,14,87.87,97.24,88.10,34.76,14.63,52.30,0
115,15,88.04,96.87,86.10,34.72,14.10,51.73,0
115,16,87.96,96.89,85.33,35.55,13.86,51.02,0
115,17,84.98,97.24,85.76,35.48,14.58,52.99,0
115,18,85.52,96.88,86.52,34.84,14.86,53.56,0
115,19,85.89,97.49,86.49,35.87,14.64,53.36,0
116,0,83.59,98.08,79.82,34.85,13.35,53.30,0
116,1,82.71,98.41,80.62,35.17,13.26,51.90,0
116,2,80.46,98.04,79.93,34.62,14.15,53.34,0
116,3,81.87,98.45,85.84,34.22,14.04,51.07,0
116,4,82.82,98.38,83.43,34.96,13.82,52.67,0
116,5,82.35,97.95,85.84,33.87,13.91,53.89,0
116,6,80.92,97.80,80.31,34.05,13.23,52.35,0
116,7,83.42,98.44,83.73,34.37,13.91,53.52,0
116,8,81.57,97.86,83.91,34.78,14.23,53.71,0
116,9,90.05,96.35,76.83,35.69,14.30,58.46,0
116,10,90.05,95.33,71.13,35.07,13.44,62.27,0
116,11,92.82,95.56,70.65,34.15,13.52,63.98,1
116,12,91.69,95.44,74.01,34.83,13.69,62.45,0
116,13,88.91,95.98,72.84,35.41,13.42,58.60,0
116,14,82.19,98.52,80.00,34.11,13.75,54.47,0
116,15,79.99,97.88,78.59,34.92,13.17,50.78,0
116,16,80.19,97.86,81.75,35.20,14.26,53.39,0
116,17,79.70,97.90,83.23,35.48,14.18,53.57,0
116,18,79.76,98.57,80.30,34.97,13.72,53.60,0
116,19,81.46,98.00,83.98,35.08,14.15,52.03,0
117,0,71.77,97.59,92.50,38.39,11.20,58.22,0
117,1,74.83,97.70,90.82,39.30,10.88,59.51,0
117,2,75.85,97.49,92.00,38.10,11.39,59.50,0
117,3,74.82,97.96,90.68,38.19,11.68,57.53,0
117,4,74.78,97.65,90.19,37.97,11.69,57.54,0
117,5,74.14,97.62,92.34,37.91,11.77,58.93,0
117,6,73.83,98.03,94.09,38.18,11.67,58.39,0
117,7,72.41,97.89,92.99,39.65,11.87,57.85,0
117,8,72.57,97.50,94.10,39.65,11.15,58.94,0
117,9,73.98,98.15,90.57,38.65,11.57,57.17,0
117,10,72.55,98.00,91.12,38.00,11.12,60.27,0
117,11,72.17,98.18,88.92,39.63,11.67,59.89,0
117,12,74.74,97.83,92.73,39.40,10.90,57.59,0
117,13,73.28,98.01,89.30,39.47,11.86,59.59,0
117,14,72.35,97.88,92.57,39.63,11.33,56.58,0
117,15,71.95,98.23,93.61,39.12,11.84,57.03,0
117,16,74.99,98.24,88.91,39.26,11.56,56.77,0
117,17,71.93,97.66,89.40,37.89,11.92,60.11,0
117,18,74.59,98.09,92.36,37.95,11.73,56.61,0
117,19,75.28,97.82,92.68,39.22,11.60,59.75,0
118,0,78.45,97.41,92.61,37.41,14.63,48.84,0
118,1,80.56,97.03,91.96,38.45,15.17,46.70,0
118,2,78.92,97.60,89.06,38.49,14.92,46.15,0
118,3,77.49,97.64,93.07,37.99,15.04,46.52,0
118,4,78.05,97.16,92.25,37.76,15.36,45.58,0
118,5,79.51,97.19,89.73,38.47,14.99,45.76,0
118,6,80.96,97.27,94.49,38.94,14.59,48.13,0
118,7,80.11,97.66,89.47,37.80,14.90,46.13,0
118,8,85.53,95.38,87.04,37.91,15.40,54.91,0
118,9,88.51,94.39,80.52,38.03,15.69,56.17,0
118,10,89.27,94.35,78.76,38.20,14.68,55.85,1
118,11,86.58,94.99,81.66,37.06,15.45,56.65,0
118,12,84.60,94.99,86.75,37.16,15.36,53.08,0
118,13,76.09,97.53,87.53,37.85,14.73,45.53,0
118,14,76.57,96.98,91.14,37.61,14.79,46.77,0
118,15,78.96,97.23,90.27,37.59,15.37,47.08,0
118,16,76.44,97.02,92.40,37.12,14.81,47.42,0
118,17,78.53,97.00,92.66,38.99,14.81,47.64,0
118,18,80.03,97.21,89.64,38.68,15.00,45.89,0
118,19,78.94,97.54,90.56,37.96,14.94,49.29,0
119,0,90.57,98.11,81.63,34.86,11.82,48.02,0
119,1,87.38,98.22,82.31,34.60,12.42,46.42,0
119,2,88.42,98.47,79.88,33.73,12.17,45.83,0
119,3,87.57,97.80,81.79,34.39,12.25,49.72,0
119,4,90.48,98.43,84.81,34.31,11.69,49.56,0
119,5,89.54,98.54,82.96,34.47,11.60,46.23,0
119,6,89.52,98.18,84.51,33.62,11.62,47.91,0
119,7,87.74,97.81,82.02,33.70,11.32,46.08,0
119,8,88.54,98.17,83.83,33.43,11.44,46.71,0
119,9,90.53,97.96,82.50,34.09,11.45,48.30,0
119,10,89.41,98.10,79.88,34.30,11.58,49.75,0
119,11,88.81,98.20,81.90,35.08,12.24,46.68,0
119,12,86.93,98.33,82.59,34.82,11.92,48.78,0
119,13,88.24,98.06,82.70,34.71,11.57,49.16,0
119,14,86.68,97.98,82.86,33.77,12.20,45.92,0
119,15,88.09,98.52,80.19,33.51,11.94,49.26,0
119,16,87.46,98.11,82.89,34.01,12.10,47.78,0
119,17,88.31,98.00,82.39,34.22,11.24,47.50,0
119,18,88.57,97.76,82.67,34.81,12.40,48.88,0
119,19,90.27,98.43,79.77,33.83,11.78,49.73,0
120,0,85.44,98.43,88.33,37.39,15.64,59.37,0
120,1,87.83,97.96,87.26,39.08,14.69,61.44,0
120,2,86.52,98.04,90.65,38.74,14.91,61.64,0
120,3,85.55,98.21,87.90,38.62,15.34,62.84,0
120,4,85.66,98.38,87.53,38.12,15.39,62.74,0
120,5,88.95,98.39,90.09,37.26,14.84,61.51,0
120,6,87.43,98.20,91.21,38.97,14.62,61.31,0
120,7,87.54,97.90,86.89,38.90,15.34,62.18,0
120,8,94.75,96.51,80.72,38.89,15.52,66.10,0
120,9,97.29,95.56,77.17,38.40,14.63,67.61,0
120,10,99.80,94.89,76.14,38.00,14.66,70.39,1
120,11,97.93,95.42,76.27,37.67,14.89,70.09,0
120,12,95.13,95.81,81.41,38.80,14.74,67.03,0
120,13,86.97,97.84,84.99,38.20,14.62,62.11,0
120,14,86.80,98.50,90.07,38.09,15.06,62.54,0
120,15,85.79,98.40,87.14,38.73,14.65,62.66,0
120,16,84.22,97.82,84.87,38.95,15.70,60.87,0
120,17,87.03,97.83,88.49,38.12,14.67,62.06,0
120,18,87.62,98.34,86.11,38.55,15.59,62.93,0
120,19,84.91,97.93,85.69,38.75,15.38,59.73,0
121,0,80.69,98.95,83.63,38.56,12.36,46.90,0
121,1,80.49,98.28,84.29,38.65,13.41,45.70,0
121,2,78.28,98.83,81.88,38.37,13.09,47.87,0
121,3,80.56,98.92,83.79,38.49,13.29,48.44,0
121,4,78.57,98.47,86.32,38.04,12.96,47.96,0
121,5,79.39,98.41,81.87,37.36,12.49,48.35,0
121,6,78.22,98.93,81.51,37.53,12.35,48.57,0
121,7,78.84,98.49,81.44,38.33,12.88,46.63,0
121,8,77.74,98.72,80.84,38.16,12.36,47.43,0
121,9,80.01,98.29,80.79,38.59,12.97,48.14,0
121,10,78.66,98.38,83.13,36.97,12.78,47.92,0
121,11,80.19,98.16,83.35,37.89,12.94,48.27,0
121,12,78.36,98.52,84.55,38.36,12.79,47.16,0
121,13,78.74,98.58,84.39,38.13,12.78,48.91,0
121,14,78.46,98.81,80.51,38.24,12.82,45.45,0
121,15,78.74,98.41,81.38,37.80,13.24,48.53,0
121,16,77.34,98.42,85.09,37.93,13.19,47.38,0
121,17,79.28,98.67,80.20,37.63,12.37,47.87,0
121,18,79.38,98.19,84.05,38.25,12.48,45.62,0
121,19,80.36,98.86,85.02,38.24,12.77,47.85,0
122,0,74.08,98.16,87.22,37.88,11.13,49.58,0
122,1,74.59,98.25,89.18,38.78,11.94,50.72,0
122,2,75.22,98.23,90.86,38.96,11.50,48.86,0
122,3,78.40,97.76,89.24,38.15,12.11,51.46,0
122,4,76.99,98.37,89.60,37.12,11.60,51.52,0
122,5,74.99,98.31,92.78,38.92,11.00,47.65,0
122,6,76.93,98.13,91.13,37.29,11.03,48.95,0
122,7,76.37,98.44,87.63,38.72,11.21,51.30,0
122,8,77.52,97.88,87.79,37.53,11.99,48.13,0
122,9,74.26,98.06,91.01,37.17,11.97,48.54,0
122,10,74.32,97.72,88.00,37.70,11.92,51.57,0
122,11,77.10,97.88,90.56,38.12,11.43,50.97,0
122,12,76.09,98.33,86.72,38.87,11.07,51.47,0
122,13,76.78,98.26,90.28,37.78,11.24,48.54,0
122,14,76.54,98.33,91.83,38.42,12.02,49.68,0
122,15,74.39,98.08,90.63,37.69,12.15,51.47,0
122,16,73.63,97.78,87.34,37.05,12.09,51.25,0
122,17,74.30,97.89,91.81,37.48,11.62,47.60,0
122,18,73.79,97.79,89.16,38.39,11.15,47.92,0
122,19,76.00,98.29,92.04,38.93,11.53,51.39,0
123,0,80.38,96.99,84.23,39.00,10.91,51.27,0
123,1,80.46,97.53,80.52,39.02,10.38,50.24,0
123,2,78.61,97.68,83.77,38.57,10.09,50.24,0
123,3,79.09,97.45,84.85,37.54,10.10,48.27,0
123,4,80.46,97.10,86.10,38.58,10.58,48.01,0
123,5,77.99,96.95,81.06,37.47,10.14,51.48,0
123,6,79.05,97.31,85.56,37.64,10.29,50.74,0
123,7,80.05,97.65,83.73,38.78,10.76,47.97,0
123,8,87.57,95.47,74.03,38.29,10.55,55.34,0
123,9,89.37,94.94,76.40,38.46,10.25,57.86,0
123,10,92.44,93.99,68.78,37.26,11.01,58.84,1
123,11,88.54,94.52,74.83,38.54,10.40,58.10,0
123,12,87.28,95.01,75.15,37.21,10.64,54.43,0
123,13,78.30,97.61,82.05,38.97,10.14,50.92,0
123,14,76.31,97.31,81.88,38.60,10.66,49.56,0
123,15,80.06,97.46,80.12,37.86,10.36,48.32,0
123,16,78.34,97.37,78.99,37.81,10.34,49.75,0
123,17,77.56,97.61,80.88,38.02,10.97,49.10,0
123,18,76.82,97.35,79.75,38.73,10.12,49.11,0
123,19,80.91,96.91,85.14,38.03,9.98,49.16,0
124,0,86.57,98.35,83.00,37.37,14.63,47.82,0
124,1,86.09,98.16,82.16,37.61,13.77,49.17,0
124,2,87.97,98.24,83.25,37.73,13.48,48.73,0
124,3,86.45,98.16,87.62,37.08,13.84,48.07,0
124,4,86.11,98.16,86.40,37.50,14.09,51.10,0
124,5,89.60,97.83,86.36,36.48,13.99,49.49,0
124,6,88.97,97.74,83.04,37.61,14.57,50.43,0
124,7,89.38,98.00,86.31,38.24,13.93,50.09,0
124,8,87.65,97.77,85.16,38.24,14.09,47.65,0
124,9,87.06,97.71,84.55,36.36,13.98,48.91,0
124,10,86.84,98.20,81.62,36.48,14.29,47.69,0
124,11,87.99,98.13,82.47,37.57,14.52,51.18,0
124,12,85.51,98.14,84.80,36.50,13.97,51.07,0
124,13,86.43,97.80,81.82,38.22,13.47,49.06,0
124,14,86.03,98.50,84.49,37.42,14.17,49.01,0
124,15,84.69,98.34,84.40,37.71,13.63,48.52,0
124,16,87.53,98.40,84.94,37.46,13.59,50.72,0
124,17,86.64,98.46,82.23,37.40,14.27,51.21,0
124,18,86.75,98.02,84.82,37.34,14.02,48.53,0
124,19,86.17,98.14,85.17,37.46,14.19,50.07,0
125,0,76.70,98.77,91.97,35.68,10.76,49.29,0
125,1,78.52,99.26,92.10,35.95,10.17,49.20,0
125,2,78.53,98.70,94.32,35.21,10.32,51.59,0
125,3,77.47,98.70,92.39,35.92,10.81,51.04,0
125,4,76.05,98.65,96.61,35.19,11.07,51.85,0
125,5,78.20,98.80,91.35,35.35,10.20,50.50,0
125,6,75.84,98.53,96.88,35.47,10.69,49.39,0
125,7,78.93,98.54,93.73,35.64,10.93,49.72,0
125,8,78.35,98.64,94.85,36.84,11.17,51.29,0
125,9,75.08,98.59,94.94,36.20,10.17,49.37,0
125,10,75.68,99.19,91.03,35.75,10.89,50.69,0
125,11,74.86,99.08,90.92,35.09,11.13,48.53,0
125,12,77.31,98.78,94.30,36.94,10.59,50.08,0
125,13,74.63,99.21,92.59,36.15,10.26,50.46,0
125,14,74.50,99.16,92.46,35.60,11.26,51.85,0
125,15,76.95,98.96,89.49,36.43,11.07,50.48,0
125,16,74.39,98.98,92.09,36.77,10.14,51.81,0
125,17,74.81,99.18,91.78,36.29,11.27,50.09,0
125,18,74.23,98.63,94.33,35.63,10.45,48.61,0
125,19,77.62,99.12,94.75,36.22,10.20,51.27,0
126,0,87.71,97.24,82.98,35.09,10.08,45.80,0
126,1,89.22,97.57,80.51,34.06,10.30,46.68,0
126,2,89.45,97.10,80.34,35.08,10.25,46.42,0
126,3,87.34,97.80,84.31,33.56,11.01,46.56,0
126,4,88.41,97.60,83.40,33.75,10.17,48.10,0
126,5,89.13,97.16,82.23,35.12,11.12,47.51,0
126,6,87.97,97.86,80.33,35.37,10.30,45.02,0
126,7,88.08,97.49,80.88,34.52,11.10,44.71,0
126,8,88.66,97.11,78.95,34.77,11.13,45.07,0
126,9,86.88,97.55,80.56,33.89,10.26,45.97,0
126,10,96.05,95.72,74.94,34.22,10.63,50.85,0
126,11,95.48,94.67,69.45,34.37,10.37,53.21,0
126,12,98.24,94.41,69.56,34.88,10.58,55.58,1
126,13,95.78,94.65,72.92,34.70,10.45,52.68,0
126,14,96.40,95.18,72.45,34.12,10.53,51.66,0
126,15,86.60,97.32,82.09,35.06,10.25,46.07,0
126,16,87.80,97.24,83.56,33.86,10.44,47.48,0
126,17,85.17,97.34,82.19,35.10,10.31,46.38,0
126,18,87.56,97.63,78.68,35.54,11.07,44.80,0
126,19,88.39,97.19,80.85,34.20,10.47,45.86,0
127,0,83.02,98.15,98.97,32.79,12.90,52.43,0
127,1,85.33,98.73,96.92,32.35,12.95,52.61,0
127,2,86.20,98.50,98.19,33.76,12.79,53.91,0
127,3,84.48,98.50,94.33,32.39,12.53,53.67,0
127,4,86.23,98.46,95.08,33.28,12.66,53.32,0
127,5,84.59,98.56,95.92,33.52,12.88,53.67,0
127,6,86.03,98.65,97.96,33.75,12.99,55.32,0
127,7,85.23,98.28,99.59,32.65,13.12,53.65,0
127,8,83.16,98.72,96.45,33.07,13.23,55.61,0
127,9,84.68,98.09,94.20,33.16,13.06,55.24,0
127,10,94.07,96.15,91.67,32.56,13.29,60.89,0
127,11,95.45,95.68,85.53,32.73,12.48,61.93,0
127,12,97.15,95.51,81.75,32.56,13.05,64.91,1
127,13,93.57,95.98,89.74,33.61,12.94,61.16,0
127,14,93.12,96.78,86.87,32.91,12.56,59.03,0
127,15,82.83,98.24,94.44,33.79,13.40,53.13,0
127,16,82.12,98.35,96.65,32.56,12.85,53.40,0
127,17,82.56,98.71,98.13,34.07,13.13,52.13,0
127,18,85.15,98.33,96.82,32.91,13.62,55.69,0
127,19,85.62,98.24,98.04,33.03,12.78,54.95,0
128,0,80.19,97.47,99.43,37.74,13.98,44.65,0
128,1,81.47,97.01,98.41,38.66,14.53,46.05,0
128,2,84.30,97.12,100.73,38.78,14.71,46.95,0
128,3,84.47,97.06,97.11,39.56,14.48,46.41,0
128,4,83.50,96.93,100.41,38.57,14.82,45.23,0
128,5,81.57,97.56,95.75,39.07,14.46,45.14,0
128,6,84.33,97.08,98.06,38.12,14.64,47.01,0
128,7,81.25,97.43,96.12,39.54,14.22,45.70,0
128,8,83.16,97.59,97.18,38.19,15.03,45.98,0
128,9,83.46,96.90,96.27,38.23,14.29,48.03,0
128,10,80.64,97.50,96.87,38.39,14.23,46.72,0
128,11,80.91,97.02,99.27,39.13,14.65,45.69,0
128,12,80.02,97.40,97.72,38.93,14.80,47.24,0
128,13,80.53,97.42,98.67,38.65,14.77,47.54,0
128,14,82.45,97.57,99.31,38.95,14.90,45.78,0
128,15,82.83,97.32,99.45,38.72,13.90,47.37,0
128,16,80.24,97.47,96.43,38.78,14.60,44.38,0
128,17,81.36,97.60,95.72,37.71,13.99,45.18,0
128,18,82.77,96.99,96.08,38.72,15.02,46.64,0
128,19,80.36,97.39,95.03,38.86,14.52,45.69,0
129,0,85.73,97.94,90.28,37.78,10.74,48.93,0
129,1,86.52,97.50,90.11,37.04,10.51,49.84,0
129,2,86.85,98.05,89.85,38.75,10.36,47.99,0
129,3,85.36,97.92,87.94,37.86,9.95,50.46,0
129,4,86.49,97.60,86.33,38.81,10.68,50.33,0
129,5,87.91,97.50,87.47,38.30,10.14,49.91,0
129,6,87.50,98.03,87.91,37.48,9.80,49.60,0
129,7,84.97,97.93,87.58,37.17,10.48,49.88,0
129,8,87.30,98.03,89.83,37.86,10.12,49.20,0
129,9,83.35,97.54,87.44,37.38,10.50,50.55,0
129,10,83.86,98.07,86.21,37.30,9.64,50.29,0
129,11,83.77,97.49,86.81,37.34,10.77,51.12,0
129,12,85.38,97.48,87.28,38.80,9.74,50.27,0
129,13,83.83,97.82,87.36,38.09,10.75,48.20,0
129,14,86.01,97.82,88.33,38.81,10.35,48.83,0
129,15,83.05,97.94,84.47,38.30,9.63,49.10,0
129,16,83.49,97.50,88.16,38.37,10.59,50.22,0
129,17,83.40,97.99,89.41,38.77,10.47,49.08,0
129,18,86.50,97.47,85.13,38.49,10.60,48.68,0
129,19,83.97,97.91,90.29,37.20,9.88,49.79,0
130,0,75.44,97.63,77.76,33.50,12.38,60.12,0
130,1,78.16,98.13,82.56,32.93,11.45,57.35,0
130,2,75.81,98.21,79.53,32.21,11.84,56.99,0
130,3,77.57,98.25,82.42,33.10,11.66,58.00,0
130,4,76.58,98.29,78.43,33.65,11.80,56.66,0
130,5,76.38,98.16,80.79,32.33,12.03,57.17,0
130,6,79.00,97.92,78.00,33.67,11.43,58.30,0
130,7,77.03,97.78,81.39,33.76,11.48,58.98,0
130,8,78.04,97.82,82.93,33.92,11.93,57.96,0
130,9,75.42,98.02,81.09,33.50,11.84,56.57,0
130,10,78.64,98.30,77.81,33.69,11.56,58.10,0
130,11,78.06,98.31,77.07,32.34,11.53,56.61,0
130,12,75.30,98.09,80.12,32.68,11.41,56.68,0
130,13,77.81,97.83,80.01,32.98,11.36,57.00,0
130,14,75.25,97.73,76.76,32.26,11.29,56.72,0
130,15,76.86,97.63,81.44,34.05,12.24,57.35,0
130,16,76.11,97.99,81.95,32.47,11.20,57.47,0
130,17,77.31,97.98,76.53,33.80,12.06,60.06,0
130,18,78.36,98.17,78.92,33.23,12.21,57.03,0
130,19,77.21,97.94,81.46,34.07,11.88,56.64,0
131,0,84.96,98.86,95.94,36.86,11.51,45.46,0
131,1,87.05,98.50,96.04,36.66,11.49,45.52,0
131,2,86.10,98.62,95.18,35.54,11.13,47.80,0
131,3,84.99,98.42,98.57,36.04,11.22,46.91,0
131,4,86.57,99.00,99.65,36.62,11.05,46.73,0
131,5,87.64,99.04,99.50,36.25,11.35,45.60,0
131,6,86.83,98.93,98.89,35.78,10.95,48.37,0
131,7,85.38,98.79,95.10,36.59,10.97,47.37,0
131,8,85.56,98.65,97.16,35.42,11.28,44.74,0
131,9,86.57,98.83,96.05,36.64,11.30,47.61,0
131,10,85.47,98.96,93.94,36.67,10.86,47.36,0
131,11,85.39,98.87,99.11,36.87,11.61,46.72,0
131,12,83.83,98.80,93.39,36.56,11.10,47.73,0
131,13,85.23,98.77,97.55,35.39,11.33,47.83,0
131,14,83.48,98.65,96.24,36.65,10.73,47.95,0
131,15,86.96,98.82,95.32,37.03,11.90,45.97,0
131,16,87.07,98.54,96.57,35.94,11.13,46.47,0
131,17,86.64,98.54,97.98,37.02,10.84,47.83,0
131,18,87.92,98.92,96.11,36.23,11.10,48.04,0
131,19,88.19,98.42,96.19,35.56,11.63,47.19,0
132,0,87.57,97.39,80.25,34.16,10.53,41.90,0
132,1,86.24,97.07,77.93,32.55,10.32,42.05,0
132,2,86.83,97.43,80.36,32.60,10.78,43.08,0
132,3,86.95,97.26,81.70,33.80,11.42,44.41,0
132,4,87.91,97.58,77.65,33.69,11.10,44.29,0
132,5,86.96,97.41,80.89,32.27,10.38,43.04,0
132,6,89.41,97.19,78.09,32.86,10.92,44.67,0
132,7,88.49,97.01,76.99,33.66,10.55,43.46,0
132,8,88.47,97.30,79.75,33.63,11.08,44.31,0
132,9,93.31,95.58,73.72,32.65,10.72,48.95,0
132,10,97.53,94.80,69.63,33.85,11.24,51.10,0
132,11,97.29,94.14,66.69,33.20,10.52,55.70,1
132,12,97.93,94.40,71.51,32.77,11.47,52.75,0
132,13,93.76,95.54,72.60,34.00,11.35,48.21,0
132,14,87.60,97.37,74.65,32.64,11.36,42.43,0
132,15,86.24,97.46,74.84,32.41,10.97,45.59,0
132,16,84.53,97.63,76.98,34.02,10.85,45.18,0
132,17,87.30,97.12,76.98,33.71,11.18,44.16,0
132,18,87.05,97.51,80.55,32.26,11.20,43.74,0
132,19,87.13,97.52,79.37,33.26,11.35,42.38,0
133,0,80.61,97.65,94.32,34.51,15.15,59.38,0
133,1,80.52,98.30,94.38,35.57,15.63,57.91,0
133,2,82.77,97.98,97.29,34.62,15.03,59.40,0
133,3,79.35,98.09,97.06,35.95,15.07,59.60,0
133,4,79.78,97.83,97.89,35.39,15.20,58.19,0
133,5,81.16,98.38,99.21,36.28,14.87,59.51,0
133,6,82.10,98.36,98.26,34.95,14.85,60.10,0
133,7,82.11,97.74,98.71,35.94,15.04,60.41,0
133,8,88.84,95.95,89.48,35.25,15.25,64.39,0
133,9,90.16,95.73,89.30,35.63,15.85,65.37,0
133,10,94.16,95.39,84.21,36.27,14.88,70.20,1
133,11,89.56,95.13,86.24,36.50,15.21,66.30,0
133,12,89.44,96.25,89.93,36.07,15.96,63.52,0
133,13,81.10,97.92,92.93,36.15,15.94,60.93,0
133,14,81.64,97.67,95.94,35.59,15.41,58.44,0
133,15,80.95,97.71,92.82,35.81,15.13,57.59,0
133,16,78.88,98.29,93.16,34.60,15.22,57.99,0
133,17,79.86,97.99,93.26,34.54,15.38,59.63,0
133,18,81.48,98.07,97.86,35.96,15.67,59.27,0
133,19,82.63,97.69,99.39,35.64,15.88,57.30,0
134,0,80.98,97.08,82.68,33.71,10.85,47.15,0
134,1,79.27,97.42,82.01,34.44,11.89,47.86,0
134,2,81.70,97.50,84.50,35.33,11.47,44.31,0
134,3,81.16,97.15,84.00,33.82,10.96,46.74,0
134,4,83.48,96.78,85.27,34.60,11.68,45.53,0
134,5,80.78,97.39,84.83,34.04,10.97,45.46,0
134,6,79.82,97.25,84.39,35.41,11.46,44.66,0
134,7,82.39,97.13,84.11,35.39,11.40,45.04,0
134,8,79.44,97.18,83.01,33.77,11.87,46.99,0
134,9,81.27,96.98,81.46,35.21,11.09,47.94,0
134,10,90.47,95.08,74.15,33.51,11.15,50.31,0
134,11,89.23,94.44,75.06,34.29,11.95,55.61,0
134,12,91.72,94.05,66.80,34.47,11.42,56.54,1
134,13,92.11,95.00,73.13,34.67,11.51,52.70,0
134,14,89.43,94.80,78.33,33.54,11.75,53.30,0
134,15,78.26,96.85,81.23,34.94,10.93,44.45,0
134,16,82.27,97.27,80.14,34.71,11.82,44.96,0
134,17,80.07,97.21,82.68,34.77,11.83,45.99,0
134,18,81.63,96.76,84.08,34.87,11.95,45.14,0
134,19,80.53,96.97,84.62,33.44,11.11,44.78,0
135,0,80.06,97.42,86.57,38.33,12.49,52.98,0
135,1,79.61,96.98,85.00,38.62,12.67,52.25,0
135,2,80.33,97.08,85.85,38.16,13.22,52.84,0
135,3,80.36,96.83,86.30,38.27,12.31,55.58,0
135,4,81.37,96.74,87.43,38.10,12.91,53.04,0
135,5,80.32,97.37,85.52,37.19,12.24,54.88,0
135,6,81.51,96.70,86.16,37.89,12.20,51.71,0
135,7,79.65,97.41,86.85,36.85,13.14,54.10,0
135,8,90.30,95.30,78.12,36.95,12.72,58.72,0
135,9,89.75,94.61,78.66,37.81,12.49,60.90,0
135,10,93.78,94.03,75.08,38.47,12.99,64.38,1
135,11,92.09,94.20,75.90,37.76,12.33,63.57,0
135,12,90.00,95.19,77.05,37.43,12.91,58.93,0
135,13,80.05,96.98,83.53,38.58,13.15,55.53,0
135,14,79.13,96.73,84.24,38.62,12.09,54.21,0
135,15,78.47,97.44,86.41,36.77,13.02,54.47,0
135,16,79.62,96.83,83.41,38.31,12.24,55.28,0
135,17,79.49,96.89,86.00,36.87,12.26,55.44,0
135,18,79.45,97.36,87.96,37.46,12.12,51.68,0
135,19,79.48,97.36,86.42,38.06,12.77,54.61,0
136,0,92.70,99.19,90.83,34.56,11.89,47.59,0
136,1,92.06,98.71,90.49,35.86,12.05,48.58,0
136,2,90.30,99.24,91.25,36.05,11.48,50.12,0
136,3,92.62,99.24,93.20,36.31,12.41,47.57,0
136,4,92.56,99.00,91.80,35.37,11.48,50.51,0
136,5,92.23,99.20,90.79,36.05,11.55,47.34,0
136,6,93.24,99.21,91.01,34.91,11.68,49.98,0
136,7,93.26,98.69,94.28,35.01,11.74,50.24,0
136,8,89.66,98.71,93.73,36.26,12.08,48.51,0
136,9,91.99,98.57,93.82,34.86,11.62,50.69,0
136,10,92.17,98.77,88.59,35.19,11.31,50.20,0
136,11,89.61,98.90,91.99,34.95,12.29,48.25,0
136,12,90.74,98.98,91.14,36.22,12.40,49.97,0
136,13,89.78,98.91,88.90,35.59,11.65,50.77,0
136,14,88.89,99.14,88.68,36.11,11.29,47.72,0
136,15,89.52,99.11,91.06,35.11,11.67,47.17,0
136,16,91.59,99.02,88.83,36.50,12.43,50.70,0
136,17,89.60,99.24,90.23,35.36,11.57,47.41,0
136,18,92.54,99.24,88.87,34.62,12.18,50.26,0
136,19,92.39,98.79,94.35,34.56,11.43,48.05,0
137,0,79.30,97.54,84.95,37.41,10.88,59.73,0
137,1,79.97,97.76,83.81,37.87,11.01,59.71,0
137,2,81.64,97.77,88.82,39.04,10.62,57.74,0
137,3,79.90,98.14,87.07,38.25,10.50,57.71,0
137,4,82.07,97.74,88.14,37.83,11.06,59.37,0
137,5,82.43,98.17,84.25,38.44,11.61,60.93,0
137,6,80.95,98.07,87.29,38.07,10.89,58.67,0
137,7,81.32,97.42,85.76,38.02,10.91,60.45,0
137,8,81.54,97.88,84.26,37.74,11.16,58.01,0
137,9,79.06,98.06,83.37,37.81,10.72,60.86,0
137,10,81.43,97.51,87.94,38.52,10.89,59.09,0
137,11,79.77,97.56,85.00,39.33,10.81,58.35,0
137,12,79.52,98.12,85.15,37.82,11.39,57.14,0
137,13,80.27,97.76,81.92,39.25,11.01,60.72,0
137,14,78.73,97.93,83.87,39.17,10.84,57.64,0
137,15,80.76,97.62,85.32,38.78,11.02,58.00,0
137,16,79.39,97.44,85.75,39.21,11.42,57.86,0
137,17,79.15,98.01,83.77,39.14,11.27,59.86,0
137,18,80.72,98.17,82.49,37.53,11.04,60.21,0
137,19,81.89,98.12,86.54,37.35,10.71,59.89,0
138,0,88.42,97.50,82.49,33.72,14.25,58.77,0
138,1,89.54,97.92,81.68,33.67,14.56,57.41,0
138,2,91.16,97.78,79.66,33.00,13.93,58.62,0
138,3,90.53,97.90,83.31,33.42,14.49,57.49,0
138,4,90.85,98.01,83.37,32.69,14.22,55.77,0
138,5,90.05,97.46,79.72,34.08,14.15,57.23,0
138,6,88.31,97.50,82.95,33.69,14.00,56.05,0
138,7,88.64,98.02,80.72,33.81,14.68,57.61,0
138,8,88.69,97.64,79.56,33.02,14.12,59.33,0
138,9,98.86,95.92,76.35,32.82,14.90,63.39,0
138,10,96.66,95.08,71.58,33.32,13.92,65.16,0
138,11,99.49,94.30,67.65,33.85,14.01,68.91,1
138,12,96.31,94.80,72.10,33.59,14.12,66.14,0
138,13,94.42,95.29,72.33,32.80,14.80,65.13,0
138,14,89.28,97.44,82.97,32.71,14.91,57.51,0
138,15,88.73,97.99,79.39,32.78,14.66,58.70,0
138,16,88.68,97.88,82.32,34.20,14.41,58.36,0
138,17,86.88,97.73,79.17,33.02,14.23,56.51,0
138,18,87.74,97.51,80.98,32.42,14.03,59.14,0
138,19,87.81,97.84,81.28,33.41,14.66,59.10,0
139,0,71.94,97.11,97.82,32.82,11.64,52.15,0
139,1,69.61,97.27,95.96,33.02,11.36,51.36,0
139,2,71.14,97.54,97.66,34.63,11.79,52.69,0
139,3,71.95,97.41,96.28,32.80,12.24,49.86,0
139,4,69.88,96.89,99.26,33.89,11.61,51.25,0
139,5,70.74,97.21,93.53,34.63,11.77,52.59,0
139,6,71.38,97.07,93.74,33.35,11.15,50.42,0
139,7,72.45,97.32,95.01,34.74,11.39,49.00,0
139,8,71.91,96.92,96.06,34.66,11.69,51.25,0
139,9,72.85,97.43,94.78,34.04,12.23,50.71,0
139,10,72.02,97.28,92.85,34.63,12.10,52.20,0
139,11,70.82,97.24,93.88,34.45,11.65,50.35,0
139,12,71.76,97.08,95.79,33.02,11.39,50.59,0
139,13,71.84,96.89,96.57,34.69,12.15,50.46,0
139,14,68.34,97.09,97.40,33.64,12.23,52.45,0
139,15,70.40,97.48,93.61,34.01,11.63,51.18,0
139,16,69.45,97.49,96.27,33.74,11.55,52.15,0
139,17,71.37,97.49,95.76,33.08,11.16,49.96,0
139,18,72.45,97.50,95.15,34.62,11.92,52.73,0
139,19,71.56,97.52,96.44,34.13,12.11,51.30,0
140,0,71.86,98.26,83.58,35.40,14.26,43.80,0
140,1,72.88,98.13,89.31,34.20,13.81,44.14,0
140,2,74.97,97.79,87.71,34.73,13.87,42.69,0
140,3,74.10,97.67,85.92,35.67,14.44,44.74,0
140,4,74.13,98.35,84.72,34.96,14.02,42.17,0
140,5,73.01,98.04,89.21,33.95,14.70,42.80,0
140,6,75.10,98.41,89.68,34.22,14.04,42.24,0
140,7,74.16,98.11,86.82,35.56,14.87,42.51,0
140,8,72.06,98.12,85.58,35.71,14.47,43.63,0
140,9,73.82,97.83,84.24,34.03,13.95,43.31,0
140,10,72.97,98.27,85.08,35.14,14.77,43.39,0
140,11,74.08,98.24,84.87,34.21,14.45,41.76,0
140,12,72.07,97.92,87.13,33.83,14.05,41.16,0
140,13,71.78,98.17,87.92,35.26,14.19,43.68,0
140,14,73.84,97.88,87.50,34.20,14.18,43.42,0
140,15,71.23,98.19,86.90,34.53,14.51,43.01,0
140,16,74.05,98.39,86.68,35.59,13.71,41.92,0
140,17,70.48,98.38,88.59,34.06,14.34,42.16,0
140,18,74.19,98.14,88.63,34.00,14.58,43.18,0
140,19,73.52,98.25,85.48,35.11,14.61,43.36,0
141,0,82.55,97.87,91.96,38.05,15.38,49.71,0
141,1,84.56,97.86,94.79,39.37,15.53,51.09,0
141,2,85.96,97.94,94.29,38.56,15.89,50.95,0
141,3,83.61,98.09,92.31,39.37,16.06,48.83,0
141,4,84.21,97.47,91.80,38.26,15.41,51.83,0
141,5,84.18,98.10,91.45,39.34,15.59,50.78,0
141,6,85.53,97.76,94.68,39.47,15.30,51.86,0
141,7,86.74,97.34,96.35,37.89,14.98,51.61,0
141,8,83.34,97.56,94.22,38.10,15.98,52.27,0
141,9,83.31,97.54,95.03,38.19,15.99,49.03,0
141,10,83.08,97.53,91.94,39.54,15.59,50.39,0
141,11,84.46,97.33,91.44,39.82,15.88,49.31,0
141,12,81.92,97.58,93.78,38.56,15.96,51.98,0
141,13,82.44,97.51,90.61,38.48,15.05,48.70,0
141,14,82.66,97.42,90.30,38.03,15.63,49.39,0
141,15,84.94,97.66,93.67,38.75,15.69,48.47,0
141,16,84.02,97.39,92.65,38.68,15.46,52.40,0
141,17,84.13,97.44,93.03,38.57,15.09,50.49,0
141,18,83.33,97.99,92.76,39.59,16.14,50.87,0
141,19,86.37,98.03,91.51,38.29,15.67,50.02,0
142,0,81.69,98.09,79.20,34.58,12.30,52.31,0
142,1,82.76,98.18,76.55,34.54,12.51,52.90,0
142,2,83.48,97.53,79.38,34.61,12.27,53.93,0
142,3,83.86,97.88,76.33,33.94,12.27,54.02,0
142,4,81.53,97.92,76.58,33.10,12.48,52.89,0
142,5,82.33,98.31,77.20,34.65,12.04,53.96,0
142,6,82.61,97.55,80.20,33.95,11.65,53.92,0
142,7,83.18,97.61,77.49,34.36,12.24,52.29,0
142,8,82.76,98.09,80.04,33.41,11.67,54.28,0
142,9,81.36,97.60,81.31,34.68,11.96,51.68,0
142,10,80.43,98.10,80.64,34.27,11.70,54.44,0
142,11,80.37,97.57,77.75,34.60,11.63,53.44,0
142,12,79.15,97.89,76.09,33.55,12.21,53.15,0
142,13,80.81,98.04,79.34,34.41,11.78,51.47,0
142,14,81.78,97.78,79.04,33.61,11.85,52.43,0
142,15,81.87,98.14,77.96,33.94,11.63,52.66,0
142,16,82.21,97.65,79.81,33.70,11.82,53.21,0
142,17,82.52,98.27,77.90,33.13,11.56,53.73,0
142,18,81.73,97.67,77.58,33.78,11.77,53.95,0
142,19,81.14,97.99,77.74,34.48,12.42,54.41,0
143,0,84.63,97.35,97.39,35.46,10.82,53.06,0
143,1,85.01,96.89,100.05,35.16,10.74,55.24,0
143,2,84.79,96.75,99.44,34.80,11.13,53.99,0
143,3,86.07,97.36,95.87,35.63,10.02,52.81,0
143,4,85.54,97.50,96.88,35.06,11.04,55.65,0
143,5,88.08,96.83,101.57,35.45,10.50,55.82,0
143,6,87.31,97.47,99.62,34.68,10.53,53.26,0
143,7,87.17,96.77,96.01,34.67,10.81,52.86,0
143,8,93.30,95.15,89.73,35.60,11.06,59.56,0
143,9,95.88,94.78,90.22,35.02,10.17,63.43,0
143,10,99.28,93.74,84.42,36.40,10.44,64.50,1
143,11,96.10,94.79,88.87,36.04,10.44,60.60,0
143,12,93.90,95.02,90.07,36.07,10.93,58.38,0
143,13,82.89,96.90,95.59,34.57,11.08,53.90,0
143,14,85.72,97.03,95.24,35.78,11.07,55.43,0
143,15,83.42,97.12,98.54,36.22,10.10,54.25,0
143,16,86.67,97.37,98.09,35.53,10.38,52.43,0
143,17,85.32,97.18,95.13,34.45,10.94,54.61,0
143,18,83.33,97.34,99.88,35.81,10.25,56.28,0
143,19,85.68,97.47,95.30,36.21,10.21,52.51,0
144,0,73.31,98.29,95.55,37.46,15.01,48.24,0
144,1,72.07,98.78,92.22,36.74,15.44,47.85,0
144,2,73.35,98.55,94.87,37.06,15.19,50.38,0
144,3,72.47,98.29,95.82,36.46,15.23,48.43,0
144,4,70.92,98.57,95.02,36.13,15.31,47.81,0
144,5,73.80,98.86,92.58,37.09,16.13,48.12,0
144,6,71.38,98.83,96.42,36.37,15.90,47.32,0
144,7,71.72,98.45,95.29,36.96,15.54,48.74,0
144,8,73.17,98.46,94.50,37.50,15.14,49.56,0
144,9,72.33,98.52,90.86,36.53,15.91,48.57,0
144,10,72.82,98.35,93.90,37.64,15.82,48.53,0
144,11,69.82,98.18,93.77,36.29,15.52,47.85,0
144,12,69.54,98.25,92.81,36.95,15.01,49.89,0
144,13,72.11,98.49,90.52,35.93,15.52,50.13,0
144,14,71.82,98.85,94.67,36.71,15.07,48.53,0
144,15,70.42,98.76,90.64,36.51,15.61,48.59,0
144,16,71.54,98.42,94.35,36.20,15.59,48.30,0
144,17,73.06,98.49,96.09,36.35,15.93,50.58,0
144,18,70.63,98.91,93.37,36.20,15.74,47.99,0
144,19,71.34,98.67,95.83,37.18,15.28,49.89,0
145,0,84.34,97.13,83.62,37.64,14.01,43.42,0
145,1,83.93,97.37,82.17,37.96,14.41,46.62,0
145,2,83.62,96.70,83.19,38.07,13.33,46.99,0
145,3,82.67,96.75,83.19,37.65,14.23,45.59,0
145,4,85.82,96.71,84.04,38.76,14.30,44.68,0
145,5,85.49,97.03,80.52,37.90,13.35,44.40,0
145,6,83.32,97.40,83.44,37.93,13.36,44.57,0
145,7,84.76,97.03,83.47,39.31,14.26,45.83,0
145,8,85.18,96.92,83.58,37.96,14.22,44.99,0
145,9,83.06,97.16,82.65,38.38,13.40,45.21,0
145,10,81.95,97.38,77.88,38.26,13.69,44.94,0
145,11,83.27,96.81,77.38,38.67,14.39,43.54,0
145,12,81.44,97.38,77.47,38.52,13.66,44.41,0
145,13,83.78,96.63,78.56,38.14,14.14,45.17,0
145,14,82.61,97.10,81.11,39.38,14.18,44.81,0
145,15,82.80,97.31,81.97,38.26,13.25,43.75,0
145,16,82.09,96.88,77.84,38.46,13.61,45.56,0
145,17,83.70,96.85,79.74,39.26,13.29,46.61,0
145,18,82.92,97.33,79.40,38.61,13.99,43.57,0
145,19,82.58,97.31,78.94,38.73,14.26,46.22,0
146,0,85.54,98.27,92.49,32.41,9.95,45.85,0
146,1,83.89,98.09,91.25,33.32,10.47,45.47,0
146,2,85.40,97.97,92.53,33.07,10.99,45.51,0
146,3,83.05,97.72,92.09,32.26,10.08,48.92,0
146,4,86.10,97.90,89.97,33.46,10.71,45.71,0
146,5,83.35,97.74,89.81,33.24,10.21,48.83,0
146,6,84.99,98.12,89.54,32.74,10.29,46.69,0
146,7,85.24,97.74,92.03,33.05,10.18,45.95,0
146,8,86.33,97.66,90.77,33.12,9.93,48.50,0
146,9,84.53,98.10,91.94,34.05,10.40,47.30,0
146,10,85.44,98.04,87.18,33.15,10.58,45.87,0
146,11,84.93,97.58,88.52,33.94,11.12,45.70,0
146,12,84.90,98.08,91.99,32.80,10.51,48.59,0
146,13,82.41,97.74,87.85,32.44,10.84,47.09,0
146,14,83.85,97.96,87.79,33.10,9.97,47.20,0
146,15,82.04,97.93,88.29,33.63,10.52,47.78,0
146,16,83.03,97.57,90.67,33.23,10.78,45.68,0
146,17,85.41,98.31,87.58,32.96,10.77,46.38,0
146,18,85.75,97.66,88.20,33.99,10.83,45.64,0
146,19,83.49,98.04,92.34,33.24,11.05,45.15,0
147,0,73.77,96.82,92.65,36.80,12.80,56.57,0
147,1,76.49,97.11,92.05,37.33,13.22,57.25,0
147,2,74.74,97.33,97.24,37.95,13.33,57.11,0
147,3,75.02,97.27,93.00,37.74,13.30,59.10,0
147,4,77.50,96.76,96.09,38.05,12.84,56.41,0
147,5,74.76,96.82,95.98,38.03,13.11,56.44,0
147,6,76.91,96.80,96.61,38.37,12.42,58.24,0
147,7,74.82,96.96,92.24,37.27,13.24,56.67,0
147,8,77.87,97.20,92.37,37.82,13.03,58.89,0
147,9,76.08,97.10,93.27,37.76,12.57,57.20,0
147,10,75.21,96.67,91.48,36.82,12.52,58.31,0
147,11,75.73,97.08,91.55,38.45,13.43,58.79,0
147,12,74.92,96.97,94.28,38.08,12.69,57.86,0
147,13,75.58,97.08,92.29,37.86,13.09,59.14,0
147,14,76.61,97.11,93.69,38.71,12.34,56.50,0
147,15,75.91,96.78,95.84,37.79,12.72,56.38,0
147,16,74.84,96.77,91.45,37.83,13.04,57.04,0
147,17,73.25,96.77,94.90,37.70,12.35,56.91,0
147,18,73.75,97.41,92.14,38.55,13.27,58.83,0
147,19,77.55,97.37,93.13,37.40,12.38,58.51,0
148,0,78.68,97.08,77.66,37.21,14.38,59.92,0
148,1,82.46,96.71,79.95,37.89,14.11,61.26,0
148,2,81.14,96.93,82.33,37.04,15.11,62.83,0
148,3,80.56,96.82,80.43,37.76,14.93,59.94,0
148,4,79.59,97.09,80.44,38.74,14.97,63.30,0
148,5,79.59,97.38,81.48,36.98,14.28,61.49,0
148,6,82.29,96.67,80.83,38.16,15.00,62.92,0
148,7,80.62,97.29,78.58,38.00,14.17,61.96,0
148,8,82.07,96.94,77.62,37.22,14.60,61.54,0
148,9,88.42,95.09,75.37,36.88,14.20,68.30,0
148,10,90.95,94.90,69.12,37.88,14.61,67.92,0
148,11,93.35,93.99,64.97,37.50,14.47,72.85,1
148,12,89.11,94.67,69.38,38.09,14.16,71.13,0
148,13,89.49,95.02,72.36,38.54,14.25,66.98,0
148,14,81.29,97.33,78.40,37.09,14.81,61.96,0
148,15,80.84,97.22,81.08,38.52,14.08,62.81,0
148,16,80.38,97.31,77.82,37.00,14.99,62.07,0
148,17,80.21,97.00,82.07,37.29,15.13,62.61,0
148,18,78.95,97.28,78.95,38.49,14.17,62.03,0
148,19,79.89,97.26,81.12,38.56,14.81,61.86,0
149,0,84.15,98.65,87.80,35.56,13.67,62.46,0
149,1,85.96,98.69,89.28,36.19,14.23,61.60,0
149,2,85.47,98.91,88.81,37.49,14.37,60.82,0
149,3,86.77,98.64,86.50,36.58,13.67,60.39,0
149,4,86.15,98.30,89.48,36.29,13.51,63.56,0
149,5,83.39,98.84,87.43,35.99,13.92,60.76,0
149,6,85.59,98.78,86.26,35.92,13.70,59.98,0
149,7,85.31,98.50,85.22,36.43,13.36,62.74,0
149,8,83.11,98.69,90.48,36.03,14.14,60.20,0
149,9,85.69,98.88,86.74,36.36,13.69,60.35,0
149,10,86.03,98.50,87.55,37.18,13.70,63.51,0
149,11,82.32,98.48,86.85,36.35,13.80,60.29,0
149,12,82.06,98.73,85.71,35.91,14.49,63.32,0
149,13,82.09,98.38,84.80,37.49,13.71,61.86,0
149,14,85.56,98.79,84.90,36.06,13.88,62.30,0
149,15,85.11,98.31,86.68,35.63,13.66,63.44,0
149,16,83.73,98.75,84.71,35.75,13.80,62.41,0
149,17,82.97,98.69,85.82,37.18,13.58,63.76,0
149,18,85.30,98.63,89.99,36.50,13.73,59.99,0
149,19,86.23,98.92,85.33,35.59,14.36,62.00,0
150,0,85.50,98.85,94.63,36.75,10.83,55.06,0
150,1,89.69,99.21,95.65,36.81,11.35,52.98,0
150,2,86.58,98.96,94.02,36.34,11.61,54.80,0
150,3,87.63,99.19,95.61,35.57,10.95,55.23,0
150,4,88.06,99.20,96.61,36.16,11.28,54.88,0
150,5,87.87,98.58,93.46,35.78,10.81,54.25,0
150,6,87.66,99.20,97.19,36.90,10.98,52.68,0
150,7,87.67,98.67,95.54,37.03,11.42,55.91,0
150,8,87.75,98.73,93.01,35.75,10.80,53.52,0
150,9,86.18,99.20,93.02,36.65,10.89,53.51,0
150,10,85.73,98.95,93.79,37.07,10.98,54.36,0
150,11,85.52,99.23,94.09,36.77,10.75,56.12,0
150,12,88.60,98.96,94.69,36.03,11.43,52.60,0
150,13,85.89,98.97,92.51,36.71,11.71,53.39,0
150,14,87.04,98.64,96.84,36.85,10.67,53.43,0
150,15,86.26,99.05,95.10,36.12,11.40,55.28,0
150,16,88.12,98.92,96.73,37.19,11.46,55.32,0
150,17,87.17,99.10,92.57,35.54,10.91,54.63,0
150,18,88.49,99.13,92.93,35.39,11.02,54.84,0
150,19,86.11,98.82,95.92,35.34,10.91,52.80,0
151,0,77.83,99.00,81.20,35.07,12.27,48.10,0
151,1,77.37,98.97,79.36,34.32,12.27,47.80,0
151,2,78.11,99.01,79.03,35.92,12.39,47.76,0
151,3,77.78,98.55,83.11,34.52,12.38,47.79,0
151,4,79.73,98.48,81.78,34.63,12.52,50.95,0
151,5,78.29,98.62,81.71,35.51,12.94,50.03,0
151,6,76.61,98.50,83.27,35.62,12.07,50.39,0
151,7,79.22,98.49,79.85,35.72,13.01,48.15,0
151,8,77.30,98.60,80.37,35.90,13.22,47.64,0
151,9,77.39,98.51,80.52,35.23,12.90,50.98,0
151,10,77.55,98.32,79.34,34.95,12.89,50.29,0
151,11,77.05,98.87,77.30,35.22,13.13,47.26,0
151,12,75.72,98.73,77.94,34.35,12.66,47.27,0
151,13,77.79,99.05,78.58,34.98,13.24,51.18,0
151,14,76.42,98.69,78.49,35.21,12.46,49.02,0
151,15,75.26,98.63,79.26,34.08,12.40,51.08,0
151,16,76.34,98.50,79.36,35.34,12.54,47.45,0
151,17,75.49,98.85,79.15,35.10,12.99,48.90,0
151,18,78.66,98.47,81.10,35.22,13.12,50.18,0
151,19,77.74,98.30,77.03,34.97,12.14,47.96,0
152,0,87.11,97.59,91.39,36.77,12.47,50.97,0
152,1,87.07,97.83,91.87,35.92,12.53,51.13,0
152,2,90.46,97.97,89.89,36.68,12.32,51.84,0
152,3,89.20,97.82,94.90,36.15,12.52,52.79,0
152,4,90.77,97.54,92.30,35.74,12.87,51.80,0
152,5,88.79,97.54,90.29,35.26,12.97,49.79,0
152,6,89.15,97.70,93.29,35.37,13.20,49.89,0
152,7,87.67,97.87,94.53,37.03,12.48,50.98,0
152,8,88.26,97.42,91.38,35.16,12.23,52.80,0
152,9,89.27,97.86,95.33,35.94,13.37,49.30,0
152,10,86.84,97.97,95.11,36.51,12.27,49.47,0
152,11,88.10,97.99,89.36,36.77,12.60,51.99,0
152,12,86.55,97.66,92.95,36.33,12.67,51.81,0
152,13,86.44,98.09,94.31,36.89,13.38,51.19,0
152,14,87.36,97.64,89.53,35.30,12.72,49.35,0
152,15,86.58,97.41,91.01,36.08,12.24,49.57,0
152,16,86.76,97.72,91.91,36.45,12.78,51.04,0
152,17,87.71,97.77,93.12,36.22,13.26,51.88,0
152,18,87.24,97.40,90.27,35.70,12.52,49.57,0
152,19,87.00,97.54,93.77,36.03,12.57,52.13,0
153,0,78.74,97.47,78.84,36.76,12.44,46.74,0
153,1,78.28,97.54,78.40,36.93,11.87,49.44,0
153,2,79.96,97.56,78.65,37.70,11.76,49.65,0
153,3,80.35,97.83,77.74,36.73,12.26,47.72,0
153,4,79.87,97.31,80.79,37.45,11.40,46.86,0
153,5,78.47,97.89,78.49,36.43,11.55,47.75,0
153,6,79.39,97.71,77.25,36.27,12.23,49.12,0
153,7,79.21,97.79,77.19,37.24,11.84,47.53,0
153,8,78.30,97.62,81.01,36.23,12.18,48.41,0
153,9,76.33,97.43,78.17,36.34,12.07,49.77,0
153,10,77.40,97.79,76.68,36.54,11.40,48.93,0
153,11,77.40,97.69,75.91,36.10,11.57,49.50,0
153,12,78.19,97.80,80.34,37.05,12.19,46.78,0
153,13,76.06,97.29,78.19,36.83,11.63,48.77,0
153,14,76.45,97.41,74.84,37.61,11.54,46.21,0
153,15,79.10,97.56,80.02,36.55,12.24,46.63,0
153,16,77.41,97.48,78.07,37.00,11.55,49.86,0
153,17,76.36,97.52,76.15,36.06,11.84,46.44,0
153,18,78.38,97.59,77.84,36.55,11.31,48.64,0
153,19,77.34,97.95,77.66,37.15,11.29,49.78,0
154,0,81.87,97.98,83.31,33.13,15.03,60.52,0
154,1,83.24,97.93,82.71,33.53,15.61,59.92,0
154,2,81.81,97.86,84.78,33.42,15.41,60.39,0
154,3,83.61,97.57,80.81,33.00,15.57,61.10,0
154,4,84.71,97.49,83.13,34.78,15.28,60.55,0
154,5,81.27,97.43,81.36,33.26,14.63,58.92,0
154,6,84.32,97.56,84.97,34.43,14.97,61.35,0
154,7,83.44,97.76,81.46,33.33,15.45,58.86,0
154,8,83.37,97.54,81.96,34.20,15.12,60.11,0
154,9,83.02,97.53,84.21,33.18,14.73,58.99,0
154,10,83.93,97.84,79.03,33.17,14.81,61.26,0
154,11,80.28,97.31,81.48,34.60,15.01,59.92,0
154,12,82.08,97.97,83.40,34.00,14.98,59.47,0
154,13,80.90,97.81,80.31,33.98,14.80,59.60,0
154,14,79.82,97.57,81.44,34.76,15.12,61.49,0
154,15,80.55,97.81,78.37,34.55,15.47,61.04,0
154,16,82.38,97.66,79.62,34.29,14.63,61.29,0
154,17,82.28,97.92,83.15,33.20,14.55,60.88,0
154,18,82.35,97.34,83.48,34.26,15.45,60.41,0
154,19,83.47,97.58,80.97,34.56,14.55,61.85,0
155,0,79.32,98.35,92.48,38.57,12.31,57.66,0
155,1,81.59,98.71,93.14,37.63,11.68,58.82,0
155,2,80.88,98.95,89.95,37.61,12.23,57.40,0
155,3,83.24,98.63,88.21,37.59,11.45,58.52,0
155,4,81.61,98.49,91.35,38.67,11.44,58.32,0
155,5,80.76,98.24,92.99,37.32,11.88,56.29,0
155,6,80.71,98.92,91.92,37.08,11.14,55.36,0
155,7,81.50,98.93,89.81,37.01,11.85,55.64,0
155,8,90.61,96.19,86.72,36.79,12.25,63.96,0
155,9,92.08,96.13,84.15,36.78,11.75,65.43,0
155,10,91.26,95.60,77.60,37.01,11.45,66.60,1
155,11,89.09,96.45,79.97,36.89,11.43,66.99,0
155,12,90.13,96.68,84.09,36.71,11.14,62.37,0
155,13,80.41,98.36,91.35,37.58,11.39,56.02,0
155,14,82.08,98.28,87.41,36.96,11.86,55.31,0
155,15,79.63,98.29,89.08,36.89,11.29,56.99,0
155,16,81.00,98.38,90.75,38.65,11.22,57.59,0
155,17,81.72,98.70,91.50,38.50,11.32,56.27,0
155,18,79.40,98.71,90.45,38.04,11.78,56.20,0
155,19,82.20,98.65,89.24,37.12,11.41,55.63,0
156,0,78.52,97.36,93.06,34.01,13.21,57.96,0
156,1,77.43,97.42,95.14,33.64,12.99,56.00,0
156,2,80.91,97.97,91.36,34.39,13.04,58.44,0
156,3,79.57,97.40,93.51,33.58,12.63,57.52,0
156,4,77.41,97.72,96.26,32.81,12.76,57.60,0
156,5,80.78,97.82,93.86,33.27,13.40,59.84,0
156,6,78.39,97.94,91.90,32.60,12.58,58.05,0
156,7,80.72,97.89,96.09,32.96,12.64,57.08,0
156,8,80.50,97.63,96.34,32.85,13.06,57.22,0
156,9,78.33,97.26,90.90,34.50,13.30,55.96,0
156,10,87.19,95.30,90.50,33.08,13.28,64.76,0
156,11,88.59,95.26,82.17,32.62,13.22,66.31,0
156,12,90.08,94.73,78.78,34.17,13.20,67.21,1
156,13,88.14,95.43,83.76,33.54,12.74,66.93,0
156,14,85.85,95.84,85.31,32.66,13.59,64.89,0
156,15,79.58,97.52,91.00,32.66,12.85,55.99,0
156,16,78.00,97.79,90.91,32.71,13.17,57.85,0
156,17,76.61,97.97,95.39,33.09,13.19,59.44,0
156,18,77.11,97.76,93.02,33.91,12.93,59.22,0
156,19,78.70,97.44,95.87,33.00,13.34,59.56,0
157,0,82.88,98.26,83.27,32.84,12.21,49.43,0
157,1,83.24,98.26,88.87,33.00,11.48,52.29,0
157,2,82.48,98.15,85.32,33.99,11.44,49.98,0
157,3,82.72,98.81,85.48,33.33,11.18,49.36,0
157,4,82.93,98.80,84.87,33.51,12.28,51.75,0
157,5,84.72,98.70,86.98,34.00,11.20,51.05,0
157,6,82.14,98.34,86.46,33.30,12.10,50.86,0
157,7,83.76,98.75,86.57,32.97,11.61,51.73,0
157,8,81.80,98.64,85.76,32.44,12.01,49.93,0
157,9,81.33,98.04,84.22,34.14,12.21,52.53,0
157,10,84.59,98.79,84.43,32.73,11.78,50.55,0
157,11,81.80,98.39,82.80,33.82,11.93,52.25,0
157,12,83.59,98.69,82.99,33.90,12.20,49.33,0
157,13,82.66,98.04,85.24,33.23,11.63,49.57,0
157,14,81.38,98.60,82.48,32.83,11.99,48.93,0
157,15,81.57,98.22,84.74,33.38,11.71,52.18,0
157,16,81.19,98.34,84.13,32.45,12.28,52.54,0
157,17,83.17,98.36,82.72,33.40,11.36,52.41,0
157,18,81.35,98.28,83.14,32.44,11.42,52.32,0
157,19,82.62,98.45,85.86,32.47,12.14,52.06,0
158,0,71.26,98.26,76.59,35.29,12.73,52.22,0
158,1,72.57,98.05,78.70,35.72,12.14,49.53,0
158,2,73.68,98.42,76.43,34.35,12.62,52.77,0
158,3,71.95,98.80,78.97,34.39,13.28,50.39,0
158,4,71.48,98.44,78.73,35.56,13.16,49.93,0
158,5,73.57,98.05,79.57,34.40,13.18,51.41,0
158,6,74.43,98.64,79.20,34.65,12.92,52.42,0
158,7,74.05,98.64,78.46,36.04,12.17,50.31,0
158,8,71.33,98.04,77.07,34.28,12.15,50.79,0
158,9,73.73,98.20,77.10,35.97,12.52,48.91,0
158,10,71.25,98.75,75.77,34.82,12.16,48.89,0
158,11,71.76,98.58,78.22,35.25,12.26,51.55,0
158,12,70.99,98.10,76.18,35.52,12.36,49.75,0
158,13,72.86,98.23,77.06,34.47,12.61,52.34,0
158,14,73.14,98.55,80.18,34.50,12.32,51.59,0
158,15,70.46,98.06,76.76,35.34,13.14,52.00,0
158,16,72.30,98.47,78.69,35.16,12.54,50.32,0
158,17,72.58,98.60,79.91,35.43,12.85,52.68,0
158,18,70.52,98.22,74.87,34.43,13.26,49.26,0
158,19,72.22,98.20,77.99,34.78,12.47,50.47,0
159,0,80.34,98.84,84.62,33.84,11.52,58.47,0
159,1,83.25,98.52,81.58,33.93,12.09,58.24,0
159,2,80.04,98.47,85.35,34.41,11.73,57.55,0
159,3,80.38,98.69,79.91,33.82,11.27,58.57,0
159,4,81.19,98.69,82.65,34.48,11.93,60.11,0
159,5,82.29,99.07,82.07,34.12,11.78,59.45,0
159,6,81.48,98.72,83.49,33.62,11.16,58.53,0
159,7,83.44,99.06,81.53,34.42,11.36,60.63,0
159,8,81.56,98.90,80.98,32.54,10.94,60.48,0
159,9,90.81,96.91,74.54,33.45,11.41,63.47,0
159,10,93.17,96.67,71.54,33.58,11.14,65.46,0
159,11,91.09,95.63,68.68,33.09,11.64,68.01,1
159,12,91.20,96.36,70.25,33.67,11.86,66.79,0
159,13,87.29,96.68,78.10,33.50,11.55,63.77,0
159,14,81.00,98.85,83.02,33.38,12.09,57.24,0
159,15,80.50,99.14,84.05,33.38,11.60,57.84,0
159,16,79.52,98.71,82.10,32.78,12.03,57.24,0
159,17,81.55,98.57,84.55,34.39,11.41,58.69,0
159,18,82.45,98.64,83.75,33.94,11.28,57.12,0
159,19,80.38,98.83,81.55,32.54,12.03,59.38,0
160,0,81.86,97.90,84.06,37.64,14.27,51.06,0
160,1,81.54,97.43,84.21,38.55,14.17,48.54,0
160,2,84.31,97.22,81.25,38.09,14.61,48.70,0
160,3,84.86,97.59,84.78,37.26,13.83,50.95,0
160,4,82.67,97.46,85.43,38.33,14.13,50.88,0
160,5,83.74,97.41,81.34,37.99,14.01,49.53,0
160,6,85.76,97.82,81.91,38.46,14.06,50.27,0
160,7,83.35,97.65,79.81,38.33,14.05,49.62,0
160,8,81.94,97.92,82.61,38.64,13.80,48.00,0
160,9,83.34,97.92,84.43,38.80,13.97,47.53,0
160,10,84.87,97.37,79.21,38.80,14.20,51.42,0
160,11,80.83,97.22,83.91,38.41,14.50,50.83,0
160,12,84.36,97.90,80.25,37.16,14.68,49.10,0
160,13,83.77,97.50,79.21,37.67,14.48,48.76,0
160,14,81.64,97.58,80.02,37.10,13.78,48.38,0
160,15,82.94,97.13,82.31,37.55,14.73,51.27,0
160,16,83.10,97.48,79.97,36.96,14.58,48.01,0
160,17,83.34,97.40,80.67,38.26,14.85,47.77,0
160,18,84.26,97.43,80.02,37.81,13.88,50.34,0
160,19,84.66,97.59,83.17,38.33,14.50,50.70,0
161,0,90.46,96.86,90.03,33.73,13.57,44.04,0
161,1,91.45,97.36,88.28,34.22,13.50,47.36,0
161,2,91.01,97.26,89.73,33.32,13.95,43.57,0
161,3,89.35,97.46,94.31,33.69,13.46,44.54,0
161,4,92.46,97.39,91.41,33.44,14.12,43.73,0
161,5,88.84,96.92,93.10,33.79,13.53,47.22,0
161,6,90.65,97.46,93.88,33.40,13.54,47.32,0
161,7,91.98,97.42,90.96,34.25,13.17,44.16,0
161,8,90.26,97.25,90.81,33.99,14.31,46.40,0
161,9,88.98,96.87,93.41,32.91,13.84,45.57,0
161,10,90.62,97.12,93.58,34.64,14.02,43.71,0
161,11,88.58,96.84,89.54,33.31,14.11,46.49,0
161,12,88.02,97.43,90.75,34.72,13.90,45.06,0
161,13,90.70,96.89,92.01,33.30,14.20,44.10,0
161,14,89.79,97.07,88.69,34.74,13.52,44.07,0
161,15,87.41,97.07,89.16,33.44,13.91,46.88,0
161,16,87.34,97.48,88.08,33.44,13.76,46.99,0
161,17,90.89,96.91,92.49,34.08,13.71,43.84,0
161,18,88.44,96.94,90.94,33.74,13.42,44.98,0
161,19,90.94,97.09,91.55,34.36,13.51,44.69,0
162,0,77.05,98.43,82.86,35.32,12.55,49.64,0
162,1,76.11,98.79,84.34,34.21,12.50,49.87,0
162,2,78.23,99.00,80.05,34.99,11.78,51.02,0
162,3,76.67,98.40,84.96,34.57,11.94,49.60,0
162,4,75.33,98.74,84.29,34.42,11.99,48.81,0
162,5,77.21,99.03,82.09,33.81,12.47,52.01,0
162,6,76.32,98.45,84.33,33.79,12.53,51.36,0
162,7,77.59,99.04,84.79,34.30,12.06,50.00,0
162,8,76.71,98.60,83.56,34.48,12.51,49.30,0
162,9,75.78,98.42,78.94,34.25,12.65,48.86,0
162,10,75.41,99.04,81.11,35.06,12.63,51.28,0
162,11,76.87,98.86,80.09,33.95,12.14,51.74,0
162,12,76.27,98.52,81.04,33.85,12.67,49.34,0
162,13,74.31,98.83,79.82,34.27,12.77,51.72,0
162,14,74.14,98.33,79.67,33.88,12.61,50.22,0
162,15,76.29,98.25,80.69,34.87,12.63,51.34,0
162,16,74.13,99.01,79.34,33.87,12.42,50.67,0
162,17,73.47,98.53,78.62,35.29,12.65,49.84,0
162,18,76.24,98.43,80.86,35.04,11.86,48.76,0
162,19,76.79,99.04,79.25,34.66,12.38,51.20,0
163,0,81.63,97.09,97.89,36.81,12.52,50.25,0
163,1,82.08,96.73,98.08,35.65,12.16,49.24,0
163,2,83.35,96.88,99.47,36.00,12.14,46.40,0
163,3,86.14,97.33,96.24,34.85,12.45,48.77,0
163,4,84.73,96.95,97.23,36.60,12.69,48.47,0
163,5,82.92,97.33,98.19,36.13,12.43,49.37,0
163,6,85.74,96.82,97.23,36.59,11.59,50.06,0
163,7,85.92,97.09,97.01,36.71,11.79,47.76,0
163,8,83.41,96.65,96.33,36.63,12.11,48.28,0
163,9,85.23,96.63,97.95,35.26,11.98,48.12,0
163,10,82.96,96.77,93.82,35.39,11.84,49.01,0
163,11,85.07,97.16,95.99,35.32,12.38,47.51,0
163,12,82.62,96.70,97.36,35.84,11.59,47.17,0
163,13,80.90,97.15,93.34,35.29,12.13,50.18,0
163,14,80.85,96.82,94.56,35.34,12.42,49.39,0
163,15,84.54,97.14,97.38,35.13,12.10,49.91,0
163,16,83.92,97.16,94.23,36.65,12.67,48.60,0
163,17,84.19,96.73,94.42,35.25,12.09,47.95,0
163,18,83.91,96.93,98.49,36.05,11.75,49.30,0
163,19,82.59,96.75,97.06,35.25,11.82,46.49,0
164,0,90.72,98.99,85.66,33.21,13.01,45.88,0
164,1,91.33,98.73,84.14,33.19,12.72,48.70,0
164,2,91.82,98.23,85.31,33.16,12.91,46.76,0
164,3,90.77,98.33,87.21,33.08,12.21,47.62,0
164,4,90.70,98.46,85.83,32.89,12.71,49.29,0
164,5,92.34,98.42,86.67,32.83,12.88,48.24,0
164,6,91.53,98.67,86.23,32.58,11.98,47.94,0
164,7,91.67,98.46,85.18,33.29,12.27,46.48,0
164,8,89.09,98.67,81.62,34.37,12.69,46.63,0
164,9,89.88,98.46,85.67,32.83,13.13,47.83,0
164,10,97.96,96.60,80.99,33.40,12.63,53.02,0
164,11,97.99,96.18,73.12,34.23,12.84,54.41,0
164,12,102.09,95.53,69.16,32.96,12.70,59.15,1
164,13,101.41,96.51,71.56,33.19,12.10,53.75,0
164,14,99.26,96.90,78.13,33.39,12.95,53.40,0
164,15,91.37,98.57,83.83,32.67,12.69,47.68,0
164,16,90.13,98.40,84.81,32.78,12.44,48.25,0
164,17,87.94,98.40,85.58,33.96,12.40,46.37,0
164,18,88.83,98.31,84.91,34.03,12.23,45.44,0
164,19,90.61,98.29,83.26,34.26,12.61,48.32,0
165,0,81.87,98.66,92.96,38.92,11.73,54.25,0
165,1,83.38,98.51,91.92,38.34,12.34,54.46,0
165,2,81.15,98.43,92.59,38.22,12.12,56.72,0
165,3,81.27,98.21,93.83,38.73,11.89,54.28,0
165,4,83.57,98.59,96.48,38.46,12.28,57.32,0
165,5,81.94,98.27,93.57,37.84,12.31,55.30,0
165,6,83.31,98.42,92.00,38.82,11.77,55.13,0
165,7,81.54,98.63,92.89,38.94,11.68,54.40,0
165,8,81.80,98.25,96.08,39.45,12.17,53.85,0
165,9,80.45,98.80,91.14,38.28,12.36,56.34,0
165,10,80.66,98.35,93.82,38.32,11.31,55.98,0
165,11,82.57,98.11,92.83,39.47,12.00,54.46,0
165,12,81.62,98.51,93.64,37.91,11.60,56.69,0
165,13,82.35,98.10,90.81,39.13,11.29,55.85,0
165,14,83.07,98.36,91.88,38.42,11.25,57.23,0
165,15,80.21,98.32,92.15,38.69,11.70,53.66,0
165,16,82.19,98.78,93.08,39.21,12.32,54.58,0
165,17,82.15,98.41,92.98,39.10,11.65,54.23,0
165,18,81.16,98.82,93.33,38.42,11.88,56.90,0
165,19,81.70,98.43,91.80,37.83,11.68,56.06,0
166,0,70.36,98.41,90.75,34.55,13.97,44.87,0
166,1,70.49,97.86,88.99,34.96,14.98,41.85,0
166,2,70.29,98.08,88.96,33.87,14.17,44.32,0
166,3,73.47,98.38,89.51,35.60,14.66,43.37,0
166,4,72.56,97.86,92.84,34.85,14.05,41.02,0
166,5,73.55,98.11,89.06,34.38,13.81,43.55,0
166,6,72.48,98.06,90.43,34.85,14.64,42.53,0
166,7,71.72,98.45,89.46,34.02,14.52,44.33,0
166,8,71.26,97.88,90.46,35.38,14.38,41.16,0
166,9,81.49,96.08,88.14,35.37,14.79,47.46,0
166,10,80.89,95.85,83.84,33.87,14.74,51.55,0
166,11,82.16,95.46,77.46,34.52,14.39,51.13,1
166,12,81.47,95.57,84.31,35.15,14.41,52.77,0
166,13,78.93,96.20,83.85,35.32,14.04,47.64,0
166,14,71.72,98.65,92.40,35.64,14.21,43.81,0
166,15,71.65,98.45,89.96,33.97,13.99,41.23,0
166,16,71.44,98.13,93.31,34.65,14.84,44.31,0
166,17,71.51,98.62,90.92,34.26,14.00,41.78,0
166,18,69.88,98.06,92.59,35.76,14.12,42.51,0
166,19,72.67,98.33,90.76,34.98,14.16,44.10,0
167,0,76.98,97.48,90.82,36.09,14.16,53.14,0
167,1,75.47,97.85,89.14,36.32,14.25,55.73,0
167,2,77.33,98.05,89.78,37.57,14.06,56.95,0
167,3,78.41,97.78,86.40,36.64,14.65,55.76,0
167,4,75.76,97.43,87.34,37.15,14.63,54.88,0
167,5,75.92,97.64,91.08,37.15,14.74,53.59,0
167,6,76.70,97.57,89.94,37.90,14.18,56.48,0
167,7,76.36,97.74,87.23,37.83,14.94,57.04,0
167,8,76.23,97.81,87.94,37.09,15.09,54.20,0
167,9,77.58,97.56,88.91,36.32,13.99,53.62,0
167,10,78.23,97.80,91.49,36.12,14.09,56.88,0
167,11,78.10,98.13,86.23,36.90,14.59,56.59,0
167,12,75.82,98.00,86.78,36.27,14.08,53.70,0
167,13,76.20,97.48,86.22,36.26,14.37,53.26,0
167,14,74.65,97.80,87.00,36.93,15.08,54.91,0
167,15,76.58,97.48,85.95,36.86,14.06,55.85,0
167,16,77.69,97.53,86.86,36.38,13.98,56.74,0
167,17,77.78,98.03,91.11,36.83,14.16,53.84,0
167,18,74.67,97.80,85.97,36.68,14.74,56.80,0
167,19,78.63,97.99,86.62,37.84,15.07,55.51,0
168,0,81.17,99.05,92.33,37.65,13.15,57.73,0
168,1,78.92,98.58,90.84,37.69,12.68,54.59,0
168,2,80.76,98.78,90.24,38.03,12.53,55.82,0
168,3,79.13,98.87,90.91,38.11,12.44,56.50,0
168,4,81.89,98.70,93.74,38.28,12.72,58.13,0
168,5,78.80,99.27,92.90,38.51,12.29,56.46,0
168,6,79.81,98.70,90.33,38.07,12.42,57.74,0
168,7,80.54,98.86,92.91,38.81,12.26,55.46,0
168,8,79.58,99.29,92.33,37.70,12.71,58.29,0
168,9,79.44,98.86,90.72,37.15,12.43,57.21,0
168,10,77.93,99.10,91.55,37.75,12.19,56.81,0
168,11,79.11,98.53,88.98,38.31,12.07,55.19,0
168,12,77.81,99.14,88.76,37.83,13.06,58.04,0
168,13,80.53,98.57,88.16,37.88,12.18,56.86,0
168,14,78.36,99.20,90.14,38.18,12.29,57.53,0
168,15,77.61,98.83,93.24,37.88,12.40,56.81,0
168,16,78.29,98.77,89.81,38.99,12.41,55.14,0
168,17,77.74,99.20,93.77,37.68,12.07,57.56,0
168,18,80.82,98.61,91.89,37.80,12.08,55.46,0
168,19,80.31,99.14,92.32,38.76,13.08,55.55,0
169,0,86.71,97.53,88.29,37.13,12.36,57.14,0
169,1,88.10,97.81,83.82,36.59,12.45,57.65,0
169,2,88.57,97.59,86.67,36.24,11.87,60.62,0
169,3,86.91,97.62,87.12,37.10,11.62,59.28,0
169,4,87.36,97.93,87.20,36.71,12.09,60.75,0
169,5,87.63,97.35,88.78,36.39,12.01,58.89,0
169,6,86.14,97.95,87.26,36.09,12.24,60.76,0
169,7,87.80,97.38,83.50,37.50,12.19,60.06,0
169,8,86.68,97.68,82.85,36.96,11.97,60.24,0
169,9,85.74,97.88,84.91,36.88,11.75,59.91,0
169,10,94.12,95.46,78.36,36.56,12.55,65.12,0
169,11,95.34,95.13,73.92,36.36,11.57,66.23,0
169,12,97.08,94.38,69.78,37.52,12.74,70.21,1
169,13,96.01,95.19,75.19,37.86,11.57,68.28,0
169,14,95.72,95.96,80.92,36.29,11.59,65.03,0
169,15,84.34,97.71,86.49,37.97,12.42,57.89,0
169,16,86.51,97.40,84.38,37.16,12.22,60.88,0
169,17,86.80,97.29,85.72,37.46,11.92,57.36,0
169,18,87.85,97.49,87.58,37.24,12.75,59.09,0
169,19,86.08,97.48,84.52,37.12,12.02,60.44,0
170,0,69.89,98.15,93.34,33.27,12.22,50.72,0
170,1,72.85,97.79,91.68,33.56,12.41,50.01,0
170,2,70.25,98.26,93.97,33.59,12.13,51.68,0
170,3,71.46,98.26,91.09,34.29,11.77,52.76,0
170,4,73.86,98.43,92.93,34.80,11.99,50.95,0
170,5,73.54,97.72,91.15,33.39,11.51,51.42,0
170,6,73.76,97.87,90.53,33.44,11.53,50.96,0
170,7,72.86,97.74,92.08,33.67,11.66,49.96,0
170,8,72.63,98.25,94.47,33.06,12.25,51.95,0
170,9,69.83,98.09,90.04,34.77,11.64,52.55,0
170,10,71.87,98.42,91.98,33.04,11.92,52.74,0
170,11,72.12,98.42,91.65,33.49,11.85,51.07,0
170,12,69.95,97.81,91.30,34.70,12.49,50.48,0
170,13,69.76,98.18,91.80,33.78,11.60,52.65,0
170,14,70.15,98.35,89.46,34.18,11.52,51.87,0
170,15,69.45,97.72,93.64,33.70,12.06,50.27,0
170,16,71.63,98.27,91.45,34.17,12.05,50.71,0
170,17,70.88,98.09,89.84,33.88,12.27,51.76,0
170,18,69.20,97.89,91.63,34.78,12.12,51.90,0
170,19,69.64,97.92,92.84,34.43,12.14,51.93,0
171,0,75.91,98.62,96.39,32.50,11.85,51.50,0
171,1,75.18,98.19,96.64,34.05,12.44,50.87,0
171,2,76.45,98.22,99.00,33.41,12.65,49.05,0
171,3,74.09,98.49,97.13,32.84,11.94,50.83,0
171,4,72.97,98.22,100.87,32.46,12.02,51.00,0
171,5,75.31,98.51,100.74,32.38,12.54,48.91,0
171,6,75.83,98.24,97.08,32.81,12.69,51.18,0
171,7,75.87,98.45,94.94,32.77,12.40,51.07,0
171,8,75.95,98.64,100.08,34.04,12.46,52.60,0
171,9,72.62,98.67,96.10,33.91,11.73,49.39,0
171,10,74.87,98.63,98.21,33.82,11.96,49.90,0
171,11,74.10,98.86,95.55,33.57,12.60,51.93,0
171,12,74.47,98.18,96.70,33.75,12.21,52.51,0
171,13,73.44,98.76,95.94,33.02,11.89,51.83,0
171,14,73.98,98.71,97.78,34.21,12.76,49.44,0
171,15,74.41,98.88,99.44,32.61,12.27,50.14,0
171,16,75.21,98.96,93.99,33.69,12.40,52.00,0
171,17,72.90,98.31,98.40,32.46,11.79,51.58,0
171,18,73.76,98.43,94.84,32.93,11.98,50.30,0
171,19,75.24,98.42,96.35,34.06,11.74,51.29,0
172,0,83.45,98.76,78.07,39.13,15.71,59.69,0
172,1,84.65,98.44,80.93,37.64,15.16,56.20,0
172,2,83.94,98.80,77.68,38.52,15.86,56.34,0
172,3,83.58,98.85,81.41,38.32,15.37,56.21,0
172,4,82.12,99.08,80.47,37.78,15.17,59.80,0
172,5,82.84,98.61,82.78,38.07,15.83,57.12,0
172,6,83.20,98.79,81.44,38.40,15.74,57.41,0
172,7,82.53,98.58,79.30,39.27,15.79,56.61,0
172,8,83.89,98.45,78.96,37.60,15.68,57.65,0
172,9,82.22,98.48,78.57,37.76,16.06,58.81,0
172,10,82.93,98.89,82.94,38.83,16.15,59.32,0
172,11,81.67,98.58,82.08,39.01,15.35,56.78,0
172,12,82.45,99.14,76.70,38.05,15.39,56.17,0
172,13,83.51,98.48,78.05,38.10,15.79,60.16,0
172,14,83.13,98.49,80.99,38.34,15.19,58.21,0
172,15,80.57,98.51,80.51,39.34,15.10,59.86,0
172,16,81.89,98.78,78.57,38.42,15.92,57.55,0
172,17,81.68,99.02,81.79,37.65,15.82,58.41,0
172,18,82.42,99.13,82.10,37.91,15.56,58.96,0
172,19,82.85,98.50,77.38,39.46,15.10,59.22,0
173,0,75.02,97.45,95.89,33.95,12.96,51.29,0
173,1,73.21,98.11,90.91,34.02,12.35,52.52,0
173,2,73.84,97.53,91.12,32.76,12.95,53.41,0
173,3,74.99,98.16,94.04,34.17,13.24,51.51,0
173,4,73.97,97.83,93.64,34.30,12.41,53.57,0
173,5,72.25,97.99,94.63,32.64,12.93,51.17,0
173,6,75.83,97.44,94.19,32.68,12.51,52.03,0
173,7,72.04,97.55,95.74,33.30,12.48,53.41,0
173,8,74.35,98.14,94.85,34.33,12.55,52.10,0
173,9,75.25,97.41,91.48,33.72,12.52,50.49,0
173,10,82.35,95.74,88.34,32.94,13.08,57.67,0
173,11,84.68,95.19,84.15,34.13,12.44,60.41,0
173,12,83.62,94.86,81.71,32.62,13.18,62.83,1
173,13,82.44,94.89,82.32,33.76,12.49,59.08,0
173,14,78.91,95.43,86.06,32.74,12.35,58.53,0
173,15,70.61,97.60,94.13,33.42,12.57,53.46,0
173,16,73.51,97.99,92.27,33.40,12.77,53.61,0
173,17,71.70,98.01,94.14,32.80,13.04,52.99,0
173,18,74.12,98.05,91.14,33.55,12.39,51.27,0
173,19,74.28,97.47,91.35,33.46,12.36,52.92,0
174,0,88.25,97.35,80.47,37.79,14.99,55.53,0
174,1,89.51,97.54,78.25,37.93,15.46,56.67,0
174,2,89.46,97.40,80.22,37.82,15.26,56.27,0
174,3,87.80,97.21,79.02,38.55,15.16,57.23,0
174,4,86.86,97.61,80.67,38.20,15.77,57.19,0
174,5,86.95,97.89,80.89,37.92,16.11,56.43,0
174,6,89.49,97.49,76.77,37.80,15.15,57.73,0
174,7,86.90,97.66,80.18,37.15,15.22,56.07,0
174,8,86.17,97.42,81.27,38.31,15.38,58.00,0
174,9,86.21,97.89,75.76,37.62,15.15,56.57,0
174,10,86.65,97.43,79.87,38.81,15.21,56.73,0
174,11,87.41,97.48,76.92,37.77,15.56,58.06,0
174,12,85.51,97.16,80.07,38.66,15.53,56.90,0
174,13,87.96,97.22,76.58,38.00,15.48,56.11,0
174,14,87.00,97.57,77.85,37.10,15.22,54.89,0
174,15,85.76,97.56,76.02,38.47,14.94,58.02,0
174,16,88.27,97.40,77.04,37.58,15.45,57.96,0
174,17,88.60,97.71,79.74,37.35,15.45,56.10,0
174,18,88.54,97.42,77.62,38.18,15.46,55.07,0
174,19,85.60,97.82,80.67,38.03,15.25,57.52,0
175,0,82.72,97.07,82.96,34.25,15.41,50.77,0
175,1,83.37,97.58,85.96,33.52,16.08,52.31,0
175,2,83.15,97.13,84.31,32.78,16.27,52.66,0
175,3,84.41,97.12,84.17,33.74,15.38,53.94,0
175,4,83.19,97.10,87.50,33.21,16.25,52.72,0
175,5,83.94,97.57,88.25,33.70,16.38,51.52,0
175,6,84.46,97.40,84.73,33.41,16.28,51.92,0
175,7,83.29,97.29,83.97,32.49,16.20,52.65,0
175,8,83.61,97.35,84.57,34.02,15.63,53.86,0
175,9,82.13,97.68,87.75,32.94,15.84,50.71,0
175,10,81.96,97.16,87.03,32.46,16.39,50.60,0
175,11,82.75,97.68,82.69,32.43,15.76,52.08,0
175,12,81.21,97.21,82.97,34.12,15.45,53.66,0
175,13,82.75,97.31,83.04,32.84,16.17,52.25,0
175,14,80.94,97.65,83.38,32.48,15.63,51.07,0
175,15,81.48,97.40,87.06,32.90,15.43,53.27,0
175,16,82.31,97.39,83.65,32.75,15.77,54.44,0
175,17,81.94,97.50,87.40,34.28,15.89,50.88,0
175,18,83.07,97.38,85.66,32.64,15.94,51.08,0
175,19,84.04,97.11,84.48,33.19,16.17,51.22,0
176,0,80.18,97.59,98.15,36.55,16.20,51.04,0
176,1,82.43,98.27,96.87,37.54,15.55,51.25,0
176,2,81.84,97.73,96.82,36.74,16.39,51.40,0
176,3,81.82,98.25,100.35,36.81,15.39,50.56,0
176,4,81.53,98.07,96.71,36.84,16.40,51.35,0
176,5,82.55,98.30,101.56,36.85,15.97,49.46,0
176,6,81.23,97.65,100.97,37.24,15.43,50.28,0
176,7,82.82,97.78,96.66,37.69,15.91,53.14,0
176,8,82.43,97.66,98.79,36.84,15.80,49.71,0
176,9,82.99,97.99,101.05,36.32,15.52,49.59,0
176,10,81.15,97.58,100.80,37.41,15.81,50.25,0
176,11,81.89,98.21,98.59,36.26,15.71,52.34,0
176,12,82.19,98.01,99.02,36.97,16.43,52.33,0
176,13,79.98,97.76,95.15,36.29,16.50,52.31,0
176,14,83.15,98.30,97.39,37.62,16.26,53.23,0
176,15,79.62,98.25,99.90,37.50,15.76,49.49,0
176,16,80.55,98.16,99.57,37.79,15.74,51.96,0
176,17,80.91,97.79,99.37,37.52,16.28,52.55,0
176,18,81.29,97.67,98.51,36.37,15.39,52.91,0
176,19,83.92,97.62,95.29,36.38,16.28,51.19,0
177,0,86.41,96.82,92.86,33.25,12.28,60.00,0
177,1,84.03,97.38,91.68,34.49,12.91,60.24,0
177,2,84.02,96.76,93.33,33.75,12.86,57.89,0
177,3,86.94,97.31,89.43,34.45,12.43,56.48,0
177,4,83.83,97.43,91.69,33.17,12.90,59.02,0
177,5,86.25,96.80,91.53,34.68,13.22,58.90,0
177,6,86.15,97.36,92.11,33.39,13.12,56.47,0
177,7,85.34,96.82,91.28,33.29,12.88,57.84,0
177,8,87.31,96.79,91.23,33.34,12.44,58.97,0
177,9,86.22,97.46,94.21,34.13,12.38,57.19,0
177,10,84.80,97.44,89.78,34.38,12.41,58.46,0
177,11,84.90,96.78,89.28,32.91,13.17,59.48,0
177,12,85.92,97.05,93.66,32.77,12.58,56.73,0
177,13,84.82,97.25,89.64,32.80,12.36,58.48,0
177,14,83.20,96.91,93.09,34.18,12.32,60.21,0
177,15,84.96,97.39,91.60,33.28,13.09,59.97,0
177,16,85.42,97.15,93.55,34.42,12.92,58.45,0
177,17,83.15,97.38,89.67,33.96,12.59,59.62,0
177,18,85.46,97.27,91.83,34.42,12.15,58.46,0
177,19,86.54,97.03,93.08,34.16,12.77,60.25,0
178,0,89.28,99.05,80.31,34.91,16.29,43.06,0
178,1,90.30,98.55,84.97,36.17,15.73,43.51,0
178,2,89.88,99.23,80.95,34.52,15.85,43.96,0
178,3,90.88,99.20,81.35,35.21,15.79,43.07,0
178,4,87.85,98.56,86.61,34.88,16.34,44.70,0
178,5,91.30,98.92,82.36,35.41,16.30,43.09,0
178,6,90.01,98.93,85.37,35.85,15.64,44.39,0
178,7,87.74,98.99,82.99,35.36,16.45,42.78,0
178,8,89.30,99.17,83.42,36.19,16.00,43.06,0
178,9,90.93,98.69,81.68,36.28,15.55,45.51,0
178,10,87.26,98.98,80.94,34.93,16.48,45.86,0
178,11,90.31,98.63,80.01,36.32,15.85,46.20,0
178,12,88.50,98.62,82.91,35.74,15.71,45.72,0
178,13,88.96,98.99,79.86,36.27,16.18,42.67,0
178,14,86.11,98.55,84.73,34.70,15.93,44.90,0
178,15,89.52,99.07,81.13,34.50,16.01,45.27,0
178,16,87.25,99.18,82.99,35.59,15.93,45.70,0
178,17,90.28,98.98,81.67,35.63,15.71,44.24,0
178,18,88.74,98.79,85.10,35.37,15.59,44.91,0
178,19,89.39,98.70,85.11,34.74,15.62,46.23,0
179,0,88.33,98.33,90.32,33.30,14.51,52.43,0
179,1,87.02,97.95,87.03,34.40,14.08,54.39,0
179,2,88.37,98.45,88.37,33.73,14.12,54.50,0
179,3,88.45,98.25,89.91,33.34,14.34,55.03,0
179,4,87.42,98.35,89.79,33.89,14.73,52.34,0
179,5,88.97,98.27,89.33,32.55,14.87,55.22,0
179,6,89.42,98.63,88.06,33.12,14.02,53.78,0
179,7,88.03,98.10,89.79,33.51,14.91,52.57,0
179,8,88.14,98.05,88.05,34.11,14.76,52.88,0
179,9,89.74,97.97,86.20,32.69,14.27,55.32,0
179,10,87.98,98.24,87.15,32.85,14.48,54.30,0
179,11,86.01,98.20,89.98,33.79,15.12,52.62,0
179,12,86.71,97.95,86.55,32.96,14.05,52.03,0
179,13,85.85,98.37,88.68,33.49,14.29,53.56,0
179,14,88.13,98.43,88.79,33.17,14.13,54.44,0
179,15,88.10,98.30,87.99,33.55,14.92,54.27,0
179,16,85.96,97.99,89.06,32.69,14.47,53.45,0
179,17,86.89,98.48,85.71,33.02,14.56,54.19,0
179,18,89.59,98.38,84.65,32.78,15.12,54.46,0
179,19,86.78,98.67,85.74,34.43,14.52,54.83,0
180,0,86.79,97.26,84.53,38.12,13.38,52.39,0
180,1,84.06,97.18,82.28,38.28,12.87,52.27,0
180,2,85.96,97.18,81.58,38.73,12.86,54.01,0
180,3,86.55,97.47,86.52,38.65,13.22,53.30,0
180,4,85.11,97.56,81.02,38.35,13.09,52.16,0
180,5,84.71,97.67,85.34,39.24,13.14,52.76,0
180,6,85.09,97.45,80.95,39.61,13.40,53.44,0
180,7,87.53,97.68,84.14,39.32,12.30,53.81,0
180,8,86.82,97.28,84.48,39.03,12.75,55.11,0
180,9,86.26,97.34,82.64,38.39,13.40,52.67,0
180,10,84.51,97.66,82.39,38.13,12.42,54.46,0
180,11,85.28,97.64,81.90,39.51,12.56,51.52,0
180,12,85.70,97.57,82.59,38.77,12.93,51.57,0
180,13,86.62,97.38,82.65,38.71,12.90,53.14,0
180,14,85.06,97.41,81.13,39.49,12.32,52.99,0
180,15,86.75,97.76,82.29,39.27,12.99,52.28,0
180,16,83.53,97.58,83.01,39.49,12.51,52.70,0
180,17,84.25,97.73,85.53,39.15,13.35,54.54,0
180,18,85.20,97.17,84.38,38.59,12.65,53.65,0
180,19,86.88,97.69,81.17,39.82,12.95,54.23,0
181,0,86.24,98.68,96.21,38.04,12.96,52.48,0
181,1,83.12,98.01,96.04,37.72,12.72,52.50,0
181,2,86.54,98.28,98.04,38.15,12.98,53.28,0
181,3,85.49,98.29,100.69,39.22,12.87,50.88,0
181,4,83.81,97.92,100.52,38.05,12.55,53.49,0
181,5,84.38,98.64,98.76,37.55,11.87,53.90,0
181,6,83.71,98.51,100.13,39.17,12.19,52.36,0
181,7,85.28,98.37,97.75,38.39,12.73,51.59,0
181,8,86.66,98.09,98.92,37.99,12.22,54.28,0
181,9,85.06,98.67,95.40,37.85,12.11,54.25,0
181,10,84.62,98.46,97.68,38.39,12.96,53.80,0
181,11,85.57,98.50,96.87,38.78,12.19,51.33,0
181,12,85.19,98.40,95.17,38.37,12.32,51.68,0
181,13,84.14,98.36,95.54,38.67,12.34,52.04,0
181,14,81.78,98.63,97.44,38.73,12.45,50.85,0
181,15,84.39,98.57,97.06,39.22,12.27,52.94,0
181,16,85.28,97.89,97.84,38.71,12.64,54.55,0
181,17,85.07,98.06,99.74,38.40,12.45,53.35,0
181,18,84.99,97.95,97.73,39.13,12.64,53.20,0
181,19,84.90,98.60,96.31,37.81,12.46,54.67,0
182,0,75.11,98.00,80.25,35.38,13.64,61.10,0
182,1,77.92,97.75,82.00,35.01,13.40,59.42,0
182,2,76.12,98.25,76.90,35.45,13.49,60.53,0
182,3,75.35,98.22,79.09,35.54,13.26,59.95,0
182,4,76.69,98.02,80.29,35.62,13.79,58.75,0
182,5,75.35,97.89,82.67,35.88,13.39,57.52,0
182,6,76.32,97.63,78.95,36.14,13.78,58.43,0
182,7,78.42,97.56,82.00,34.68,13.63,58.16,0
182,8,82.83,96.15,76.53,35.22,13.25,66.10,0
182,9,86.09,95.64,69.82,34.72,14.02,69.02,0
182,10,87.20,94.82,68.00,35.82,13.00,70.87,1
182,11,85.70,95.61,70.48,34.65,14.15,66.48,0
182,12,83.03,95.81,71.15,34.87,13.53,64.07,0
182,13,76.18,97.84,76.24,35.37,13.39,60.87,0
182,14,74.43,98.15,77.14,35.18,13.10,59.62,0
182,15,75.54,97.76,77.39,35.51,13.44,58.53,0
182,16,75.60,97.77,76.03,34.65,13.54,60.58,0
182,17,75.70,97.56,80.92,36.09,14.00,60.78,0
182,18,75.30,97.78,78.15,35.15,13.32,59.18,0
182,19,77.00,98.26,76.70,36.23,13.28,58.24,0
183,0,77.63,97.96,82.44,35.63,13.31,58.85,0
183,1,76.90,98.72,78.84,36.17,13.48,62.51,0
183,2,76.55,98.73,79.74,36.31,14.07,59.28,0
183,3,75.69,98.00,82.53,35.92,13.70,59.32,0
183,4,77.59,98.03,82.58,35.46,13.46,58.96,0
183,5,76.45,98.50,78.62,36.17,14.26,61.79,0
183,6,76.06,98.62,78.71,34.94,13.87,60.35,0
183,7,75.93,98.08,81.98,36.18,14.01,59.40,0
183,8,74.47,98.24,82.47,36.34,13.30,60.83,0
183,9,73.95,98.18,80.12,36.15,14.11,58.57,0
183,10,74.29,98.16,80.81,35.04,13.58,60.79,0
183,11,76.35,98.56,76.59,35.85,13.76,62.13,0
183,12,76.81,98.05,78.86,35.44,13.52,59.62,0
183,13,74.44,98.71,78.22,35.90,13.61,61.99,0
183,14,73.55,98.42,79.27,35.86,14.12,60.96,0
183,15,73.81,98.43,76.16,35.04,13.20,59.74,0
183,16,75.85,98.07,80.86,35.07,13.26,62.22,0
183,17,73.73,98.30,81.39,34.63,14.35,62.42,0
183,18,73.76,98.41,76.37,35.19,13.71,61.82,0
183,19,76.09,98.35,82.03,36.33,13.29,61.51,0
184,0,73.01,98.69,85.97,36.12,14.79,58.04,0
184,1,70.96,99.31,88.02,35.73,15.74,60.18,0
184,2,71.25,99.09,89.05,35.80,14.89,58.65,0
184,3,74.53,98.73,86.99,35.94,15.26,57.84,0
184,4,74.29,98.65,86.14,35.23,15.79,60.00,0
184,5,73.62,98.60,85.67,35.07,15.00,59.71,0
184,6,74.47,99.26,90.89,36.42,15.05,60.00,0
184,7,71.21,99.35,85.37,36.48,15.82,56.79,0
184,8,71.94,99.00,89.90,36.43,15.30,59.16,0
184,9,72.62,98.61,88.53,36.27,15.78,56.52,0
184,10,71.42,99.23,90.25,35.79,15.75,59.94,0
184,11,73.64,99.30,86.34,36.20,15.52,57.81,0
184,12,72.39,99.39,89.15,35.31,15.34,58.57,0
184,13,71.02,99.29,84.60,36.59,15.83,58.10,0
184,14,69.96,99.17,86.75,35.25,15.46,57.42,0
184,15,70.45,98.62,89.29,36.33,15.34,58.49,0
184,16,73.53,98.99,84.26,34.83,15.84,56.68,0
184,17,72.95,99.02,89.02,35.48,14.93,58.54,0
184,18,73.55,98.76,87.18,34.72,15.20,56.61,0
184,19,74.11,98.86,89.62,35.62,15.21,57.12,0
185,0,85.02,97.36,78.02,36.09,13.62,51.78,0
185,1,83.05,97.73,76.59,35.77,14.08,52.26,0
185,2,84.98,97.42,82.24,36.24,14.09,52.96,0
185,3,83.14,97.49,81.81,37.17,13.82,52.58,0
185,4,84.41,97.05,82.01,36.70,13.97,53.14,0
185,5,85.42,97.80,77.64,37.25,14.03,50.19,0
185,6,84.77,97.70,79.17,36.39,13.77,50.40,0
185,7,86.05,97.13,78.91,37.05,14.47,52.46,0
185,8,84.17,97.17,81.10,35.82,13.98,50.10,0
185,9,84.52,97.75,77.38,36.48,14.61,49.84,0
185,10,84.39,97.50,79.17,35.64,14.12,51.60,0
185,11,83.55,97.62,76.33,36.92,14.57,52.16,0
185,12,82.98,97.56,77.91,36.61,14.70,50.13,0
185,13,82.53,97.52,76.99,35.61,13.72,50.40,0
185,14,81.43,97.41,79.00,37.33,13.87,51.66,0
185,15,84.83,97.04,81.11,35.99,14.51,52.09,0
185,16,83.78,97.66,79.41,37.08,13.89,49.83,0
185,17,83.75,97.61,77.66,35.60,14.46,52.52,0
185,18,84.45,97.06,81.61,35.46,13.75,50.77,0
185,19,84.98,97.48,78.87,36.01,13.55,49.67,0
186,0,80.92,98.19,91.23,38.82,14.77,55.66,0
186,1,82.70,97.77,88.09,37.93,15.05,57.23,0
186,2,84.85,98.08,92.36,37.42,14.83,56.02,0
186,3,84.68,98.18,91.24,37.95,14.84,54.44,0
186,4,82.51,98.13,91.18,38.85,15.43,56.08,0
186,5,81.31,98.25,90.14,37.78,15.31,57.23,0
186,6,84.93,97.58,91.80,38.05,15.34,57.56,0
186,7,83.31,97.56,87.24,37.82,14.57,54.92,0
186,8,80.79,97.76,88.25,36.92,15.63,53.84,0
186,9,80.58,98.01,90.28,38.10,15.28,55.40,0
186,10,83.60,97.95,89.95,38.14,15.11,55.76,0
186,11,81.62,97.97,86.64,36.91,14.90,54.38,0
186,12,83.06,97.79,87.01,38.31,15.66,54.51,0
186,13,80.28,98.23,90.36,37.58,15.69,55.47,0
186,14,81.05,97.54,85.87,37.77,15.03,53.82,0
186,15,80.72,97.81,88.65,37.56,15.41,54.19,0
186,16,81.20,98.29,89.44,37.92,14.59,55.57,0
186,17,80.79,97.52,86.20,37.01,14.76,56.00,0
186,18,83.57,97.77,90.49,37.71,15.06,56.63,0
186,19,83.07,97.92,90.18,37.21,14.84,55.53,0
187,0,91.67,97.40,76.35,36.99,16.12,56.31,0
187,1,92.58,97.58,78.04,36.55,16.11,55.55,0
187,2,91.45,97.58,79.18,37.48,15.08,55.20,0
187,3,93.86,97.65,81.17,37.65,15.23,55.96,0
187,4,91.35,97.49,77.60,36.35,15.04,55.08,0
187,5,91.16,97.14,77.30,37.05,15.80,57.67,0
187,6,93.61,97.70,81.13,37.91,15.90,57.36,0
187,7,91.75,97.22,80.47,37.78,16.09,56.27,0
187,8,90.24,97.23,76.76,37.76,15.99,57.83,0
187,9,93.58,97.58,78.56,37.39,15.11,54.77,0
187,10,91.44,97.42,80.63,38.30,16.11,56.47,0
187,11,90.64,97.67,76.57,37.31,15.90,54.26,0
187,12,91.49,96.98,76.42,38.07,15.32,57.11,0
187,13,92.45,97.30,80.08,37.39,16.13,56.43,0
187,14,89.84,97.27,77.92,36.50,15.47,57.25,0
187,15,91.10,97.12,80.55,37.33,15.35,54.34,0
187,16,89.35,97.22,78.12,38.31,15.44,57.73,0
187,17,90.99,97.35,79.41,38.25,15.11,56.87,0
187,18,92.76,96.97,79.12,37.51,15.76,56.30,0
187,19,91.43,97.67,80.20,36.63,15.87,55.79,0
188,0,83.18,97.26,98.59,36.79,11.14,45.66,0
188,1,80.77,97.88,94.63,35.80,10.71,43.23,0
188,2,81.94,97.78,95.93,35.66,11.06,45.94,0
188,3,83.22,97.44,94.97,35.71,11.23,45.83,0
188,4,83.41,98.00,99.37,35.25,11.21,42.65,0
188,5,83.32,97.33,99.13,35.00,11.88,45.23,0
188,6,81.96,97.74,96.00,36.52,11.31,44.50,0
188,7,84.11,97.45,95.34,35.92,10.87,44.13,0
188,8,92.41,95.39,88.32,36.96,11.76,51.89,0
188,9,90.31,95.06,88.67,36.70,11.01,51.63,0
188,10,92.31,95.01,84.18,36.89,11.65,55.55,1
188,11,91.81,94.99,88.82,35.95,10.76,52.66,0
188,12,90.36,95.91,91.91,35.94,11.30,48.68,0
188,13,82.45,97.36,98.15,35.55,10.87,42.92,0
188,14,79.75,97.72,94.66,36.59,11.87,44.31,0
188,15,79.95,97.57,95.51,36.70,11.50,44.16,0
188,16,80.16,97.96,96.22,35.57,11.82,45.28,0
188,17,82.72,97.63,94.47,35.74,11.02,42.17,0
188,18,80.52,97.67,99.22,35.94,10.79,42.41,0
188,19,82.27,97.88,99.02,35.41,11.70,42.73,0
189,0,87.76,97.50,80.04,34.47,13.70,47.34,0
189,1,86.50,97.55,79.00,34.89,13.76,44.88,0
189,2,87.74,97.64,80.46,35.15,13.51,47.26,0
189,3,87.70,97.64,81.10,34.51,14.02,47.42,0
189,4,88.95,97.42,81.32,35.28,13.24,46.46,0
189,5,87.49,97.50,82.71,34.17,13.47,48.04,0
189,6,88.63,97.56,81.35,35.55,13.70,48.07,0
189,7,86.83,97.60,80.44,34.25,13.11,47.90,0
189,8,86.01,97.43,84.60,35.00,13.76,45.72,0
189,9,88.02,97.80,80.74,35.09,13.38,46.67,0
189,10,85.29,97.99,78.69,35.14,14.08,46.45,0
189,11,85.67,97.83,84.01,34.76,13.87,45.32,0
189,12,84.71,98.04,82.61,34.90,13.99,46.85,0
189,13,85.23,97.98,77.83,35.02,13.43,45.07,0
189,14,85.30,97.39,81.13,34.57,13.28,48.04,0
189,15,85.32,97.59,83.50,35.66,13.65,47.85,0
189,16,86.65,98.04,80.40,35.52,13.89,46.64,0
189,17,86.96,98.08,80.39,35.54,13.36,47.80,0
189,18,85.82,97.67,82.78,35.57,13.22,46.80,0
189,19,86.13,97.93,81.27,35.87,13.21,48.10,0
190,0,72.04,97.64,78.59,39.34,12.95,43.78,0
190,1,73.25,97.43,82.03,39.40,12.34,46.13,0
190,2,73.56,97.99,83.88,39.64,12.80,43.67,0
190,3,73.66,97.49,81.89,38.71,12.78,44.66,0
190,4,74.40,97.94,82.83,39.80,12.56,43.74,0
190,5,73.79,98.12,85.23,39.16,12.91,45.12,0
190,6,72.95,97.91,84.12,39.36,12.49,45.17,0
190,7,74.73,98.14,79.22,38.48,12.46,43.67,0
190,8,70.99,97.55,82.29,38.08,12.25,44.47,0
190,9,73.49,98.14,81.79,39.28,12.98,44.31,0
190,10,72.34,97.89,81.07,38.79,12.01,45.39,0
190,11,72.85,98.16,83.25,38.64,12.39,43.99,0
190,12,70.88,98.07,81.39,37.90,12.45,46.78,0
190,13,70.91,97.75,78.83,38.92,12.96,44.98,0
190,14,71.75,97.78,81.14,39.32,12.95,47.24,0
190,15,73.32,97.95,81.94,39.05,12.13,47.05,0
190,16,73.78,97.73,82.63,38.93,12.58,45.61,0
190,17,70.85,97.88,82.53,38.72,12.87,45.39,0
190,18,73.00,97.93,80.84,39.24,12.34,45.42,0
190,19,70.72,98.14,82.72,37.99,12.98,46.03,0
191,0,91.52,97.17,97.27,35.10,14.02,48.89,0
191,1,92.20,97.35,97.27,35.68,14.29,51.28,0
191,2,89.73,97.19,94.19,35.12,14.21,50.82,0
191,3,90.41,96.91,95.09,36.13,14.28,49.55,0
191,4,93.36,97.06,94.86,36.25,14.73,50.75,0
191,5,90.90,96.79,93.99,37.00,14.19,52.27,0
191,6,93.65,97.20,96.01,36.32,14.73,51.37,0
191,7,91.13,97.18,96.09,35.87,14.99,48.79,0
191,8,92.63,97.40,98.31,35.78,14.28,50.59,0
191,9,89.98,96.75,95.14,35.96,14.08,51.16,0
191,10,92.35,96.78,94.02,35.27,13.97,49.46,0
191,11,91.09,96.74,95.24,35.41,13.99,51.12,0
191,12,89.03,97.12,96.23,36.10,14.10,51.44,0
191,13,91.47,97.06,95.95,35.27,14.87,51.84,0
191,14,91.00,97.40,97.35,36.08,14.84,49.29,0
191,15,90.50,97.10,95.51,36.49,14.83,50.93,0
191,16,90.28,96.90,95.98,35.42,14.87,51.98,0
191,17,90.91,97.19,97.74,35.40,14.17,51.75,0
191,18,92.14,97.23,98.55,36.26,14.70,51.35,0
191,19,89.08,97.29,95.25,35.78,14.42,49.31,0
192,0,71.93,97.85,80.74,35.81,13.70,42.10,0
192,1,72.93,97.77,85.27,36.77,12.83,45.45,0
192,2,72.78,97.77,81.32,37.08,12.73,42.52,0
192,3,74.69,97.91,86.23,37.15,12.64,42.54,0
192,4,71.43,97.91,83.75,37.41,13.47,43.70,0
192,5,72.35,97.23,82.97,35.94,13.58,45.57,0
192,6,74.13,97.74,81.40,36.76,12.69,45.57,0
192,7,71.80,97.41,82.04,36.60,13.72,43.51,0
192,8,71.71,97.56,82.16,35.84,13.44,44.39,0
192,9,71.22,97.79,85.19,37.40,13.76,41.80,0
192,10,72.75,97.84,86.18,36.25,12.86,42.28,0
192,11,72.39,97.55,85.44,35.91,13.70,43.43,0
192,12,70.25,97.57,84.73,37.49,13.19,44.76,0
192,13,69.61,97.76,85.38,37.67,13.31,42.78,0
192,14,70.48,97.44,81.66,36.96,13.70,41.96,0
192,15,70.21,97.99,83.87,35.75,13.66,42.78,0
192,16,73.48,98.01,80.03,35.77,13.60,43.64,0
192,17,71.94,97.37,83.17,37.31,13.72,42.63,0
192,18,73.39,97.49,81.68,35.74,13.61,42.75,0
192,19,70.55,97.78,81.68,37.15,13.83,45.33,0
193,0,69.16,98.12,95.07,39.25,15.53,57.45,0
193,1,68.88,98.35,94.84,38.29,15.41,57.50,0
193,2,70.96,97.95,92.92,38.98,15.61,57.83,0
193,3,69.98,97.77,95.09,39.32,15.14,54.82,0
193,4,70.42,98.44,93.37,37.89,15.88,58.42,0
193,5,72.21,97.87,96.25,37.58,15.86,57.17,0
193,6,70.52,98.00,97.17,38.01,15.91,56.15,0
193,7,71.59,97.87,97.36,39.40,15.59,56.69,0
193,8,71.73,97.86,98.01,37.49,15.83,57.67,0
193,9,69.84,97.81,94.50,38.41,15.72,56.49,0
193,10,70.77,98.28,92.22,38.44,15.82,54.94,0
193,11,68.67,97.97,95.12,38.35,15.51,55.02,0
193,12,68.13,98.37,93.29,37.53,15.36,58.06,0
193,13,68.76,97.88,93.84,38.65,15.59,56.61,0
193,14,71.73,98.20,94.31,39.11,15.90,56.76,0
193,15,68.68,98.31,95.78,38.03,15.80,54.59,0
193,16,69.11,97.74,94.47,38.92,15.99,55.06,0
193,17,71.74,97.84,96.09,39.17,16.14,57.88,0
193,18,70.05,97.84,96.78,38.56,15.26,55.96,0
193,19,68.67,98.44,93.40,38.62,15.57,54.68,0
194,0,77.33,97.99,78.57,34.91,13.53,47.67,0
194,1,76.58,98.18,78.82,34.80,13.60,49.27,0
194,2,75.34,98.40,81.35,34.23,13.91,49.11,0
194,3,77.66,98.29,79.84,33.97,14.12,49.38,0
194,4,77.97,98.31,80.45,33.81,13.94,48.42,0
194,5,78.48,97.84,78.21,34.50,13.55,48.93,0
194,6,75.39,98.23,81.11,33.90,14.17,50.07,0
194,7,77.61,98.07,82.98,35.15,13.73,47.69,0
194,8,77.97,98.54,77.34,34.21,13.96,46.70,0
194,9,77.97,98.21,79.50,34.61,13.31,48.92,0
194,10,77.35,98.07,81.54,35.09,14.30,47.49,0
194,11,76.21,98.30,78.91,33.60,13.66,46.57,0
194,12,73.87,98.17,80.76,34.47,13.99,48.11,0
194,13,76.65,98.51,76.99,33.82,13.73,49.16,0
194,14,75.26,98.19,78.29,33.57,14.06,49.50,0
194,15,74.19,98.22,78.50,33.44,13.81,48.26,0
194,16,73.91,98.50,78.40,34.83,13.63,49.63,0
194,17,77.31,98.41,79.32,33.49,13.70,47.06,0
194,18,75.18,98.12,81.40,33.52,14.27,47.18,0
194,19,76.10,98.30,81.98,33.76,13.75,48.11,0
195,0,78.84,99.19,90.90,38.59,15.45,51.64,0
195,1,79.24,98.86,91.48,38.34,15.32,52.20,0
195,2,80.83,98.49,90.93,39.26,14.90,55.31,0
195,3,79.85,98.94,91.10,38.82,15.57,53.86,0
195,4,83.06,98.77,95.60,39.38,15.50,55.19,0
195,5,80.23,99.05,93.79,38.55,14.94,52.45,0
195,6,83.18,99.13,90.03,37.74,15.47,54.25,0
195,7,79.47,98.62,90.86,37.70,14.55,53.05,0
195,8,81.44,98.97,92.78,39.18,15.53,52.48,0
195,9,80.15,98.77,89.45,39.21,15.24,53.03,0
195,10,78.65,98.58,93.03,38.65,14.74,55.16,0
195,11,80.18,99.18,92.77,37.76,15.59,53.39,0
195,12,81.55,98.47,93.34,38.86,15.19,54.18,0
195,13,79.31,99.11,90.51,38.92,14.87,52.17,0
195,14,79.16,98.75,93.69,38.60,14.69,55.31,0
195,15,78.51,98.54,89.75,39.09,14.57,54.04,0
195,16,81.86,98.85,88.48,38.35,15.22,51.97,0
195,17,80.85,98.84,93.09,37.95,15.63,54.77,0
195,18,80.01,99.00,93.81,38.53,15.08,54.62,0
195,19,82.61,98.72,94.23,38.82,14.77,54.78,0
196,0,89.89,98.19,92.48,38.95,13.98,45.60,0
196,1,93.53,98.40,93.15,37.62,14.87,44.64,0
196,2,90.47,98.56,92.42,37.83,14.46,43.46,0
196,3,92.81,98.72,94.86,39.16,14.74,46.09,0
196,4,91.57,98.44,93.33,38.43,14.67,44.42,0
196,5,93.54,98.65,91.97,39.59,14.90,46.34,0
196,6,90.61,98.21,96.71,39.31,14.53,45.18,0
196,7,92.52,98.47,92.28,38.08,14.01,44.51,0
196,8,92.93,98.87,93.52,39.09,14.24,43.57,0
196,9,92.04,98.46,93.14,38.67,14.33,46.11,0
196,10,90.58,98.63,94.79,37.64,14.14,44.00,0
196,11,90.29,98.31,94.60,38.36,15.13,44.84,0
196,12,89.70,98.85,91.44,37.70,14.11,44.49,0
196,13,91.04,98.27,91.77,39.48,14.68,46.23,0
196,14,92.35,98.26,92.18,39.50,14.37,45.08,0
196,15,90.39,98.65,94.46,37.83,14.56,47.01,0
196,16,92.07,98.68,91.49,39.46,15.04,46.90,0
196,17,91.55,98.52,95.71,39.53,14.56,44.93,0
196,18,92.82,98.65,91.99,37.66,15.06,44.12,0
196,19,91.31,98.50,96.65,39.42,14.04,43.56,0
197,0,76.69,98.43,80.55,38.08,12.50,54.38,0
197,1,79.18,98.33,81.44,38.22,12.12,57.43,0
197,2,80.64,98.64,85.10,37.72,12.80,54.92,0
197,3,78.56,98.70,82.73,38.94,12.02,53.92,0
197,4,80.70,98.60,80.59,37.78,12.52,54.39,0
197,5,78.82,98.56,82.66,38.18,12.36,54.34,0
197,6,79.68,98.47,83.94,39.45,12.20,54.01,0
197,7,77.34,98.26,84.09,37.69,12.00,55.93,0
197,8,80.42,98.45,79.59,39.55,12.51,56.95,0
197,9,77.20,98.55,80.37,38.09,12.23,57.87,0
197,10,76.15,98.66,82.89,38.07,12.89,56.84,0
197,11,77.59,98.75,79.73,39.23,12.30,55.54,0
197,12,77.97,98.58,80.81,38.55,12.49,53.98,0
197,13,76.63,98.90,80.95,38.84,12.01,54.71,0
197,14,75.90,98.57,84.01,39.01,11.94,57.66,0
197,15,79.20,98.54,78.77,39.00,12.94,56.56,0
197,16,77.13,98.91,80.06,39.62,12.57,55.49,0
197,17,77.18,98.31,84.56,38.84,12.31,53.98,0
197,18,77.58,98.78,84.63,37.96,13.00,55.50,0
197,19,78.58,98.51,82.13,38.53,11.99,55.30,0
198,0,88.13,98.40,83.65,37.33,15.56,50.06,0
198,1,85.96,98.16,79.79,37.69,15.99,47.91,0
198,2,87.08,98.01,85.41,37.78,15.20,50.97,0
198,3,88.28,98.32,84.04,37.40,15.41,47.72,0
198,4,89.06,98.56,85.62,37.58,15.84,49.99,0
198,5,85.83,98.14,80.62,37.69,15.40,48.62,0
198,6,87.98,98.46,82.23,37.98,15.62,47.36,0
198,7,87.31,98.04,83.18,37.62,15.54,47.91,0
198,8,88.39,98.27,81.89,37.65,14.95,48.58,0
198,9,87.39,98.54,80.36,38.25,15.00,50.12,0
198,10,87.80,97.99,82.11,37.74,14.98,49.65,0
198,11,84.74,98.12,82.96,38.22,15.57,49.44,0
198,12,86.48,98.21,83.98,38.33,15.50,48.24,0
198,13,86.36,98.49,80.06,38.55,15.22,48.51,0
198,14,85.29,98.63,79.79,38.54,15.51,49.67,0
198,15,84.82,98.03,81.97,38.33,15.48,49.19,0
198,16,86.33,98.13,79.02,38.93,14.91,48.27,0
198,17,86.33,98.20,84.00,38.68,15.54,49.87,0
198,18,86.42,98.00,80.64,38.85,15.90,48.63,0
198,19,86.74,98.05,84.14,37.39,15.90,47.88,0
199,0,78.81,98.69,96.73,35.40,12.48,42.14,0
199,1,81.88,98.55,100.60,33.72,13.30,43.22,0
199,2,81.61,98.27,98.20,33.78,12.68,42.78,0
199,3,80.93,98.23,96.40,33.54,12.58,44.14,0
199,4,81.36,98.33,100.57,34.30,12.85,43.52,0
199,5,81.62,98.11,97.94,34.87,12.77,44.60,0
199,6,80.10,98.15,101.37,34.62,12.28,44.06,0
199,7,81.61,98.07,100.38,34.62,12.43,44.69,0
199,8,82.83,98.28,96.80,34.62,13.13,41.84,0
199,9,82.25,98.05,97.84,34.59,12.68,44.60,0
199,10,80.12,98.31,95.15,34.11,12.80,44.44,0
199,11,78.72,98.78,99.25,34.69,13.27,42.19,0
199,12,79.74,98.71,95.19,34.30,12.63,42.25,0
199,13,81.52,98.78,95.06,35.34,12.66,42.09,0
199,14,79.09,98.02,95.83,33.88,13.09,42.95,0
199,15,79.34,98.54,98.39,33.67,12.31,44.04,0
199,16,80.53,98.27,97.35,35.47,12.65,42.19,0
199,17,78.46,98.32,96.75,35.47,12.28,44.87,0
199,18,78.41,98.42,98.50,33.87,12.89,43.05,0
199,19,81.44,98.43,100.56,35.14,13.31,43.20,0
200,0,90.41,97.54,84.23,34.70,11.13,54.18,0
200,1,92.98,97.37,87.28,34.87,11.08,54.54,0
200,2,90.84,97.66,84.32,33.56,11.38,54.39,0
200,3,90.43,96.98,83.76,33.97,11.78,54.29,0
200,4,93.06,97.23,88.48,34.12,11.60,51.53,0
200,5,92.79,97.09,83.25,34.09,11.93,51.96,0
200,6,92.09,97.55,85.86,34.08,11.84,54.95,0
200,7,92.84,97.50,87.75,35.17,11.78,53.64,0
200,8,90.04,97.57,87.40,34.26,12.24,52.04,0
200,9,90.35,97.74,82.53,34.48,12.12,54.03,0
200,10,91.84,97.34,81.97,34.79,11.11,54.55,0
200,11,91.45,97.68,82.24,33.51,11.71,53.22,0
200,12,89.32,97.57,83.35,33.78,11.68,54.84,0
200,13,91.71,97.64,85.38,33.96,11.35,53.85,0
200,14,89.00,97.14,82.00,35.02,11.17,54.10,0
200,15,88.53,97.73,86.10,34.91,11.83,51.81,0
200,16,91.83,96.99,84.82,33.34,11.33,53.91,0
200,17,90.37,96.98,82.55,33.95,11.36,51.99,0
200,18,92.13,96.99,84.25,33.60,11.94,51.27,0
200,19,92.93,97.26,83.16,34.00,11.72,54.37,0
201,0,87.95,98.31,84.44,33.08,13.50,54.50,0
201,1,89.91,98.71,83.72,34.09,13.18,55.15,0
201,2,90.24,99.00,89.51,32.39,12.99,54.42,0
201,3,90.63,98.40,88.84,34.01,13.24,57.03,0
201,4,89.11,98.61,88.90,33.07,13.41,56.84,0
201,5,87.39,99.01,87.81,33.70,13.96,53.68,0
201,6,89.67,98.75,89.80,34.08,14.03,54.96,0
201,7,90.72,98.62,83.90,34.15,13.78,56.62,0
201,8,89.54,98.85,88.09,32.56,13.10,54.72,0
201,9,89.82,98.66,88.47,32.84,13.99,53.30,0
201,10,88.13,98.57,84.32,32.61,13.91,54.20,0
201,11,89.27,98.34,83.50,34.04,13.39,54.88,0
201,12,86.97,98.23,84.46,33.12,14.00,56.32,0
201,13,89.28,98.68,87.10,34.27,13.72,55.76,0
201,14,86.09,98.97,87.50,32.85,13.95,54.55,0
201,15,86.54,98.53,87.09,34.25,13.40,55.20,0
201,16,86.53,98.86,86.63,33.88,13.03,55.53,0
201,17,88.76,98.89,85.18,33.01,13.90,53.81,0
201,18,86.32,98.57,86.87,32.50,13.33,54.54,0
201,19,87.31,98.62,87.91,33.49,12.94,56.86,0
202,0,81.62,97.69,95.91,36.14,9.55,52.81,0
202,1,81.06,97.58,92.45,36.27,10.41,53.34,0
202,2,83.90,97.29,95.72,36.19,9.93,55.17,0
202,3,81.52,97.23,94.37,37.22,10.49,55.29,0
202,4,83.52,97.82,96.42,36.56,10.06,53.53,0
202,5,84.77,97.37,94.13,37.20,10.00,54.52,0
202,6,81.88,97.39,94.89,35.78,9.68,55.79,0
202,7,80.94,97.39,97.19,36.50,9.70,55.57,0
202,8,83.30,97.46,96.55,36.00,10.00,56.34,0
202,9,81.04,97.67,95.39,36.00,10.11,53.77,0
202,10,81.30,97.77,96.49,37.64,9.82,54.92,0
202,11,83.13,97.24,94.36,36.16,9.43,53.21,0
202,12,80.19,97.30,95.28,37.01,10.28,55.08,0
202,13,82.55,97.39,93.52,35.77,10.31,53.28,0
202,14,81.02,97.83,94.57,36.62,10.10,56.01,0
202,15,82.64,97.27,94.14,36.18,10.28,54.44,0
202,16,83.11,97.25,95.73,36.42,10.09,53.17,0
202,17,80.34,97.56,92.45,37.13,10.61,53.88,0
202,18,80.60,97.62,95.98,35.90,9.87,53.81,0
202,19,83.37,97.42,96.87,37.25,10.09,54.63,0
203,0,79.98,97.91,92.13,36.04,15.64,53.32,0
203,1,78.26,98.13,92.67,36.28,15.20,53.83,0
203,2,79.59,98.22,92.95,35.12,14.91,50.37,0
203,3,79.83,98.16,92.78,35.43,15.39,52.38,0
203,4,77.58,97.99,93.13,35.46,15.09,53.09,0
203,5,78.63,97.61,93.43,34.88,14.96,54.12,0
203,6,80.26,98.19,92.26,35.19,16.01,52.95,0
203,7,78.44,97.90,94.91,36.29,15.91,53.28,0
203,8,78.61,97.64,93.20,36.03,15.72,51.12,0
203,9,77.18,97.95,96.09,36.18,15.64,50.87,0
203,10,77.64,98.34,92.98,35.92,15.47,51.32,0
203,11,77.72,97.99,94.08,35.42,15.46,51.43,0
203,12,78.78,97.88,94.10,35.89,14.95,50.47,0
203,13,78.79,97.77,93.27,35.81,16.05,50.77,0
203,14,76.45,98.08,91.29,34.98,16.05,52.82,0
203,15,79.41,98.36,90.11,34.74,16.03,50.38,0
203,16,76.26,98.13,94.90,35.45,15.39,51.76,0
203,17,75.87,97.60,93.16,34.89,16.05,51.71,0
203,18,77.80,97.98,92.26,36.42,14.90,51.99,0
203,19,78.28,98.16,95.92,35.32,15.43,53.86,0
204,0,75.48,97.98,81.82,36.00,13.01,43.31,0
204,1,74.48,98.29,79.31,36.20,13.70,44.89,0
204,2,73.53,98.16,83.69,36.53,13.13,43.70,0
204,3,73.59,98.41,82.25,36.18,12.84,43.00,0
204,4,76.62,97.83,78.22,36.02,12.81,46.11,0
204,5,77.21,98.09,78.40,35.01,12.95,46.55,0
204,6,76.25,98.43,78.05,36.57,13.38,45.26,0
204,7,74.15,97.72,77.84,36.68,13.06,43.76,0
204,8,76.91,97.99,77.86,36.71,13.12,45.14,0
204,9,74.65,97.67,78.34,36.35,13.50,43.48,0
204,10,73.07,98.28,80.59,35.87,13.45,44.49,0
204,11,74.30,97.65,78.71,35.04,12.71,44.90,0
204,12,73.08,97.80,78.18,35.14,13.09,43.45,0
204,13,72.29,98.34,81.28,36.51,13.31,46.01,0
204,14,75.19,98.45,76.88,35.87,13.30,44.03,0
204,15,75.17,98.41,77.54,36.61,13.43,46.42,0
204,16,72.32,98.22,78.60,36.09,13.06,44.50,0
204,17,76.10,98.34,78.48,35.96,13.37,43.95,0
204,18,73.94,97.90,80.48,34.93,13.36,46.53,0
204,19,74.38,97.89,78.25,36.49,13.38,45.84,0
205,0,91.08,97.72,77.27,33.89,11.42,50.23,0
205,1,91.73,97.71,77.65,35.47,11.44,48.99,0
205,2,91.17,97.61,80.37,34.03,10.90,49.83,0
205,3,93.36,97.58,77.29,34.67,11.05,49.88,0
205,4,91.38,97.37,79.38,34.20,11.05,47.09,0
205,5,94.10,97.82,76.50,34.07,10.91,50.24,0
205,6,94.23,97.54,80.83,34.08,10.78,48.87,0
205,7,94.19,97.70,78.08,34.26,11.04,48.69,0
205,8,92.22,98.02,75.90,34.28,11.15,50.56,0
205,9,90.14,98.07,75.33,34.96,11.53,49.87,0
205,10,90.47,97.53,75.01,34.39,11.67,47.68,0
205,11,90.91,97.43,80.68,35.65,10.74,47.26,0
205,12,92.62,97.83,74.94,35.25,11.10,46.99,0
205,13,90.27,98.14,77.89,33.99,11.34,49.35,0
205,14,92.73,97.87,74.67,34.09,10.61,48.65,0
205,15,92.12,97.64,76.71,33.91,11.64,50.87,0
205,16,90.90,97.89,77.32,34.13,11.54,48.28,0
205,17,90.97,97.83,78.58,35.69,10.98,50.65,0
205,18,92.77,97.63,77.40,35.71,10.85,50.38,0
205,19,90.28,97.45,78.43,34.52,10.95,48.17,0
206,0,70.99,97.78,79.56,38.57,14.23,56.73,0
206,1,69.13,97.91,82.24,37.12,14.72,60.14,0
206,2,69.89,97.82,80.44,38.42,13.60,59.44,0
206,3,69.37,98.14,84.20,38.58,14.11,56.50,0
206,4,70.37,97.85,79.10,38.17,13.96,59.73,0
206,5,70.95,98.38,80.40,38.10,13.90,59.21,0
206,6,69.32,98.20,81.31,37.21,14.46,59.79,0
206,7,70.66,98.08,81.11,37.67,13.64,56.20,0
206,8,80.29,95.94,75.50,37.60,14.46,62.84,0
206,9,81.94,95.89,72.81,37.34,14.17,65.70,0
206,10,80.48,95.13,71.27,38.53,14.33,66.68,1
206,11,80.80,95.77,73.60,38.11,14.38,65.82,0
206,12,77.24,96.49,76.03,37.01,14.03,66.10,0
206,13,70.19,98.48,77.79,37.08,14.43,56.32,0
206,14,68.97,97.82,77.62,37.18,14.42,57.86,0
206,15,68.10,98.41,77.75,37.08,13.64,57.02,0
206,16,71.65,98.23,82.20,37.57,14.35,57.61,0
206,17,68.52,97.97,81.08,37.20,14.71,59.27,0
206,18,69.64,98.39,80.46,38.25,14.23,58.34,0
206,19,69.51,97.73,82.76,38.71,14.09,58.17,0
207,0,93.30,97.91,84.25,38.29,11.46,47.54,0
207,1,91.16,98.05,89.68,37.62,11.79,47.11,0
207,2,90.88,97.70,88.91,38.54,12.42,48.13,0
207,3,91.65,97.90,89.37,36.91,11.76,46.63,0
207,4,91.30,97.71,86.37,36.92,11.72,49.12,0
207,5,93.93,98.10,89.68,38.10,12.31,49.41,0
207,6,93.59,98.04,87.63,37.23,11.56,48.35,0
207,7,90.68,97.78,87.25,37.23,11.66,49.13,0
207,8,93.48,97.55,87.15,38.75,11.84,49.22,0
207,9,99.89,96.14,79.09,38.68,11.89,55.56,0
207,10,99.80,95.16,77.02,37.16,11.91,56.71,0
207,11,102.92,94.88,74.22,38.68,11.35,57.13,1
207,12,103.06,95.05,76.29,37.31,12.39,54.23,0
207,13,99.58,95.46,83.22,37.88,11.49,53.23,0
207,14,89.94,98.17,85.16,36.94,11.40,46.24,0
207,15,91.47,98.14,84.46,38.11,11.43,50.14,0
207,16,89.72,98.20,88.56,38.45,12.22,49.36,0
207,17,90.40,98.20,83.86,37.28,12.43,47.64,0
207,18,91.20,97.68,89.31,37.13,11.59,48.27,0
207,19,93.10,97.88,84.43,37.03,12.35,48.74,0
208,0,81.21,97.72,81.28,33.23,9.73,50.42,0
208,1,78.41,97.62,82.52,33.74,9.81,47.18,0
208,2,81.51,98.23,85.07,34.89,9.67,48.99,0
208,3,80.34,98.00,86.31,34.43,10.66,47.32,0
208,4,78.19,97.64,84.73,34.10,10.00,50.53,0
208,5,80.64,98.13,82.88,34.46,10.02,47.47,0
208,6,78.85,98.19,81.67,34.08,9.93,49.61,0
208,7,79.08,98.10,86.83,34.97,10.41,48.38,0
208,8,80.58,97.92,83.23,34.83,10.30,48.40,0
208,9,87.62,95.75,77.43,33.23,10.73,56.67,0
208,10,88.44,95.57,76.71,33.95,10.31,56.45,0
208,11,92.21,94.70,71.95,34.25,10.31,57.73,1
208,12,88.57,95.08,73.54,33.54,9.92,55.50,0
208,13,85.22,95.58,77.25,33.59,10.42,56.16,0
208,14,78.63,98.11,81.48,34.95,9.64,47.08,0
208,15,79.31,97.61,85.74,33.44,9.69,49.17,0
208,16,79.86,98.20,81.26,34.32,9.62,48.63,0
208,17,79.83,97.62,86.15,33.55,9.97,48.84,0
208,18,80.89,97.77,81.06,33.82,10.57,50.32,0
208,19,78.86,97.56,81.26,33.34,10.56,50.24,0
209,0,73.67,98.43,93.56,35.28,11.88,49.67,0
209,1,74.13,97.86,94.31,35.54,11.74,48.67,0
209,2,75.89,98.38,97.39,35.89,11.88,48.78,0
209,3,75.56,97.85,96.47,36.47,11.32,50.18,0
209,4,74.62,98.06,94.82,34.71,10.94,47.89,0
209,5,75.80,98.18,97.86,36.50,11.22,47.61,0
209,6,74.31,98.32,94.32,34.99,11.61,48.20,0
209,7,76.81,98.20,93.45,35.47,11.12,48.49,0
209,8,73.99,98.21,95.63,35.40,10.83,47.60,0
209,9,76.06,97.83,93.84,35.76,11.07,49.42,0
209,10,82.00,95.77,91.15,35.07,10.88,54.31,0
209,11,84.74,95.66,84.44,36.16,11.52,56.11,0
209,12,84.96,94.87,81.34,35.50,11.07,60.81,1
209,13,84.70,95.76,82.13,34.77,10.80,57.49,0
209,14,82.76,96.53,87.50,36.23,11.17,54.37,0
209,15,75.54,98.09,93.32,36.16,10.80,49.92,0
209,16,73.86,98.10,93.54,36.47,10.80,50.36,0
209,17,76.65,97.94,96.63,35.37,11.23,50.85,0
209,18,75.92,97.87,96.19,35.50,10.88,49.68,0
209,19,75.39,97.81,97.41,35.36,11.64,47.74,0
210,0,81.83,97.02,81.61,32.96,11.61,57.47,0
210,1,83.35,97.42,79.14,32.93,11.58,58.22,0
210,2,81.90,97.40,81.05,32.86,10.85,57.55,0
210,3,82.56,97.19,82.78,33.19,11.79,58.47,0
210,4,85.16,97.50,79.91,32.86,11.16,58.20,0
210,5,84.97,97.05,82.41,33.79,10.82,58.94,0
210,6,85.42,97.69,77.93,32.62,11.30,55.77,0
210,7,82.29,97.63,78.91,34.10,11.35,57.94,0
210,8,82.24,97.28,83.38,33.83,11.64,59.23,0
210,9,84.89,97.66,78.09,32.64,11.03,56.19,0
210,10,81.24,97.24,77.96,33.86,11.08,58.29,0
210,11,84.08,97.33,79.25,34.06,10.88,56.70,0
210,12,82.14,97.10,81.12,34.15,10.78,56.10,0
210,13,82.17,97.00,76.99,34.08,11.73,55.79,0
210,14,82.73,97.07,78.17,34.26,11.42,56.76,0
210,15,82.85,97.65,80.01,34.31,11.72,56.43,0
210,16,83.71,97.36,79.47,33.63,11.69,56.17,0
210,17,81.05,97.32,77.96,33.99,10.85,58.30,0
210,18,81.19,97.06,81.57,32.61,11.28,56.73,0
210,19,81.07,97.21,79.96,32.81,10.63,56.57,0
211,0,70.92,98.49,81.46,34.40,12.07,55.41,0
211,1,72.69,98.42,84.12,33.75,11.89,56.23,0
211,2,72.83,99.04,82.39,33.98,11.97,54.95,0
211,3,71.85,98.54,80.73,34.22,12.05,55.87,0
211,4,72.29,98.68,80.41,32.90,12.39,54.12,0
211,5,73.41,98.58,84.08,32.65,12.10,54.45,0
211,6,71.53,98.43,79.78,33.36,12.08,53.22,0
211,7,69.41,98.85,78.66,33.15,11.46,53.95,0
211,8,71.78,98.50,80.31,33.82,11.90,56.93,0
211,9,69.96,98.84,82.36,34.21,11.63,53.26,0
211,10,69.81,98.86,79.86,33.89,12.11,53.17,0
211,11,71.95,98.95,79.73,33.07,11.59,54.17,0
211,12,69.29,98.43,81.81,33.07,12.33,56.36,0
211,13,70.72,98.58,79.90,32.57,11.96,55.26,0
211,14,71.66,98.54,82.88,34.29,12.28,56.59,0
211,15,70.49,98.81,83.13,32.72,11.48,56.39,0
211,16,70.86,98.55,77.97,34.44,11.83,53.90,0
211,17,71.71,98.59,78.10,32.56,11.77,53.95,0
211,18,69.40,98.28,83.23,34.24,11.54,56.30,0
211,19,71.17,98.50,79.54,34.04,12.24,54.12,0
212,0,70.31,98.22,90.90,35.93,12.16,47.14,0
212,1,70.14,97.68,88.66,35.21,11.84,47.89,0
212,2,74.36,98.08,91.89,36.53,12.46,47.34,0
212,3,72.71,97.64,91.09,36.62,11.99,47.99,0
212,4,73.14,98.17,93.51,35.75,11.45,45.89,0
212,5,73.81,97.98,92.62,35.30,11.43,45.63,0
212,6,72.43,97.88,89.02,35.84,12.26,45.83,0
212,7,71.07,97.64,89.86,36.64,11.62,45.74,0
212,8,79.80,95.78,84.69,36.70,12.43,50.80,0
212,9,82.89,95.26,80.36,36.25,12.27,55.85,0
212,10,85.21,95.03,75.78,36.46,11.63,57.72,1
212,11,80.32,95.71,81.58,35.60,11.62,54.29,0
212,12,79.91,95.62,82.91,35.17,12.04,51.91,0
212,13,71.77,98.17,89.99,35.98,12.43,47.40,0
212,14,72.92,98.27,90.49,36.15,11.76,47.44,0
212,15,69.40,98.19,90.57,35.45,11.91,44.88,0
212,16,70.60,97.87,92.07,35.85,11.98,45.85,0
212,17,72.67,97.60,87.37,36.91,11.48,47.48,0
212,18,72.94,98.04,91.37,36.74,12.41,44.20,0
212,19,71.44,97.83,91.65,35.55,12.18,45.56,0
213,0,80.59,98.24,83.46,35.00,15.44,50.12,0
213,1,79.34,98.21,83.33,36.32,15.66,49.19,0
213,2,81.79,98.76,84.03,36.10,14.92,49.99,0
213,3,82.48,98.62,84.75,34.87,15.35,49.43,0
213,4,81.71,98.54,80.79,36.48,15.90,49.32,0
213,5,82.57,98.61,80.20,36.04,15.02,51.78,0
213,6,82.64,98.51,81.54,35.98,15.69,50.16,0
213,7,81.72,98.78,82.73,36.06,15.43,50.93,0
213,8,82.21,98.69,83.23,36.57,15.38,50.14,0
213,9,88.80,96.50,77.18,35.88,15.36,55.29,0
213,10,88.45,95.85,70.94,35.81,15.90,57.65,0
213,11,93.68,95.17,70.19,34.73,15.72,61.71,1
213,12,91.33,95.80,74.61,35.72,15.22,59.78,0
213,13,87.74,96.89,78.11,35.98,14.78,56.05,0
213,14,79.10,98.86,78.87,36.17,14.86,52.08,0
213,15,77.46,98.36,84.23,35.07,15.45,51.05,0
213,16,77.94,98.23,83.68,35.34,15.65,51.10,0
213,17,81.23,98.81,84.11,36.54,14.80,50.31,0
213,18,79.60,98.18,79.41,36.57,14.82,51.25,0
213,19,78.59,98.46,80.78,36.45,14.95,49.23,0
214,0,92.04,98.55,78.70,35.55,14.42,55.06,0
214,1,90.59,98.62,81.08,35.38,13.85,56.06,0
214,2,93.49,98.89,78.68,35.09,14.25,54.32,0
214,3,91.10,98.61,77.48,35.37,13.72,54.94,0
214,4,94.13,98.93,78.65,36.16,14.08,54.41,0
214,5,93.49,98.58,78.53,35.71,14.25,54.43,0
214,6,92.66,98.93,77.78,36.74,13.84,56.77,0
214,7,92.50,98.34,80.10,36.46,13.63,55.25,0
214,8,101.14,97.03,71.34,35.09,13.77,61.15,0
214,9,101.87,96.15,67.91,35.59,13.78,66.09,0
214,10,104.91,95.79,69.40,36.57,13.88,67.93,1
214,11,99.75,96.20,67.33,35.68,13.94,65.51,0
214,12,100.27,96.58,70.06,36.05,14.11,60.67,0
214,13,91.10,98.48,79.33,35.16,14.32,56.48,0
214,14,92.21,98.89,75.97,35.17,14.36,54.91,0
214,15,92.37,98.54,78.58,35.47,14.59,56.85,0
214,16,91.66,98.94,79.80,36.37,14.09,56.59,0
214,17,89.55,98.67,78.84,35.73,13.65,57.68,0
214,18,89.73,98.32,81.40,35.09,14.26,54.23,0
214,19,90.66,98.93,81.64,35.78,14.50,56.49,0
215,0,73.11,98.56,96.72,35.94,10.55,46.82,0
215,1,74.54,98.79,94.77,36.21,9.98,45.39,0
215,2,73.22,98.69,96.07,36.24,10.55,46.27,0
215,3,74.81,98.73,98.01,36.21,9.85,48.23,0
215,4,72.72,98.98,95.82,36.09,10.23,48.53,0
215,5,72.08,98.29,97.80,34.51,10.36,47.00,0
215,6,73.95,98.43,96.24,35.66,10.62,46.41,0
215,7,71.93,98.94,98.93,35.06,10.12,49.13,0
215,8,73.06,98.34,95.06,35.80,10.32,46.86,0
215,9,73.50,98.78,96.22,35.82,10.25,48.15,0
215,10,71.18,98.26,95.78,34.94,10.61,45.71,0
215,11,72.19,98.57,94.18,36.06,10.04,46.91,0
215,12,73.87,98.40,99.00,34.94,10.59,46.04,0
215,13,69.80,98.20,97.20,34.82,10.11,46.27,0
215,14,72.48,98.57,96.94,34.61,10.16,48.53,0
215,15,70.04,98.95,98.37,35.46,10.27,47.99,0
215,16,73.68,98.93,94.51,35.63,10.73,48.74,0
215,17,73.49,98.75,99.05,35.81,10.61,46.31,0
215,18,72.11,98.54,93.84,34.72,10.60,47.05,0
215,19,70.77,98.98,98.57,34.54,10.45,46.38,0
216,0,78.43,97.47,82.58,37.35,12.28,54.71,0
216,1,78.43,96.96,86.05,37.41,12.07,52.04,0
216,2,81.02,97.42,83.73,38.01,12.44,53.93,0
216,3,80.92,97.00,84.20,37.67,11.89,54.41,0
216,4,80.90,97.08,87.33,36.99,11.85,53.73,0
216,5,79.70,97.56,85.36,37.04,11.67,52.54,0
216,6,78.13,96.90,82.97,37.05,11.75,51.81,0
216,7,78.24,97.31,82.31,38.21,12.09,52.87,0
216,8,77.42,97.41,82.41,37.69,12.38,51.18,0
216,9,77.24,97.58,83.06,37.39,11.89,52.69,0
216,10,76.74,97.00,85.21,36.80,12.30,53.62,0
216,11,79.15,97.45,83.23,38.54,11.91,54.17,0
216,12,78.38,97.39,85.54,37.01,11.62,54.25,0
216,13,79.07,96.90,84.30,37.48,11.40,53.63,0
216,14,78.13,96.86,80.34,37.66,11.40,52.20,0
216,15,76.36,97.48,83.84,38.14,11.48,51.34,0
216,16,78.13,96.97,85.06,37.50,11.38,54.21,0
216,17,76.54,96.95,81.91,37.33,12.44,51.52,0
216,18,77.41,97.58,84.87,37.59,12.01,52.33,0
216,19,79.93,97.34,81.91,36.70,11.92,53.85,0
217,0,76.27,98.47,81.07,38.23,13.51,45.16,0
217,1,74.62,98.05,81.90,37.60,14.51,46.77,0
217,2,74.31,98.11,82.28,37.46,13.57,47.52,0
217,3,76.17,98.21,78.71,38.81,14.01,48.81,0
217,4,75.71,98.56,77.63,38.41,14.42,45.45,0
217,5,77.66,98.28,80.90,37.12,13.53,47.33,0
217,6,75.68,98.26,81.16,37.71,13.68,46.26,0
217,7,77.40,98.27,78.78,38.02,13.75,47.47,0
217,8,76.61,98.79,80.59,37.78,13.63,46.56,0
217,9,73.10,98.75,77.30,38.41,13.58,46.41,0
217,10,72.98,98.52,77.82,38.28,13.82,47.13,0
217,11,76.16,98.13,76.47,37.39,14.31,48.14,0
217,12,72.50,98.23,76.32,38.68,14.56,45.52,0
217,13,75.12,98.80,78.44,37.67,14.50,48.30,0
217,14,74.37,98.48,76.90,37.22,13.50,45.55,0
217,15,74.30,98.64,76.99,37.40,13.81,47.16,0
217,16,72.82,98.27,82.01,38.29,14.16,45.35,0
217,17,74.96,98.51,77.62,38.47,13.86,48.46,0
217,18,74.25,98.14,82.29,38.76,14.61,45.48,0
217,19,76.86,98.57,81.20,37.63,13.54,47.87,0
218,0,88.54,97.53,94.66,37.52,15.89,53.75,0
218,1,85.77,97.05,93.91,37.54,15.47,55.59,0
218,2,88.95,96.94,93.99,37.55,16.22,53.89,0
218,3,88.44,97.40,92.69,36.56,15.89,56.39,0
218,4,89.21,96.94,94.12,36.60,16.14,53.20,0
218,5,89.16,97.52,94.36,36.29,15.78,56.85,0
218,6,89.72,97.12,94.66,37.53,16.24,56.24,0
218,7,88.60,97.54,95.29,37.49,15.48,55.20,0
218,8,86.20,96.80,93.40,37.34,15.19,53.67,0
218,9,87.90,97.24,93.99,37.30,16.24,54.69,0
218,10,88.86,97.41,94.93,36.56,16.27,54.39,0
218,11,86.30,97.33,95.60,36.68,16.09,54.89,0
218,12,88.15,97.49,96.61,36.50,15.78,55.67,0
218,13,86.00,96.84,96.77,37.46,15.27,56.20,0
218,14,87.87,96.89,96.51,36.30,15.70,56.83,0
218,15,86.99,97.03,94.29,37.91,16.07,53.48,0
218,16,85.69,97.13,91.42,36.32,15.54,55.40,0
218,17,88.23,97.45,92.96,37.51,16.04,53.59,0
218,18,86.13,97.11,91.99,37.40,15.42,56.33,0
218,19,87.22,96.97,96.15,37.54,15.59,56.21,0
219,0,77.54,97.16,94.12,37.89,12.30,61.44,0
219,1,74.96,97.67,91.81,37.67,12.52,61.06,0
219,2,74.74,97.38,94.55,37.68,12.25,62.50,0
219,3,78.23,97.14,94.38,36.88,12.84,60.56,0
219,4,76.63,97.12,91.67,37.38,12.30,60.33,0
219,5,75.03,97.20,95.00,37.57,13.15,58.95,0
219,6,76.47,97.46,96.03,36.07,13.38,59.14,0
219,7,74.85,97.40,92.69,36.40,12.49,60.46,0
219,8,76.80,97.40,91.03,37.67,13.04,60.37,0
219,9,74.78,97.49,93.21,36.72,12.67,58.90,0
219,10,75.17,97.52,93.46,37.98,13.02,59.23,0
219,11,76.33,97.36,92.82,37.50,12.58,61.07,0
219,12,76.84,97.82,89.62,37.29,12.54,59.27,0
219,13,76.88,97.35,93.84,37.69,13.39,61.48,0
219,14,73.56,97.31,91.60,36.84,12.83,59.87,0
219,15,74.59,97.20,89.42,37.94,12.94,60.48,0
219,16,74.55,97.20,93.36,36.71,12.71,62.35,0
219,17,76.32,97.82,89.78,37.31,13.26,61.89,0
219,18,74.47,97.55,90.87,37.02,12.63,58.99,0
219,19,74.36,97.52,93.14,36.09,13.17,60.34,0
220,0,79.83,98.56,86.68,34.41,10.37,50.11,0
220,1,78.74,99.04,88.48,34.02,10.29,50.84,0
220,2,78.51,98.64,87.22,34.21,11.34,52.66,0
220,3,80.27,98.94,83.54,35.50,10.29,51.93,0
220,4,78.08,98.59,85.45,35.38,10.32,48.82,0
220,5,78.34,98.80,89.03,34.32,11.32,50.39,0
220,6,78.78,98.58,84.06,34.21,11.10,49.08,0
220,7,77.23,98.71,86.33,34.91,10.58,52.42,0
220,8,79.80,98.45,88.34,34.67,10.72,50.04,0
220,9,77.43,98.44,84.30,35.73,11.33,51.64,0
220,10,79.61,99.01,87.47,35.81,11.02,50.31,0
220,11,77.72,98.55,85.24,34.52,10.98,50.90,0
220,12,78.59,98.91,82.36,35.89,10.98,50.77,0
220,13,76.12,98.97,82.22,34.82,11.27,52.14,0
220,14,75.46,98.31,83.02,35.20,11.27,51.56,0
220,15,75.59,98.79,84.40,34.77,10.47,51.94,0
220,16,76.12,98.48,86.98,34.24,11.38,52.53,0
220,17,76.97,98.75,85.50,34.68,10.92,51.21,0
220,18,76.60,98.58,85.59,35.49,11.06,48.92,0
220,19,78.47,98.69,82.75,33.94,11.28,51.20,0
221,0,80.68,98.50,83.52,38.67,10.64,48.19,0
221,1,82.20,98.38,79.59,38.48,10.19,50.69,0
221,2,80.68,98.76,81.87,38.90,10.04,49.18,0
221,3,82.80,98.60,84.34,39.27,10.78,48.68,0
221,4,80.61,98.47,79.70,38.00,10.46,50.08,0
221,5,80.65,98.75,81.52,38.25,9.92,51.64,0
221,6,81.41,98.42,80.53,39.12,10.06,49.82,0
221,7,80.64,98.89,84.03,38.23,10.07,50.04,0
221,8,80.65,99.05,83.41,39.66,9.92,50.54,0
221,9,80.82,99.00,82.24,39.07,11.08,49.41,0
221,10,86.44,96.96,76.71,38.97,10.96,56.47,0
221,11,89.50,96.01,72.97,38.87,10.96,59.64,0
221,12,90.40,95.55,67.89,38.55,10.17,61.78,1
221,13,89.32,95.94,69.74,38.86,10.54,57.90,0
221,14,88.94,96.67,75.53,39.21,10.56,54.37,0
221,15,79.15,98.28,79.31,39.47,10.52,49.01,0
221,16,80.95,98.99,83.51,38.15,10.80,51.30,0
221,17,81.69,98.28,78.89,39.43,10.72,50.61,0
221,18,79.68,98.49,82.68,39.06,10.05,51.00,0
221,19,79.48,98.74,80.81,38.24,10.69,49.43,0
222,0,87.36,98.31,79.57,37.99,13.94,49.15,0
222,1,86.15,97.72,79.94,38.39,14.34,48.27,0
222,2,87.81,98.24,78.59,37.90,14.37,51.20,0
222,3,88.24,97.86,80.25,39.19,14.99,50.51,0
222,4,85.79,97.92,77.66,37.35,13.98,49.86,0
222,5,88.60,97.68,77.50,37.93,14.86,49.51,0
222,6,87.94,97.79,80.18,38.97,14.22,48.01,0
222,7,84.99,98.15,81.61,38.47,14.52,48.58,0
222,8,86.44,97.88,77.04,37.82,13.85,49.15,0
222,9,87.78,98.23,76.84,38.99,13.95,50.27,0
222,10,93.00,95.88,71.19,37.36,14.55,54.80,0
222,11,93.99,95.43,67.40,39.00,14.44,56.33,0
222,12,96.88,94.56,64.58,38.25,14.85,58.62,1
222,13,97.01,95.55,72.39,39.06,14.45,58.61,0
222,14,93.20,96.07,70.88,38.72,14.32,57.78,0
222,15,84.85,98.28,77.26,39.08,14.50,51.41,0
222,16,87.05,97.58,77.03,38.33,14.43,48.16,0
222,17,84.18,98.05,81.75,39.11,14.91,51.74,0
222,18,84.73,97.87,76.60,38.99,14.93,49.64,0
222,19,86.81,97.84,82.22,38.20,14.47,51.56,0
223,0,72.07,96.89,87.45,36.91,14.66,51.11,0
223,1,71.00,97.40,88.75,37.05,15.55,51.80,0
223,2,73.72,96.89,87.48,37.29,15.78,51.66,0
223,3,70.89,97.36,86.01,35.65,15.80,51.33,0
223,4,72.98,96.93,87.63,35.57,15.83,49.79,0
223,5,71.70,97.02,85.04,36.19,15.22,49.49,0
223,6,74.32,96.92,89.81,36.35,14.99,52.76,0
223,7,73.34,96.78,88.86,37.24,14.82,52.81,0
223,8,74.05,96.82,85.21,37.15,15.29,49.77,0
223,9,79.28,94.99,79.78,35.52,14.96,58.45,0
223,10,83.76,94.26,80.21,36.63,15.43,58.93,0
223,11,83.94,94.01,76.16,36.28,14.77,62.21,1
223,12,82.37,94.64,77.63,36.10,15.24,60.97,0
223,13,80.43,95.18,78.11,36.58,14.91,58.89,0
223,14,73.13,96.96,88.43,37.23,14.84,49.99,0
223,15,72.31,97.35,89.32,35.50,15.31,50.38,0
223,16,73.24,96.74,86.03,35.99,15.12,52.58,0
223,17,70.01,97.06,83.77,36.21,14.87,53.46,0
223,18,72.09,97.43,89.00,36.11,15.04,52.17,0
223,19,72.62,96.99,89.13,35.38,15.48,50.86,0
224,0,84.16,97.78,88.95,37.21,11.84,55.59,0
224,1,83.64,97.15,89.53,37.39,12.22,57.13,0
224,2,84.19,97.09,92.82,37.12,11.60,54.91,0
224,3,83.73,97.37,89.79,37.27,11.53,55.39,0
224,4,86.10,97.27,88.45,37.97,12.20,56.10,0
224,5,84.34,97.56,92.25,37.84,11.93,53.88,0
224,6,83.39,97.37,90.25,38.22,12.33,55.74,0
224,7,83.29,97.65,88.03,36.72,11.47,54.72,0
224,8,84.61,97.19,93.16,37.01,11.71,57.17,0
224,9,83.19,97.15,91.89,38.13,11.88,54.31,0
224,10,82.93,97.51,89.56,37.88,11.32,54.13,0
224,11,81.71,97.62,90.23,38.01,11.42,57.03,0
224,12,84.56,97.35,90.15,38.01,11.49,55.38,0
224,13,82.29,97.60,87.49,38.04,11.46,55.95,0
224,14,83.38,97.13,88.46,38.07,11.73,55.24,0
224,15,81.87,97.30,92.19,36.86,11.95,54.75,0
224,16,81.22,97.41,91.22,38.26,11.35,55.33,0
224,17,83.78,97.67,87.39,36.60,11.80,57.51,0
224,18,82.39,97.43,92.98,37.08,11.91,56.80,0
224,19,85.47,97.42,90.13,38.11,11.42,57.31,0
225,0,76.38,98.09,81.28,36.94,14.68,59.49,0
225,1,75.72,97.95,84.15,35.78,14.26,58.74,0
225,2,76.42,97.97,82.15,36.63,14.88,58.46,0
225,3,78.09,98.08,81.09,36.01,13.92,60.05,0
225,4,75.38,97.71,85.34,35.84,14.83,60.95,0
225,5,76.45,97.61,82.15,35.96,14.84,57.26,0
225,6,78.18,98.02,81.89,36.90,14.03,57.26,0
225,7,75.11,97.67,80.73,36.31,14.59,57.66,0
225,8,75.53,97.93,82.91,37.11,14.68,60.61,0
225,9,76.53,97.67,84.29,36.60,14.56,58.13,0
225,10,76.58,97.55,84.42,37.01,14.75,57.24,0
225,11,73.72,97.60,84.28,36.11,14.72,57.27,0
225,12,73.37,97.52,82.90,35.70,14.02,59.78,0
225,13,75.49,97.99,83.18,36.88,14.94,57.54,0
225,14,74.74,97.89,81.91,36.34,14.63,58.86,0
225,15,73.99,97.65,79.62,35.51,13.90,60.75,0
225,16,73.85,97.70,82.21,35.62,14.33,58.41,0
225,17,74.36,98.18,84.45,36.40,14.85,59.11,0
225,18,74.34,97.80,80.24,35.69,15.07,60.32,0
225,19,75.84,98.19,81.06,36.94,14.32,57.50,0
226,0,85.29,97.94,88.78,34.68,12.64,57.61,0
226,1,83.59,98.14,86.99,33.69,12.82,58.00,0
226,2,85.58,98.48,84.96,33.28,11.89,58.29,0
226,3,82.39,98.10,86.98,33.84,11.78,59.81,0
226,4,83.73,97.84,87.79,33.99,12.66,60.21,0
226,5,85.32,98.53,88.27,33.98,12.73,58.89,0
226,6,83.67,98.26,87.61,32.84,12.34,59.14,0
226,7,82.13,98.24,87.07,33.90,12.27,58.61,0
226,8,83.34,98.10,87.41,33.13,11.77,57.58,0
226,9,83.44,98.18,84.75,33.03,12.44,60.27,0
226,10,83.57,98.53,87.51,34.14,12.58,57.47,0
226,11,83.40,98.08,89.47,34.05,12.80,59.72,0
226,12,83.88,97.87,88.37,34.54,12.35,59.42,0
226,13,81.52,98.49,86.71,33.04,12.02,59.07,0
226,14,81.50,98.31,88.27,33.71,11.90,58.91,0
226,15,81.81,98.04,88.96,34.16,12.30,59.88,0
226,16,84.17,98.11,88.26,33.44,12.91,57.86,0
226,17,82.35,98.43,86.24,34.49,12.25,61.28,0
226,18,82.15,98.31,89.35,33.84,12.85,60.37,0
226,19,82.13,98.19,87.85,33.02,12.31,57.73,0
227,0,73.85,97.86,82.48,36.21,14.25,44.68,0
227,1,75.20,98.06,87.24,36.86,13.39,42.59,0
227,2,72.75,98.39,84.15,36.98,13.96,44.18,0
227,3,73.54,97.86,86.12,35.95,13.41,44.05,0
227,4,75.82,98.28,83.88,37.59,14.55,44.42,0
227,5,73.91,98.36,84.36,36.60,13.90,41.55,0
227,6,74.49,98.32,87.94,35.99,14.51,44.25,0
227,7,74.73,97.82,83.66,36.13,14.52,42.71,0
227,8,83.48,96.21,77.03,37.10,13.78,49.17,0
227,9,83.80,95.64,74.19,36.54,13.75,49.34,0
227,10,86.33,95.50,72.73,37.86,13.52,52.07,1
227,11,81.69,95.86,75.22,36.18,13.40,52.17,0
227,12,82.64,95.93,77.01,37.43,13.86,50.80,0
227,13,73.13,98.31,85.96,37.41,14.56,42.67,0
227,14,73.72,98.33,84.18,37.34,14.39,44.84,0
227,15,74.61,97.89,84.05,37.47,13.79,45.07,0
227,16,72.22,98.24,81.62,37.73,13.39,41.79,0
227,17,75.05,98.30,85.34,36.54,14.23,41.51,0
227,18,72.41,98.32,82.73,36.36,14.30,43.53,0
227,19,72.79,98.48,88.18,36.03,13.70,42.63,0
228,0,77.00,99.25,86.43,34.19,15.14,49.74,0
228,1,79.37,99.10,88.69,34.86,14.55,49.26,0
228,2,78.64,98.56,87.63,34.22,14.35,49.33,0
228,3,80.02,98.87,90.61,34.30,14.70,50.10,0
228,4,78.29,98.82,89.52,33.62,14.97,46.94,0
228,5,79.29,98.93,90.38,33.32,14.94,46.83,0
228,6,81.24,98.75,87.75,33.98,14.38,49.62,0
228,7,79.87,98.64,89.74,33.89,15.27,47.39,0
228,8,78.40,99.25,90.36,34.68,14.85,47.63,0
228,9,78.50,98.99,88.08,33.85,14.49,47.69,0
228,10,77.35,98.89,85.29,34.10,14.60,49.20,0
228,11,80.06,98.82,87.19,33.72,14.81,49.43,0
228,12,77.63,98.79,86.13,35.26,15.23,47.14,0
228,13,76.84,99.26,87.17,33.98,15.20,49.01,0
228,14,77.06,99.14,90.00,34.14,14.91,50.17,0
228,15,78.33,99.08,84.45,35.25,14.37,48.84,0
228,16,78.93,98.73,89.23,35.21,14.63,48.16,0
228,17,79.45,98.63,86.92,33.37,14.57,46.86,0
228,18,76.51,98.89,89.20,33.85,14.27,47.35,0
228,19,80.04,99.22,88.79,34.07,14.34,48.31,0
229,0,81.68,98.40,88.21,36.02,14.78,56.50,0
229,1,81.36,98.69,84.67,36.57,14.90,56.03,0
229,2,81.56,98.61,89.73,36.32,14.23,55.84,0
229,3,82.03,98.75,89.60,35.80,14.39,54.95,0
229,4,82.16,98.36,86.93,35.97,15.06,57.66,0
229,5,82.26,98.66,88.94,36.15,15.13,58.69,0
229,6,82.24,98.39,86.26,37.33,15.00,57.71,0
229,7,83.90,98.51,90.80,35.78,15.08,55.06,0
229,8,84.05,98.34,88.88,36.01,14.40,55.38,0
229,9,83.96,98.46,90.35,36.84,15.16,56.42,0
229,10,80.14,98.27,88.94,36.21,14.27,55.37,0
229,11,82.10,98.99,87.72,37.31,14.11,58.44,0
229,12,79.44,98.58,89.21,35.70,14.45,58.38,0
229,13,79.29,98.41,85.78,36.10,14.44,57.47,0
229,14,83.08,98.33,85.34,36.60,14.50,57.13,0
229,15,83.00,98.81,85.56,37.21,15.08,57.62,0
229,16,82.89,98.62,85.02,37.30,14.69,58.27,0
229,17,81.07,98.25,84.74,37.19,14.36,58.06,0
229,18,80.51,98.93,84.14,35.80,14.86,57.50,0
229,19,84.00,98.86,89.07,35.87,14.53,58.91,0
230,0,71.09,98.40,78.22,37.96,11.92,53.29,0
230,1,71.17,98.48,80.22,39.36,11.25,52.70,0
230,2,71.46,98.62,80.39,38.26,11.50,52.93,0
230,3,74.31,97.97,81.59,39.26,10.98,54.30,0
230,4,74.05,98.00,78.93,37.74,11.43,51.56,0
230,5,72.38,97.97,82.88,38.17,11.01,51.32,0
230,6,74.86,98.45,78.85,38.59,11.56,54.34,0
230,7,72.79,98.62,80.67,38.96,11.22,51.04,0
230,8,71.83,98.50,78.31,38.69,11.11,51.39,0
230,9,73.83,98.16,80.71,38.32,11.52,53.32,0
230,10,71.78,97.93,78.83,38.27,11.67,51.23,0
230,11,72.32,98.57,81.75,38.37,11.44,53.69,0
230,12,70.99,98.14,79.85,39.20,11.42,51.10,0
230,13,70.91,97.92,81.68,37.92,11.93,53.19,0
230,14,73.55,98.49,75.98,39.06,11.51,53.48,0
230,15,71.56,98.35,77.52,38.78,11.10,52.46,0
230,16,71.78,97.98,78.18,38.48,11.08,52.10,0
230,17,70.56,98.59,78.59,38.53,11.26,53.91,0
230,18,72.27,97.91,82.39,38.71,11.02,52.39,0
230,19,73.15,98.06,78.41,39.13,11.38,54.03,0
231,0,78.23,97.20,94.54,37.31,13.12,57.91,0
231,1,81.43,97.54,99.09,38.64,12.51,56.50,0
231,2,79.92,97.22,94.54,37.63,13.08,58.12,0
231,3,80.19,97.73,98.92,38.57,12.42,57.39,0
231,4,81.27,97.47,95.62,37.29,13.33,58.16,0
231,5,82.12,97.51,99.62,37.86,12.91,55.75,0
231,6,81.09,97.63,98.53,37.14,12.78,54.69,0
231,7,78.84,97.34,96.70,38.44,12.59,57.93,0
231,8,80.32,97.06,96.35,38.74,12.55,56.87,0
231,9,80.71,97.33,93.21,37.89,12.78,55.19,0
231,10,87.37,95.63,90.91,36.93,13.33,62.95,0
231,11,89.06,94.55,87.40,38.54,13.02,66.24,0
231,12,89.15,94.36,82.66,38.47,13.01,67.53,1
231,13,87.41,95.33,84.55,37.72,12.93,65.94,0
231,14,86.22,95.08,87.97,37.57,13.08,61.21,0
231,15,77.76,97.23,93.77,38.08,12.97,57.26,0
231,16,78.17,97.19,94.94,38.63,12.57,55.52,0
231,17,77.78,97.68,94.62,37.94,13.26,57.85,0
231,18,77.98,97.84,96.91,37.34,12.63,56.26,0
231,19,81.21,97.13,93.79,38.46,13.00,57.85,0
232,0,73.41,97.84,88.16,36.25,12.48,54.96,0
232,1,72.95,97.78,90.07,35.79,12.86,55.70,0
232,2,75.44,97.37,87.29,35.66,12.77,55.60,0
232,3,72.33,97.94,89.61,36.68,12.53,55.92,0
232,4,74.50,97.66,88.39,36.52,12.07,57.54,0
232,5,75.38,97.41,90.57,37.11,12.37,53.97,0
232,6,74.36,97.65,86.35,37.21,11.96,56.70,0
232,7,72.08,97.92,86.89,35.95,12.85,56.35,0
232,8,75.31,97.22,88.05,37.28,12.55,55.72,0
232,9,75.08,97.87,85.87,35.58,13.00,57.27,0
232,10,74.29,97.79,87.45,37.32,12.46,55.79,0
232,11,73.34,98.00,88.58,36.10,12.67,54.28,0
232,12,71.81,97.31,88.72,35.45,12.72,56.11,0
232,13,71.53,97.42,88.03,37.18,12.79,54.09,0
232,14,72.18,97.86,87.61,36.22,11.94,55.85,0
232,15,73.92,97.55,87.22,36.06,12.15,54.86,0
232,16,71.54,97.23,86.06,37.03,12.81,56.76,0
232,17,74.46,97.61,85.92,36.24,12.80,55.23,0
232,18,73.84,97.87,84.77,36.68,13.03,56.17,0
232,19,72.01,97.88,90.11,36.30,12.66,56.17,0
233,0,74.45,99.30,83.75,37.18,11.34,50.86,0
233,1,72.63,98.98,80.62,35.54,10.84,53.06,0
233,2,75.15,98.63,82.78,37.01,10.79,51.74,0
233,3,72.15,98.96,81.12,35.90,11.01,51.37,0
233,4,74.51,98.89,85.94,35.48,11.29,53.35,0
233,5,74.10,99.30,82.26,37.31,11.59,52.02,0
233,6,71.95,99.32,84.14,36.41,11.24,50.58,0
233,7,71.98,99.18,85.55,36.93,11.38,52.35,0
233,8,73.24,98.84,85.46,37.17,11.10,52.90,0
233,9,72.99,99.08,83.85,35.97,10.78,51.05,0
233,10,72.26,98.83,85.71,35.85,11.12,51.37,0
233,11,72.68,99.36,81.32,37.16,11.43,51.08,0
233,12,73.86,99.08,85.42,37.26,10.71,52.51,0
233,13,72.31,99.32,84.02,35.95,11.21,51.17,0
233,14,70.15,99.14,82.42,36.44,11.11,50.94,0
233,15,73.75,99.21,84.23,36.02,10.71,51.03,0
233,16,71.02,99.29,81.54,36.37,10.82,52.87,0
233,17,71.74,99.06,83.65,36.56,11.75,53.30,0
233,18,73.66,99.02,83.33,37.39,11.45,51.02,0
233,19,72.91,98.65,85.17,36.77,10.81,53.09,0
234,0,71.19,98.12,80.07,39.23,15.09,50.19,0
234,1,69.33,98.29,76.31,39.65,15.94,51.58,0
234,2,71.08,98.29,80.36,39.30,15.89,51.72,0
234,3,73.17,97.76,79.73,39.39,14.85,50.75,0
234,4,71.67,98.26,79.92,39.07,15.05,49.60,0
234,5,70.75,98.23,80.82,37.99,15.32,50.09,0
234,6,69.58,98.37,78.43,39.17,15.65,50.96,0
234,7,71.10,97.84,81.61,37.86,15.76,53.06,0
234,8,69.69,97.92,80.10,38.52,14.90,52.42,0
234,9,72.50,98.33,79.00,38.40,15.10,51.05,0
234,10,71.48,98.03,78.99,39.64,15.63,50.07,0
234,11,72.02,97.96,77.37,38.66,15.75,49.19,0
234,12,69.51,97.87,77.49,37.96,15.30,52.37,0
234,13,70.18,98.08,80.64,38.93,15.47,52.66,0
234,14,69.84,98.43,78.61,39.55,15.11,51.50,0
234,15,70.93,98.25,78.75,39.46,16.04,50.11,0
234,16,71.75,98.09,78.18,39.06,15.01,50.79,0
234,17,70.95,98.24,78.35,39.07,14.90,52.37,0
234,18,70.32,98.34,77.90,39.19,15.79,52.01,0
234,19,71.03,97.80,81.08,39.13,15.42,52.05,0
235,0,70.19,97.01,90.69,36.73,10.82,48.99,0
235,1,72.07,97.10,93.22,38.19,10.76,49.29,0
235,2,72.00,97.52,95.11,37.25,10.25,48.58,0
235,3,68.99,97.56,95.93,36.94,10.80,49.24,0
235,4,69.91,96.85,95.28,36.37,9.91,49.03,0
235,5,72.70,97.60,93.39,36.85,10.44,50.17,0
235,6,70.15,97.32,93.67,37.15,10.84,49.37,0
235,7,68.92,96.99,90.72,36.94,10.55,51.31,0
235,8,71.95,97.28,94.39,37.42,10.61,48.39,0
235,9,70.32,96.98,92.07,37.90,10.93,51.25,0
235,10,70.20,97.53,90.92,36.76,9.78,51.30,0
235,11,71.53,97.27,91.18,36.74,9.96,51.03,0
235,12,70.38,97.31,89.26,37.35,10.09,50.48,0
235,13,68.77,97.56,91.20,38.13,9.98,50.08,0
235,14,69.91,97.13,90.52,36.96,10.68,49.35,0
235,15,68.47,97.24,92.81,37.64,10.82,47.92,0
235,16,68.37,97.48,90.22,36.68,10.22,48.25,0
235,17,70.16,97.33,91.68,38.11,10.79,48.22,0
235,18,68.62,97.61,94.98,37.70,10.32,48.06,0
235,19,70.36,97.33,93.94,37.60,10.48,50.41,0
236,0,81.37,98.72,98.91,38.41,13.95,45.72,0
236,1,82.08,98.57,94.76,38.38,14.05,44.47,0
236,2,84.65,98.55,94.40,38.10,14.34,45.70,0
236,3,84.18,98.18,97.08,38.05,13.70,45.14,0
236,4,84.26,98.31,96.96,38.85,14.32,45.08,0
236,5,84.81,98.68,98.20,39.17,14.38,45.30,0
236,6,82.68,98.67,96.31,38.12,13.77,45.90,0
236,7,82.94,98.40,94.36,38.66,14.44,44.33,0
236,8,83.60,98.50,99.28,38.58,13.86,46.22,0
236,9,83.90,98.86,95.87,39.00,14.30,44.81,0
236,10,85.04,98.63,97.33,39.56,14.13,47.30,0
236,11,82.72,98.17,96.66,39.25,14.58,44.31,0
236,12,80.96,98.46,96.71,37.78,14.42,47.53,0
236,13,81.47,98.24,94.26,38.50,13.44,45.13,0
236,14,81.93,98.37,93.87,37.96,13.47,47.54,0
236,15,84.30,98.59,97.61,38.06,13.61,46.66,0
236,16,83.86,98.45,96.55,38.21,14.56,47.18,0
236,17,82.75,98.75,95.22,39.42,13.78,43.80,0
236,18,84.72,98.65,92.93,38.75,13.84,46.37,0
236,19,85.11,98.64,96.38,38.53,14.02,45.11,0
237,0,79.76,98.63,95.04,37.17,12.67,46.32,0
237,1,76.35,98.58,92.21,38.53,12.44,48.93,0
237,2,78.70,99.24,91.18,37.13,12.63,49.04,0
237,3,78.53,98.62,91.21,37.16,12.78,46.03,0
237,4,78.54,99.16,92.03,37.96,12.82,48.96,0
237,5,79.95,99.25,95.94,37.89,12.57,48.62,0
237,6,80.56,98.82,93.06,37.23,12.53,47.43,0
237,7,78.60,99.07,91.24,37.70,13.27,46.90,0
237,8,77.93,98.63,92.49,38.31,12.49,46.38,0
237,9,76.33,99.07,92.91,38.33,13.01,47.86,0
237,10,79.59,98.82,92.07,37.84,12.21,46.66,0
237,11,79.35,99.27,91.99,37.59,12.36,45.42,0
237,12,77.12,98.66,93.39,38.13,12.92,48.67,0
237,13,79.09,99.25,93.56,38.63,12.34,47.00,0
237,14,76.99,98.49,92.08,38.19,12.71,47.98,0
237,15,76.24,98.62,92.31,38.51,12.45,49.10,0
237,16,75.55,99.25,92.32,38.56,12.73,45.34,0
237,17,79.09,99.26,94.45,37.67,12.50,45.75,0
237,18,77.74,98.77,89.15,38.26,13.08,48.52,0
237,19,79.28,99.28,90.43,36.91,12.20,45.66,0
238,0,74.91,98.24,97.14,34.31,10.72,48.74,0
238,1,73.18,97.84,97.34,33.14,10.12,49.78,0
238,2,77.16,98.03,95.54,33.49,10.02,50.45,0
238,3,75.36,97.77,97.76,33.17,10.21,50.89,0
238,4,77.37,98.19,96.04,33.35,10.22,50.12,0
238,5,73.60,98.15,98.17,33.14,10.79,48.67,0
238,6,75.99,98.08,94.52,34.08,10.77,49.42,0
238,7,77.17,98.25,98.37,34.20,9.96,49.61,0
238,8,74.05,98.29,94.20,33.44,10.64,50.83,0
238,9,75.07,97.89,95.78,33.19,10.63,51.40,0
238,10,75.34,98.22,92.50,33.56,9.87,49.64,0
238,11,74.72,98.25,96.84,33.60,10.54,49.63,0
238,12,73.57,98.28,94.73,33.91,9.95,49.39,0
238,13,75.22,97.81,95.80,33.20,10.93,49.24,0
238,14,73.02,98.16,92.01,33.30,10.42,49.16,0
238,15,74.39,97.95,91.58,33.82,10.82,51.44,0
238,16,73.26,98.07,96.84,34.03,11.01,48.59,0
238,17,74.58,98.27,93.92,34.72,10.83,50.71,0
238,18,73.30,97.60,94.07,33.45,10.15,49.04,0
238,19,73.33,97.99,97.94,34.52,11.01,48.72,0
239,0,82.05,97.57,89.51,36.37,10.15,49.93,0
239,1,79.67,97.78,89.25,37.09,10.82,51.85,0
239,2,80.37,98.25,88.57,37.95,10.12,51.83,0
239,3,80.43,97.69,90.80,36.59,9.93,51.71,0
239,4,81.15,98.03,90.52,36.43,10.29,51.00,0
239,5,79.17,97.69,88.47,36.97,10.71,50.32,0
239,6,81.13,98.25,92.14,37.54,10.82,51.62,0
239,7,81.09,97.54,92.22,37.65,10.34,48.96,0
239,8,82.23,97.89,86.33,37.22,10.00,51.04,0
239,9,80.90,98.04,91.19,37.51,10.37,50.78,0
239,10,81.22,97.57,90.66,37.69,10.21,50.78,0
239,11,80.28,98.25,85.87,37.73,10.11,49.62,0
239,12,81.56,98.00,86.94,37.76,10.46,48.53,0
239,13,81.15,98.08,85.75,36.96,9.97,51.99,0
239,14,80.17,97.85,90.77,37.23,10.62,48.63,0
239,15,80.11,98.14,87.14,36.61,10.78,51.33,0
239,16,77.71,98.09,88.80,36.69,9.85,50.35,0
239,17,78.26,97.54,86.07,37.37,10.35,50.47,0
239,18,79.72,98.12,85.68,37.62,10.60,51.32,0
239,19,80.43,97.75,90.93,37.80,9.79,51.93,0
240,0,71.95,97.55,96.83,34.50,13.69,42.57,0
240,1,71.78,97.45,97.51,33.53,12.81,43.98,0
240,2,69.71,97.68,96.63,33.18,13.80,41.04,0
240,3,73.30,97.01,97.87,34.33,13.31,44.41,0
240,4,70.53,97.49,98.61,34.11,12.75,42.21,0
240,5,70.57,97.72,98.40,34.15,13.63,44.13,0
240,6,73.58,96.97,95.55,33.46,12.81,41.49,0
240,7,73.60,97.00,98.80,32.93,12.69,40.91,0
240,8,70.73,97.69,95.47,34.57,12.92,42.50,0
240,9,71.07,96.98,94.98,33.96,13.35,41.49,0
240,10,72.26,96.98,96.71,33.20,12.76,41.44,0
240,11,69.57,97.31,93.88,33.87,12.83,44.45,0
240,12,72.28,97.46,98.69,33.55,13.47,42.69,0
240,13,69.24,97.10,96.80,34.05,12.93,41.40,0
240,14,69.07,97.25,97.29,33.18,12.78,43.87,0
240,15,71.17,97.31,95.57,34.75,13.13,41.12,0
240,16,71.32,97.65,98.85,33.91,13.55,43.10,0
240,17,68.65,97.65,97.84,33.37,13.65,43.07,0
240,18,71.14,97.09,95.55,34.17,12.96,42.35,0
240,19,71.56,97.18,98.56,33.48,13.74,43.62,0
241,0,70.47,97.35,84.32,37.68,14.91,53.71,0
241,1,73.52,97.51,85.85,37.61,14.37,53.21,0
241,2,74.72,97.59,80.68,37.61,15.05,53.37,0
241,3,71.37,97.31,86.18,37.11,14.06,52.79,0
241,4,72.88,97.93,81.54,38.48,14.69,52.65,0
241,5,74.23,97.27,86.45,37.84,14.87,53.00,0
241,6,74.32,97.66,83.18,36.58,14.53,51.51,0
241,7,73.48,97.77,82.49,38.14,15.02,52.39,0
241,8,72.45,97.64,82.07,37.97,14.67,53.71,0
241,9,72.84,97.79,80.17,37.30,14.04,55.07,0
241,10,71.86,97.80,83.95,37.79,14.80,52.54,0
241,11,71.86,97.45,83.38,37.82,14.75,52.87,0
241,12,69.94,97.25,82.78,38.34,14.65,53.00,0
241,13,69.59,97.70,84.82,38.32,14.52,51.77,0
241,14,69.53,97.24,81.65,37.29,13.95,51.60,0
241,15,71.01,97.54,81.71,37.54,14.60,54.46,0
241,16,70.94,97.20,84.90,36.62,14.27,53.84,0
241,17,72.22,97.83,84.30,38.39,14.67,53.65,0
241,18,74.05,97.75,80.17,37.78,14.34,53.28,0
241,19,74.22,97.62,81.14,37.74,14.64,54.13,0
242,0,72.53,97.50,91.91,34.85,11.89,60.50,0
242,1,74.40,97.38,89.29,34.29,12.02,59.79,0
242,2,71.10,97.45,92.68,34.46,11.56,62.54,0
242,3,73.96,97.17,93.45,34.76,11.22,60.92,0
242,4,73.95,97.44,89.35,34.07,11.40,60.14,0
242,5,75.10,97.54,91.07,33.69,11.27,59.14,0
242,6,71.74,97.22,90.59,34.03,11.65,59.37,0
242,7,73.43,97.31,90.50,34.35,11.80,59.89,0
242,8,74.66,97.70,92.81,34.95,11.78,59.63,0
242,9,74.32,97.14,89.49,34.20,12.18,59.65,0
242,10,70.94,97.74,87.44,35.62,11.50,59.56,0
242,11,72.85,97.18,88.35,35.18,11.40,59.65,0
242,12,71.67,97.58,90.13,35.26,12.23,62.05,0
242,13,69.87,97.44,91.23,35.60,11.38,60.68,0
242,14,71.36,97.42,92.07,34.29,11.17,59.06,0
242,15,72.43,97.86,87.69,34.15,12.31,61.35,0
242,16,69.97,97.66,91.87,34.22,11.85,60.63,0
242,17,69.90,97.33,89.52,35.01,11.31,62.55,0
242,18,72.56,97.28,87.39,34.79,11.36,60.63,0
242,19,72.02,97.32,90.38,34.87,11.75,62.45,0
243,0,71.13,97.75,79.82,34.29,10.52,48.35,0
243,1,72.17,97.26,81.50,35.71,9.41,48.31,0
243,2,70.14,97.00,80.18,35.49,10.60,45.80,0
243,3,72.38,97.59,81.13,35.29,9.54,47.04,0
243,4,70.16,97.77,76.47,34.14,9.95,48.39,0
243,5,70.45,97.15,80.32,35.58,9.86,47.78,0
243,6,71.40,97.67,80.04,34.55,10.25,45.43,0
243,7,70.50,97.47,79.68,35.23,10.28,46.06,0
243,8,72.09,97.14,77.12,35.52,10.09,46.11,0
243,9,78.64,95.66,74.72,34.26,9.52,54.93,0
243,10,81.76,94.98,71.72,34.06,10.30,56.35,0
243,11,80.91,94.25,66.93,33.85,9.86,55.68,1
243,12,80.33,94.77,66.24,35.28,9.96,55.18,0
243,13,79.59,95.34,70.29,35.38,9.93,52.19,0
243,14,70.45,97.27,78.53,34.63,9.95,47.27,0
243,15,71.29,97.18,79.34,35.15,10.12,45.50,0
243,16,68.89,97.11,80.05,35.37,10.11,46.72,0
243,17,70.73,97.56,79.97,33.92,9.79,45.98,0
243,18,69.34,97.55,77.61,34.45,9.82,47.77,0
243,19,71.63,97.78,76.65,35.04,10.02,46.65,0
244,0,90.38,97.55,82.43,33.40,12.47,57.68,0
244,1,91.01,97.46,80.50,34.23,12.22,59.49,0
244,2,87.99,97.12,80.92,34.29,11.87,59.24,0
244,3,91.62,96.86,85.63,33.99,12.78,59.54,0
244,4,90.69,97.17,83.54,34.51,12.30,59.31,0
244,5,90.16,97.33,84.00,33.70,12.23,58.23,0
244,6,88.65,96.84,83.87,33.26,12.65,60.69,0
244,7,91.14,97.15,80.70,34.69,12.09,60.31,0
244,8,89.71,96.89,85.10,34.21,11.96,58.40,0
244,9,91.01,96.91,79.46,34.75,12.48,57.99,0
244,10,97.18,95.58,74.94,34.13,11.94,66.34,0
244,11,100.45,94.75,75.49,34.73,12.41,65.59,0
244,12,102.02,94.31,68.23,33.02,12.63,69.12,1
244,13,98.21,94.83,70.16,34.48,12.11,66.84,0
244,14,96.84,95.42,75.04,33.58,12.36,64.45,0
244,15,87.38,96.91,80.81,33.76,12.57,60.54,0
244,16,88.79,96.89,79.87,33.58,11.77,60.32,0
244,17,90.07,97.21,81.76,34.49,12.75,59.54,0
244,18,91.10,97.40,81.07,33.93,12.38,61.17,0
244,19,87.58,97.30,82.95,34.65,11.80,58.97,0
245,0,79.88,97.37,91.15,37.83,12.87,54.36,0
245,1,78.83,97.12,90.80,36.74,13.08,56.95,0
245,2,81.94,97.35,94.15,37.45,13.03,57.18,0
245,3,81.74,97.09,91.61,37.52,12.19,54.19,0
245,4,81.69,96.65,93.96,36.81,12.79,56.44,0
245,5,79.87,97.23,89.56,37.01,12.75,56.03,0
245,6,81.39,96.77,93.25,37.34,12.77,54.92,0
245,7,81.87,97.11,93.70,36.76,12.53,55.54,0
245,8,80.63,96.69,90.02,38.11,12.25,56.90,0
245,9,79.62,97.34,93.42,37.21,12.08,55.97,0
245,10,80.09,97.36,88.24,37.88,13.18,53.77,0
245,11,81.37,97.06,89.99,37.12,13.12,55.90,0
245,12,78.89,96.85,87.76,36.77,12.98,55.41,0
245,13,79.36,97.05,91.52,37.21,12.86,55.52,0
245,14,79.87,96.95,91.16,37.06,13.21,56.11,0
245,15,81.06,96.82,88.63,36.78,13.19,56.08,0
245,16,79.34,96.68,91.77,38.08,12.38,56.79,0
245,17,78.82,96.78,89.10,37.85,12.67,56.91,0
245,18,81.77,96.77,88.92,37.32,13.15,55.33,0
245,19,82.51,96.74,89.93,37.62,12.18,55.53,0
246,0,81.81,98.08,90.57,35.94,14.01,52.02,0
246,1,84.08,98.02,93.67,34.73,13.74,50.03,0
246,2,85.33,98.52,93.42,35.22,14.10,50.90,0
246,3,83.74,98.08,93.39,34.70,14.13,50.37,0
246,4,85.39,98.58,90.23,35.00,13.97,49.72,0
246,5,83.96,98.41,92.74,34.86,13.57,50.81,0
246,6,83.92,98.17,91.89,35.58,13.45,49.56,0
246,7,82.36,97.83,93.82,34.88,13.38,51.26,0
246,8,84.46,98.00,93.84,34.81,14.31,49.90,0
246,9,84.19,97.86,92.02,36.42,14.19,51.62,0
246,10,83.59,98.14,92.05,35.69,13.89,51.58,0
246,11,83.69,98.41,91.52,34.98,14.18,49.97,0
246,12,80.88,98.56,88.64,35.54,14.29,51.78,0
246,13,82.83,98.35,92.65,35.60,13.78,50.41,0
246,14,81.97,98.09,92.67,35.11,13.70,49.76,0
246,15,84.14,98.25,91.51,35.99,14.23,51.93,0
246,16,82.81,98.26,90.50,34.71,13.70,50.38,0
246,17,80.87,98.21,90.51,35.58,13.25,52.70,0
246,18,81.53,97.98,89.21,36.16,13.58,49.35,0
246,19,84.77,97.89,94.13,34.94,13.39,49.69,0
247,0,79.22,97.32,83.51,35.56,11.42,54.66,0
247,1,80.14,97.46,84.24,34.68,12.19,57.42,0
247,2,81.81,97.50,87.07,33.98,11.24,53.79,0
247,3,78.98,97.44,85.08,35.38,11.91,56.86,0
247,4,80.08,97.58,83.56,34.14,12.19,53.72,0
247,5,81.50,97.44,83.17,35.42,11.84,57.02,0
247,6,81.81,97.50,87.09,34.72,11.98,56.98,0
247,7,80.32,97.76,87.73,34.12,11.35,57.11,0
247,8,78.28,97.50,82.62,34.18,11.19,53.56,0
247,9,78.66,97.67,83.55,34.66,11.66,57.17,0
247,10,78.03,97.50,82.95,34.39,11.92,56.48,0
247,11,80.82,97.27,84.74,35.60,11.38,57.03,0
247,12,78.32,97.75,83.40,34.90,11.42,53.96,0
247,13,80.72,97.39,81.45,34.30,11.23,56.16,0
247,14,80.79,97.65,81.12,33.93,11.81,54.15,0
247,15,79.35,97.53,85.24,35.45,11.50,55.48,0
247,16,79.64,97.37,86.03,34.07,11.43,54.52,0
247,17,78.59,97.32,86.99,34.16,12.14,55.58,0
247,18,80.04,97.73,82.30,34.08,11.67,54.97,0
247,19,81.13,97.90,82.22,34.87,11.47,54.51,0
248,0,85.96,97.46,88.94,36.15,15.47,44.07,0
248,1,87.54,97.95,88.83,36.16,15.36,45.75,0
248,2,87.71,97.73,87.20,35.19,15.32,43.03,0
248,3,86.57,97.93,86.39,34.30,15.96,44.59,0
248,4,85.26,97.90,87.85,35.17,15.96,46.69,0
248,5,88.67,97.87,84.44,34.36,15.88,44.31,0
248,6,87.91,97.79,90.04,36.03,16.21,45.28,0
248,7,88.83,97.95,84.12,35.99,16.03,45.92,0
248,8,85.35,97.49,85.49,35.04,16.40,43.72,0
248,9,87.57,97.58,87.20,35.21,16.35,44.80,0
248,10,86.89,97.50,84.56,36.03,15.34,44.56,0
248,11,86.62,97.81,89.09,34.60,16.17,44.84,0
248,12,83.90,97.68,88.70,35.79,15.31,46.15,0
248,13,85.17,97.42,83.26,35.92,15.61,44.45,0
248,14,86.16,97.67,87.15,35.87,15.58,43.72,0
248,15,86.51,97.47,86.85,35.23,15.51,45.26,0
248,16,85.17,97.35,87.24,35.42,15.49,43.09,0
248,17,86.82,98.07,85.85,35.81,15.67,44.98,0
248,18,84.99,98.09,85.05,35.81,15.35,46.13,0
248,19,85.86,97.95,89.15,35.87,15.54,45.47,0
249,0,88.56,97.50,93.60,35.59,12.83,55.92,0
249,1,89.84,98.05,91.82,35.00,13.26,59.26,0
249,2,90.34,97.38,93.16,35.98,13.19,59.22,0
249,3,90.85,97.39,97.28,35.03,13.33,58.21,0
249,4,89.37,97.95,92.65,36.66,13.29,58.36,0
249,5,90.93,97.71,97.39,34.79,13.84,56.69,0
249,6,90.46,97.76,93.71,36.23,13.21,59.09,0
249,7,88.28,97.87,95.28,36.62,13.31,57.74,0
249,8,88.46,97.48,91.90,36.60,13.46,57.53,0
249,9,90.09,97.62,96.31,36.27,13.88,56.43,0
249,10,90.11,97.97,94.37,35.52,13.06,59.05,0
249,11,86.06,97.97,92.41,36.72,13.78,58.57,0
249,12,88.22,97.46,95.36,34.83,13.81,58.51,0
249,13,85.93,97.79,92.94,35.93,13.47,56.29,0
249,14,88.12,97.31,96.34,35.61,12.99,57.43,0
249,15,87.38,97.36,94.65,34.95,13.77,57.59,0
249,16,87.01,98.05,93.63,36.22,13.94,57.92,0
249,17,87.00,97.65,93.38,35.40,13.22,56.95,0
249,18,88.92,97.98,94.47,34.99,13.67,56.74,0
249,19,89.60,97.60,93.07,35.54,13.74,56.41,0
250,0,82.81,98.35,93.26,36.77,14.77,41.43,0
250,1,82.39,98.56,96.74,35.96,13.83,43.50,0
250,2,82.50,98.56,95.88,36.80,14.05,44.08,0
250,3,82.74,98.31,94.66,35.93,14.20,41.34,0
250,4,85.25,98.15,94.12,37.04,14.12,44.05,0
250,5,83.35,98.72,96.52,35.89,14.70,44.22,0
250,6,83.02,98.10,96.31,37.13,14.15,42.95,0
250,7,85.15,98.05,93.20,36.64,14.26,42.62,0
250,8,81.98,98.68,94.32,37.21,13.99,41.99,0
250,9,83.33,98.16,91.63,35.56,14.69,43.41,0
250,10,84.19,98.38,93.31,37.27,14.78,41.46,0
250,11,80.42,98.02,96.20,36.82,14.16,41.27,0
250,12,80.89,98.33,90.87,36.99,14.16,42.05,0
250,13,83.98,98.21,95.02,36.94,14.51,42.65,0
250,14,81.76,98.39,94.52,36.05,14.54,43.15,0
250,15,83.58,98.20,92.47,37.29,13.74,44.21,0
250,16,81.14,98.78,91.70,37.28,14.51,42.41,0
250,17,82.90,98.36,93.69,35.82,14.65,43.94,0
250,18,81.93,98.62,96.07,36.62,13.89,42.88,0
250,19,84.75,98.06,96.25,36.97,14.36,42.24,0
251,0,82.63,97.54,80.22,38.44,10.69,58.05,0
251,1,86.15,97.70,81.47,37.60,10.47,57.44,0
251,2,83.15,97.79,84.97,37.32,11.31,60.52,0
251,3,83.51,97.31,84.66,37.28,11.35,57.64,0
251,4,84.35,97.57,84.83,38.10,10.24,57.76,0
251,5,84.36,97.69,82.30,38.04,10.92,59.05,0
251,6,83.56,97.37,82.70,38.15,10.38,61.17,0
251,7,85.31,97.95,83.60,38.81,10.63,60.07,0
251,8,85.27,97.71,82.26,38.06,10.97,57.37,0
251,9,82.54,97.36,82.17,37.26,10.42,61.21,0
251,10,83.60,97.69,82.72,37.53,11.12,59.86,0
251,11,84.44,97.87,79.73,37.97,11.17,60.30,0
251,12,83.01,97.86,84.64,38.75,10.57,57.52,0
251,13,83.28,97.74,79.17,37.32,11.01,58.97,0
251,14,84.10,97.24,84.29,37.83,10.52,59.01,0
251,15,81.31,97.41,84.67,38.06,11.39,59.57,0
251,16,83.01,97.68,79.64,39.08,10.26,59.52,0
251,17,83.92,97.54,83.83,38.49,11.38,60.72,0
251,18,82.05,97.53,84.43,37.93,10.78,59.43,0
251,19,85.70,97.57,84.95,37.48,10.67,60.28,0
252,0,77.75,98.26,90.16,34.57,13.84,59.60,0
252,1,80.38,98.10,91.16,34.78,13.30,58.39,0
252,2,78.68,97.65,88.78,34.34,14.01,58.18,0
252,3,81.15,98.23,91.23,34.88,13.63,58.57,0
252,4,79.74,97.77,90.91,34.30,13.67,56.01,0
252,5,82.35,97.68,89.97,35.60,14.10,56.16,0
252,6,81.31,97.68,89.30,34.72,13.99,59.65,0
252,7,80.06,98.43,92.13,34.87,13.26,58.75,0
252,8,80.80,97.83,92.09,34.05,13.69,59.20,0
252,9,79.24,98.07,89.31,35.28,14.14,58.14,0
252,10,79.91,97.98,93.69,34.80,13.48,56.75,0
252,11,79.09,97.87,87.93,35.85,13.51,59.15,0
252,12,79.07,97.88,92.57,34.87,12.96,58.11,0
252,13,77.34,98.32,92.61,35.18,13.53,57.28,0
252,14,78.61,98.37,89.78,34.63,13.50,57.47,0
252,15,80.48,97.68,87.57,34.96,13.89,57.58,0
252,16,80.99,97.65,90.60,34.65,12.96,59.69,0
252,17,79.95,98.22,92.10,35.51,13.61,57.06,0
252,18,81.41,98.35,90.93,35.18,13.62,56.38,0
252,19,80.49,98.42,93.63,35.15,14.14,57.96,0
253,0,74.26,98.67,90.29,33.34,11.92,55.73,0
253,1,73.56,98.92,93.56,34.27,12.84,58.03,0
253,2,73.40,98.54,88.97,33.11,12.61,59.16,0
253,3,72.07,98.65,93.92,34.03,12.90,57.64,0
253,4,72.63,98.27,88.58,33.49,13.01,56.18,0
253,5,71.28,98.79,90.63,32.40,12.60,58.81,0
253,6,73.32,98.59,91.67,33.56,12.91,56.84,0
253,7,73.99,98.29,89.38,34.38,12.34,56.32,0
253,8,73.44,98.85,89.68,33.89,12.88,59.32,0
253,9,73.90,98.39,92.06,34.20,12.03,59.51,0
253,10,70.29,98.41,93.17,33.94,12.99,55.98,0
253,11,70.98,98.77,92.12,33.01,12.87,56.20,0
253,12,71.17,98.80,91.17,33.59,11.98,58.71,0
253,13,70.94,98.57,91.05,34.03,12.95,56.25,0
253,14,73.08,98.49,92.20,33.21,12.08,57.19,0
253,15,69.99,98.79,88.99,33.48,12.58,58.10,0
253,16,71.22,98.26,88.00,32.54,12.80,58.43,0
253,17,71.43,98.56,93.08,32.60,12.38,56.04,0
253,18,71.16,98.47,88.30,34.22,12.59,58.41,0
253,19,71.60,98.43,89.85,33.91,12.98,57.99,0
254,0,79.64,97.41,80.24,32.83,15.10,57.45,0
254,1,82.02,98.15,81.80,33.70,14.58,59.52,0
254,2,83.27,97.99,80.33,34.48,14.67,57.16,0
254,3,80.21,97.88,81.06,33.42,14.69,58.89,0
254,4,80.39,97.82,84.82,34.49,14.58,56.39,0
254,5,80.65,98.05,81.46,33.87,15.52,57.29,0
254,6,80.09,97.44,81.37,33.32,14.39,57.78,0
254,7,82.85,98.07,82.89,32.92,15.16,58.25,0
254,8,82.35,97.89,80.02,32.74,14.36,57.16,0
254,9,81.58,98.01,83.58,33.90,15.45,56.74,0
254,10,88.68,96.01,77.37,33.59,14.69,63.85,0
254,11,90.76,95.16,74.22,34.57,15.31,65.17,0
254,12,94.20,95.03,69.85,34.51,15.00,68.09,1
254,13,88.68,94.90,74.37,33.49,14.53,66.63,0
254,14,89.89,95.52,77.07,32.90,15.52,63.15,0
254,15,80.29,97.76,79.15,33.11,15.38,57.41,0
254,16,80.86,97.67,81.71,33.11,15.04,57.74,0
254,17,81.45,98.02,83.50,34.57,14.44,57.21,0
254,18,81.38,97.94,80.17,33.38,14.94,59.95,0
254,19,80.11,97.42,82.79,33.12,14.98,56.84,0
255,0,80.32,98.09,88.52,35.16,11.59,44.34,0
255,1,81.20,97.69,89.95,35.94,11.79,43.81,0
255,2,81.78,97.41,90.72,35.51,11.69,44.70,0
255,3,78.71,98.11,88.84,36.48,12.33,43.39,0
255,4,79.77,98.00,90.05,35.85,11.55,44.77,0
255,5,78.64,97.63,90.42,36.33,11.78,41.92,0
255,6,79.31,97.66,87.62,35.48,12.10,42.66,0
255,7,80.85,97.63,88.82,35.50,12.03,40.94,0
255,8,81.54,98.10,87.49,35.83,11.68,42.27,0
255,9,80.62,97.96,87.52,35.96,12.42,42.28,0
255,10,78.92,97.54,88.18,35.66,12.03,44.81,0
255,11,77.90,97.42,90.70,35.27,11.56,44.33,0
255,12,80.41,97.91,88.17,36.21,11.63,42.60,0
255,13,78.06,98.09,87.53,35.44,12.18,41.64,0
255,14,80.13,97.73,86.43,34.89,11.47,43.12,0
255,15,77.13,97.82,89.02,35.97,11.39,42.29,0
255,16,77.37,97.48,90.86,35.16,11.63,42.66,0
255,17,77.99,97.82,90.95,35.03,12.21,43.07,0
255,18,81.10,98.11,89.72,35.99,11.76,44.62,0
255,19,77.72,98.13,90.10,34.78,12.14,41.12,0
256,0,70.53,97.19,78.83,34.58,12.77,49.14,0
256,1,70.20,97.21,84.04,33.59,12.80,48.24,0
256,2,72.82,97.26,82.60,33.60,12.86,46.69,0
256,3,72.05,96.86,83.02,34.51,12.75,49.79,0
256,4,70.70,97.06,84.09,34.09,12.89,48.40,0
256,5,70.78,96.95,81.08,35.05,13.31,50.12,0
256,6,74.31,96.89,82.59,33.44,13.03,47.55,0
256,7,71.21,97.30,82.38,34.68,13.90,47.80,0
256,8,71.33,97.36,84.54,33.64,13.65,47.77,0
256,9,72.74,97.11,82.84,33.72,13.42,48.73,0
256,10,72.96,97.16,82.04,34.07,12.81,49.38,0
256,11,69.83,97.26,80.10,34.65,12.94,49.89,0
256,12,71.02,96.91,78.26,34.02,13.17,47.46,0
256,13,70.03,96.92,81.31,34.21,12.81,47.65,0
256,14,71.00,97.35,81.67,35.22,12.89,50.29,0
256,15,69.72,97.24,82.37,33.27,12.98,49.10,0
256,16,71.62,97.31,82.65,34.92,13.39,47.52,0
256,17,73.18,97.14,82.62,33.45,13.55,48.43,0
256,18,70.49,96.93,79.85,34.19,13.85,47.59,0
256,19,73.58,96.95,82.27,33.92,13.75,47.43,0
257,0,82.26,97.69,89.08,35.72,10.41,51.61,0
257,1,85.24,97.63,87.86,35.54,10.51,51.57,0
257,2,83.07,97.51,89.51,36.21,10.70,52.79,0
257,3,85.65,97.76,85.59,36.31,9.92,51.11,0
257,4,86.45,97.82,90.09,35.43,10.58,52.25,0
257,5,83.17,97.59,85.60,35.05,10.26,53.22,0
257,6,85.07,97.91,85.56,35.64,10.39,52.35,0
257,7,86.00,97.47,90.09,35.50,11.06,53.35,0
257,8,91.95,96.04,83.27,36.12,10.65,58.13,0
257,9,93.73,95.09,78.08,35.44,10.55,61.32,0
257,10,96.37,94.69,77.07,36.37,10.24,60.81,1
257,11,93.09,95.66,80.47,36.36,10.05,57.84,0
257,12,92.09,95.61,78.53,35.43,10.99,59.44,0
257,13,83.16,97.80,87.43,36.40,11.01,52.78,0
257,14,84.64,97.69,87.74,35.50,10.77,49.94,0
257,15,82.94,97.56,84.64,34.92,10.85,49.90,0
257,16,84.68,97.40,89.00,35.73,9.88,53.79,0
257,17,81.43,97.84,88.44,36.01,9.89,51.17,0
257,18,83.61,97.42,86.66,35.57,10.92,49.88,0
257,19,83.04,98.01,87.54,34.65,11.02,53.39,0
258,0,92.27,97.48,91.74,35.30,15.88,58.26,0
258,1,94.11,97.53,95.21,35.98,15.25,58.09,0
258,2,91.32,97.41,93.74,36.11,15.65,60.60,0
258,3,90.65,97.39,92.72,35.95,14.83,60.15,0
258,4,94.21,97.17,97.80,36.14,14.83,60.90,0
258,5,91.52,97.27,97.03,35.86,15.33,61.33,0
258,6,92.52,97.54,95.07,35.03,15.89,59.81,0
258,7,93.40,97.86,92.72,36.20,15.69,59.92,0
258,8,91.56,97.16,95.23,34.58,15.26,60.03,0
258,9,93.23,97.70,94.47,35.24,15.58,61.07,0
258,10,90.42,97.14,94.56,35.94,15.60,58.46,0
258,11,90.53,97.45,96.89,35.15,15.36,58.43,0
258,12,90.10,97.61,93.81,35.51,14.95,58.10,0
258,13,90.98,97.83,92.96,35.12,15.56,61.61,0
258,14,89.85,97.14,95.77,34.80,16.01,60.57,0
258,15,90.66,97.89,96.25,35.65,15.08,61.24,0
258,16,93.01,97.81,92.69,36.22,15.67,59.04,0
258,17,91.59,97.80,94.80,35.14,15.97,60.79,0
258,18,89.86,97.24,95.15,35.14,14.86,60.73,0
258,19,91.64,97.69,94.16,35.50,15.60,60.27,0
259,0,79.54,97.73,80.26,35.17,11.54,52.19,0
259,1,78.95,97.27,81.75,36.21,11.01,53.27,0
259,2,78.73,97.30,77.99,36.37,10.67,54.05,0
259,3,82.34,97.37,78.43,35.68,11.12,51.57,0
259,4,79.61,97.77,81.02,36.18,11.66,51.20,0
259,5,81.92,97.34,78.32,35.63,11.00,51.81,0
259,6,80.56,97.55,81.05,35.84,11.24,51.61,0
259,7,81.84,97.77,78.66,36.54,11.24,50.93,0
259,8,81.28,97.71,78.23,34.97,11.25,54.23,0
259,9,78.93,97.97,77.86,35.46,11.80,50.35,0
259,10,88.89,95.61,71.50,36.05,11.73,56.76,0
259,11,89.53,95.23,71.79,36.41,11.02,60.59,0
259,12,90.24,94.53,67.93,36.61,11.38,62.99,1
259,13,87.12,94.99,67.80,35.78,11.78,59.06,0
259,14,88.84,95.77,73.43,35.22,10.88,57.57,0
259,15,77.56,97.32,78.30,36.09,11.54,54.20,0
259,16,77.53,97.37,80.38,35.14,11.09,53.56,0
259,17,78.68,97.96,77.73,36.15,11.68,50.59,0
259,18,78.66,97.46,78.12,35.91,11.06,52.65,0
259,19,81.04,97.44,79.62,34.85,11.49,51.02,0
260,0,76.86,98.09,89.63,37.90,10.80,45.47,0
260,1,78.04,98.35,87.85,36.59,11.52,45.43,0
260,2,76.02,98.24,89.24,38.16,11.36,45.83,0
260,3,77.38,98.19,91.16,37.97,10.86,43.64,0
260,4,75.46,97.96,89.67,37.72,10.41,43.38,0
260,5,78.60,97.74,87.07,37.43,10.64,43.59,0
260,6,77.33,97.94,91.71,37.63,10.96,44.39,0
260,7,76.66,97.64,89.19,36.59,10.85,43.29,0
260,8,78.30,97.81,89.20,37.31,10.51,43.37,0
260,9,75.48,98.12,86.67,36.88,11.27,45.49,0
260,10,75.38,97.61,90.57,36.33,10.75,45.00,0
260,11,76.84,98.07,88.33,36.61,10.86,43.50,0
260,12,77.90,98.23,86.23,36.79,10.90,43.31,0
260,13,77.15,98.24,84.88,36.81,11.39,44.93,0
260,14,76.68,97.77,84.88,37.89,10.79,44.18,0
260,15,74.44,97.71,88.57,36.41,10.86,43.80,0
260,16,76.57,97.82,89.05,37.86,10.92,45.13,0
260,17,77.00,98.08,90.03,36.68,10.98,43.21,0
260,18,74.57,98.30,86.36,38.02,10.90,45.71,0
260,19,77.77,98.32,86.31,36.60,10.70,42.29,0
261,0,90.30,97.45,80.75,33.30,11.04,56.06,0
261,1,87.05,97.42,77.80,33.20,11.15,57.16,0
261,2,89.22,97.72,80.96,33.62,11.43,55.02,0
261,3,88.45,97.70,81.06,32.67,11.46,54.85,0
261,4,89.42,97.16,80.65,32.38,11.66,55.84,0
261,5,90.25,97.65,80.46,33.18,11.64,57.39,0
261,6,88.40,97.39,77.13,32.73,11.42,56.04,0
261,7,89.32,97.46,82.14,32.76,11.83,55.14,0
261,8,90.64,97.20,81.05,33.54,11.77,55.87,0
261,9,90.49,97.63,81.43,33.18,11.01,54.17,0
261,10,90.14,97.84,79.91,33.62,11.91,56.05,0
261,11,87.13,97.91,75.99,33.82,11.49,54.26,0
261,12,86.95,97.90,76.80,32.47,11.80,54.02,0
261,13,87.20,97.26,76.49,32.75,11.17,56.01,0
261,14,88.72,97.91,80.49,32.31,11.62,53.81,0
261,15,89.89,97.70,76.36,34.07,11.37,56.01,0
261,16,89.49,97.73,78.52,32.86,11.02,57.05,0
261,17,87.22,97.16,78.83,33.46,11.48,56.87,0
261,18,87.51,97.72,80.73,33.79,11.15,57.54,0
261,19,90.20,97.59,79.72,32.37,10.94,57.28,0
262,0,71.25,97.75,80.73,37.83,14.23,60.24,0
262,1,74.34,97.35,79.27,37.34,14.46,62.15,0
262,2,70.94,97.69,77.83,38.88,15.26,58.85,0
262,3,71.59,97.70,78.85,37.42,15.22,61.90,0
262,4,74.02,97.88,81.38,38.62,14.23,60.07,0
262,5,71.83,97.45,82.00,38.73,14.54,59.14,0
262,6,73.33,97.65,82.32,37.87,14.56,61.80,0
262,7,72.76,97.72,79.76,37.50,14.24,59.86,0
262,8,72.83,97.53,79.83,39.02,15.07,59.49,0
262,9,73.00,97.41,80.92,38.74,14.92,59.44,0
262,10,73.51,97.49,76.62,39.07,15.29,58.33,0
262,11,70.77,97.52,77.35,38.98,14.54,60.00,0
262,12,71.01,97.96,77.11,37.93,15.00,59.53,0
262,13,71.52,97.78,79.93,37.71,14.43,61.19,0
262,14,73.46,97.52,78.49,38.10,14.37,58.82,0
262,15,71.66,97.95,80.80,38.26,14.82,58.46,0
262,16,73.12,97.73,79.55,38.01,15.34,61.24,0
262,17,70.72,97.83,82.02,37.26,14.93,61.83,0
262,18,70.61,97.53,79.11,37.95,14.56,58.25,0
262,19,72.85,97.78,76.84,37.77,15.36,60.74,0
263,0,87.83,97.10,76.70,35.24,12.43,55.15,0
263,1,85.25,97.36,81.75,34.32,12.92,55.30,0
263,2,88.95,97.39,79.72,34.88,13.31,55.02,0
263,3,85.93,97.26,81.53,36.05,13.38,52.36,0
263,4,87.74,97.31,82.54,35.89,12.49,54.79,0
263,5,86.14,97.07,79.77,35.07,13.24,54.65,0
263,6,89.39,97.47,78.64,35.54,12.52,53.77,0
263,7,88.02,97.28,79.49,35.29,12.29,56.13,0
263,8,85.13,97.20,77.89,34.94,12.54,56.14,0
263,9,87.95,97.56,78.32,34.43,13.39,54.53,0
263,10,87.52,97.05,78.50,34.82,13.32,53.36,0
263,11,85.27,97.27,80.70,36.13,12.67,52.66,0
263,12,85.50,97.25,77.12,35.12,12.53,53.84,0
263,13,86.03,96.89,78.49,34.24,13.24,55.27,0
263,14,85.33,97.51,75.38,35.30,13.03,55.97,0
263,15,84.77,97.57,80.12,35.76,13.36,56.11,0
263,16,87.71,97.17,79.20,34.67,12.61,54.22,0
263,17,84.63,96.91,76.05,34.56,13.47,55.20,0
263,18,87.13,97.13,79.66,36.20,12.97,55.83,0
263,19,84.77,97.45,78.59,35.63,13.39,52.51,0
264,0,89.89,98.74,92.84,36.27,11.91,53.05,0
264,1,90.88,98.52,95.35,36.10,11.81,52.63,0
264,2,91.31,98.72,95.41,35.20,11.34,52.77,0
264,3,89.49,99.22,94.87,34.95,11.65,52.72,0
264,4,90.20,98.95,96.43,35.76,11.74,52.52,0
264,5,89.71,99.00,95.87,35.44,11.21,53.17,0
264,6,91.57,99.14,91.89,35.18,11.18,55.65,0
264,7,91.52,99.03,90.56,36.09,11.32,55.54,0
264,8,91.30,98.95,94.08,35.63,11.17,53.18,0
264,9,91.04,98.81,94.68,35.24,11.45,52.44,0
264,10,96.64,96.63,86.31,36.09,11.50,61.82,0
264,11,98.36,96.30,81.22,35.70,11.59,61.55,0
264,12,102.91,95.50,81.93,36.22,11.41,65.14,1
264,13,97.51,96.56,82.01,34.76,11.89,59.85,0
264,14,96.75,97.14,86.12,35.75,11.70,60.78,0
264,15,88.87,98.89,91.82,34.82,12.18,55.57,0
264,16,88.88,98.56,90.87,34.73,11.54,55.20,0
264,17,90.18,98.72,90.02,35.11,11.64,52.18,0
264,18,89.45,98.51,90.08,36.60,11.18,54.35,0
264,19,90.83,98.67,92.56,35.55,11.30,54.10,0
265,0,87.83,98.35,88.67,32.71,15.37,60.98,0
265,1,85.00,98.53,86.70,32.70,15.63,62.38,0
265,2,85.77,98.54,86.64,32.17,15.75,61.43,0
265,3,87.06,98.59,89.23,32.68,16.00,60.75,0
265,4,85.16,98.99,88.64,33.30,15.96,62.88,0
265,5,86.45,98.52,85.27,32.70,15.87,58.95,0
265,6,87.59,98.88,89.53,33.04,15.14,60.22,0
265,7,86.05,99.04,84.30,33.28,16.30,59.87,0
265,8,84.63,98.85,85.72,33.68,15.71,61.19,0
265,9,84.73,98.77,85.60,32.93,15.46,60.20,0
265,10,87.22,98.71,86.89,33.12,16.26,59.43,0
265,11,86.63,99.05,87.20,32.99,15.59,62.04,0
265,12,86.59,98.34,85.03,33.16,16.31,62.04,0
265,13,85.16,98.64,88.09,33.10,15.84,62.86,0
265,14,86.15,98.74,87.44,33.31,15.38,58.97,0
265,15,86.16,98.48,85.41,33.25,15.95,60.86,0
265,16,86.51,98.92,88.73,33.94,16.20,58.99,0
265,17,85.98,98.74,84.88,33.18,15.19,60.59,0
265,18,84.84,98.74,86.91,33.22,15.13,62.25,0
265,19,85.98,98.51,89.02,33.33,16.13,60.46,0
266,0,70.59,98.39,93.88,38.26,10.49,49.65,0
266,1,72.17,98.53,94.15,38.56,10.31,49.16,0
266,2,70.98,98.50,91.39,37.46,11.04,48.07,0
266,3,71.04,98.28,93.02,36.96,10.76,48.74,0
266,4,71.17,98.86,93.01,37.84,11.24,47.58,0
266,5,74.20,98.72,90.46,37.09,11.34,46.67,0
266,6,71.96,98.70,91.92,38.20,10.88,47.66,0
266,7,72.68,98.36,94.53,38.55,11.11,50.02,0
266,8,74.10,98.64,89.57,37.22,11.07,50.12,0
266,9,72.86,98.10,94.52,37.29,11.10,47.40,0
266,10,70.54,98.81,92.85,37.87,10.37,47.49,0
266,11,71.51,98.83,91.86,37.32,10.37,50.03,0
266,12,73.21,98.36,92.33,37.32,11.00,46.79,0
266,13,71.90,98.23,89.42,38.09,11.04,46.98,0
266,14,69.85,98.56,88.48,37.19,10.88,50.03,0
266,15,69.51,98.10,88.25,37.06,10.97,48.94,0
266,16,71.54,98.84,89.42,37.93,10.81,49.60,0
266,17,70.59,98.58,91.76,37.08,10.65,47.83,0
266,18,70.47,98.39,90.75,38.44,11.04,48.58,0
266,19,73.86,98.47,90.17,37.87,10.79,48.50,0
267,0,79.94,98.13,84.63,33.81,15.31,55.43,0
267,1,80.04,98.43,82.94,32.51,14.94,59.14,0
267,2,78.48,98.66,81.00,32.73,14.91,56.05,0
267,3,79.06,98.48,82.10,32.68,14.75,59.10,0
267,4,79.71,98.64,83.80,32.91,14.76,57.51,0
267,5,79.17,98.47,83.18,33.55,15.02,55.61,0
267,6,80.07,98.62,81.10,33.66,15.29,57.24,0
267,7,77.61,98.22,81.12,33.39,14.60,56.74,0
267,8,85.87,96.25,75.76,32.57,15.16,62.39,0
267,9,89.16,96.05,75.62,34.08,14.53,63.65,0
267,10,90.92,95.43,68.50,34.22,15.12,69.26,1
267,11,88.80,96.11,71.78,34.45,14.96,66.40,0
267,12,84.85,96.65,77.79,33.94,14.42,61.85,0
267,13,79.65,98.07,82.30,32.72,14.41,55.74,0
267,14,77.43,98.28,84.14,32.68,14.34,59.07,0
267,15,77.49,98.67,82.49,34.38,14.40,56.61,0
267,16,77.82,98.15,82.68,32.63,15.39,57.39,0
267,17,77.15,98.16,83.90,33.35,15.43,59.08,0
267,18,78.89,98.67,83.11,33.66,15.45,55.86,0
267,19,79.32,98.36,82.46,34.43,14.99,56.76,0
268,0,85.98,97.41,90.48,38.41,11.54,46.41,0
268,1,84.02,97.88,94.36,38.39,11.30,46.81,0
268,2,85.22,97.79,92.23,36.99,11.30,46.22,0
268,3,87.25,97.41,91.27,37.85,11.95,44.88,0
268,4,86.31,97.24,94.61,37.41,11.83,47.01,0
268,5,85.94,97.87,90.40,38.04,11.14,43.91,0
268,6,85.66,97.58,89.16,36.87,10.84,45.75,0
268,7,85.56,97.46,92.51,37.89,12.02,44.53,0
268,8,87.12,97.46,93.80,38.39,11.93,46.69,0
268,9,94.48,95.11,85.24,38.45,11.28,50.93,0
268,10,96.49,95.14,80.04,36.59,11.38,53.00,0
268,11,97.47,94.59,79.58,37.36,11.80,56.48,1
268,12,95.46,95.12,81.02,38.06,11.11,53.19,0
268,13,93.64,95.81,82.74,37.74,11.51,50.81,0
268,14,82.71,97.53,87.85,37.25,12.00,44.27,0
268,15,85.19,97.46,88.93,37.74,11.22,44.62,0
268,16,84.43,97.41,87.69,36.88,10.86,44.82,0
268,17,85.54,97.46,91.76,36.64,11.11,44.32,0
268,18,84.84,97.11,92.84,38.51,11.04,45.24,0
268,19,84.11,97.29,89.08,38.06,11.99,46.99,0
269,0,74.84,98.15,82.74,37.03,12.48,53.14,0
269,1,77.15,98.57,87.57,38.26,11.60,54.17,0
269,2,75.00,98.13,87.72,38.24,12.63,53.07,0
269,3,77.87,98.11,87.56,37.22,11.58,52.10,0
269,4,78.01,98.23,83.69,38.05,12.36,54.21,0
269,5,76.55,98.46,85.02,37.41,11.64,54.91,0
269,6,76.80,98.45,88.89,37.48,12.16,53.74,0
269,7,76.61,98.14,83.09,36.51,12.63,53.70,0
269,8,77.07,98.19,86.86,38.26,11.54,51.52,0
269,9,77.83,98.44,84.10,38.12,12.22,52.85,0
269,10,75.83,98.52,83.06,36.58,12.20,52.77,0
269,11,75.75,98.29,83.08,38.21,12.09,52.27,0
269,12,75.81,98.01,86.11,36.68,11.49,54.28,0
269,13,74.47,98.40,84.55,37.37,11.79,52.65,0
269,14,73.87,98.20,85.66,36.90,12.30,53.02,0
269,15,76.27,98.33,82.22,37.55,11.66,54.35,0
269,16,75.73,98.13,86.14,37.71,12.23,53.02,0
269,17,75.70,98.42,87.24,37.28,12.00,54.84,0
269,18,75.60,98.43,86.32,37.44,12.27,55.12,0
269,19,78.15,98.61,85.69,38.00,11.51,52.03,0
270,0,75.74,98.28,95.51,34.77,15.91,43.13,0
270,1,74.49,98.30,90.34,33.58,15.78,44.89,0
270,2,75.03,99.05,95.01,35.27,16.27,46.03,0
270,3,73.25,98.99,91.31,34.78,15.36,43.96,0
270,4,75.59,98.50,93.85,35.37,15.60,45.45,0
270,5,75.58,98.61,96.24,34.04,15.68,46.57,0
270,6,74.35,98.30,96.53,34.46,15.21,46.77,0
270,7,76.11,98.96,96.15,34.13,15.56,43.90,0
270,8,76.07,98.50,95.25,35.46,15.21,43.23,0
270,9,72.22,98.49,94.58,34.91,16.22,44.65,0
270,10,73.81,98.75,93.23,34.36,15.51,43.68,0
270,11,73.75,98.55,92.25,35.28,15.68,46.85,0
270,12,74.44,98.79,93.94,33.89,16.01,44.56,0
270,13,72.38,98.57,94.40,34.13,15.11,43.64,0
270,14,74.27,98.83,90.90,35.26,15.39,43.94,0
270,15,71.71,98.82,89.59,34.67,15.08,45.08,0
270,16,72.75,98.62,92.16,35.08,16.03,43.27,0
270,17,74.56,98.29,94.08,35.26,15.36,44.89,0
270,18,72.85,98.92,92.62,34.27,15.61,45.37,0
270,19,74.15,98.40,93.30,34.36,15.89,45.70,0
271,0,82.68,97.27,81.58,38.46,14.74,60.83,0
271,1,84.20,97.22,85.14,37.89,14.34,58.75,0
271,2,86.02,97.12,85.50,37.99,14.86,60.19,0
271,3,85.58,96.95,83.62,36.89,15.34,61.05,0
271,4,86.41,97.36,85.68,38.64,14.51,61.21,0
271,5,84.84,96.94,86.51,36.78,14.42,60.59,0
271,6,86.70,97.52,81.60,37.76,15.49,57.33,0
271,7,85.38,97.22,83.86,36.89,15.30,58.15,0
271,8,86.41,96.77,84.06,37.78,14.41,59.64,0
271,9,83.59,96.83,84.78,37.41,15.48,59.68,0
271,10,82.09,97.18,82.25,38.43,14.42,60.43,0
271,11,83.23,97.44,81.74,36.79,15.10,59.30,0
271,12,83.69,96.93,80.89,37.73,14.79,58.39,0
271,13,82.81,97.42,84.79,37.97,15.47,57.90,0
271,14,82.63,97.54,80.05,37.49,15.12,61.30,0
271,15,81.40,97.28,85.05,37.86,14.88,59.10,0
271,16,83.77,97.43,82.24,38.29,15.14,61.18,0
271,17,84.95,97.54,81.63,36.99,15.48,60.77,0
271,18,83.11,97.45,83.86,37.77,15.48,57.89,0
271,19,84.71,97.11,83.37,37.26,14.93,57.72,0
272,0,72.35,97.55,87.32,39.78,10.08,53.42,0
272,1,71.02,97.06,88.51,39.53,10.59,53.46,0
272,2,69.72,96.97,84.67,38.09,10.38,51.53,0
272,3,71.08,97.50,88.14,39.79,9.45,53.84,0
272,4,70.45,97.22,85.57,38.28,10.22,53.48,0
272,5,71.04,97.74,85.40,39.21,10.57,50.81,0
272,6,71.13,97.72,84.04,39.46,9.85,50.36,0
272,7,71.70,97.48,86.56,38.93,9.76,50.68,0
272,8,70.08,97.72,85.05,38.11,10.00,51.60,0
272,9,71.19,97.03,86.84,39.84,10.11,51.17,0
272,10,69.75,97.31,85.11,38.33,9.79,50.33,0
272,11,69.67,97.44,82.34,38.30,10.07,53.70,0
272,12,68.39,97.57,83.75,39.63,9.68,51.81,0
272,13,68.79,97.64,81.97,38.58,10.39,53.14,0
272,14,69.24,97.28,84.59,38.05,10.54,53.82,0
272,15,69.24,97.42,83.97,39.84,9.85,53.97,0
272,16,69.88,97.37,83.87,39.15,9.48,53.06,0
272,17,68.07,97.10,84.44,39.03,10.51,53.18,0
272,18,68.15,97.64,87.44,38.65,10.18,53.22,0
272,19,69.08,97.02,86.30,39.50,10.33,53.94,0
273,0,77.45,98.26,80.88,37.08,16.07,49.40,0
273,1,79.62,98.57,80.87,37.04,15.99,50.48,0
273,2,80.59,98.32,83.60,36.59,15.32,49.32,0
273,3,77.50,98.68,83.06,38.04,15.55,50.40,0
273,4,80.43,98.53,81.87,36.67,16.02,49.38,0
273,5,80.81,98.27,81.89,36.64,16.04,50.52,0
273,6,79.65,98.38,80.17,37.14,16.35,53.01,0
273,7,80.36,98.59,85.02,37.45,16.27,50.95,0
273,8,79.85,98.21,82.31,36.85,16.04,49.42,0
273,9,79.89,98.30,79.38,36.77,15.83,53.09,0
273,10,78.74,98.43,79.11,37.19,15.69,50.16,0
273,11,79.56,98.59,82.92,37.45,15.75,51.35,0
273,12,79.31,98.54,77.86,37.97,16.37,51.09,0
273,13,76.92,98.18,83.03,36.57,15.63,50.54,0
273,14,77.50,98.49,82.11,37.33,15.53,50.15,0
273,15,76.46,98.31,78.06,36.94,16.09,50.51,0
273,16,79.07,98.31,80.40,38.08,15.96,49.45,0
273,17,78.49,98.15,83.46,36.65,15.61,52.96,0
273,18,76.44,98.00,81.32,37.88,16.24,50.07,0
273,19,76.84,98.38,80.24,38.16,16.30,52.04,0
274,0,80.41,97.78,91.12,35.63,15.80,49.12,0
274,1,80.15,98.31,92.26,34.61,15.31,50.65,0
274,2,79.87,98.05,92.37,34.51,15.43,51.85,0
274,3,80.52,98.25,92.80,34.06,15.41,49.10,0
274,4,82.56,98.21,92.17,34.37,15.42,50.91,0
274,5,78.71,98.53,93.36,34.99,16.05,52.55,0
274,6,79.94,97.87,87.87,35.09,15.64,51.03,0
274,7,79.34,97.86,88.84,34.60,15.85,50.28,0
274,8,80.85,97.81,89.71,35.55,16.19,50.43,0
274,9,80.34,98.13,92.35,35.13,16.37,52.66,0
274,10,78.82,97.90,90.00,34.52,15.72,49.42,0
274,11,79.33,98.35,90.65,35.66,15.28,49.12,0
274,12,79.94,98.41,87.98,34.50,16.34,49.10,0
274,13,80.30,98.19,86.48,34.64,16.01,49.40,0
274,14,77.34,97.84,87.16,34.95,15.26,49.89,0
274,15,81.08,98.27,87.32,34.02,15.69,49.66,0
274,16,81.07,98.42,90.64,34.02,16.37,52.11,0
274,17,79.91,98.31,86.64,34.53,15.50,52.97,0
274,18,77.94,97.92,90.03,35.50,16.30,50.66,0
274,19,81.34,98.42,90.20,34.66,15.60,50.26,0
275,0,89.23,98.40,85.27,38.56,11.88,57.68,0
275,1,90.01,98.53,86.48,39.37,12.92,56.76,0
275,2,90.32,98.76,86.16,38.79,12.76,59.16,0
275,3,88.26,98.66,89.94,38.29,12.45,58.99,0
275,4,89.91,98.48,87.84,38.16,11.89,56.68,0
275,5,88.47,98.65,89.11,38.85,12.62,58.73,0
275,6,91.61,98.70,88.05,38.91,12.06,59.76,0
275,7,89.96,98.07,88.61,38.52,12.54,58.22,0
275,8,90.39,98.33,90.38,39.38,12.78,59.10,0
275,9,87.35,98.26,89.87,38.76,12.86,58.76,0
275,10,90.40,98.42,87.41,38.23,12.59,57.36,0
275,11,88.40,98.16,85.21,39.02,12.47,56.56,0
275,12,87.25,98.49,87.03,39.71,12.63,58.68,0
275,13,86.47,98.15,89.15,39.74,12.35,59.51,0
275,14,86.79,98.32,89.18,39.72,12.40,58.29,0
275,15,89.04,98.41,89.17,39.56,12.64,59.64,0
275,16,87.65,98.32,85.96,38.50,12.94,58.56,0
275,17,87.60,98.13,88.66,39.56,12.53,57.71,0
275,18,87.37,98.10,87.61,38.41,12.35,59.66,0
275,19,89.80,98.75,90.43,39.26,11.92,57.91,0
276,0,84.57,98.68,98.32,33.60,10.26,48.23,0
276,1,82.17,98.39,99.03,33.62,11.21,46.49,0
276,2,84.57,98.58,99.91,33.78,11.10,46.99,0
276,3,85.79,98.18,96.36,34.56,10.99,47.78,0
276,4,82.89,98.09,95.48,33.90,11.12,47.62,0
276,5,82.61,98.58,99.83,33.55,10.60,47.15,0
276,6,83.50,98.22,95.83,34.50,10.79,46.74,0
276,7,82.29,98.56,99.49,34.66,10.81,48.35,0
276,8,83.95,98.19,99.71,34.09,10.26,49.57,0
276,9,89.55,96.86,93.98,33.13,10.24,52.36,0
276,10,93.43,96.09,87.96,33.36,10.34,55.04,0
276,11,94.55,95.36,82.66,33.81,10.15,58.48,1
276,12,91.47,95.69,87.58,34.78,10.93,54.44,0
276,13,91.58,96.33,89.61,33.64,11.18,54.69,0
276,14,83.08,98.49,96.07,34.48,10.41,47.67,0
276,15,82.29,98.27,93.47,34.77,10.34,49.61,0
276,16,83.83,98.76,95.63,33.70,10.62,46.82,0
276,17,83.00,98.16,94.00,33.13,10.54,45.83,0
276,18,83.04,98.14,95.28,34.32,10.49,49.10,0
276,19,84.65,98.22,98.33,34.28,10.77,48.58,0
277,0,82.14,97.38,90.54,32.57,15.68,57.69,0
277,1,82.79,97.32,88.15,33.94,15.63,57.15,0
277,2,83.72,96.75,90.38,32.88,14.89,55.43,0
277,3,84.70,97.35,89.03,32.49,14.69,55.52,0
277,4,82.31,96.86,91.96,33.26,15.67,55.30,0
277,5,85.66,96.72,89.40,33.09,14.83,54.95,0
277,6,85.92,97.40,90.16,33.98,14.66,54.47,0
277,7,84.89,96.93,93.04,34.21,14.72,56.85,0
277,8,83.67,96.90,92.72,32.90,15.00,54.32,0
277,9,83.63,96.76,92.47,32.59,14.70,56.91,0
277,10,82.09,97.33,92.96,33.81,15.73,57.48,0
277,11,83.01,96.74,92.57,32.66,14.99,55.59,0
277,12,84.54,97.34,91.74,32.39,15.02,57.26,0
277,13,82.47,96.75,87.62,34.14,15.79,56.69,0
277,14,82.27,97.14,91.09,32.54,15.62,54.58,0
277,15,81.94,97.33,91.71,33.53,15.34,55.17,0
277,16,81.08,97.46,89.22,32.25,15.12,54.34,0
277,17,83.74,96.93,92.82,33.16,15.02,56.24,0
277,18,81.87,97.08,91.86,32.32,15.41,58.19,0
277,19,83.37,96.92,92.59,32.86,14.99,55.66,0
278,0,73.99,98.68,97.37,35.76,12.94,48.76,0
278,1,76.03,98.32,93.17,36.38,13.29,46.80,0
278,2,74.56,98.41,97.79,35.73,12.90,48.11,0
278,3,74.36,98.90,93.05,35.65,12.98,50.05,0
278,4,76.55,98.26,97.99,35.10,13.45,50.52,0
278,5,75.82,98.59,98.17,35.05,12.83,49.41,0
278,6,76.07,98.54,96.47,35.39,12.89,48.48,0
278,7,74.11,98.36,96.21,35.67,12.64,50.25,0
278,8,75.35,98.94,94.97,36.04,12.93,49.52,0
278,9,82.13,96.96,86.81,35.29,13.34,54.14,0
278,10,85.26,96.24,84.45,35.57,12.73,55.63,0
278,11,84.95,95.42,84.96,35.59,13.45,60.55,1
278,12,85.14,96.50,85.16,36.41,12.74,55.75,0
278,13,81.02,96.51,90.45,35.14,13.18,56.40,0
278,14,74.11,99.01,91.42,35.56,13.44,48.23,0
278,15,74.30,98.58,95.07,35.70,13.23,49.54,0
278,16,72.89,98.90,96.83,35.92,12.81,50.32,0
278,17,76.34,98.39,91.83,36.12,13.51,48.36,0
278,18,73.58,98.66,95.77,36.88,13.66,48.20,0
278,19,74.85,98.65,92.14,35.86,13.48,47.65,0
279,0,79.33,98.42,94.20,34.88,11.26,49.38,0
279,1,78.49,97.78,91.74,34.91,11.89,50.13,0
279,2,78.91,98.31,91.73,34.65,11.70,48.76,0
279,3,80.42,98.03,96.84,34.32,11.67,49.28,0
279,4,78.75,98.36,93.39,35.08,11.45,47.87,0
279,5,80.31,98.35,93.23,35.19,10.97,47.91,0
279,6,82.44,98.04,95.31,34.65,11.25,48.08,0
279,7,80.05,98.31,94.92,35.97,11.03,48.24,0
279,8,81.10,97.93,96.67,34.60,12.00,50.18,0
279,9,79.66,97.98,92.00,35.93,11.33,48.63,0
279,10,87.35,96.26,88.12,35.73,12.09,52.77,0
279,11,89.98,95.75,85.24,35.63,11.27,55.67,0
279,12,92.97,94.94,78.49,35.19,11.75,60.23,1
279,13,87.50,95.35,84.93,35.92,11.83,55.42,0
279,14,86.73,95.91,88.97,34.89,11.05,55.52,0
279,15,77.74,97.82,90.03,34.38,11.94,49.08,0
279,16,80.44,98.25,94.40,35.23,11.27,48.38,0
279,17,80.55,98.54,95.74,35.44,11.28,49.20,0
279,18,81.08,98.48,94.04,34.69,11.88,47.40,0
279,19,81.41,98.18,95.99,34.88,11.38,49.62,0
280,0,80.77,98.73,90.88,33.47,11.31,58.40,0
280,1,82.82,98.55,87.47,34.87,11.44,59.27,0
280,2,83.31,98.53,90.16,33.72,11.26,59.75,0
280,3,81.01,99.03,88.72,33.96,11.99,57.94,0
280,4,80.97,99.15,89.25,33.38,12.21,59.72,0
280,5,81.63,98.95,89.57,34.30,11.42,57.93,0
280,6,80.73,98.81,87.67,33.81,11.54,58.91,0
280,7,81.52,98.48,87.47,34.53,12.13,56.41,0
280,8,90.59,96.65,85.38,34.70,12.20,64.14,0
280,9,91.64,95.95,81.60,33.87,12.07,65.25,0
280,10,92.06,96.03,75.84,33.76,11.52,68.66,1
280,11,90.48,96.22,82.44,33.47,11.08,66.78,0
280,12,89.98,96.42,82.34,34.44,12.14,64.88,0
280,13,80.06,98.90,86.17,33.83,11.41,58.78,0
280,14,79.04,98.96,90.29,35.07,12.17,57.13,0
280,15,81.63,99.13,89.88,34.90,11.07,58.59,0
280,16,80.39,98.56,90.27,34.18,11.30,58.14,0
280,17,79.52,98.93,87.92,33.50,12.09,59.87,0
280,18,79.41,98.40,87.35,35.27,12.13,57.03,0
280,19,80.14,99.18,89.71,34.49,11.15,58.88,0
281,0,79.88,97.58,92.51,33.96,10.83,63.25,0
281,1,83.80,97.91,91.42,33.88,10.74,60.84,0
281,2,80.44,98.25,93.24,35.29,11.09,59.73,0
281,3,83.62,97.59,91.23,34.89,10.02,59.80,0
281,4,83.94,97.67,88.83,34.86,10.79,59.46,0
281,5,82.68,97.87,89.76,33.97,10.97,63.03,0
281,6,81.66,98.28,91.30,33.78,11.11,62.55,0
281,7,82.88,98.29,93.71,34.20,10.01,62.73,0
281,8,80.24,98.17,91.57,34.87,10.57,59.73,0
281,9,81.85,97.94,87.89,35.14,10.29,61.69,0
281,10,83.18,97.88,92.23,34.85,10.63,60.40,0
281,11,79.91,98.32,87.59,35.59,10.56,59.50,0
281,12,81.53,98.20,87.75,35.11,11.11,59.89,0
281,13,79.75,98.07,87.74,34.18,10.62,63.09,0
281,14,80.64,98.35,92.38,33.99,10.72,60.84,0
281,15,82.53,98.05,90.88,35.54,10.13,61.58,0
281,16,79.10,97.64,89.38,35.04,10.09,59.72,0
281,17,82.39,97.65,88.99,34.85,11.15,62.20,0
281,18,83.38,98.22,90.74,35.51,10.60,61.92,0
281,19,81.53,98.11,93.05,35.45,10.14,61.65,0
282,0,71.36,97.81,92.09,33.54,15.62,50.31,0
282,1,70.99,97.71,89.27,33.06,15.10,49.89,0
282,2,72.55,97.28,90.48,32.49,15.55,50.64,0
282,3,69.27,97.35,89.55,33.10,15.13,50.01,0
282,4,69.95,98.04,94.43,32.82,14.68,50.31,0
282,5,69.75,97.33,91.98,32.57,14.92,47.43,0
282,6,70.93,97.39,93.60,32.48,15.76,47.66,0
282,7,70.72,97.47,92.08,32.63,14.91,49.51,0
282,8,69.43,97.97,92.38,33.92,14.63,50.43,0
282,9,70.03,97.46,90.28,33.99,15.23,50.85,0
282,10,72.06,97.45,91.51,32.81,15.01,48.68,0
282,11,69.04,97.82,92.88,32.57,15.49,49.91,0
282,12,68.45,97.96,88.96,34.09,14.68,48.10,0
282,13,68.61,98.01,92.30,32.76,14.83,48.10,0
282,14,68.50,97.45,88.29,33.48,15.63,47.41,0
282,15,70.89,97.68,91.72,33.83,14.89,50.29,0
282,16,70.23,97.34,93.54,32.45,14.61,49.61,0
282,17,71.19,98.02,89.07,34.01,15.50,47.98,0
282,18,70.83,97.58,89.61,32.30,15.45,49.72,0
282,19,69.20,97.77,89.01,32.80,14.76,47.77,0
283,0,88.96,98.42,85.53,35.29,9.78,46.35,0
283,1,90.42,98.22,86.63,33.85,9.51,47.19,0
283,2,88.91,98.82,83.93,34.26,10.44,48.97,0
283,3,90.37,98.13,88.00,34.56,10.28,47.19,0
283,4,91.08,98.74,89.28,34.20,10.32,46.20,0
283,5,89.32,98.83,89.53,34.22,10.08,46.96,0
283,6,87.25,98.27,88.75,34.61,10.24,50.06,0
283,7,87.50,98.73,85.44,35.04,10.18,47.54,0
283,8,89.03,98.40,89.21,34.74,9.94,49.97,0
283,9,97.10,96.12,81.72,33.53,9.46,53.94,0
283,10,97.09,96.00,76.77,34.31,10.33,54.64,0
283,11,99.53,95.14,73.20,34.95,9.98,58.53,1
283,12,99.57,95.74,75.98,34.70,10.04,57.70,0
283,13,93.77,96.19,77.76,34.35,10.49,53.46,0
283,14,86.06,98.76,85.52,35.21,10.41,48.09,0
283,15,87.67,98.84,83.80,33.99,9.97,46.71,0
283,16,88.03,98.61,83.01,33.59,10.02,48.31,0
283,17,89.90,98.70,88.49,33.97,10.36,47.02,0
283,18,88.58,98.86,86.31,34.97,9.54,49.65,0
283,19,87.54,98.65,87.16,33.53,9.90,49.72,0
284,0,80.03,97.70,93.96,34.07,13.51,51.39,0
284,1,81.42,97.62,96.73,34.88,12.63,49.63,0
284,2,81.25,97.16,94.73,34.53,13.51,51.88,0
284,3,81.00,97.78,95.21,33.95,13.38,50.11,0
284,4,80.23,97.31,94.31,34.81,12.54,49.23,0
284,5,78.79,97.46,95.96,35.66,12.67,49.97,0
284,6,79.78,97.78,97.45,35.78,12.72,49.01,0
284,7,80.65,97.24,96.29,35.21,13.20,51.40,0
284,8,79.42,97.18,95.43,35.67,13.24,50.70,0
284,9,78.03,97.55,92.76,35.24,13.28,50.40,0
284,10,80.20,97.43,96.06,34.52,13.00,50.71,0
284,11,81.10,97.81,97.67,35.40,13.67,48.05,0
284,12,78.10,97.67,95.96,33.98,13.02,50.29,0
284,13,76.87,97.73,95.89,34.45,12.64,51.82,0
284,14,80.37,97.25,96.75,35.34,13.49,50.43,0
284,15,78.75,97.64,92.95,34.01,12.83,51.15,0
284,16,79.53,97.33,96.45,35.52,13.35,50.85,0
284,17,80.86,97.57,92.80,34.64,13.26,51.67,0
284,18,77.41,97.11,93.06,34.71,13.33,51.53,0
284,19,81.33,97.41,94.33,35.13,13.03,48.99,0
285,0,73.64,97.04,86.44,34.66,11.51,59.74,0
285,1,73.80,96.75,87.23,34.57,11.97,59.83,0
285,2,75.36,97.13,87.15,35.30,12.31,58.43,0
285,3,73.73,97.47,83.70,34.14,12.41,58.48,0
285,4,77.66,97.36,85.00,35.80,11.91,59.10,0
285,5,76.18,96.92,86.71,34.97,11.86,58.41,0
285,6,74.15,97.17,87.62,35.05,11.97,59.72,0
285,7,77.31,96.70,86.19,35.43,12.47,59.26,0
285,8,77.01,97.08,82.91,35.45,11.63,57.90,0
285,9,75.07,96.72,84.42,34.56,11.84,57.78,0
285,10,73.98,96.83,84.48,34.43,12.23,57.52,0
285,11,72.70,97.43,81.35,34.67,12.05,57.42,0
285,12,74.44,97.04,83.12,34.80,11.57,60.08,0
285,13,75.20,96.85,85.71,35.43,11.39,56.51,0
285,14,73.81,97.34,80.50,34.67,11.40,58.18,0
285,15,75.98,97.31,81.35,35.06,11.69,57.94,0
285,16,73.19,97.22,82.02,34.76,12.23,56.62,0
285,17,74.84,97.11,85.93,35.79,11.66,59.82,0
285,18,76.40,96.71,85.86,35.05,12.06,57.43,0
285,19,74.73,97.10,81.89,34.94,12.37,60.26,0
286,0,87.26,97.98,85.80,38.21,10.68,59.46,0
286,1,88.78,98.61,85.76,38.19,10.07,60.07,0
286,2,89.39,98.08,87.72,37.18,10.63,59.68,0
286,3,88.06,98.67,85.97,38.71,10.21,60.99,0
286,4,90.68,98.17,86.41,37.37,10.12,62.04,0
286,5,87.79,97.95,90.48,37.83,10.76,61.82,0
286,6,90.57,98.14,90.75,37.74,10.87,60.74,0
286,7,88.55,98.39,87.36,37.97,10.41,58.54,0
286,8,87.67,98.59,84.95,37.33,10.74,58.97,0
286,9,97.88,96.18,83.15,38.27,10.83,65.72,0
286,10,96.89,95.67,79.02,37.65,10.49,66.79,0
286,11,100.54,95.06,74.61,38.33,10.23,69.70,1
286,12,97.73,96.10,75.29,38.23,10.51,69.06,0
286,13,95.06,96.21,82.76,37.44,9.91,65.78,0
286,14,89.51,98.68,85.35,38.58,10.65,59.96,0
286,15,86.36,98.08,86.39,38.32,10.21,60.35,0
286,16,89.98,97.95,84.02,37.70,10.97,59.36,0
286,17,88.74,98.34,87.00,38.51,10.78,61.79,0
286,18,86.82,98.08,88.79,37.32,10.30,60.05,0
286,19,88.76,98.65,86.03,37.67,10.37,60.56,0
287,0,88.69,98.13,79.49,36.42,10.61,59.80,0
287,1,89.65,98.03,79.84,36.34,10.61,60.65,0
287,2,86.76,97.83,79.07,36.56,10.55,59.79,0
287,3,90.15,98.34,76.87,35.46,10.46,58.20,0
287,4,89.05,98.17,79.72,36.19,10.13,60.23,0
287,5,88.60,98.45,79.31,36.89,11.16,58.53,0
287,6,88.17,98.13,78.45,36.18,10.48,61.28,0
287,7,89.64,97.93,81.25,36.11,10.28,58.77,0
287,8,87.40,97.77,76.83,36.06,10.69,58.36,0
287,9,88.97,98.19,77.25,35.95,11.13,60.78,0
287,10,85.90,98.04,77.84,36.97,10.03,59.39,0
287,11,86.79,97.94,76.98,35.49,10.27,60.80,0
287,12,86.25,98.06,78.05,35.32,10.32,57.48,0
287,13,86.56,97.85,77.59,35.49,10.17,61.22,0
287,14,87.33,97.77,77.61,35.55,10.04,58.54,0
287,15,85.22,97.75,79.00,36.08,10.46,61.00,0
287,16,87.52,98.46,77.15,35.75,10.07,60.88,0
287,17,85.61,97.85,80.91,35.65,10.14,57.60,0
287,18,88.58,98.28,78.06,35.53,11.15,60.15,0
287,19,87.48,98.45,77.95,35.95,10.31,60.85,0
288,0,75.27,98.90,78.19,33.25,11.65,58.33,0
288,1,75.76,98.88,76.12,34.52,10.86,59.38,0
288,2,75.37,98.75,78.44,33.23,11.87,61.46,0
288,3,76.07,99.22,82.23,33.49,11.49,58.82,0
288,4,78.55,98.82,77.53,34.34,11.48,58.44,0
288,5,76.33,99.11,82.49,33.16,11.92,58.79,0
288,6,76.96,98.57,79.08,34.28,11.41,61.52,0
288,7,79.22,98.82,78.14,34.36,11.81,60.75,0
288,8,86.63,96.52,70.27,32.91,11.94,64.89,0
288,9,88.58,96.56,72.52,32.96,11.40,66.90,0
288,10,90.61,95.76,69.17,34.37,11.64,68.81,1
288,11,86.11,96.61,68.71,32.90,11.85,68.85,0
288,12,84.21,96.77,71.56,32.73,11.29,64.36,0
288,13,77.97,99.21,78.42,33.52,11.92,59.83,0
288,14,74.64,98.54,79.90,34.10,11.14,58.59,0
288,15,75.35,98.66,78.61,32.98,11.73,58.39,0
288,16,74.25,98.58,79.36,32.76,11.25,57.96,0
288,17,75.81,99.09,76.22,33.19,11.49,60.10,0
288,18,78.15,99.20,77.35,34.27,10.95,60.10,0
288,19,77.76,98.94,78.26,33.50,11.58,60.22,0
289,0,85.65,98.05,79.80,38.54,13.75,45.49,0
289,1,88.25,98.01,81.70,36.65,13.60,45.18,0
289,2,88.35,97.98,80.26,38.18,13.87,47.34,0
289,3,87.05,97.66,79.11,37.38,13.64,46.71,0
289,4,87.47,97.96,79.66,37.72,14.18,45.95,0
289,5,85.76,97.60,82.15,36.68,13.65,43.76,0
289,6,87.55,98.32,79.17,37.22,13.62,43.96,0
289,7,85.65,98.03,80.40,36.61,14.29,44.20,0
289,8,85.44,98.34,79.35,37.08,13.64,45.99,0
289,9,85.00,98.36,80.74,37.51,13.81,47.01,0
289,10,85.53,97.89,83.46,38.44,14.39,44.32,0
289,11,87.32,98.28,79.68,36.98,13.55,45.57,0
289,12,87.22,97.77,83.16,38.43,13.60,46.28,0
289,13,85.53,98.08,81.96,38.46,13.80,46.57,0
289,14,85.27,98.35,82.42,38.39,14.44,44.67,0
289,15,86.01,97.74,81.07,36.91,14.52,46.90,0
289,16,84.34,97.82,82.06,36.72,13.55,47.18,0
289,17,87.13,97.61,82.75,37.81,13.79,47.59,0
289,18,86.69,97.79,82.94,38.01,14.52,46.62,0
289,19,84.69,97.94,78.70,36.86,13.94,47.22,0
290,0,92.53,98.82,76.01,36.73,16.10,61.90,0
290,1,91.63,98.98,80.79,35.46,15.42,61.85,0
290,2,93.47,99.08,80.92,35.73,15.79,59.99,0
290,3,93.98,98.79,81.16,35.38,15.65,61.22,0
290,4,90.59,99.26,81.25,36.70,15.22,61.68,0
290,5,93.67,98.97,81.46,36.71,15.75,60.92,0
290,6,92.69,99.01,81.68,36.84,15.63,59.17,0
290,7,91.26,98.87,80.42,35.71,15.76,59.26,0
290,8,92.09,99.20,78.10,36.42,15.77,60.90,0
290,9,89.97,99.15,80.29,35.92,15.83,58.34,0
290,10,89.84,99.19,77.34,37.19,15.35,61.50,0
290,11,89.41,98.71,75.22,35.54,15.78,58.53,0
290,12,91.15,98.72,79.49,36.43,15.96,58.79,0
290,13,88.98,99.27,76.16,36.38,15.24,59.72,0
290,14,90.79,98.80,79.92,35.63,15.80,61.72,0
290,15,92.44,98.82,79.98,37.00,15.84,61.10,0
290,16,92.60,98.85,75.42,37.05,15.22,59.96,0
290,17,90.12,98.92,75.88,35.84,15.06,59.93,0
290,18,93.01,98.99,80.90,36.52,15.37,61.36,0
290,19,92.85,99.04,79.07,37.16,15.57,62.10,0
291,0,90.45,98.03,77.69,34.57,11.91,44.67,0
291,1,88.58,98.19,82.47,33.85,12.28,45.42,0
291,2,89.11,97.83,80.57,33.77,11.54,48.23,0
291,3,89.54,97.64,78.63,33.36,11.51,45.01,0
291,4,92.40,98.34,78.95,35.10,11.69,48.16,0
291,5,89.00,97.79,83.17,33.38,11.77,48.20,0
291,6,91.99,98.31,81.28,34.38,11.52,44.81,0
291,7,88.40,97.84,83.16,34.64,11.64,47.34,0
291,8,90.22,98.14,80.19,33.61,12.48,45.67,0
291,9,88.39,98.15,79.99,35.02,12.18,46.59,0
291,10,91.36,97.82,80.06,34.95,11.58,46.56,0
291,11,89.06,97.77,82.71,34.22,11.81,45.52,0
291,12,88.88,98.22,82.34,35.21,11.40,47.75,0
291,13,88.17,97.87,80.85,34.02,11.83,46.84,0
291,14,89.10,98.40,78.47,34.25,12.48,47.11,0
291,15,89.14,97.64,77.90,35.19,12.10,47.88,0
291,16,89.63,97.78,77.55,33.87,11.67,44.53,0
291,17,90.43,97.68,78.82,33.48,12.25,45.10,0
291,18,89.11,97.77,81.13,34.38,12.07,45.86,0
291,19,91.19,98.10,82.81,34.95,11.73,45.19,0
292,0,74.53,97.14,95.30,35.65,10.80,49.85,0
292,1,74.46,97.63,97.06,34.63,10.31,51.64,0
292,2,75.42,97.21,94.34,35.48,9.97,49.84,0
292,3,76.41,97.78,94.59,34.05,11.12,53.08,0
292,4,78.37,97.85,94.48,34.60,10.84,52.02,0
292,5,75.35,97.88,94.27,34.48,9.96,51.35,0
292,6,78.10,97.77,99.10,35.15,10.29,50.72,0
292,7,74.58,97.57,97.09,35.69,11.07,50.35,0
292,8,77.81,97.55,95.07,35.86,11.00,50.88,0
292,9,75.66,97.22,93.73,35.04,11.01,53.07,0
292,10,85.59,95.73,92.53,34.07,10.11,57.29,0
292,11,85.28,94.63,84.52,35.42,10.98,58.68,0
292,12,86.01,94.82,83.93,35.76,9.93,61.53,1
292,13,84.36,94.68,89.40,35.87,10.42,58.72,0
292,14,82.45,95.30,86.96,35.54,10.92,59.41,0
292,15,74.54,97.39,98.13,34.07,10.67,51.94,0
292,16,74.64,97.90,95.23,34.34,10.41,53.59,0
292,17,73.64,97.25,96.91,34.04,10.83,49.88,0
292,18,76.66,97.54,93.94,35.25,10.19,53.14,0
292,19,77.37,97.13,95.59,35.35,10.77,53.52,0
293,0,73.20,97.00,85.42,35.18,11.14,43.34,0
293,1,75.11,97.02,87.82,35.63,11.80,44.08,0
293,2,74.56,97.04,82.85,35.75,12.05,45.71,0
293,3,73.34,97.07,83.98,36.34,11.33,45.51,0
293,4,74.07,97.39,88.18,36.60,12.04,46.18,0
293,5,76.20,97.11,87.35,36.38,12.03,45.76,0
293,6,76.87,97.09,86.61,35.34,11.32,46.11,0
293,7,73.27,97.10,83.46,35.93,11.67,43.80,0
293,8,75.13,97.71,85.21,36.43,11.61,43.60,0
293,9,76.11,97.53,87.36,36.88,12.01,44.86,0
293,10,81.06,95.76,77.73,35.25,11.65,50.48,0
293,11,84.12,95.19,74.67,35.73,11.49,53.40,0
293,12,84.00,94.03,75.29,35.87,11.69,52.98,1
293,13,83.65,95.21,72.82,36.39,11.22,54.25,0
293,14,80.96,95.14,79.88,36.21,11.92,49.12,0
293,15,74.97,97.10,83.79,35.36,12.13,43.62,0
293,16,73.68,97.07,85.78,36.55,12.09,45.11,0
293,17,75.43,97.29,85.33,36.74,11.77,44.26,0
293,18,72.93,97.48,83.28,36.75,11.50,46.15,0
293,19,74.00,97.51,87.57,35.99,11.91,43.82,0
294,0,69.53,97.21,84.11,35.98,10.82,46.47,0
294,1,73.21,97.12,82.80,35.72,11.21,46.17,0
294,2,72.42,97.56,82.42,34.90,10.43,48.56,0
294,3,70.54,97.71,83.64,35.65,10.58,46.37,0
294,4,70.77,97.39,83.11,34.40,11.24,46.52,0
294,5,73.10,97.82,83.02,35.42,10.99,45.71,0
294,6,72.23,97.67,85.42,35.27,10.89,48.03,0
294,7,73.93,97.81,81.30,34.66,10.41,47.52,0
294,8,71.01,97.67,81.04,35.09,10.73,46.41,0
294,9,72.39,97.33,79.95,35.22,11.19,48.83,0
294,10,72.88,97.72,81.73,34.62,11.54,48.03,0
294,11,72.40,97.10,80.05,34.82,11.30,46.14,0
294,12,68.95,97.55,81.47,36.01,11.19,45.96,0
294,13,69.27,97.82,81.35,36.05,11.25,48.86,0
294,14,69.39,97.31,82.91,34.57,11.38,45.71,0
294,15,69.17,97.10,79.49,36.18,11.06,47.46,0
294,16,70.24,97.71,84.92,35.26,10.76,48.94,0
294,17,70.87,97.08,79.29,36.18,10.79,47.75,0
294,18,72.93,97.74,83.51,36.00,10.73,47.97,0
294,19,71.59,97.07,80.35,35.23,11.52,47.68,0
295,0,73.54,99.23,80.27,37.88,10.58,44.81,0
295,1,76.13,98.94,80.00,37.54,11.41,43.14,0
295,2,77.72,98.59,79.06,38.11,10.87,43.25,0
295,3,77.05,98.89,80.47,37.26,10.88,45.74,0
295,4,77.58,98.85,80.63,37.39,11.17,44.00,0
295,5,77.81,98.83,82.80,36.68,11.03,42.48,0
295,6,75.60,99.25,81.76,37.42,10.39,42.35,0
295,7,76.47,98.92,81.16,37.57,11.10,42.20,0
295,8,75.78,98.80,80.93,37.85,11.42,45.14,0
295,9,76.23,99.00,79.63,37.31,11.47,45.58,0
295,10,82.23,96.61,75.70,38.00,11.21,50.46,0
295,11,84.87,96.67,70.59,36.37,10.99,52.60,0
295,12,87.43,95.70,66.77,36.85,11.37,52.24,1
295,13,84.08,96.22,71.86,36.94,10.40,51.85,0
295,14,84.30,96.66,73.03,36.19,10.96,48.35,0
295,15,75.51,99.24,81.90,37.64,10.73,42.18,0
295,16,73.94,99.17,80.94,38.06,10.55,45.75,0
295,17,75.22,98.93,81.22,37.98,10.48,45.16,0
295,18,74.80,98.88,81.08,36.81,10.53,45.21,0
295,19,74.03,99.29,83.32,36.78,11.46,44.65,0
296,0,75.72,97.57,81.93,36.66,14.33,60.99,0
296,1,76.69,97.95,86.83,37.64,14.80,59.43,0
296,2,76.81,97.83,85.79,36.70,14.42,60.94,0
296,3,75.78,97.40,85.90,37.27,13.98,59.31,0
296,4,76.40,97.37,87.15,37.78,14.77,60.14,0
296,5,73.64,98.11,83.55,36.75,15.06,59.72,0
296,6,74.68,97.73,88.44,37.83,14.87,60.77,0
296,7,73.52,97.60,85.88,38.17,14.73,61.42,0
296,8,76.55,97.36,87.93,38.20,14.00,61.83,0
296,9,82.20,95.62,77.56,38.33,14.34,66.35,0
296,10,85.13,95.06,73.17,37.46,14.57,70.20,0
296,11,87.73,94.95,73.59,37.25,14.86,72.82,1
296,12,83.74,95.57,74.14,36.70,14.31,70.00,0
296,13,81.57,96.04,77.42,36.76,14.84,67.86,0
296,14,72.84,97.47,86.56,37.35,14.85,61.54,0
296,15,75.20,97.64,82.11,37.74,13.94,61.17,0
296,16,73.11,97.79,86.10,38.01,15.10,62.79,0
296,17,75.50,97.72,82.99,36.45,14.45,59.73,0
296,18,73.65,97.52,81.92,37.49,14.54,61.00,0
296,19,76.16,97.74,85.08,37.18,14.22,60.59,0
297,0,80.70,97.34,81.78,37.01,12.63,58.48,0
297,1,80.38,97.34,80.03,35.97,12.06,56.55,0
297,2,79.06,97.20,82.05,35.60,12.36,57.09,0
297,3,79.49,97.31,81.85,36.87,12.33,58.79,0
297,4,82.01,96.87,80.42,37.29,12.38,58.49,0
297,5,81.45,97.36,82.92,35.92,12.51,55.78,0
297,6,80.42,96.94,79.38,36.66,12.77,57.04,0
297,7,79.85,96.77,78.99,37.32,12.92,57.32,0
297,8,78.16,96.85,80.11,36.44,12.01,56.92,0
297,9,77.78,96.63,79.50,37.02,12.82,56.58,0
297,10,79.13,97.14,78.98,36.50,12.37,56.23,0
297,11,79.30,97.38,77.11,36.45,12.44,55.37,0
297,12,77.95,97.13,76.39,35.69,12.13,56.10,0
297,13,79.67,97.35,78.21,37.05,12.82,55.88,0
297,14,78.42,96.79,80.33,36.07,12.04,57.39,0
297,15,79.98,97.16,79.16,37.09,12.00,55.69,0
297,16,77.54,97.29,80.27,37.18,12.27,55.00,0
297,17,79.08,97.01,80.71,36.06,12.08,57.21,0
297,18,79.26,97.29,80.85,35.57,11.88,58.81,0
297,19,77.88,97.07,81.53,35.60,11.92,56.12,0
298,0,73.40,98.37,89.52,36.55,15.34,54.74,0
298,1,75.34,98.41,86.77,37.23,15.24,54.34,0
298,2,72.62,98.77,85.86,38.27,15.25,55.93,0
298,3,75.31,98.48,88.43,38.11,15.54,53.94,0
298,4,72.80,98.57,87.57,37.10,15.09,53.47,0
298,5,72.76,98.62,90.30,38.02,15.86,52.80,0
298,6,75.28,98.69,86.62,37.49,15.15,54.20,0
298,7,75.49,98.20,87.38,37.72,14.88,53.70,0
298,8,74.25,98.26,86.82,37.63,14.84,53.50,0
298,9,72.33,98.49,89.43,37.30,15.94,55.37,0
298,10,72.79,98.43,85.70,36.53,15.16,54.79,0
298,11,74.33,98.27,84.32,38.48,15.01,54.46,0
298,12,74.12,98.19,85.51,36.58,14.81,53.89,0
298,13,71.39,98.37,87.41,38.51,15.71,56.12,0
298,14,71.10,98.39,87.95,37.52,15.56,53.54,0
298,15,72.55,98.24,89.00,37.38,15.03,55.47,0
298,16,72.37,98.62,89.33,37.97,15.83,55.36,0
298,17,72.81,98.43,84.69,38.02,15.78,55.65,0
298,18,71.92,98.06,87.65,37.26,15.16,54.39,0
298,19,72.70,98.24,88.95,36.99,14.77,55.67,0
299,0,73.85,98.69,91.46,37.23,15.32,56.03,0
299,1,74.35,98.34,93.93,37.04,15.31,57.48,0
299,2,74.24,98.40,94.32,36.60,15.72,57.09,0
299,3,77.35,98.66,91.40,36.21,16.12,54.33,0
299,4,73.71,98.50,89.79,37.29,15.79,54.49,0
299,5,76.15,98.62,90.58,35.84,15.66,57.43,0
299,6,75.96,98.15,91.11,37.44,16.16,57.92,0
299,7,74.86,98.40,92.06,36.45,15.88,54.91,0
299,8,73.56,98.53,89.42,37.55,15.74,57.87,0
299,9,74.36,97.94,89.18,36.43,15.82,56.09,0
299,10,74.52,98.36,93.96,37.09,16.17,55.47,0
299,11,75.21,98.06,88.80,37.68,15.95,55.17,0
299,12,74.21,98.01,94.01,36.40,16.00,55.26,0
299,13,74.58,98.46,88.10,37.33,15.77,57.50,0
299,14,72.31,98.50,89.57,36.11,15.79,56.02,0
299,15,75.27,98.13,91.72,37.20,15.42,55.63,0
299,16,72.51,98.47,91.95,35.87,15.74,56.13,0
299,17,72.97,98.02,94.24,37.21,15.44,55.95,0
299,18,72.55,97.94,89.79,37.17,15.82,57.94,0
299,19,74.89,98.45,94.32,37.73,15.68,54.92,0
300,0,82.77,98.14,79.14,35.41,14.39,58.22,0
300,1,80.21,98.07,81.80,36.16,14.64,57.32,0
300,2,81.64,98.31,79.34,36.38,13.93,56.33,0
300,3,82.70,98.19,79.68,36.48,14.16,56.33,0
300,4,81.00,98.01,84.27,35.33,13.57,58.39,0
300,5,80.51,98.06,78.86,36.32,14.43,57.73,0
300,6,83.73,97.75,78.65,35.36,14.67,56.16,0
300,7,80.54,98.02,78.94,35.58,14.61,57.32,0
300,8,81.51,98.42,79.57,35.19,14.68,56.19,0
300,9,90.18,95.78,72.18,35.35,13.56,63.12,0
300,10,92.08,95.97,71.36,37.13,14.16,65.68,0
300,11,92.55,95.32,65.63,36.55,14.51,66.89,1
300,12,89.46,95.57,72.32,35.40,14.28,64.31,0
300,13,87.02,96.43,74.14,36.31,14.43,62.30,0
300,14,80.46,98.48,80.13,37.07,14.75,58.39,0
300,15,80.60,98.27,77.42,36.55,14.13,59.72,0
300,16,81.51,97.76,82.56,36.42,14.64,56.30,0
300,17,80.51,98.22,78.05,37.10,14.67,57.75,0
300,18,81.02,98.07,80.57,37.01,13.66,56.23,0
300,19,82.91,97.73,79.31,35.83,14.28,57.98,0
301,0,77.28,98.95,87.55,34.75,10.47,44.61,0
301,1,77.51,98.17,85.89,34.26,9.92,47.73,0
301,2,77.89,98.19,84.00,34.88,10.47,44.30,0
301,3,78.36,98.66,89.71,35.55,10.35,46.65,0
301,4,77.61,98.54,86.22,35.16,10.49,45.09,0
301,5,80.19,98.45,84.24,35.31,10.49,45.67,0
301,6,79.12,98.92,89.74,35.18,10.69,44.08,0
301,7,77.88,98.78,84.79,34.44,10.06,45.70,0
301,8,79.61,98.78,85.04,34.29,10.80,45.55,0
301,9,76.71,98.53,86.69,33.75,10.12,43.99,0
301,10,78.92,98.68,85.81,33.89,10.26,46.60,0
301,11,79.12,98.65,85.77,34.89,10.93,46.09,0
301,12,75.77,98.76,88.09,35.53,10.46,46.38,0
301,13,77.18,98.89,84.18,35.52,10.84,46.88,0
301,14,75.25,98.66,85.79,34.93,10.53,44.08,0
301,15,78.60,98.68,86.70,35.57,10.91,43.99,0
301,16,77.54,98.40,85.11,34.66,10.33,46.04,0
301,17,79.20,98.39,87.91,35.07,9.98,43.96,0
301,18,77.61,98.41,88.68,35.56,10.39,45.08,0
301,19,78.83,98.90,88.16,35.10,9.84,46.66,0
302,0,72.43,98.14,90.19,33.99,14.84,45.10,0
302,1,71.25,98.02,94.23,34.65,15.67,46.43,0
302,2,71.53,97.86,89.44,34.09,14.73,48.76,0
302,3,70.39,97.76,90.09,35.48,14.86,48.49,0
302,4,70.99,98.01,91.24,33.71,15.20,47.03,0
302,5,72.26,97.93,94.11,35.32,14.80,47.42,0
302,6,69.82,98.04,93.38,34.34,15.57,44.95,0
302,7,69.64,97.67,93.73,34.75,14.83,47.24,0
302,8,70.40,98.07,90.64,34.93,14.67,46.69,0
302,9,77.42,96.17,86.40,34.29,15.67,52.83,0
302,10,81.81,95.29,80.54,34.28,15.69,54.01,0
302,11,82.99,94.95,78.13,34.40,14.86,56.32,1
302,12,79.55,95.58,82.26,33.80,15.71,56.60,0
302,13,76.82,96.01,84.75,35.00,15.55,53.75,0
302,14,69.22,98.20,90.84,34.23,15.54,45.91,0
302,15,68.30,97.98,92.71,33.94,15.35,46.37,0
302,16,71.67,97.98,89.94,34.51,15.77,47.09,0
302,17,69.60,98.12,91.28,35.40,15.05,45.91,0
302,18,72.39,98.22,94.02,34.93,14.84,45.57,0
302,19,69.05,97.47,92.23,34.49,14.70,48.73,0
303,0,74.32,98.39,77.31,34.96,13.16,53.32,0
303,1,76.84,98.84,82.12,35.29,13.99,51.70,0
303,2,75.75,98.70,78.27,35.25,13.83,52.19,0
303,3,75.92,98.62,80.81,34.76,13.57,54.02,0
303,4,76.16,98.72,79.28,35.80,13.70,53.89,0
303,5,75.52,98.62,82.93,35.14,13.17,51.44,0
303,6,77.57,98.81,81.12,34.56,13.48,52.82,0
303,7,74.79,98.73,80.79,34.93,13.74,52.66,0
303,8,76.37,98.94,82.63,35.89,12.90,51.41,0
303,9,77.63,99.01,79.61,35.19,13.92,53.78,0
303,10,74.66,99.04,82.10,34.77,13.12,53.01,0
303,11,74.38,99.04,77.48,34.63,13.65,51.55,0
303,12,75.83,98.47,81.09,34.73,12.95,51.07,0
303,13,73.64,98.35,80.37,36.26,13.03,54.45,0
303,14,76.08,98.63,77.78,36.10,13.39,52.35,0
303,15,75.51,98.54,80.11,36.33,13.85,53.23,0
303,16,75.17,98.98,77.66,34.66,12.88,54.10,0
303,17,74.12,98.59,76.75,36.07,12.96,54.15,0
303,18,74.56,98.86,81.00,35.39,13.15,54.17,0
303,19,77.58,98.50,81.11,34.62,13.35,54.06,0
304,0,80.50,98.68,89.59,34.50,12.59,57.23,0
304,1,79.38,98.42,90.31,35.61,12.62,56.89,0
304,2,80.77,98.88,89.76,35.54,12.39,53.65,0
304,3,79.85,99.18,86.51,35.19,12.68,54.74,0
304,4,81.48,98.86,92.20,35.43,12.11,54.31,0
304,5,83.24,99.06,88.96,34.98,12.24,56.85,0
304,6,79.84,98.91,90.99,34.64,12.66,56.87,0
304,7,81.62,98.44,88.35,35.15,12.28,55.53,0
304,8,82.22,99.03,88.09,34.93,12.08,55.02,0
304,9,89.43,97.09,82.85,34.71,12.66,59.85,0
304,10,88.75,96.22,80.57,35.08,12.80,64.95,0
304,11,92.33,96.13,74.07,35.55,12.56,66.95,1
304,12,89.49,96.55,77.04,34.40,11.78,64.26,0
304,13,90.11,97.15,79.41,34.93,12.87,61.41,0
304,14,81.65,98.78,87.86,34.10,12.77,55.54,0
304,15,79.54,99.01,89.83,35.38,12.09,54.79,0
304,16,79.02,98.44,85.75,35.00,11.84,55.46,0
304,17,80.03,98.42,85.53,34.98,11.90,55.23,0
304,18,79.65,98.77,90.14,35.67,12.14,56.64,0
304,19,79.07,98.88,88.14,34.42,12.49,54.95,0
305,0,80.41,97.09,91.85,36.22,16.23,43.74,0
305,1,80.18,97.36,90.62,34.35,16.16,43.17,0
305,2,80.05,96.95,87.69,35.83,15.53,44.38,0
305,3,80.72,97.01,87.70,35.53,15.89,45.14,0
305,4,78.68,97.02,92.15,34.44,15.80,43.39,0
305,5,81.82,97.19,88.64,35.06,15.62,45.33,0
305,6,80.26,97.07,92.63,34.70,16.01,41.39,0
305,7,80.28,97.13,90.58,35.74,15.26,41.73,0
305,8,79.60,97.23,91.17,35.98,16.03,43.50,0
305,9,78.17,96.71,91.85,36.03,16.18,43.67,0
305,10,81.11,97.05,88.06,34.41,15.32,42.62,0
305,11,78.63,96.73,91.68,34.39,15.45,45.07,0
305,12,80.94,96.97,89.99,34.31,15.22,42.02,0
305,13,78.83,96.92,87.65,35.58,15.91,45.18,0
305,14,80.48,97.45,90.95,35.52,15.43,43.17,0
305,15,77.84,97.13,89.40,34.79,15.45,42.78,0
305,16,80.36,97.01,88.24,34.68,15.55,41.89,0
305,17,78.31,96.93,88.53,35.72,16.14,43.26,0
305,18,81.31,96.73,92.02,35.56,15.56,43.97,0
305,19,79.22,96.86,91.40,34.80,15.28,42.46,0
306,0,85.84,98.06,84.54,37.54,14.98,51.19,0
306,1,84.35,98.75,83.93,37.93,14.59,50.29,0
306,2,84.21,98.08,85.46,38.49,14.42,50.11,0
306,3,86.03,98.15,89.01,38.93,14.25,50.31,0
306,4,86.06,98.22,84.09,38.47,14.98,49.45,0
306,5,87.25,98.41,87.16,37.76,14.37,49.68,0
306,6,86.55,98.72,84.59,38.70,14.32,50.93,0
306,7,84.62,98.70,85.51,38.39,14.15,48.77,0
306,8,84.24,98.85,86.10,38.78,14.44,50.46,0
306,9,85.25,98.67,88.43,38.38,14.89,49.94,0
306,10,86.14,98.50,83.71,38.52,14.78,51.68,0
306,11,82.95,98.71,87.47,38.84,14.11,49.55,0
306,12,84.24,98.66,88.06,37.34,14.91,49.11,0
306,13,83.59,98.77,83.30,38.74,14.68,50.77,0
306,14,86.13,98.05,83.19,38.91,15.07,49.66,0
306,15,84.67,98.09,83.32,38.34,15.29,50.31,0
306,16,85.01,98.47,83.80,37.82,14.79,48.70,0
306,17,84.36,98.31,88.50,37.16,14.57,49.92,0
306,18,85.76,98.37,83.40,38.24,14.48,50.87,0
306,19,84.58,98.83,83.54,37.92,14.99,50.10,0
307,0,74.83,97.24,83.85,34.61,15.36,45.42,0
307,1,75.63,96.88,87.92,34.44,15.37,48.08,0
307,2,75.78,97.11,86.27,34.03,15.69,46.53,0
307,3,72.31,97.20,85.12,34.18,15.20,47.25,0
307,4,73.27,97.25,86.74,34.77,15.68,45.92,0
307,5,72.67,96.66,82.89,35.20,15.88,48.09,0
307,6,73.88,97.36,88.39,34.62,15.63,46.82,0
307,7,73.76,97.10,88.07,34.98,16.16,48.92,0
307,8,72.58,97.40,85.86,35.64,15.49,46.05,0
307,9,75.02,97.07,86.59,35.22,15.47,46.53,0
307,10,73.06,96.94,87.26,35.15,15.55,45.49,0
307,11,74.04,96.76,81.73,35.44,16.12,47.06,0
307,12,72.58,97.06,83.46,35.63,16.20,46.76,0
307,13,73.28,97.08,87.04,35.09,15.64,46.83,0
307,14,73.22,96.70,85.93,35.24,16.30,45.12,0
307,15,74.77,97.12,85.31,34.85,15.26,48.95,0
307,16,73.00,97.15,83.07,35.31,16.30,47.65,0
307,17,74.80,96.84,82.69,33.86,15.88,47.94,0
307,18,74.88,97.31,86.05,34.34,15.37,47.71,0
307,19,73.15,97.18,82.12,34.62,15.33,45.92,0
308,0,91.95,97.47,77.73,38.26,10.54,56.62,0
308,1,92.13,97.60,77.65,38.91,10.45,57.07,0
308,2,91.26,97.50,76.40,39.14,10.40,57.29,0
308,3,91.99,97.46,76.26,37.75,10.75,59.91,0
308,4,89.67,97.52,76.71,38.38,11.51,57.73,0
308,5,93.12,97.39,76.49,37.93,11.23,57.06,0
308,6,91.42,97.41,79.37,37.77,10.75,56.16,0
308,7,89.50,97.83,81.49,37.82,11.05,58.91,0
308,8,89.95,97.12,76.82,38.81,10.60,58.86,0
308,9,91.90,97.58,76.28,38.23,10.81,58.70,0
308,10,88.68,97.31,79.21,39.21,11.37,59.00,0
308,11,89.03,97.27,79.54,39.04,10.79,58.80,0
308,12,91.08,97.44,75.48,37.39,10.49,57.86,0
308,13,88.06,97.73,80.28,38.13,10.67,59.91,0
308,14,88.79,97.23,75.54,38.08,10.94,56.71,0
308,15,88.34,97.13,80.62,39.14,10.53,56.44,0
308,16,89.43,97.19,75.08,37.74,10.38,57.63,0
308,17,91.98,97.39,78.87,38.36,11.50,59.28,0
308,18,90.75,97.69,78.04,38.74,10.82,58.50,0
308,19,91.55,97.60,81.39,38.77,11.16,58.91,0
309,0,89.50,98.25,87.41,37.80,11.41,54.94,0
309,1,89.68,98.64,90.83,37.37,12.49,54.60,0
309,2,89.47,98.19,89.91,38.05,12.30,56.10,0
309,3,88.41,98.55,90.30,36.84,12.03,53.78,0
309,4,89.42,98.37,90.13,37.73,11.67,56.06,0
309,5,88.21,98.54,89.92,38.13,11.55,55.50,0
309,6,88.97,98.10,90.71,37.09,12.09,56.76,0
309,7,87.26,98.18,88.22,37.30,12.57,55.43,0
309,8,87.24,98.06,93.31,38.34,11.79,56.17,0
309,9,87.28,98.56,91.72,38.35,11.43,55.77,0
309,10,86.02,98.19,90.24,38.26,11.54,54.57,0
309,11,89.58,98.74,87.19,38.16,11.70,56.13,0
309,12,86.31,98.11,86.99,37.60,11.45,54.80,0
309,13,85.41,98.21,89.12,38.18,11.92,54.23,0
309,14,88.10,98.34,88.20,37.73,12.07,55.31,0
309,15,88.46,98.51,86.72,38.22,11.75,54.97,0
309,16,86.65,98.23,86.95,38.04,11.93,53.81,0
309,17,87.38,98.31,91.39,37.02,12.28,54.38,0
309,18,88.34,98.59,90.67,37.24,12.51,56.70,0
309,19,86.70,98.16,91.78,37.12,11.63,56.37,0
310,0,76.69,97.88,90.98,32.94,14.34,53.67,0
310,1,76.55,97.86,89.24,33.25,13.50,54.26,0
310,2,77.56,97.76,87.75,32.44,14.43,55.98,0
310,3,77.63,97.77,88.94,33.88,13.55,55.07,0
310,4,80.04,97.28,89.64,34.01,13.52,55.66,0
310,5,79.55,97.46,88.35,33.71,13.87,54.33,0
310,6,79.86,97.58,92.50,32.63,14.23,52.77,0
310,7,79.13,97.83,91.42,34.22,14.32,52.90,0
310,8,79.45,97.50,89.96,33.88,14.19,52.58,0
310,9,77.09,97.71,90.95,32.51,13.74,55.59,0
310,10,79.02,97.58,90.67,33.55,14.08,55.85,0
310,11,76.24,97.86,87.94,33.64,13.48,54.34,0
310,12,74.94,97.46,92.00,32.76,14.52,54.16,0
310,13,78.52,97.29,87.73,32.89,14.44,55.74,0
310,14,75.88,97.32,89.70,32.61,13.69,55.86,0
310,15,77.76,97.95,86.86,32.52,13.58,53.70,0
310,16,76.32,97.42,87.18,34.07,14.09,52.61,0
310,17,78.29,97.49,87.84,32.41,14.22,54.14,0
310,18,75.37,97.42,90.51,32.92,13.48,53.52,0
310,19,77.40,97.80,90.18,34.12,13.68,54.48,0
311,0,79.75,97.97,96.38,34.66,11.62,60.17,0
311,1,81.44,97.64,94.36,34.35,12.00,60.91,0
311,2,81.40,97.60,92.50,33.27,11.54,61.74,0
311,3,83.16,98.14,95.74,34.13,12.21,61.78,0
311,4,83.95,97.98,96.16,33.97,11.92,61.33,0
311,5,81.98,97.46,96.59,34.64,11.66,61.18,0
311,6,81.77,98.17,92.50,35.11,12.25,60.60,0
311,7,81.07,98.21,94.05,35.07,11.42,59.69,0
311,8,88.28,95.82,87.46,33.82,11.81,67.38,0
311,9,91.08,95.45,88.35,33.70,12.24,69.90,0
311,10,93.21,94.50,84.05,35.16,11.45,71.74,1
311,11,91.43,95.48,87.82,34.54,12.04,68.72,0
311,12,88.74,96.11,85.76,33.85,11.53,68.73,0
311,13,79.50,97.47,94.53,34.41,11.60,59.71,0
311,14,79.25,97.57,94.67,33.70,11.69,62.19,0
311,15,80.37,97.59,91.81,34.10,11.85,62.38,0
311,16,80.60,97.69,96.23,34.75,11.68,61.22,0
311,17,79.20,97.82,96.51,35.13,12.28,61.88,0
311,18,80.37,97.51,94.33,33.51,11.34,62.54,0
311,19,83.20,98.17,96.84,34.67,12.27,63.39,0
312,0,76.71,97.69,83.30,34.94,12.86,46.06,0
312,1,78.58,97.95,82.21,34.29,12.74,42.98,0
312,2,77.86,97.66,81.65,35.12,12.09,43.07,0
312,3,78.36,97.50,83.95,34.24,12.47,45.77,0
312,4,80.25,97.78,87.08,35.03,12.94,42.50,0
312,5,80.48,97.58,84.38,34.95,12.73,43.04,0
312,6,80.77,97.57,85.24,33.76,12.50,46.38,0
312,7,80.10,97.68,81.94,34.46,12.52,44.72,0
312,8,80.13,97.73,82.13,33.52,12.93,43.35,0
312,9,79.37,97.82,86.15,34.46,11.95,43.71,0
312,10,80.22,97.83,85.53,33.64,12.70,44.34,0
312,11,78.71,97.67,84.12,35.11,11.88,46.25,0
312,12,77.97,97.41,83.91,34.14,12.71,42.93,0
312,13,78.63,97.48,85.76,33.99,11.91,44.26,0
312,14,79.04,97.90,82.13,33.76,12.02,43.07,0
312,15,76.76,97.60,81.00,33.89,12.17,46.30,0
312,16,76.46,97.82,84.22,34.53,12.97,43.18,0
312,17,79.75,98.08,82.83,33.71,12.56,45.83,0
312,18,78.64,97.57,85.63,34.79,12.88,46.16,0
312,19,77.93,97.85,83.94,34.01,12.26,42.58,0
313,0,76.34,98.08,89.75,36.68,14.59,44.71,0
313,1,74.33,98.17,90.87,36.70,14.11,46.81,0
313,2,74.00,97.96,92.46,38.17,14.44,46.34,0
313,3,75.60,97.74,94.49,37.70,14.60,47.47,0
313,4,74.91,98.07,91.99,37.44,15.21,46.17,0
313,5,74.99,98.10,91.52,37.16,14.15,48.05,0
313,6,77.84,98.11,90.77,37.93,14.93,46.63,0
313,7,74.56,97.85,90.72,37.83,15.22,46.68,0
313,8,76.63,97.83,89.46,36.69,14.43,46.46,0
313,9,82.35,95.65,83.57,37.37,15.17,53.43,0
313,10,85.35,95.60,83.90,38.31,15.16,53.65,0
313,11,85.53,95.10,78.41,37.82,15.16,56.70,1
313,12,83.30,95.58,81.65,37.15,14.62,52.56,0
313,13,82.23,95.96,85.51,38.25,14.98,52.72,0
313,14,73.58,97.63,89.65,38.20,14.22,48.04,0
313,15,75.24,97.94,92.10,37.49,14.31,44.40,0
313,16,75.54,97.74,90.26,36.42,14.72,45.39,0
313,17,73.28,97.59,90.26,37.54,15.24,46.86,0
313,18,73.00,98.25,91.90,36.73,14.13,45.91,0
313,19,73.57,98.06,93.73,36.85,14.87,47.53,0
314,0,76.59,98.11,88.57,33.34,12.17,58.30,0
314,1,76.07,98.52,88.34,33.67,12.75,56.57,0
314,2,77.46,97.84,90.56,33.88,12.19,56.96,0
314,3,76.89,98.09,88.59,33.01,12.56,56.28,0
314,4,76.93,98.19,90.30,32.23,12.22,58.74,0
314,5,77.32,97.76,86.45,33.63,12.32,56.60,0
314,6,76.79,97.94,88.96,33.24,12.64,57.62,0
314,7,77.28,98.41,87.46,32.22,13.04,58.65,0
314,8,75.15,98.04,87.82,32.62,12.48,59.83,0
314,9,75.78,97.86,91.15,32.93,12.04,58.52,0
314,10,77.61,98.02,89.66,33.54,12.13,58.62,0
314,11,74.21,98.49,89.77,33.27,12.39,59.90,0
314,12,76.68,98.50,89.90,34.04,12.88,58.74,0
314,13,76.76,98.09,88.55,34.06,12.98,59.48,0
314,14,74.78,98.01,88.06,32.18,12.36,56.70,0
314,15,74.29,97.79,85.59,33.70,12.70,56.97,0
314,16,76.24,98.48,88.82,33.20,13.03,55.95,0
314,17,77.22,98.20,90.88,32.75,12.47,58.03,0
314,18,74.42,98.07,87.35,32.52,12.59,58.60,0
314,19,74.18,98.48,88.29,33.75,12.33,59.33,0
315,0,81.52,98.24,83.67,35.79,14.55,61.01,0
315,1,82.63,98.28,82.81,34.64,15.59,59.98,0
315,2,84.32,97.80,87.95,35.94,15.51,59.92,0
315,3,83.01,98.16,87.42,35.48,15.46,63.29,0
315,4,83.40,98.43,85.44,35.73,15.03,61.07,0
315,5,82.07,98.29,85.69,34.97,14.77,62.08,0
315,6,81.60,98.14,83.79,34.56,14.69,61.37,0
315,7,84.25,97.89,88.10,34.64,15.67,60.13,0
315,8,89.38,96.25,80.81,34.66,15.50,67.32,0
315,9,91.25,95.73,77.76,34.84,14.88,68.73,0
315,10,95.59,95.29,70.96,35.58,14.60,70.92,1
315,11,92.16,95.59,77.42,34.71,15.50,69.38,0
315,12,91.12,95.96,77.28,34.82,15.58,68.46,0
315,13,83.38,97.98,86.26,34.75,15.33,63.21,0
315,14,81.81,98.50,85.99,34.23,14.84,62.49,0
315,15,82.72,98.35,82.05,35.92,15.01,61.87,0
315,16,80.49,97.82,81.66,35.30,15.41,62.17,0
315,17,80.96,98.43,86.07,34.72,15.07,62.28,0
315,18,80.35,98.41,85.73,34.24,15.06,60.07,0
315,19,81.94,98.16,87.77,34.69,14.76,60.53,0
316,0,81.34,97.46,82.63,35.79,11.12,47.43,0
316,1,79.24,97.22,79.56,35.57,11.14,45.36,0
316,2,79.13,97.16,79.42,35.48,10.69,45.03,0
316,3,81.14,97.02,78.94,36.51,11.23,47.22,0
316,4,81.99,97.49,83.85,35.72,10.48,46.91,0
316,5,79.10,97.02,82.45,35.58,10.81,48.27,0
316,6,79.52,97.28,83.39,36.40,10.30,47.26,0
316,7,78.92,97.12,78.89,35.88,10.10,48.00,0
316,8,79.30,97.13,81.88,35.64,11.17,48.48,0
316,9,78.59,97.08,83.04,35.88,10.52,45.07,0
316,10,80.54,96.92,78.75,36.92,11.26,47.47,0
316,11,79.17,96.91,82.43,36.12,11.06,48.65,0
316,12,77.96,96.95,77.66,36.40,10.61,47.26,0
316,13,78.92,97.30,82.05,35.64,11.16,48.70,0
316,14,80.42,97.62,79.19,36.92,11.22,46.08,0
316,15,80.86,97.62,78.41,36.97,11.04,45.20,0
316,16,78.66,97.11,79.62,36.32,11.07,48.58,0
316,17,80.96,97.55,80.88,36.79,11.23,47.94,0
316,18,80.72,97.35,82.95,35.96,11.04,48.00,0
316,19,78.55,97.30,79.28,35.90,11.20,48.90,0
317,0,73.43,97.77,84.02,36.93,13.67,51.95,0
317,1,75.37,98.49,84.82,38.74,13.88,48.56,0
317,2,72.65,98.25,89.62,37.35,13.93,50.64,0
317,3,73.47,98.13,87.58,37.18,14.45,48.44,0
317,4,74.49,98.09,85.31,37.08,14.34,49.31,0
317,5,74.74,98.37,84.18,37.89,13.91,51.00,0
317,6,74.76,98.41,84.79,38.38,14.63,48.93,0
317,7,73.99,97.96,89.37,38.34,14.59,50.43,0
317,8,75.04,98.47,84.79,38.29,14.19,48.76,0
317,9,75.17,97.89,84.67,36.83,14.22,50.81,0
317,10,82.89,96.27,78.42,38.58,14.04,56.13,0
317,11,82.01,95.65,75.48,37.26,14.38,58.12,0
317,12,85.44,95.09,73.78,37.55,14.46,60.10,1
317,13,81.94,95.79,76.61,38.01,14.02,59.19,0
317,14,79.67,96.35,77.65,38.46,14.40,54.63,0
317,15,73.30,98.15,83.74,37.67,13.49,49.13,0
317,16,71.34,98.13,87.41,37.58,14.26,49.57,0
317,17,72.83,98.11,83.74,38.13,13.74,48.57,0
317,18,74.39,98.07,85.23,38.18,14.47,51.71,0
317,19,72.72,97.89,84.53,37.64,14.38,50.76,0
318,0,74.84,98.45,78.65,36.84,11.18,49.39,0
318,1,77.91,98.14,78.22,36.65,11.97,49.05,0
318,2,76.84,98.55,78.04,36.44,11.20,49.65,0
318,3,78.51,98.66,79.57,36.61,11.78,46.80,0
318,4,77.62,98.70,78.66,36.23,11.21,49.06,0
318,5,76.16,98.73,83.62,36.80,10.92,49.39,0
318,6,76.91,98.16,78.22,38.05,10.81,50.10,0
318,7,75.29,98.85,79.16,37.68,11.12,47.07,0
318,8,75.95,98.22,80.05,36.77,11.80,48.65,0
318,9,74.74,98.80,80.92,36.44,11.70,48.85,0
318,10,76.77,98.71,81.14,37.08,10.82,47.33,0
318,11,76.89,98.22,79.46,36.78,11.65,47.65,0
318,12,76.83,98.82,80.62,36.87,11.00,50.12,0
318,13,77.12,98.77,79.28,38.05,11.71,47.35,0
318,14,74.59,98.84,82.03,36.91,11.14,47.50,0
318,15,74.21,98.34,78.25,37.03,11.20,47.56,0
318,16,74.71,98.59,81.90,36.15,10.86,47.01,0
318,17,76.82,98.88,79.27,36.36,11.47,50.29,0
318,18,77.73,98.65,81.12,37.50,11.15,50.21,0
318,19,74.99,98.64,83.18,37.05,11.07,46.96,0
319,0,88.84,97.28,79.68,35.81,15.39,49.29,0
319,1,89.96,97.23,80.58,36.25,16.32,46.39,0
319,2,88.51,97.75,82.39,35.88,16.05,47.70,0
319,3,91.24,97.26,81.45,36.01,15.71,48.99,0
319,4,88.85,97.58,83.99,36.13,15.71,48.02,0
319,5,90.54,97.75,80.35,35.20,15.85,47.84,0
319,6,89.50,97.05,83.52,35.56,15.57,49.10,0
319,7,88.87,97.11,83.36,34.88,16.30,47.11,0
319,8,98.25,95.15,76.87,36.13,15.92,54.42,0
319,9,100.65,95.16,70.58,35.39,15.64,54.94,0
319,10,98.96,93.98,66.94,36.09,15.40,59.20,1
319,11,100.24,94.52,72.87,34.71,15.47,55.77,0
319,12,97.19,95.38,73.39,35.70,15.69,52.33,0
319,13,86.35,97.15,83.99,35.51,16.48,46.14,0
319,14,89.51,96.99,81.11,35.64,15.73,48.08,0
319,15,87.38,97.09,83.32,35.45,15.77,46.52,0
319,16,89.01,97.52,79.07,36.32,15.51,48.78,0
319,17,89.09,97.59,79.21,34.94,16.52,49.68,0
319,18,88.16,97.32,82.14,34.65,15.68,49.88,0
319,19,87.79,97.51,79.38,36.62,16.33,45.94,0
320,0,80.57,98.26,75.90,37.51,15.70,55.55,0
320,1,80.39,98.21,77.51,37.37,15.18,55.38,0
320,2,82.60,98.17,79.57,36.08,16.03,55.53,0
320,3,81.19,98.83,81.63,36.21,15.79,51.99,0
320,4,82.87,98.82,77.28,37.01,15.74,55.55,0
320,5,82.60,98.21,77.69,37.08,15.69,54.77,0
320,6,81.32,98.65,76.40,36.05,16.19,55.25,0
320,7,79.63,98.90,81.79,36.10,15.05,55.48,0
320,8,82.35,98.47,81.37,36.11,15.34,51.90,0
320,9,81.96,98.32,78.85,37.91,15.02,54.56,0
320,10,82.13,98.71,78.44,36.58,15.02,51.88,0
320,11,81.46,98.28,78.16,37.58,15.81,52.54,0
320,12,82.22,98.37,80.41,35.96,15.15,54.49,0
320,13,78.84,98.67,79.90,36.36,15.95,52.45,0
320,14,78.49,98.61,79.81,36.29,16.03,53.04,0
320,15,79.25,98.45,78.74,36.55,15.28,52.73,0
320,16,79.94,98.67,80.71,37.73,15.44,55.09,0
320,17,80.38,98.86,79.75,37.34,15.16,55.61,0
320,18,79.40,98.67,76.15,37.60,16.01,53.05,0
320,19,82.57,98.60,81.37,36.57,15.30,53.35,0
321,0,75.82,97.44,90.06,34.47,13.63,53.92,0
321,1,77.01,97.71,91.13,35.34,13.25,54.41,0
321,2,77.90,97.60,86.97,33.94,12.99,54.61,0
321,3,78.43,97.17,89.58,34.87,13.11,53.25,0
321,4,78.03,97.36,91.21,35.27,13.35,54.10,0
321,5,77.71,97.31,87.95,34.58,13.81,54.93,0
321,6,76.53,97.47,87.60,34.80,12.76,56.45,0
321,7,79.48,96.98,92.27,35.37,13.86,54.35,0
321,8,77.92,97.06,92.43,33.90,13.59,53.91,0
321,9,84.49,95.28,82.53,34.68,13.94,59.70,0
321,10,87.60,94.80,80.15,34.53,13.36,64.63,0
321,11,88.03,94.71,79.76,34.65,12.86,65.01,1
321,12,86.22,95.19,78.54,34.70,13.68,61.83,0
321,13,83.50,95.37,83.31,34.26,13.13,60.25,0
321,14,76.05,97.08,90.31,35.39,13.07,54.69,0
321,15,75.35,97.35,89.73,35.39,12.79,55.07,0
321,16,76.38,97.23,89.08,35.54,13.52,56.69,0
321,17,76.57,97.71,86.37,34.47,13.72,55.87,0
321,18,79.05,97.46,90.15,33.84,13.17,54.68,0
321,19,77.82,97.11,87.36,33.93,12.89,54.16,0
322,0,87.60,98.27,83.35,36.11,15.16,49.60,0
322,1,87.78,98.20,88.29,35.99,14.66,52.34,0
322,2,85.93,97.71,88.55,36.53,15.29,48.86,0
322,3,85.27,97.86,84.98,36.93,14.81,49.60,0
322,4,85.71,97.86,88.18,35.94,14.63,52.14,0
322,5,87.16,98.08,86.80,36.10,15.32,49.44,0
322,6,86.63,97.88,85.86,35.60,14.99,52.30,0
322,7,85.62,98.33,88.46,35.77,15.46,48.99,0
322,8,85.81,97.76,87.30,36.00,14.81,51.01,0
322,9,92.43,95.77,78.82,37.22,14.51,56.34,0
322,10,95.24,95.64,75.97,35.51,15.21,59.61,0
322,11,96.66,94.67,71.54,36.87,14.47,60.66,1
322,12,95.56,95.20,77.16,36.19,14.97,58.88,0
322,13,92.33,95.70,77.67,36.88,15.46,55.10,0
322,14,83.44,97.89,82.48,35.40,14.69,51.37,0
322,15,86.26,98.11,82.56,35.45,15.27,52.38,0
322,16,84.95,97.82,82.50,35.73,15.47,52.33,0
322,17,86.63,98.16,82.12,35.89,15.28,50.02,0
322,18,87.00,98.21,85.95,37.04,15.14,49.02,0
322,19,84.16,98.15,86.59,36.07,15.56,50.38,0
323,0,75.91,98.32,91.90,39.86,12.90,48.16,0
323,1,74.51,98.19,89.89,39.80,12.88,46.75,0
323,2,77.60,98.51,92.45,38.26,13.24,46.64,0
323,3,78.26,98.83,88.19,39.86,12.72,47.40,0
323,4,74.89,98.26,92.08,39.13,13.33,47.16,0
323,5,75.46,98.61,90.87,39.77,12.83,46.65,0
323,6,74.65,98.64,89.73,38.76,13.19,50.31,0
323,7,76.91,98.61,90.06,38.49,12.76,50.06,0
323,8,77.18,98.14,88.33,39.01,12.59,48.94,0
323,9,74.91,98.51,88.02,39.07,13.65,46.89,0
323,10,76.45,98.47,89.71,38.43,13.45,49.06,0
323,11,75.61,98.78,88.33,39.46,12.75,50.11,0
323,12,76.01,98.48,88.68,38.15,12.99,48.51,0
323,13,76.31,98.70,86.45,39.53,13.60,48.86,0
323,14,77.04,98.60,89.85,39.69,13.39,49.39,0
323,15,76.59,98.43,90.80,38.36,13.45,46.79,0
323,16,75.06,98.37,91.69,39.43,13.46,47.76,0
323,17,75.76,98.85,91.91,38.40,13.60,48.71,0
323,18,74.50,98.17,87.72,39.18,13.50,47.19,0
323,19,74.11,98.78,90.59,39.65,12.88,47.01,0
324,0,74.50,97.99,97.31,36.55,10.94,49.13,0
324,1,75.78,98.32,94.96,38.38,11.04,51.98,0
324,2,75.06,97.79,97.91,37.72,10.88,49.94,0
324,3,74.72,98.22,95.06,38.30,10.78,51.34,0
324,4,72.58,98.36,98.57,36.77,10.39,49.13,0
324,5,72.47,97.86,94.85,37.36,11.18,52.66,0
324,6,73.98,97.85,94.30,38.05,10.41,50.38,0
324,7,74.61,98.27,95.08,37.59,10.65,52.90,0
324,8,75.68,98.19,93.71,37.89,10.36,51.19,0
324,9,80.72,96.42,92.45,36.70,11.36,58.39,0
324,10,82.47,95.94,87.58,36.93,11.29,59.22,0
324,11,85.57,95.01,82.41,38.07,10.42,60.74,1
324,12,81.64,95.93,86.23,38.20,10.53,60.31,0
324,13,80.29,96.16,88.96,38.08,10.43,57.41,0
324,14,70.79,98.02,92.61,37.69,10.40,52.87,0
324,15,71.02,98.01,93.60,36.93,10.80,50.25,0
324,16,73.93,98.07,97.16,37.82,11.33,49.17,0
324,17,73.92,97.87,95.08,37.68,10.82,50.08,0
324,18,71.77,98.08,96.53,36.56,11.08,50.75,0
324,19,73.32,98.13,97.43,38.47,10.44,51.25,0
325,0,72.32,97.24,81.66,36.49,15.49,45.17,0
325,1,71.58,97.42,83.41,36.46,14.48,45.80,0
325,2,70.67,97.62,85.98,37.26,15.34,46.44,0
325,3,69.28,97.44,86.11,37.86,14.47,47.40,0
325,4,72.34,97.12,82.92,36.57,15.55,48.36,0
325,5,70.91,97.30,84.92,36.99,15.11,48.51,0
325,6,73.15,97.21,85.99,38.23,14.46,48.27,0
325,7,69.29,97.28,85.50,37.84,15.38,47.79,0
325,8,71.88,97.39,83.91,38.15,15.27,45.84,0
325,9,70.54,97.10,83.19,37.32,14.83,47.48,0
325,10,71.74,97.42,84.85,37.33,15.25,47.22,0
325,11,70.79,97.02,82.30,38.04,15.03,46.54,0
325,12,70.47,97.01,83.99,38.14,15.31,47.30,0
325,13,71.52,96.96,82.90,37.28,14.89,46.39,0
325,14,69.34,97.35,84.73,36.92,15.47,46.32,0
325,15,69.83,97.34,80.32,36.48,14.58,46.59,0
325,16,68.43,97.39,84.81,36.49,14.55,47.61,0
325,17,69.67,97.67,80.87,36.38,14.77,47.32,0
325,18,70.70,97.41,83.62,37.84,15.11,46.08,0
325,19,69.23,97.25,82.31,36.94,14.56,45.56,0
326,0,78.70,97.88,95.09,35.46,15.51,50.93,0
326,1,80.12,97.85,98.87,34.08,15.88,48.77,0
326,2,78.47,97.29,95.41,35.32,15.64,51.03,0
326,3,80.18,97.85,99.01,35.74,16.19,48.34,0
326,4,80.57,97.48,98.27,34.51,16.16,49.26,0
326,5,79.10,97.56,95.20,35.26,16.15,50.05,0
326,6,78.83,97.76,96.65,35.80,16.15,48.97,0
326,7,78.60,97.35,99.07,33.98,16.16,51.25,0
326,8,79.34,97.66,100.20,34.12,15.99,47.75,0
326,9,79.08,97.64,95.57,33.95,16.42,50.29,0
326,10,77.22,97.57,95.24,34.67,16.03,51.11,0
326,11,76.87,97.69,96.85,35.04,15.64,49.33,0
326,12,77.92,97.78,94.89,34.72,15.92,49.21,0
326,13,77.39,97.77,97.85,35.30,16.09,51.56,0
326,14,77.35,97.41,93.29,34.02,15.34,47.60,0
326,15,77.09,97.44,98.65,35.26,16.14,47.97,0
326,16,76.17,97.14,97.64,35.70,16.28,51.38,0
326,17,77.40,97.18,96.08,35.05,15.99,50.35,0
326,18,79.30,97.30,94.82,35.65,16.01,47.87,0
326,19,80.05,97.55,99.62,34.45,16.43,48.34,0
327,0,75.51,98.20,86.96,33.66,14.95,53.17,0
327,1,74.48,98.09,91.21,33.72,15.07,52.69,0
327,2,76.05,98.73,88.49,33.60,15.32,53.73,0
327,3,74.73,98.74,91.71,34.60,14.55,51.08,0
327,4,76.20,98.16,89.98,33.13,15.15,51.35,0
327,5,76.05,98.79,90.40,33.14,15.23,52.53,0
327,6,75.21,98.84,91.17,33.43,14.44,50.60,0
327,7,72.88,98.26,88.97,34.47,14.46,51.85,0
327,8,74.46,98.80,92.21,34.55,15.22,54.38,0
327,9,74.84,98.16,86.50,33.10,14.93,51.74,0
327,10,72.43,98.49,88.39,34.30,15.02,52.96,0
327,11,75.44,98.75,86.59,34.72,15.18,53.58,0
327,12,71.70,98.34,90.43,34.70,15.23,53.87,0
327,13,74.28,98.19,85.78,33.46,15.02,53.20,0
327,14,72.20,98.13,86.68,34.33,14.83,52.66,0
327,15,73.05,98.55,88.51,33.93,14.45,52.36,0
327,16,73.79,98.44,89.90,34.64,15.29,51.14,0
327,17,72.28,98.63,87.28,33.48,15.20,51.73,0
327,18,72.35,98.76,88.45,33.52,14.72,51.48,0
327,19,72.97,98.83,86.27,34.57,14.84,52.10,0
328,0,78.12,97.90,89.47,34.55,9.76,45.06,0
328,1,79.70,97.99,93.06,34.16,10.46,46.25,0
328,2,76.21,97.98,93.36,35.11,10.07,45.09,0
328,3,77.14,97.93,89.71,34.54,9.59,46.43,0
328,4,79.76,97.73,90.15,34.94,9.98,47.29,0
328,5,78.57,97.92,89.74,36.08,10.71,48.66,0
328,6,79.35,98.19,89.49,34.39,9.83,47.94,0
328,7,77.34,98.41,89.38,34.85,9.87,48.61,0
328,8,77.68,98.33,87.98,35.18,9.65,47.28,0
328,9,79.38,98.01,88.98,36.01,9.90,45.01,0
328,10,78.34,98.11,87.46,34.69,10.03,46.44,0
328,11,75.58,97.71,89.50,36.02,10.34,47.81,0
328,12,78.33,97.74,87.33,35.11,10.56,45.09,0
328,13,75.51,98.06,91.48,34.89,10.64,46.77,0
328,14,77.10,97.69,87.89,35.41,9.53,46.80,0
328,15,77.67,98.33,88.71,34.48,9.95,47.36,0
328,16,77.90,97.68,89.83,35.78,9.78,45.49,0
328,17,77.23,98.06,87.87,34.70,10.29,48.64,0
328,18,77.45,98.01,90.64,34.48,10.39,47.85,0
328,19,76.59,97.95,91.26,35.22,10.31,46.16,0
329,0,72.76,98.76,83.19,38.66,12.60,55.52,0
329,1,71.20,98.90,84.08,37.84,12.33,55.32,0
329,2,71.86,98.60,79.90,38.10,13.03,56.31,0
329,3,70.90,98.86,84.99,38.98,11.93,54.94,0
329,4,72.05,98.53,83.32,38.46,12.06,56.59,0
329,5,71.83,98.68,84.85,38.91,12.19,54.45,0
329,6,73.49,99.02,83.17,37.72,12.50,56.59,0
329,7,72.58,98.60,80.59,37.68,13.06,57.88,0
329,8,71.77,98.83,85.10,38.25,12.76,57.40,0
329,9,81.05,97.03,75.56,37.97,12.43,61.67,0
329,10,82.68,96.37,72.74,37.35,12.02,62.06,0
329,11,83.23,95.77,66.57,38.95,12.85,64.67,1
329,12,83.08,96.52,69.81,37.52,12.41,65.13,0
329,13,77.19,96.45,73.36,38.28,12.28,62.38,0
329,14,71.64,98.97,81.89,37.02,12.08,55.85,0
329,15,71.73,98.63,80.18,37.35,12.60,57.66,0
329,16,69.68,98.73,79.16,37.34,12.94,56.03,0
329,17,73.11,98.77,82.94,38.62,12.66,57.78,0
329,18,72.57,98.85,80.86,38.29,12.42,55.55,0
329,19,70.64,98.52,80.59,38.81,12.50,55.56,0
330,0,81.60,97.37,86.98,33.87,12.45,59.12,0
330,1,82.12,97.37,90.37,35.01,13.46,59.98,0
330,2,82.32,97.28,90.56,34.14,13.15,56.99,0
330,3,79.20,97.91,92.35,35.57,12.95,59.16,0
330,4,80.11,97.95,91.30,35.22,12.90,57.37,0
330,5,80.77,97.36,88.21,35.61,13.40,59.61,0
330,6,81.44,97.58,88.75,33.68,13.08,57.36,0
330,7,81.02,97.60,89.01,33.77,13.17,57.84,0
330,8,81.50,97.41,90.61,34.56,12.70,59.19,0
330,9,81.95,97.91,90.58,34.71,13.45,57.03,0
330,10,81.66,97.31,90.61,34.66,12.74,59.33,0
330,11,80.35,97.94,87.15,35.52,13.20,57.20,0
330,12,80.75,97.26,87.25,35.18,12.94,60.47,0
330,13,78.51,97.38,86.96,34.56,12.52,57.24,0
330,14,79.45,97.99,90.85,34.85,12.54,60.37,0
330,15,77.58,97.28,88.78,34.13,12.59,58.34,0
330,16,79.25,97.25,86.57,35.12,12.97,59.45,0
330,17,78.05,97.84,89.03,34.79,13.26,57.32,0
330,18,79.44,97.32,88.39,35.22,12.78,59.20,0
330,19,81.64,97.56,86.18,34.94,12.45,57.77,0
331,0,70.42,98.95,86.63,38.27,13.28,54.14,0
331,1,70.60,98.82,85.07,38.34,13.17,53.39,0
331,2,72.49,98.44,86.45,38.06,13.98,53.11,0
331,3,69.89,98.84,87.70,38.37,13.66,52.73,0
331,4,72.12,98.23,87.61,39.52,13.32,54.72,0
331,5,72.03,98.90,82.28,37.56,13.00,52.18,0
331,6,70.87,98.82,82.38,37.58,13.75,54.70,0
331,7,69.88,98.24,86.30,37.67,12.92,51.18,0
331,8,72.57,98.82,86.73,39.17,13.65,54.24,0
331,9,70.87,98.31,82.70,38.49,13.53,52.59,0
331,10,71.56,98.63,83.13,38.88,13.61,52.90,0
331,11,70.13,98.95,81.62,38.54,13.77,51.97,0
331,12,69.53,98.38,86.71,37.63,13.01,53.82,0
331,13,70.30,98.77,86.16,39.33,12.83,53.80,0
331,14,67.81,98.95,81.47,38.01,13.28,51.30,0
331,15,67.82,99.00,81.49,38.90,13.01,52.19,0
331,16,69.99,98.68,82.84,38.10,13.42,51.82,0
331,17,71.50,98.60,86.63,38.78,13.24,53.08,0
331,18,71.27,98.67,86.81,38.59,13.76,54.76,0
331,19,70.16,98.98,84.37,38.83,13.52,54.11,0
332,0,79.52,97.30,86.39,38.08,10.19,57.18,0
332,1,80.38,97.31,89.76,37.99,10.67,57.39,0
332,2,82.12,97.24,86.74,38.56,9.93,57.74,0
332,3,80.84,96.91,85.63,37.33,10.74,59.31,0
332,4,84.08,97.20,90.24,37.28,10.60,58.97,0
332,5,80.37,96.83,87.70,38.06,10.36,55.87,0
332,6,80.53,97.00,85.51,37.67,10.68,58.40,0
332,7,83.87,97.48,89.74,37.19,10.04,58.15,0
332,8,91.28,95.27,83.70,38.67,10.55,64.90,0
332,9,91.72,94.87,80.36,37.96,10.54,66.47,0
332,10,92.95,94.51,71.94,37.16,10.40,67.89,1
332,11,92.61,95.00,75.36,37.63,10.68,66.58,0
332,12,88.18,95.36,80.01,37.94,10.10,64.88,0
332,13,78.69,97.39,85.29,37.56,10.18,59.47,0
332,14,82.18,96.85,85.91,38.33,9.84,58.17,0
332,15,79.16,97.18,87.26,37.84,10.96,58.55,0
332,16,81.24,97.39,85.67,37.59,10.09,56.45,0
332,17,80.74,97.13,88.90,37.30,10.45,58.83,0
332,18,80.49,96.75,86.80,37.13,10.43,58.70,0
332,19,80.71,96.80,87.70,37.11,10.09,56.93,0
333,0,92.25,98.29,85.02,33.75,9.95,60.14,0
333,1,91.50,97.83,85.20,34.54,9.52,60.26,0
333,2,91.83,98.25,82.47,34.93,9.59,57.56,0
333,3,89.75,98.45,81.25,34.67,9.58,59.56,0
333,4,92.07,97.78,82.13,33.05,9.82,61.12,0
333,5,90.78,98.33,81.56,34.27,10.66,59.78,0
333,6,90.14,97.82,84.83,34.65,9.73,58.02,0
333,7,90.30,98.39,80.78,34.03,10.36,58.93,0
333,8,100.43,96.45,76.80,33.37,9.62,63.74,0
333,9,101.86,95.97,74.89,33.69,10.45,66.53,0
333,10,102.23,95.12,72.98,34.89,10.12,68.34,1
333,11,100.50,95.95,74.64,34.57,10.53,69.13,0
333,12,97.37,95.84,77.63,32.98,10.28,64.26,0
333,13,89.83,97.74,81.25,34.78,9.80,58.76,0
333,14,89.84,97.74,83.03,33.19,10.63,61.45,0
333,15,91.64,98.30,81.11,33.90,10.07,60.08,0
333,16,89.09,97.88,81.14,34.70,9.54,60.56,0
333,17,90.92,98.48,79.76,34.05,10.62,61.12,0
333,18,89.84,98.25,81.39,33.93,10.64,60.42,0
333,19,92.39,98.05,81.43,34.13,10.13,59.30,0
334,0,79.68,97.19,90.51,39.16,10.48,54.16,0
334,1,78.95,96.64,93.81,38.14,10.30,51.71,0
334,2,80.56,96.72,95.04,39.20,10.28,53.47,0
334,3,78.74,97.26,94.32,38.77,10.00,52.25,0
334,4,79.77,97.18,96.01,38.27,10.76,53.86,0
334,5,80.85,96.66,96.60,37.58,10.15,51.57,0
334,6,77.96,97.33,96.03,38.87,10.46,53.62,0
334,7,78.07,96.75,90.54,38.29,10.74,52.10,0
334,8,79.78,97.07,94.75,37.71,10.62,51.95,0
334,9,80.21,96.76,94.15,39.06,10.19,53.61,0
334,10,80.08,96.77,91.96,39.27,10.46,51.62,0
334,11,77.00,97.32,95.36,38.75,10.75,52.21,0
334,12,78.89,97.20,91.69,39.42,10.42,54.21,0
334,13,77.09,96.82,89.54,38.71,10.74,51.15,0
334,14,75.70,97.26,92.19,38.98,10.11,54.62,0
334,15,77.67,96.96,93.37,37.98,10.85,51.65,0
334,16,77.12,96.93,93.76,39.20,10.15,53.83,0
334,17,77.36,96.72,94.90,38.38,10.37,54.00,0
334,18,79.76,97.39,94.54,39.26,10.49,54.50,0
334,19,79.03,96.90,93.20,38.15,11.01,53.17,0
335,0,81.47,98.15,76.98,33.90,11.83,52.92,0
335,1,81.64,98.23,77.96,33.16,11.26,53.23,0
335,2,82.18,98.53,80.65,34.35,10.83,53.10,0
335,3,82.53,98.15,81.22,33.85,11.10,55.20,0
335,4,80.19,98.57,77.59,32.97,11.42,56.52,0
335,5,81.30,98.16,80.84,34.23,11.61,55.73,0
335,6,82.73,98.42,81.60,34.21,11.75,55.83,0
335,7,81.10,98.23,76.68,32.95,10.99,53.01,0
335,8,83.46,98.68,79.90,34.49,11.24,53.40,0
335,9,82.77,98.90,79.75,33.77,11.38,54.36,0
335,10,82.81,98.44,78.51,33.35,11.81,54.51,0
335,11,80.71,98.79,79.53,34.56,10.87,55.76,0
335,12,79.82,98.83,75.75,34.64,11.01,53.62,0
335,13,80.97,98.85,76.57,32.81,10.91,56.40,0
335,14,79.94,98.45,78.21,33.69,11.80,55.97,0
335,15,79.11,98.24,79.52,33.48,11.70,54.76,0
335,16,79.98,98.91,76.04,33.82,11.49,54.44,0
335,17,80.50,98.94,78.32,34.34,11.42,55.06,0
335,18,79.52,98.82,79.47,33.44,11.81,55.44,0
335,19,80.11,98.81,76.75,33.73,11.85,54.86,0
336,0,92.03,98.31,95.35,38.16,10.10,41.20,0
336,1,88.91,98.46,97.04,38.17,9.96,42.59,0
336,2,91.13,98.91,98.05,37.66,9.83,41.55,0
336,3,92.25,98.45,92.92,37.29,9.73,42.33,0
336,4,92.53,99.09,96.30,38.12,10.61,43.22,0
336,5,91.60,98.46,95.52,38.44,10.62,43.26,0
336,6,91.48,98.46,94.67,37.41,10.82,42.89,0
336,7,90.71,98.45,98.26,37.01,10.27,44.07,0
336,8,88.99,98.74,96.89,38.17,9.77,44.32,0
336,9,92.67,98.83,97.97,37.19,10.74,42.24,0
336,10,90.48,98.62,94.44,37.22,9.83,40.89,0
336,11,92.15,98.89,97.49,37.46,10.74,44.45,0
336,12,91.42,98.69,92.82,37.88,10.70,44.19,0
336,13,89.58,98.89,94.26,38.38,10.45,41.71,0
336,14,91.18,99.03,92.00,37.99,10.66,41.28,0
336,15,90.36,98.61,93.20,38.77,10.62,42.98,0
336,16,88.29,98.48,91.79,38.69,9.80,43.79,0
336,17,91.46,98.88,95.55,38.52,10.66,43.14,0
336,18,90.92,98.70,96.65,37.10,10.58,41.36,0
336,19,92.05,98.91,96.62,37.25,10.10,41.61,0
337,0,81.02,99.01,96.27,36.84,13.06,54.90,0
337,1,79.74,98.96,96.90,37.85,13.40,54.04,0
337,2,77.96,98.53,95.89,37.85,12.68,53.04,0
337,3,80.14,98.97,93.91,36.20,12.32,54.92,0
337,4,81.75,99.15,98.12,36.05,13.09,55.08,0
337,5,82.13,98.48,94.03,36.50,13.37,55.34,0
337,6,81.95,98.50,93.96,36.70,12.55,53.82,0
337,7,78.43,99.11,97.80,37.27,12.68,52.19,0
337,8,79.17,98.85,96.17,37.09,12.48,55.13,0
337,9,79.14,99.09,96.35,37.81,12.93,54.82,0
337,10,80.89,98.84,97.87,37.85,13.43,55.29,0
337,11,78.52,99.06,93.02,37.31,13.46,52.80,0
337,12,77.31,98.58,94.15,37.35,13.49,52.56,0
337,13,80.40,98.66,94.72,37.53,13.11,52.40,0
337,14,77.46,98.80,96.68,36.69,13.31,52.12,0
337,15,77.44,98.49,94.57,36.85,12.83,54.65,0
337,16,78.85,98.60,96.77,37.95,12.61,53.98,0
337,17,80.48,99.01,94.88,36.72,12.80,55.71,0
337,18,78.77,99.03,96.84,36.98,13.46,52.86,0
337,19,78.26,98.56,97.09,37.66,13.16,53.81,0
338,0,71.57,99.04,81.96,35.02,15.86,55.65,0
338,1,72.86,98.46,77.94,36.48,16.08,56.87,0
338,2,72.67,98.47,83.58,36.61,15.04,55.45,0
338,3,72.27,98.52,79.89,35.15,15.26,57.99,0
338,4,72.32,98.83,80.66,36.69,15.17,56.88,0
338,5,72.57,98.65,82.13,35.99,15.75,55.40,0
338,6,72.19,98.92,78.48,35.07,14.91,55.46,0
338,7,70.12,98.67,83.23,35.14,15.93,56.33,0
338,8,69.42,98.52,82.90,36.46,15.79,57.74,0
338,9,70.68,98.84,80.37,36.36,15.44,55.70,0
338,10,72.35,99.23,82.18,35.49,15.05,57.35,0
338,11,68.35,98.63,79.11,36.03,15.22,56.52,0
338,12,69.11,98.88,77.48,34.72,14.93,54.52,0
338,13,68.25,98.84,80.60,36.50,16.00,54.93,0
338,14,71.17,99.16,79.84,36.28,15.12,55.29,0
338,15,71.23,99.14,77.64,36.10,15.19,54.53,0
338,16,70.02,99.10,77.82,34.91,15.16,56.95,0
338,17,68.96,98.79,82.08,35.29,15.65,55.23,0
338,18,71.56,98.82,80.20,35.53,15.82,58.26,0
338,19,71.62,98.49,78.04,36.02,15.60,55.35,0
339,0,69.97,96.82,95.04,34.91,12.88,54.82,0
339,1,70.16,97.57,96.53,35.48,12.18,53.04,0
339,2,70.33,97.02,92.57,35.94,12.71,52.59,0
339,3,69.84,96.91,98.52,34.87,12.97,54.30,0
339,4,70.49,97.50,97.87,36.47,12.53,51.28,0
339,5,71.88,97.11,98.04,34.64,12.90,53.83,0
339,6,73.28,96.99,95.75,36.09,12.64,53.88,0
339,7,70.67,97.24,94.52,34.62,12.98,54.75,0
339,8,77.94,95.03,88.30,35.37,12.19,57.92,0
339,9,81.17,94.36,83.48,35.86,12.98,62.94,0
339,10,81.06,94.01,82.06,35.78,12.92,64.61,1
339,11,80.93,94.43,84.80,35.10,12.75,60.97,0
339,12,79.76,95.01,88.16,35.00,12.85,58.59,0
339,13,70.05,96.91,96.71,36.32,12.77,52.14,0
339,14,70.98,96.89,91.62,35.78,12.42,54.23,0
339,15,70.60,96.98,92.82,35.53,12.64,52.61,0
339,16,69.54,97.32,95.13,35.33,12.32,54.17,0
339,17,70.60,97.49,94.58,36.15,12.47,51.10,0
339,18,71.64,97.03,93.08,35.82,12.03,54.24,0
339,19,69.13,96.93,94.86,34.66,12.89,54.15,0
340,0,91.16,98.40,86.65,37.82,12.87,47.56,0
340,1,90.25,98.51,87.26,36.70,13.74,47.60,0
340,2,93.82,98.39,87.05,37.76,12.89,46.85,0
340,3,94.26,97.98,89.69,36.91,13.25,48.22,0
340,4,91.50,98.55,92.13,37.19,13.18,45.05,0
340,5,90.50,98.10,92.94,37.22,12.86,46.27,0
340,6,93.24,98.25,87.22,37.81,12.78,44.85,0
340,7,94.07,98.60,90.25,36.63,13.83,45.36,0
340,8,93.19,98.01,89.37,37.96,13.47,46.42,0
340,9,92.87,98.66,86.90,36.27,13.42,46.17,0
340,10,93.21,98.31,87.83,37.97,13.06,47.30,0
340,11,92.47,98.17,88.26,37.22,12.85,47.76,0
340,12,91.28,97.98,91.36,36.74,13.24,47.17,0
340,13,90.39,98.68,90.23,37.27,13.61,45.87,0
340,14,91.61,97.95,88.62,37.00,13.65,45.57,0
340,15,90.34,98.39,89.97,37.24,13.83,47.04,0
340,16,92.24,98.70,88.59,37.74,13.27,47.28,0
340,17,92.49,98.07,91.39,37.28,13.16,47.00,0
340,18,91.59,98.25,88.53,36.84,13.57,47.34,0
340,19,92.26,98.16,90.34,37.89,13.01,45.79,0
341,0,78.44,97.11,83.48,36.70,10.03,60.54,0
341,1,80.06,96.93,85.21,36.90,10.32,58.72,0
341,2,80.99,97.58,86.37,36.52,10.85,62.31,0
341,3,81.98,96.89,86.67,37.03,10.98,61.99,0
341,4,81.54,97.00,85.00,36.08,10.10,61.31,0
341,5,82.60,97.12,84.28,36.63,10.47,59.42,0
341,6,82.15,97.56,82.26,36.18,10.17,60.73,0
341,7,80.57,96.89,83.84,36.16,10.70,59.65,0
341,8,87.78,94.87,76.09,36.26,10.79,64.71,0
341,9,91.98,94.67,73.29,37.05,10.87,70.56,0
341,10,93.16,94.02,73.06,35.89,10.68,68.91,1
341,11,89.59,94.44,72.82,37.14,10.57,70.47,0
341,12,88.27,95.28,77.93,36.52,10.10,68.27,0
341,13,78.66,97.18,82.00,36.47,10.90,59.43,0
341,14,78.95,97.35,82.38,36.69,10.50,59.20,0
341,15,80.79,96.95,79.33,36.12,10.40,58.93,0
341,16,80.19,97.13,81.35,36.52,10.78,61.08,0
341,17,81.30,97.32,81.99,36.23,10.58,59.70,0
341,18,79.05,97.26,80.73,36.48,10.29,60.46,0
341,19,80.36,97.16,81.88,36.91,10.69,58.99,0
342,0,90.38,97.70,82.95,38.88,13.48,61.83,0
342,1,92.38,98.15,84.19,38.37,12.81,62.68,0
342,2,89.54,98.45,80.93,37.84,12.50,59.46,0
342,3,91.03,98.25,82.89,38.75,12.54,62.59,0
342,4,89.55,98.17,81.09,39.12,13.44,59.79,0
342,5,92.25,98.21,85.19,38.01,12.64,60.38,0
342,6,91.88,98.25,81.29,39.00,13.03,62.88,0
342,7,92.12,98.36,85.41,39.00,13.15,59.93,0
342,8,90.30,98.23,82.18,37.73,12.96,62.52,0
342,9,90.47,98.27,84.78,39.08,13.28,60.50,0
342,10,90.01,98.47,83.35,38.80,13.37,62.01,0
342,11,91.90,98.29,83.38,39.34,13.14,60.77,0
342,12,91.02,98.16,79.69,38.68,13.57,60.35,0
342,13,91.17,97.84,78.33,37.53,13.07,60.06,0
342,14,90.32,98.09,79.55,37.59,13.49,61.16,0
342,15,89.04,98.29,78.27,39.33,12.94,61.47,0
342,16,88.44,97.68,78.78,37.99,13.50,62.74,0
342,17,89.49,97.94,79.10,37.61,12.94,62.78,0
342,18,90.64,98.29,83.51,38.77,12.46,61.44,0
342,19,89.70,97.91,81.74,38.53,12.53,60.52,0
343,0,88.73,98.52,86.31,37.26,15.52,47.40,0
343,1,87.94,98.63,83.44,37.67,14.63,47.02,0
343,2,88.16,98.44,84.89,37.28,14.51,49.34,0
343,3,88.69,98.97,85.78,37.62,14.53,47.01,0
343,4,88.57,99.10,87.64,37.96,14.49,50.52,0
343,5,90.37,98.89,84.49,37.75,15.17,49.39,0
343,6,89.84,98.56,87.84,37.26,15.01,47.50,0
343,7,86.58,98.81,84.09,37.20,15.08,47.50,0
343,8,86.21,98.57,87.10,37.58,14.50,47.09,0
343,9,89.12,98.41,82.50,37.43,14.38,46.90,0
343,10,87.00,98.86,83.27,36.63,15.30,49.03,0
343,11,88.49,98.94,84.23,37.60,15.20,50.29,0
343,12,88.33,98.41,82.78,36.79,15.14,49.07,0
343,13,88.26,98.39,83.29,37.37,15.38,50.15,0
343,14,85.56,98.59,84.54,36.52,15.51,49.23,0
343,15,87.36,98.56,82.67,37.76,14.57,50.41,0
343,16,88.90,99.06,86.16,37.49,15.22,50.26,0
343,17,88.28,98.64,84.99,37.93,15.43,46.96,0
343,18,88.94,98.80,84.34,37.10,15.32,50.69,0
343,19,88.58,98.99,86.77,36.90,14.44,48.71,0
344,0,88.30,98.43,78.91,36.28,14.38,41.27,0
344,1,86.30,98.54,82.12,35.74,13.78,41.76,0
344,2,86.84,98.58,79.17,35.56,13.68,41.19,0
344,3,87.23,98.38,78.00,35.50,13.60,43.00,0
344,4,88.76,98.42,81.41,34.86,13.56,44.47,0
344,5,86.52,98.27,78.95,36.43,13.63,42.90,0
344,6,86.28,98.69,81.60,35.94,14.23,41.70,0
344,7,89.16,98.40,77.89,36.22,13.54,42.78,0
344,8,86.50,98.47,80.75,36.59,13.43,42.31,0
344,9,96.72,96.58,71.88,36.17,14.59,48.62,0
344,10,96.85,95.89,69.66,36.41,13.75,49.33,0
344,11,96.74,95.62,66.35,36.14,13.69,52.93,1
344,12,96.15,96.36,70.65,36.29,13.95,52.13,0
344,13,94.20,96.23,71.27,34.85,14.30,49.67,0
344,14,85.57,98.43,76.68,36.26,14.50,43.30,0
344,15,85.78,98.57,80.00,35.01,13.49,42.27,0
344,16,87.99,98.27,82.16,36.46,14.22,42.83,0
344,17,85.30,98.70,77.15,36.69,13.95,41.25,0
344,18,88.07,98.33,76.97,35.22,13.64,44.28,0
344,19,86.13,98.58,80.03,35.80,13.96,44.45,0
345,0,85.13,97.95,85.28,37.20,16.17,49.63,0
345,1,83.83,98.34,85.54,36.73,15.87,48.59,0
345,2,85.95,98.58,86.20,37.98,15.85,47.72,0
345,3,83.84,98.42,85.95,37.66,16.18,48.66,0
345,4,85.41,97.86,85.81,37.21,16.20,49.46,0
345,5,84.26,98.14,81.41,36.72,15.56,49.95,0
345,6,84.17,98.41,83.15,37.56,15.74,49.79,0
345,7,85.28,98.18,86.25,36.61,15.22,47.65,0
345,8,92.11,96.58,80.66,36.68,15.65,53.89,0
345,9,94.25,95.51,72.80,37.31,15.91,58.54,0
345,10,97.44,94.88,72.36,36.91,15.97,58.13,1
345,11,93.10,95.95,74.12,36.81,15.53,58.66,0
345,12,92.81,96.46,74.77,36.74,16.16,54.95,0
345,13,83.45,98.33,84.99,37.73,16.18,47.02,0
345,14,83.77,98.07,84.94,38.14,15.76,47.71,0
345,15,83.37,98.61,79.73,37.42,15.83,48.97,0
345,16,81.45,98.23,83.75,37.71,15.89,48.38,0
345,17,84.15,98.08,83.14,36.65,15.36,49.76,0
345,18,82.06,98.18,82.00,37.97,16.10,47.27,0
345,19,82.07,98.08,81.17,37.87,15.75,48.79,0
346,0,81.96,97.10,85.70,35.85,12.37,61.36,0
346,1,84.42,97.74,85.22,37.59,12.62,59.97,0
346,2,83.15,97.03,83.38,37.16,12.04,61.58,0
346,3,84.26,97.08,88.05,36.56,12.27,59.56,0
346,4,82.52,97.73,83.78,36.06,12.00,58.70,0
346,5,82.40,97.53,83.29,35.99,12.86,60.29,0
346,6,82.69,97.25,87.78,37.46,12.95,58.63,0
346,7,82.78,97.25,85.32,36.07,13.04,59.68,0
346,8,81.54,97.65,82.38,36.59,12.83,59.26,0
346,9,84.31,97.75,86.66,36.25,12.76,60.07,0
346,10,82.65,97.60,86.52,36.43,12.64,61.85,0
346,11,81.35,97.32,82.66,36.94,12.27,61.32,0
346,12,83.72,97.72,82.37,37.27,13.05,58.09,0
346,13,83.10,97.11,86.61,37.29,13.05,59.22,0
346,14,80.00,97.67,86.16,37.33,12.11,61.56,0
346,15,82.61,97.08,84.49,36.45,12.20,58.62,0
346,16,80.98,97.06,85.19,36.78,12.88,60.33,0
346,17,80.62,97.45,84.14,36.14,12.42,61.62,0
346,18,80.50,97.12,87.33,37.26,12.36,60.43,0
346,19,82.65,97.63,86.39,36.74,12.19,61.22,0
347,0,75.26,97.35,95.48,35.15,11.14,53.41,0
347,1,74.21,97.60,96.62,34.18,11.73,55.65,0
347,2,74.80,98.08,97.51,33.43,11.84,55.98,0
347,3,76.21,98.10,98.20,34.31,11.20,55.28,0
347,4,76.77,98.02,96.25,34.00,11.17,55.47,0
347,5,76.29,97.50,93.45,35.06,11.06,52.23,0
347,6,76.18,97.36,96.16,33.54,11.10,52.91,0
347,7,74.01,97.58,97.51,34.13,11.23,52.52,0
347,8,76.24,97.44,95.64,35.19,11.38,53.05,0
347,9,83.99,95.42,90.90,34.74,10.85,59.85,0
347,10,85.94,95.58,83.56,34.94,11.63,62.36,0
347,11,87.80,94.73,84.52,34.77,11.18,65.47,1
347,12,84.08,95.28,87.24,34.60,11.12,60.21,0
347,13,80.24,95.64,88.85,34.11,11.40,58.85,0
347,14,73.48,97.92,96.19,34.91,10.84,52.57,0
347,15,73.27,98.08,97.74,33.44,11.06,53.38,0
347,16,72.78,97.60,95.70,33.68,11.38,55.58,0
347,17,73.77,97.36,97.02,34.58,11.27,55.81,0
347,18,74.59,97.42,97.46,34.71,11.51,54.79,0
347,19,76.48,97.66,95.27,35.03,11.24,55.97,0
348,0,71.65,97.81,89.66,35.24,12.78,58.48,0
348,1,73.72,98.25,91.37,34.35,12.23,58.36,0
348,2,73.45,97.80,92.65,34.85,12.77,57.96,0
348,3,73.12,97.81,89.88,34.57,12.64,60.40,0
348,4,71.98,98.31,92.05,35.02,12.20,58.49,0
348,5,73.72,98.08,90.68,35.87,12.86,59.20,0
348,6,71.09,98.09,93.53,34.91,12.56,59.97,0
348,7,71.60,97.89,93.68,35.29,12.44,59.39,0
348,8,70.28,98.19,90.94,35.03,12.57,57.05,0
348,9,72.08,97.79,90.65,35.39,11.82,60.75,0
348,10,72.62,97.97,89.87,34.82,11.97,60.05,0
348,11,73.18,97.53,88.96,34.82,11.84,57.78,0
348,12,70.63,97.81,90.31,35.45,12.67,58.35,0
348,13,72.72,98.21,88.49,34.43,12.08,59.38,0
348,14,72.45,97.86,92.10,35.14,11.97,59.58,0
348,15,69.21,98.00,89.96,36.26,12.35,57.67,0
348,16,70.45,97.56,87.79,34.71,12.34,59.48,0
348,17,70.49,98.14,90.90,35.00,11.69,58.49,0
348,18,71.35,98.30,89.99,34.70,12.43,58.02,0
348,19,72.44,98.07,88.60,36.02,12.16,60.29,0
349,0,80.95,98.74,91.21,33.84,13.66,53.41,0
349,1,82.55,98.34,93.06,34.89,13.39,56.49,0
349,2,81.98,98.42,92.45,35.29,13.05,53.47,0
349,3,83.48,98.87,91.16,34.00,13.78,56.65,0
349,4,82.08,98.61,91.57,34.02,12.75,56.31,0
349,5,82.60,98.54,90.27,34.72,13.48,55.20,0
349,6,80.20,98.67,93.59,33.38,13.82,56.69,0
349,7,83.81,98.82,93.11,35.15,13.79,54.56,0
349,8,81.01,98.54,91.86,34.34,13.17,55.15,0
349,9,80.92,98.14,94.15,34.23,13.66,53.41,0
349,10,82.54,98.39,90.07,34.93,12.94,52.89,0
349,11,82.26,98.75,92.79,35.20,13.88,55.08,0
349,12,80.77,98.76,88.24,33.97,13.18,56.76,0
349,13,80.03,98.55,92.32,35.14,12.77,54.75,0
349,14,80.33,98.17,88.82,34.40,13.14,55.18,0
349,15,81.55,98.55,93.38,34.40,12.97,55.05,0
349,16,81.70,98.22,92.22,34.55,12.84,53.15,0
349,17,81.78,98.39,91.58,35.11,12.74,55.07,0
349,18,81.51,98.12,92.30,35.11,12.85,53.75,0
349,19,81.23,98.83,90.55,34.85,13.17,53.24,0
350,0,77.55,97.96,80.70,34.54,12.27,54.50,0
350,1,76.90,97.84,82.03,33.77,12.80,57.04,0
350,2,76.37,97.52,81.94,35.28,12.38,57.15,0
350,3,77.73,97.83,82.63,33.56,12.34,54.37,0
350,4,78.39,98.09,82.22,34.82,12.99,55.91,0
350,5,76.77,97.59,79.56,33.80,12.07,57.24,0
350,6,74.96,97.82,81.01,34.54,12.46,56.54,0
350,7,77.54,98.04,82.19,35.00,13.00,53.59,0
350,8,75.32,97.72,78.90,33.72,12.45,57.30,0
350,9,77.89,98.16,79.74,33.73,12.74,55.30,0
350,10,76.50,98.27,81.33,35.31,12.76,55.56,0
350,11,76.58,97.73,83.31,34.54,13.00,57.03,0
350,12,75.48,97.67,77.47,35.06,12.34,55.79,0
350,13,75.66,97.59,82.59,34.36,12.50,55.52,0
350,14,75.21,97.78,81.53,33.61,12.24,54.30,0
350,15,75.84,98.22,81.84,35.12,13.02,55.03,0
350,16,74.02,98.14,77.49,33.44,12.00,55.55,0
350,17,73.78,98.04,80.12,33.67,12.70,54.02,0
350,18,77.48,97.60,80.91,34.66,12.61,55.35,0
350,19,76.23,97.66,81.17,33.41,12.48,54.51,0
351,0,85.43,97.02,92.68,38.62,15.61,45.53,0
351,1,85.39,96.82,91.42,38.13,15.92,43.64,0
351,2,84.75,97.34,92.94,37.65,15.12,46.06,0
351,3,83.56,97.05,91.41,37.92,15.82,46.78,0
351,4,84.23,97.05,94.31,37.77,15.45,45.14,0
351,5,85.11,97.38,92.96,37.36,16.12,46.50,0
351,6,84.98,97.14,90.08,37.48,16.12,44.81,0
351,7,84.34,97.39,94.39,39.17,15.05,45.36,0
351,8,84.20,97.15,95.42,39.32,16.02,45.36,0
351,9,86.38,97.06,93.35,38.71,15.55,43.61,0
351,10,85.98,97.06,93.45,39.03,16.20,46.96,0
351,11,84.75,97.05,93.72,38.78,15.93,45.49,0
351,12,84.84,97.53,91.34,39.05,15.03,46.57,0
351,13,82.45,96.96,90.53,37.71,16.12,46.56,0
351,14,83.92,97.08,94.13,39.25,15.15,45.26,0
351,15,82.53,97.31,88.77,39.19,15.26,45.25,0
351,16,84.71,97.08,93.49,39.00,15.37,45.75,0
351,17,85.11,97.20,93.21,38.15,15.37,46.59,0
351,18,82.80,96.77,91.24,39.01,15.68,43.83,0
351,19,85.75,97.28,92.07,39.13,15.41,45.43,0
352,0,85.67,97.78,86.73,35.73,10.42,50.40,0
352,1,84.06,97.94,85.59,36.28,10.13,50.71,0
352,2,83.52,97.26,82.22,37.10,9.79,50.88,0
352,3,84.56,97.28,87.14,35.69,10.34,50.50,0
352,4,86.48,97.24,83.45,37.05,10.47,51.79,0
352,5,85.07,97.17,86.07,37.13,10.34,50.62,0
352,6,83.89,97.84,86.59,36.99,10.02,51.06,0
352,7,83.37,97.34,82.42,36.96,9.98,52.09,0
352,8,86.47,97.79,82.70,35.69,9.99,53.92,0
352,9,85.18,97.64,82.74,37.16,10.20,52.28,0
352,10,85.45,97.52,83.01,36.05,9.76,51.67,0
352,11,83.77,97.34,84.26,35.43,10.58,51.17,0
352,12,83.35,97.57,85.86,36.79,9.85,51.53,0
352,13,85.51,97.94,85.58,37.01,10.87,53.68,0
352,14,82.42,97.36,84.93,36.97,10.03,54.03,0
352,15,85.09,97.35,83.00,35.98,9.78,53.52,0
352,16,85.29,97.72,81.52,36.95,10.20,50.33,0
352,17,85.50,97.83,81.02,37.36,10.70,53.22,0
352,18,82.37,97.88,83.76,37.28,10.89,52.05,0
352,19,85.09,97.90,84.07,36.38,9.94,53.47,0
353,0,81.13,98.87,89.05,35.07,12.80,55.71,0
353,1,81.76,98.96,93.95,35.28,12.45,58.32,0
353,2,82.12,98.85,89.26,34.92,12.75,57.00,0
353,3,85.11,98.71,89.24,34.70,12.46,56.46,0
353,4,83.09,98.92,91.60,33.77,13.28,55.43,0
353,5,82.48,99.01,92.75,33.79,13.26,56.32,0
353,6,85.34,98.52,89.61,34.99,13.34,58.67,0
353,7,84.55,99.26,91.27,34.79,12.35,56.67,0
353,8,83.41,99.14,92.34,33.77,12.74,56.14,0
353,9,84.09,98.77,90.49,34.90,12.97,58.81,0
353,10,83.75,99.22,92.85,34.96,13.28,57.22,0
353,11,81.35,99.24,91.86,34.88,13.39,56.61,0
353,12,81.87,98.52,90.22,33.63,13.45,55.99,0
353,13,83.99,98.98,90.61,33.39,13.17,55.33,0
353,14,82.06,99.26,89.24,34.03,12.90,57.07,0
353,15,84.03,98.59,90.49,33.67,12.44,59.12,0
353,16,80.75,99.24,88.56,35.07,12.97,55.70,0
353,17,83.44,99.09,93.31,33.80,13.34,56.60,0
353,18,84.10,98.97,90.52,33.58,13.34,59.10,0
353,19,82.69,99.05,89.50,34.78,12.74,58.75,0
354,0,80.89,97.29,92.04,36.85,14.73,44.02,0
354,1,77.68,97.25,93.81,38.77,14.82,44.68,0
354,2,78.07,97.69,95.32,38.60,14.75,47.06,0
354,3,78.93,97.36,96.94,37.64,15.62,45.25,0
354,4,80.27,97.15,96.32,38.22,15.49,45.98,0
354,5,81.65,97.03,94.66,38.12,15.18,45.42,0
354,6,80.09,97.23,92.81,38.39,15.78,43.97,0
354,7,79.34,97.09,95.82,37.06,15.62,45.03,0
354,8,78.85,97.36,92.63,36.81,15.32,45.29,0
354,9,79.08,97.33,95.51,38.17,15.24,47.05,0
354,10,86.76,95.20,89.55,38.31,14.78,49.98,0
354,11,90.29,94.77,85.17,37.02,15.13,54.73,0
354,12,91.66,94.30,82.48,38.23,14.73,56.33,1
354,13,89.61,94.78,84.58,37.45,15.16,52.54,0
354,14,86.26,95.65,88.10,38.76,14.96,53.67,0
354,15,79.64,97.61,96.04,37.29,15.14,46.27,0
354,16,78.11,97.44,91.41,37.87,15.00,45.42,0
354,17,80.11,97.10,91.90,37.51,14.98,44.26,0
354,18,80.27,97.51,93.92,38.75,15.77,44.10,0
354,19,78.80,97.01,97.05,37.75,15.04,44.71,0
355,0,88.94,96.92,91.03,34.75,13.36,59.80,0
355,1,88.12,96.99,85.82,35.07,13.11,57.80,0
355,2,87.79,97.38,88.36,34.41,13.48,59.74,0
355,3,90.83,97.61,90.69,35.81,13.21,60.44,0
355,4,91.29,97.12,91.13,34.12,13.33,58.56,0
355,5,89.01,97.57,89.41,35.02,13.75,57.85,0
355,6,91.12,97.17,91.81,34.88,13.67,61.34,0
355,7,88.88,97.34,89.79,34.87,13.11,60.02,0
355,8,87.69,97.44,89.25,35.96,13.47,60.23,0
355,9,87.47,97.38,89.67,34.48,13.38,58.21,0
355,10,89.75,97.04,89.34,35.60,13.07,59.14,0
355,11,88.66,97.37,89.88,34.72,13.22,58.38,0
355,12,88.75,97.19,85.82,35.69,13.48,60.64,0
355,13,86.56,97.27,84.83,34.47,13.96,60.53,0
355,14,88.84,97.17,86.29,35.78,13.29,58.23,0
355,15,87.71,97.40,89.77,35.61,13.65,59.66,0
355,16,87.36,97.34,86.75,34.53,13.89,60.14,0
355,17,89.71,97.49,86.91,34.80,13.26,58.22,0
355,18,88.73,97.11,85.40,35.89,12.99,57.56,0
355,19,87.54,97.31,86.70,35.93,12.96,60.97,0
356,0,74.96,98.42,97.80,36.22,11.98,59.47,0
356,1,74.76,98.21,97.15,36.64,11.96,57.27,0
356,2,76.64,98.00,97.15,36.47,11.62,57.91,0
356,3,74.86,98.59,99.01,36.56,11.84,57.39,0
356,4,74.74,98.29,95.99,36.71,12.02,56.72,0
356,5,76.12,98.41,95.40,37.33,12.05,59.51,0
356,6,75.74,97.94,98.10,36.83,12.00,59.11,0
356,7,73.21,97.91,98.18,37.88,12.53,60.07,0
356,8,73.68,97.95,97.90,37.26,11.72,58.07,0
356,9,80.94,96.31,90.53,36.72,12.15,65.91,0
356,10,84.86,95.66,90.78,36.75,11.99,67.20,0
356,11,84.83,95.23,85.78,37.28,11.99,66.45,1
356,12,85.42,95.55,87.29,38.04,11.56,65.34,0
356,13,82.60,96.38,91.25,36.52,12.64,63.73,0
356,14,73.92,98.10,96.15,37.31,11.96,60.06,0
356,15,73.48,98.25,96.46,37.31,12.20,56.62,0
356,16,74.85,98.57,97.16,37.75,12.17,57.99,0
356,17,73.18,98.49,97.69,37.10,12.16,56.25,0
356,18,72.27,98.09,96.76,36.29,12.04,60.02,0
356,19,73.65,98.33,96.50,37.26,12.24,56.89,0
357,0,84.97,97.07,89.77,32.36,15.65,55.05,0
357,1,83.68,96.62,89.08,33.77,15.64,55.22,0
357,2,84.59,97.15,90.88,33.14,15.57,54.33,0
357,3,85.93,97.38,91.69,32.58,15.44,55.24,0
357,4,85.34,96.76,91.06,33.02,16.42,53.97,0
357,5,86.99,97.18,92.61,33.84,15.57,53.97,0
357,6,87.19,96.72,89.86,32.78,15.92,55.94,0
357,7,84.79,97.21,89.23,33.67,15.92,54.19,0
357,8,87.52,96.78,93.33,32.37,16.03,52.25,0
357,9,83.91,96.76,91.13,33.21,16.32,52.35,0
357,10,84.63,97.08,88.66,33.52,15.47,54.23,0
357,11,83.52,96.88,90.57,34.04,16.21,52.28,0
357,12,84.22,96.74,90.37,33.27,16.56,53.42,0
357,13,85.31,97.04,91.59,33.90,15.94,54.80,0
357,14,85.12,97.09,88.11,33.38,16.24,56.08,0
357,15,86.44,96.81,89.27,32.43,16.50,55.67,0
357,16,86.00,97.04,91.24,33.33,16.10,52.63,0
357,17,83.00,96.61,90.56,33.75,16.24,53.71,0
357,18,85.29,97.05,88.93,32.53,16.38,53.16,0
357,19,84.76,97.00,88.63,33.10,15.41,54.10,0
358,0,80.60,97.98,88.79,39.34,12.71,56.66,0
358,1,80.29,98.55,88.97,39.57,12.73,54.62,0
358,2,83.56,98.50,90.15,38.02,12.37,57.14,0
358,3,83.48,98.14,86.29,39.48,12.72,57.10,0
358,4,81.87,98.21,86.83,38.30,12.26,56.03,0
358,5,82.54,97.83,86.19,38.06,12.77,54.71,0
358,6,84.11,98.47,90.22,38.89,13.07,55.28,0
358,7,83.22,98.33,89.43,38.48,12.39,56.47,0
358,8,82.54,98.18,88.06,39.30,12.40,54.18,0
358,9,82.26,98.16,89.68,39.53,12.61,57.84,0
358,10,81.62,98.51,90.02,38.04,12.55,55.77,0
358,11,79.77,98.42,86.85,39.01,12.33,55.38,0
358,12,79.36,98.03,88.35,39.38,12.23,57.25,0
358,13,79.61,97.85,86.17,38.93,12.86,56.45,0
358,14,79.25,98.46,89.27,39.85,12.73,54.28,0
358,15,80.71,97.89,87.02,39.39,13.33,57.51,0
358,16,81.00,98.34,86.37,38.21,12.37,55.73,0
358,17,80.33,97.86,86.55,38.02,12.92,57.65,0
358,18,81.14,98.51,87.13,39.72,12.94,55.28,0
358,19,82.42,98.61,86.90,38.31,13.34,56.05,0
359,0,72.21,97.39,84.94,33.23,10.15,60.30,0
359,1,75.22,97.85,85.82,33.21,10.31,59.51,0
359,2,71.53,97.29,86.34,33.85,10.40,61.11,0
359,3,73.75,97.51,81.79,32.88,10.86,60.67,0
359,4,72.83,97.69,85.98,33.79,9.73,58.94,0
359,5,71.77,97.90,82.85,33.03,10.06,60.79,0
359,6,74.37,97.64,87.00,33.53,10.46,60.12,0
359,7,74.82,97.75,85.55,34.53,10.83,59.70,0
359,8,74.24,97.61,84.81,33.84,10.38,60.68,0
359,9,74.28,97.34,82.41,33.01,10.85,61.17,0
359,10,73.66,97.52,85.23,34.08,9.97,60.66,0
359,11,70.72,97.84,85.08,33.25,10.75,58.27,0
359,12,73.31,97.25,84.55,34.01,9.99,59.23,0
359,13,73.59,97.45,83.95,33.59,10.64,60.19,0
359,14,72.16,97.51,81.72,34.05,10.10,58.65,0
359,15,71.47,97.57,83.43,33.21,10.51,59.05,0
359,16,72.87,97.26,82.79,33.03,10.71,58.69,0
359,17,72.56,97.52,84.00,34.05,10.66,60.15,0
359,18,74.00,97.28,86.03,32.85,10.04,60.73,0
359,19,71.06,97.37,84.41,33.40,9.89,61.49,0
360,0,80.83,98.56,94.08,34.50,12.55,52.59,0
360,1,81.42,98.57,99.80,34.95,12.63,53.17,0
360,2,82.12,98.79,99.62,34.65,11.81,50.84,0
360,3,80.68,98.09,96.08,35.09,12.31,51.02,0
360,4,83.72,98.64,100.22,35.23,12.37,52.93,0
360,5,81.97,98.32,96.56,34.91,11.71,50.74,0
360,6,80.45,98.76,96.71,35.48,11.79,51.48,0
360,7,81.15,98.33,97.81,34.95,11.88,51.34,0
360,8,81.61,98.33,98.07,35.65,11.85,51.30,0
360,9,88.30,96.09,88.42,35.67,11.87,56.02,0
360,10,92.13,95.60,84.90,34.54,12.67,59.88,0
360,11,92.92,95.32,86.60,35.50,11.73,60.99,1
360,12,92.23,96.07,89.80,35.88,11.73,58.78,0
360,13,89.45,96.57,90.34,35.30,12.82,57.01,0
360,14,78.99,98.73,94.05,36.10,11.74,50.01,0
360,15,79.09,98.43,97.24,34.81,12.65,50.23,0
360,16,80.12,98.26,96.14,34.29,12.62,53.41,0
360,17,80.86,98.81,95.03,34.90,12.59,52.06,0
360,18,80.80,98.44,99.43,35.87,12.80,52.14,0
360,19,81.33,98.29,94.34,35.67,12.84,49.97,0
361,0,84.25,97.65,95.49,35.49,14.18,55.59,0
361,1,84.90,97.67,94.65,36.63,13.24,52.68,0
361,2,85.51,97.06,94.69,35.57,13.91,52.91,0
361,3,83.82,97.42,91.91,36.15,13.85,52.69,0
361,4,85.24,97.22,94.04,35.96,13.38,55.19,0
361,5,85.51,97.40,95.21,36.07,13.32,55.63,0
361,6,85.09,97.06,91.96,34.73,13.41,55.61,0
361,7,85.94,97.26,97.18,35.99,13.34,52.50,0
361,8,85.22,97.17,94.62,36.02,13.25,53.06,0
361,9,83.93,97.76,92.00,36.15,14.02,54.98,0
361,10,82.93,97.11,94.22,36.54,13.43,54.91,0
361,11,82.99,97.14,95.69,36.25,14.10,54.86,0
361,12,81.15,97.31,91.73,35.28,14.14,53.67,0
361,13,81.21,97.06,90.43,35.51,14.18,52.55,0
361,14,81.22,97.10,92.20,35.61,13.36,53.42,0
361,15,83.26,97.78,91.85,35.59,13.98,52.94,0
361,16,81.70,97.83,90.39,35.42,13.44,52.55,0
361,17,81.65,97.04,92.55,36.66,13.95,55.44,0
361,18,84.95,97.22,90.96,36.47,13.97,55.21,0
361,19,83.89,97.78,92.21,35.86,14.18,53.04,0
362,0,91.90,98.05,79.92,38.80,11.34,53.87,0
362,1,92.75,97.98,81.24,38.84,11.80,51.45,0
362,2,91.47,98.44,83.19,39.01,11.23,53.86,0
362,3,90.97,98.44,85.29,38.64,12.09,53.40,0
362,4,90.60,98.66,80.80,37.69,11.11,52.89,0
362,5,93.27,98.35,84.24,37.34,11.15,53.98,0
362,6,90.38,98.12,83.79,39.10,12.10,53.04,0
362,7,92.34,98.24,85.46,38.67,11.91,53.43,0
362,8,91.08,97.95,82.51,38.17,11.77,53.65,0
362,9,91.94,98.65,80.91,38.26,11.89,52.41,0
362,10,99.29,96.34,73.03,38.87,11.11,57.51,0
362,11,100.34,95.68,73.05,38.89,12.06,62.75,0
362,12,100.79,95.14,71.03,38.01,11.21,63.03,1
362,13,100.99,95.72,70.54,38.28,12.15,59.18,0
362,14,100.24,96.15,77.85,37.31,11.61,57.83,0
362,15,90.26,98.35,81.58,37.80,11.58,52.54,0
362,16,90.51,98.53,80.47,38.86,11.53,52.70,0
362,17,88.91,98.31,79.75,38.33,11.63,52.45,0
362,18,92.58,98.09,83.49,38.74,12.19,52.45,0
362,19,89.83,98.70,82.75,39.12,12.16,54.21,0
363,0,89.99,97.67,89.70,34.67,11.80,56.82,0
363,1,90.81,97.99,87.47,34.79,12.62,55.18,0
363,2,90.34,97.83,85.65,34.44,12.12,56.35,0
363,3,89.67,97.52,85.83,34.86,12.53,55.72,0
363,4,90.75,97.80,88.79,34.16,12.28,56.40,0
363,5,87.62,98.05,86.06,35.50,12.24,55.75,0
363,6,88.35,97.66,88.59,34.31,12.07,55.14,0
363,7,88.93,97.48,85.46,35.09,12.81,56.17,0
363,8,95.33,95.82,84.05,35.53,12.52,60.49,0
363,9,98.74,95.13,78.86,34.89,12.30,64.16,0
363,10,98.80,95.02,73.24,35.72,12.12,67.68,1
363,11,96.75,95.64,74.98,35.36,11.67,61.93,0
363,12,97.98,95.65,82.29,35.67,11.70,62.22,0
363,13,87.19,97.54,86.58,34.10,11.70,57.70,0
363,14,88.62,97.53,83.86,34.03,12.00,54.48,0
363,15,89.30,97.95,88.07,34.06,11.79,55.97,0
363,16,86.36,97.76,87.74,34.30,12.20,53.83,0
363,17,88.26,97.63,86.71,35.78,12.63,55.31,0
363,18,87.81,97.83,85.37,33.99,11.84,55.16,0
363,19,86.79,98.12,88.59,34.47,11.89,54.60,0
364,0,72.75,98.13,95.09,38.91,11.85,47.50,0
364,1,69.88,98.55,96.99,38.50,12.04,45.79,0
364,2,72.65,98.24,98.33,38.76,12.04,47.63,0
364,3,73.04,98.39,96.92,37.44,11.39,47.14,0
364,4,73.15,98.17,97.42,38.03,11.69,45.41,0
364,5,72.33,98.31,95.60,38.77,12.31,44.66,0
364,6,70.05,98.58,98.39,37.69,11.26,46.42,0
364,7,71.52,98.24,94.22,39.03,11.75,47.36,0
364,8,69.88,98.21,99.42,37.38,11.28,47.05,0
364,9,72.15,98.61,93.74,38.38,11.18,45.19,0
364,10,70.20,98.54,95.13,37.79,11.18,45.16,0
364,11,69.46,97.95,95.49,38.53,12.00,47.75,0
364,12,69.20,98.43,95.62,39.13,11.92,47.32,0
364,13,71.26,98.70,97.38,38.79,11.51,44.48,0
364,14,69.86,98.39,94.73,38.33,11.20,44.56,0
364,15,68.76,98.35,97.33,38.21,12.25,45.38,0
364,16,69.53,98.11,94.87,38.89,12.00,45.96,0
364,17,70.26,98.32,96.69,37.39,12.23,46.00,0
364,18,69.96,98.59,94.35,37.80,12.17,44.34,0
364,19,71.10,98.39,96.20,37.77,12.22,45.87,0
365,0,85.43,99.17,82.24,36.43,11.00,44.08,0
365,1,86.53,98.80,83.52,35.83,11.46,44.16,0
365,2,84.41,99.14,87.11,35.64,10.75,45.96,0
365,3,86.64,99.13,86.35,37.08,10.91,45.72,0
365,4,83.46,98.86,87.57,36.91,10.53,44.21,0
365,5,83.69,99.36,84.79,36.98,10.70,45.38,0
365,6,83.68,98.72,86.73,36.75,11.59,45.55,0
365,7,83.73,98.76,85.88,36.68,11.15,45.38,0
365,8,82.97,98.92,86.35,35.94,11.31,44.36,0
365,9,84.23,99.18,83.63,35.76,11.26,42.67,0
365,10,84.50,98.62,82.52,36.85,10.83,45.72,0
365,11,86.19,98.92,83.95,35.39,10.70,42.55,0
365,12,82.45,98.62,85.24,36.99,11.51,42.85,0
365,13,82.54,98.79,85.28,35.45,11.57,44.78,0
365,14,84.52,99.13,82.11,37.02,11.16,44.07,0
365,15,83.37,99.21,83.60,36.54,10.86,45.86,0
365,16,84.21,98.81,86.18,36.78,11.43,42.87,0
365,17,83.11,99.29,82.24,36.59,10.85,44.91,0
365,18,85.34,98.95,86.38,35.62,10.68,43.88,0
365,19,83.80,98.87,82.13,36.37,10.72,44.77,0
366,0,70.72,98.91,81.94,37.21,12.44,51.53,0
366,1,70.73,98.69,80.86,38.31,11.79,52.21,0
366,2,73.39,98.62,80.91,36.89,11.89,52.89,0
366,3,70.33,98.82,78.09,37.31,12.90,53.69,0
366,4,73.65,98.39,79.34,36.99,12.64,51.82,0
366,5,70.54,98.42,82.51,36.87,12.83,54.36,0
366,6,73.25,98.38,79.33,36.56,12.73,54.40,0
366,7,72.19,98.66,77.95,36.98,12.05,51.65,0
366,8,73.23,98.99,81.55,37.55,12.50,53.80,0
366,9,70.83,99.11,81.49,36.76,12.28,52.60,0
366,10,72.46,98.39,80.93,37.25,12.67,54.28,0
366,11,70.79,98.92,79.18,37.91,12.19,50.81,0
366,12,69.35,98.39,80.96,36.90,12.71,52.77,0
366,13,70.83,98.87,81.05,36.65,12.15,54.26,0
366,14,70.36,98.82,78.95,36.63,12.72,54.31,0
366,15,68.80,98.89,79.80,38.19,11.97,53.58,0
366,16,69.15,98.51,80.05,36.94,12.64,52.65,0
366,17,71.60,98.49,79.13,37.95,12.16,52.77,0
366,18,72.67,98.47,77.61,37.03,12.39,53.65,0
366,19,71.57,98.95,81.31,38.19,12.81,51.25,0
367,0,79.28,99.26,87.55,35.68,13.86,50.67,0
367,1,79.66,99.29,89.45,36.31,13.32,48.90,0
367,2,81.48,98.76,87.45,35.87,13.92,50.12,0
367,3,81.89,98.67,93.12,36.11,13.65,51.10,0
367,4,79.92,98.82,90.97,37.34,13.54,49.42,0
367,5,79.24,99.02,92.85,36.35,14.37,49.67,0
367,6,81.95,98.65,91.57,36.50,13.37,50.40,0
367,7,79.36,98.87,91.57,36.54,13.31,50.66,0
367,8,79.67,98.78,89.43,37.41,14.12,49.10,0
367,9,79.74,98.61,90.34,35.94,14.06,48.02,0
367,10,78.85,98.94,90.87,37.33,13.45,49.23,0
367,11,79.59,98.85,88.49,36.46,13.55,49.10,0
367,12,77.41,98.84,86.64,35.92,13.23,51.07,0
367,13,78.16,99.21,87.87,37.04,13.81,51.17,0
367,14,77.70,98.72,91.25,36.45,14.32,50.78,0
367,15,77.21,99.06,88.80,36.58,13.40,49.79,0
367,16,77.53,98.82,87.69,36.02,14.32,50.05,0
367,17,79.40,99.27,86.64,37.45,14.24,48.81,0
367,18,79.17,98.75,87.21,36.85,14.29,50.77,0
367,19,81.44,98.97,87.06,37.06,14.04,51.16,0
368,0,72.76,97.75,87.02,34.53,13.84,62.74,0
368,1,71.02,98.31,88.27,34.81,13.74,63.66,0
368,2,72.00,97.88,87.79,34.45,13.83,63.06,0
368,3,72.85,98.19,88.56,35.58,13.77,62.34,0
368,4,72.73,98.11,86.83,35.56,14.04,60.74,0
368,5,71.46,98.00,87.70,36.22,13.43,60.51,0
368,6,75.03,97.74,87.73,36.23,14.08,63.70,0
368,7,72.23,97.85,87.65,35.98,13.61,62.25,0
368,8,71.41,97.63,89.80,35.77,14.25,63.32,0
368,9,72.30,98.33,88.31,36.08,13.93,63.87,0
368,10,72.04,97.94,84.86,35.21,13.28,60.08,0
368,11,72.14,97.83,84.44,35.09,13.17,61.68,0
368,12,71.26,97.96,89.28,35.69,13.44,60.94,0
368,13,70.37,98.01,84.91,35.80,13.62,62.91,0
368,14,71.13,97.84,86.87,35.55,13.67,61.36,0
368,15,71.76,97.64,86.53,35.31,13.68,61.50,0
368,16,73.18,98.26,84.71,35.22,13.42,60.50,0
368,17,72.05,98.19,89.82,35.21,13.49,61.98,0
368,18,73.99,98.18,87.97,35.17,13.91,60.64,0
368,19,73.62,98.13,84.42,35.13,13.14,63.35,0
369,0,91.65,99.01,92.85,38.79,9.96,59.12,0
369,1,91.32,98.43,90.38,37.57,10.24,61.80,0
369,2,92.41,99.01,90.41,38.47,10.32,61.64,0
369,3,89.26,98.54,92.23,38.54,10.39,60.34,0
369,4,90.76,98.87,92.33,39.02,9.88,60.09,0
369,5,92.02,98.96,96.33,38.08,10.01,60.95,0
369,6,90.43,98.97,91.48,37.77,10.60,62.48,0
369,7,91.47,98.62,92.10,38.38,9.57,62.29,0
369,8,90.27,98.43,90.39,37.18,10.32,61.27,0
369,9,90.77,98.36,90.71,37.44,9.87,61.41,0
369,10,91.06,98.85,94.69,38.66,9.96,61.89,0
369,11,90.84,98.60,92.14,38.16,9.76,62.09,0
369,12,89.66,98.86,91.44,37.94,9.44,60.10,0
369,13,87.70,98.89,92.91,38.03,10.03,59.34,0
369,14,88.40,98.82,89.83,37.87,10.44,60.12,0
369,15,88.91,98.41,92.17,38.20,10.08,59.63,0
369,16,87.72,98.96,89.17,38.22,10.45,61.49,0
369,17,89.25,98.97,94.97,37.62,10.02,62.67,0
369,18,88.81,98.40,90.26,38.81,9.52,61.01,0
369,19,92.14,98.48,91.28,38.61,10.02,61.67,0
370,0,80.71,97.99,79.32,33.53,9.86,46.56,0
370,1,79.11,98.59,84.40,32.95,10.44,46.06,0
370,2,77.30,98.00,79.84,33.13,10.50,46.14,0
370,3,79.58,97.92,78.82,33.93,10.03,49.15,0
370,4,78.79,98.14,80.82,34.70,10.29,45.66,0
370,5,78.47,98.44,84.41,34.77,10.35,48.34,0
370,6,77.56,98.50,79.10,33.92,10.41,47.73,0
370,7,81.27,98.01,82.79,33.96,10.33,47.31,0
370,8,78.75,98.01,84.33,34.77,10.46,49.05,0
370,9,77.95,98.16,84.16,33.34,9.78,48.16,0
370,10,80.51,98.28,81.04,34.69,10.74,48.62,0
370,11,77.38,97.84,82.11,33.75,9.90,48.48,0
370,12,76.75,98.60,81.02,33.66,10.42,45.40,0
370,13,77.06,98.41,82.91,34.50,10.38,46.26,0
370,14,76.34,98.02,78.45,34.82,10.58,45.69,0
370,15,79.01,98.42,82.32,33.51,10.42,49.31,0
370,16,76.41,97.85,79.95,34.57,10.11,47.23,0
370,17,79.30,98.56,78.35,33.22,10.72,47.83,0
370,18,77.87,98.49,83.12,34.79,10.93,46.58,0
370,19,79.89,97.92,78.49,33.41,10.74,47.72,0
371,0,76.92,97.60,91.67,36.95,12.27,61.31,0
371,1,75.52,97.61,91.08,36.43,12.36,59.35,0
371,2,77.79,97.61,92.00,37.59,12.67,59.77,0
371,3,77.47,97.87,91.89,37.40,12.17,62.64,0
371,4,77.61,97.43,93.80,36.76,11.71,59.43,0
371,5,74.89,97.45,93.27,36.77,11.67,59.69,0
371,6,77.36,97.67,90.86,37.04,12.38,62.40,0
371,7,75.54,97.31,91.39,36.64,12.78,59.52,0
371,8,74.26,97.74,91.31,37.15,12.77,61.38,0
371,9,75.50,97.45,94.11,37.61,12.32,60.17,0
371,10,76.62,97.38,90.16,36.93,12.83,60.37,0
371,11,74.78,97.78,90.15,37.03,12.76,60.30,0
371,12,76.55,97.57,88.37,37.58,11.96,60.45,0
371,13,74.84,97.74,88.94,37.62,11.89,60.76,0
371,14,75.48,97.79,89.02,36.51,12.65,62.08,0
371,15,73.74,97.31,93.01,36.33,12.39,60.82,0
371,16,75.02,98.05,87.79,36.46,12.63,60.11,0
371,17,76.17,97.80,91.59,36.54,12.34,61.15,0
371,18,75.32,97.87,93.68,37.48,11.89,62.78,0
371,19,73.90,97.33,93.72,38.10,12.47,60.28,0
372,0,88.92,98.40,79.71,37.78,12.12,58.07,0
372,1,89.24,98.64,84.67,38.30,12.69,58.61,0
372,2,86.65,98.45,83.18,37.37,12.71,58.95,0
372,3,89.97,98.65,85.35,38.29,12.38,58.88,0
372,4,87.81,98.44,79.69,38.37,12.32,57.00,0
372,5,88.57,98.50,84.01,38.72,12.68,59.71,0
372,6,88.97,98.42,81.19,38.89,11.96,56.84,0
372,7,86.99,98.18,80.04,37.59,12.05,57.89,0
372,8,96.56,96.45,77.98,38.41,11.75,64.19,0
372,9,99.32,95.54,70.67,38.41,12.92,66.95,0
372,10,99.06,95.02,69.51,38.92,11.81,70.58,1
372,11,98.49,95.62,75.01,38.99,12.31,65.05,0
372,12,94.46,95.88,76.92,39.09,12.21,63.15,0
372,13,86.92,97.95,80.74,38.64,12.93,59.56,0
372,14,86.20,98.57,82.60,37.92,12.84,58.84,0
372,15,87.66,98.66,82.21,38.62,12.33,60.52,0
372,16,87.50,98.09,80.07,37.48,12.25,60.36,0
372,17,86.90,98.42,79.81,38.63,12.09,60.56,0
372,18,88.03,98.58,83.45,37.23,11.91,60.10,0
372,19,86.43,98.36,80.02,38.72,12.41,57.30,0
373,0,78.97,98.03,82.00,35.10,12.78,53.25,0
373,1,79.87,97.79,82.11,35.46,12.40,54.30,0
373,2,79.73,98.01,84.86,34.91,12.70,54.53,0
373,3,80.97,98.04,83.94,36.62,12.74,55.27,0
373,4,80.56,97.50,86.10,34.92,12.47,55.93,0
373,5,79.51,98.00,82.44,36.27,12.38,55.08,0
373,6,79.78,97.95,81.76,36.53,12.06,54.42,0
373,7,78.63,98.11,82.02,36.84,12.53,53.68,0
373,8,79.86,97.69,84.13,36.09,12.57,54.26,0
373,9,85.11,95.90,74.26,35.95,12.28,60.56,0
373,10,88.36,95.40,76.57,35.57,12.82,62.78,0
373,11,89.60,95.09,69.36,36.83,12.39,62.04,1
373,12,88.03,94.90,74.05,36.80,12.52,63.39,0
373,13,86.37,95.97,76.51,35.85,12.26,58.58,0
373,14,77.42,98.06,79.98,36.34,12.62,55.25,0
373,15,79.02,97.38,81.08,35.98,12.32,54.14,0
373,16,78.76,98.13,79.70,36.01,12.66,54.77,0
373,17,76.85,97.91,84.88,36.15,12.02,54.37,0
373,18,80.40,97.43,80.04,35.27,12.99,54.54,0
373,19,77.23,98.11,81.61,36.53,11.83,55.91,0
374,0,83.63,97.53,85.58,34.17,12.96,56.73,0
374,1,84.31,97.08,90.48,34.27,13.03,54.59,0
374,2,83.38,97.60,88.85,35.10,12.92,56.65,0
374,3,82.87,97.07,89.83,34.46,12.80,54.67,0
374,4,84.08,97.79,86.40,33.56,12.38,55.56,0
374,5,83.32,97.38,88.50,35.42,12.54,57.62,0
374,6,84.18,97.64,88.34,34.37,13.39,56.06,0
374,7,81.51,97.48,89.14,34.70,12.57,54.84,0
374,8,84.40,97.65,89.11,35.01,13.07,55.42,0
374,9,84.17,97.37,85.76,35.20,12.83,56.46,0
374,10,82.60,97.82,90.17,34.30,13.13,54.75,0
374,11,82.83,97.64,87.04,34.65,13.34,57.10,0
374,12,80.75,97.12,84.62,33.69,12.52,57.50,0
374,13,81.99,97.21,87.98,35.13,12.24,55.25,0
374,14,82.71,97.73,88.39,33.53,13.35,57.14,0
374,15,82.86,97.84,85.53,34.98,13.12,53.75,0
374,16,82.30,97.70,88.96,34.15,13.17,55.93,0
374,17,83.19,97.38,89.34,35.04,12.72,56.17,0
374,18,81.48,97.77,85.64,33.81,12.42,54.92,0
374,19,80.46,97.73,90.64,34.49,12.85,57.32,0
375,0,87.36,98.43,85.78,36.84,15.69,53.67,0
375,1,86.66,98.49,86.26,37.93,15.89,55.30,0
375,2,85.89,98.50,86.60,37.31,15.22,55.81,0
375,3,88.65,98.82,91.76,37.40,16.24,53.26,0
375,4,86.72,98.38,91.57,37.58,15.19,56.04,0
375,5,87.25,98.76,91.52,36.33,16.18,54.08,0
375,6,87.31,98.59,90.56,38.00,16.16,56.56,0
375,7,85.73,98.92,88.16,37.87,15.69,54.89,0
375,8,87.42,98.30,90.38,37.71,16.28,53.47,0
375,9,88.12,98.91,88.37,37.94,15.33,53.61,0
375,10,86.25,98.64,87.72,36.62,15.82,56.41,0
375,11,87.67,98.94,88.68,37.64,15.41,55.04,0
375,12,84.57,98.79,90.94,38.07,15.90,56.75,0
375,13,87.39,98.44,89.89,36.80,15.43,56.38,0
375,14,84.49,98.60,89.65,37.49,15.60,56.60,0
375,15,87.73,98.54,87.20,37.12,15.88,53.86,0
375,16,86.58,98.78,87.34,36.97,15.30,54.80,0
375,17,88.30,98.75,90.90,36.46,16.07,53.54,0
375,18,85.47,98.77,87.32,37.03,15.33,56.12,0
375,19,86.48,98.96,87.90,37.08,15.39,52.94,0
376,0,81.92,98.47,95.74,38.25,11.03,51.80,0
376,1,82.35,98.16,95.91,37.55,11.44,53.97,0
376,2,84.84,98.39,96.81,37.77,11.07,52.06,0
376,3,83.15,98.34,94.77,37.79,11.39,50.67,0
376,4,84.26,98.18,96.03,36.67,11.38,51.62,0
376,5,85.32,98.03,94.10,37.04,11.52,52.17,0
376,6,83.24,98.24,99.19,38.17,11.04,50.46,0
376,7,84.07,98.57,97.14,37.18,10.61,52.26,0
376,8,91.72,96.67,87.65,37.55,10.87,58.77,0
376,9,92.78,95.82,89.40,37.31,10.68,59.27,0
376,10,97.00,95.00,83.82,36.80,11.15,63.39,1
376,11,94.23,95.81,87.60,36.75,10.69,59.09,0
376,12,90.67,96.28,92.46,36.86,10.40,56.52,0
376,13,82.41,98.08,93.24,38.35,10.97,54.01,0
376,14,81.49,98.14,96.79,37.44,11.40,52.19,0
376,15,82.73,98.63,93.35,37.91,11.33,52.19,0
376,16,82.69,98.23,93.55,38.22,10.90,53.24,0
376,17,83.98,98.23,96.82,38.28,11.52,54.23,0
376,18,83.36,98.04,95.89,38.23,11.41,50.63,0
376,19,81.51,97.95,96.90,37.71,11.37,51.88,0
377,0,80.16,98.43,82.54,36.46,12.26,63.27,0
377,1,79.68,98.52,82.14,35.39,11.64,60.70,0
377,2,78.94,98.16,84.50,36.92,12.34,63.67,0
377,3,80.42,97.93,80.60,36.44,12.42,63.16,0
377,4,81.40,98.35,84.92,36.90,11.60,60.12,0
377,5,80.02,98.61,82.04,36.94,11.72,61.01,0
377,6,77.71,98.35,85.23,35.21,11.83,60.98,0
377,7,79.89,98.68,82.91,35.98,12.08,60.04,0
377,8,77.97,98.33,85.35,35.74,12.49,61.17,0
377,9,80.46,98.06,84.84,36.69,12.34,60.08,0
377,10,76.76,98.53,83.33,35.99,12.12,60.74,0
377,11,79.87,98.32,79.80,36.25,12.51,60.36,0
377,12,76.46,98.47,83.31,36.91,11.53,62.99,0
377,13,77.26,98.34,79.12,36.78,12.31,62.01,0
377,14,76.40,98.15,78.95,35.25,12.71,63.74,0
377,15,77.49,98.13,83.77,36.89,12.71,61.76,0
377,16,78.40,98.07,81.43,35.83,12.16,63.66,0
377,17,79.84,98.42,83.05,36.90,11.78,60.25,0
377,18,78.74,97.91,80.20,35.51,12.07,60.44,0
377,19,80.60,98.07,80.06,35.58,11.89,60.64,0
378,0,82.72,97.28,80.30,36.77,11.08,48.12,0
378,1,80.13,97.16,84.32,37.20,11.70,45.17,0
378,2,80.69,97.02,81.96,37.15,11.63,45.02,0
378,3,83.80,97.62,84.63,36.73,11.12,45.68,0
378,4,84.23,97.26,80.48,36.61,11.21,46.84,0
378,5,82.53,97.17,83.06,35.22,11.15,45.04,0
378,6,83.38,97.36,84.41,36.17,10.86,47.24,0
378,7,81.54,97.13,81.37,35.35,10.82,44.66,0
378,8,81.48,97.47,81.58,37.16,11.57,46.08,0
378,9,81.09,97.80,78.60,37.09,11.77,48.18,0
378,10,90.71,95.27,76.99,35.76,11.34,52.72,0
378,11,91.80,94.60,73.04,35.79,11.04,53.55,0
378,12,92.51,94.30,69.77,35.52,11.29,54.96,1
378,13,92.95,95.20,70.07,35.40,11.17,55.57,0
378,14,87.78,95.43,74.59,35.54,11.58,51.73,0
378,15,79.83,97.64,81.05,36.96,11.59,47.39,0
378,16,83.04,97.04,81.61,36.73,11.29,48.15,0
378,17,81.11,97.05,79.86,35.46,11.50,45.61,0
378,18,82.82,97.13,81.29,36.84,11.89,44.30,0
378,19,82.89,97.56,84.22,37.09,10.82,48.21,0
379,0,79.09,97.86,77.87,35.76,14.72,49.99,0
379,1,78.31,97.36,80.93,35.52,14.69,49.42,0
379,2,80.51,97.28,79.39,36.00,15.10,50.67,0
379,3,80.46,97.60,78.12,34.94,15.06,49.28,0
379,4,81.09,97.68,81.30,34.92,14.76,49.78,0
379,5,81.13,97.83,79.68,35.23,14.90,52.95,0
379,6,81.09,97.22,79.08,36.35,14.82,51.23,0
379,7,77.21,97.67,79.82,34.87,14.20,49.13,0
379,8,77.24,97.82,79.64,36.27,14.84,50.07,0
379,9,86.03,95.65,71.00,35.15,14.65,58.80,0
379,10,88.75,94.95,71.52,35.83,14.50,59.93,0
379,11,91.02,94.72,66.97,35.65,14.78,62.37,1
379,12,86.42,94.73,72.58,36.03,14.06,58.00,0
379,13,86.30,95.92,73.10,36.11,15.18,58.22,0
379,14,78.73,97.37,77.00,35.09,15.06,49.54,0
379,15,79.53,97.82,79.36,35.54,14.23,50.27,0
379,16,79.40,97.60,77.59,36.28,14.38,50.88,0
379,17,78.35,97.72,77.57,36.07,14.74,51.48,0
379,18,77.65,97.78,80.11,36.45,14.67,51.35,0
379,19,78.21,97.95,79.29,36.61,14.93,49.64,0
380,0,84.63,99.03,85.18,36.11,14.72,49.02,0
380,1,85.44,98.83,82.19,34.81,14.46,47.38,0
380,2,82.57,98.83,85.47,36.25,14.25,47.17,0
380,3,82.74,98.54,82.18,36.56,14.38,48.61,0
380,4,82.30,98.94,82.96,35.05,14.96,47.47,0
380,5,83.26,98.49,84.78,35.40,15.11,47.80,0
380,6,85.11,98.35,82.97,36.34,14.87,48.66,0
380,7,83.43,99.03,83.07,35.31,14.87,46.93,0
380,8,85.67,98.97,86.51,36.33,14.53,47.06,0
380,9,82.62,98.98,86.04,36.18,14.99,47.74,0
380,10,84.79,98.89,81.38,35.66,15.13,45.12,0
380,11,81.70,98.94,86.39,36.52,14.22,45.14,0
380,12,82.45,98.56,85.19,34.93,14.87,46.15,0
380,13,83.59,98.86,82.10,36.02,14.43,48.41,0
380,14,83.96,98.64,86.34,36.55,14.27,48.85,0
380,15,84.46,99.08,82.99,35.64,15.31,48.47,0
380,16,84.37,98.98,81.55,35.03,14.34,48.25,0
380,17,83.32,98.33,85.78,36.24,14.67,49.01,0
380,18,84.36,98.41,82.88,35.66,14.20,49.05,0
380,19,83.26,98.46,84.72,35.06,14.96,46.59,0
381,0,85.13,99.19,95.73,33.83,13.37,60.69,0
381,1,86.11,98.85,95.13,32.71,13.24,58.70,0
381,2,84.19,99.26,95.77,34.27,14.00,60.33,0
381,3,88.14,98.81,95.24,33.86,13.57,61.31,0
381,4,85.20,99.09,95.72,34.22,13.28,61.00,0
381,5,84.75,99.08,95.96,33.36,13.91,62.09,0
381,6,88.02,98.92,97.08,33.33,13.71,62.47,0
381,7,84.70,98.78,95.81,33.59,13.62,58.89,0
381,8,92.30,97.10,90.40,33.39,13.32,65.46,0
381,9,97.30,96.50,88.86,33.42,13.83,68.08,0
381,10,97.29,96.00,84.41,33.29,13.30,69.72,1
381,11,96.90,96.41,87.16,32.88,13.23,67.01,0
381,12,91.54,96.88,93.53,32.45,13.94,68.30,0
381,13,85.13,98.97,95.98,34.36,14.21,59.74,0
381,14,84.22,98.95,97.32,34.16,13.92,62.36,0
381,15,84.20,98.81,93.67,34.24,13.22,61.67,0
381,16,85.49,99.03,95.35,34.05,14.03,61.82,0
381,17,86.11,99.15,98.27,32.67,13.65,60.97,0
381,18,84.53,99.17,94.19,33.59,14.35,62.24,0
381,19,83.69,98.86,99.15,32.48,13.32,60.54,0
382,0,69.34,98.80,83.94,38.32,14.39,45.08,0
382,1,71.71,99.15,86.57,38.02,13.26,44.70,0
382,2,69.85,98.59,83.49,38.72,14.14,46.20,0
382,3,72.13,98.78,84.06,39.35,13.92,42.38,0
382,4,71.64,98.88,88.28,37.81,14.04,46.02,0
382,5,70.71,99.16,84.27,37.56,13.46,43.00,0
382,6,69.74,98.79,83.98,39.36,13.53,42.53,0
382,7,70.92,98.59,88.15,38.44,14.33,43.63,0
382,8,71.62,98.77,84.31,38.37,13.47,43.20,0
382,9,68.85,98.65,88.42,37.82,14.24,43.95,0
382,10,72.09,98.89,84.17,38.79,14.35,42.80,0
382,11,70.14,98.57,82.62,39.20,13.84,43.61,0
382,12,71.59,99.07,83.50,37.56,13.82,43.84,0
382,13,68.75,98.52,86.12,38.38,13.82,43.38,0
382,14,70.75,99.16,86.45,39.26,14.42,46.02,0
382,15,68.85,99.20,85.80,38.81,13.25,45.05,0
382,16,71.15,99.08,83.95,38.82,14.41,45.31,0
382,17,69.32,99.10,87.99,39.21,13.87,43.95,0
382,18,68.39,98.45,87.44,38.55,14.35,45.28,0
382,19,71.58,98.82,83.48,39.45,14.32,42.45,0
383,0,82.58,97.59,80.07,35.94,13.47,54.57,0
383,1,84.11,97.07,82.69,35.77,13.44,55.54,0
383,2,85.64,97.27,79.35,37.23,13.82,54.71,0
383,3,85.20,96.99,82.86,37.31,13.29,56.55,0
383,4,85.68,97.69,79.25,36.03,13.08,56.41,0
383,5,83.20,97.16,79.99,35.78,12.98,56.65,0
383,6,84.26,97.60,78.30,36.36,13.08,56.58,0
383,7,85.47,97.24,80.07,36.78,12.66,56.79,0
383,8,82.23,97.57,78.57,37.43,13.67,56.26,0
383,9,85.02,97.24,78.57,37.36,13.12,57.32,0
383,10,84.77,97.21,81.46,36.22,13.77,55.86,0
383,11,85.00,97.57,77.14,36.90,13.10,54.92,0
383,12,81.05,97.21,80.37,36.05,12.75,54.95,0
383,13,81.48,97.12,81.60,36.71,12.89,56.61,0
383,14,82.14,97.16,78.55,37.21,13.02,57.90,0
383,15,82.25,97.42,78.62,36.14,13.37,54.40,0
383,16,84.18,97.34,78.80,35.51,13.47,55.19,0
383,17,83.29,97.26,78.75,35.56,13.79,56.33,0
383,18,84.72,97.41,78.33,35.62,13.58,54.95,0
383,19,85.13,97.15,77.66,35.84,12.68,56.94,0
384,0,80.69,97.44,84.59,38.08,14.96,54.63,0
384,1,80.15,97.47,82.44,38.51,14.31,55.26,0
384,2,79.50,97.64,82.42,38.36,14.82,55.20,0
384,3,81.68,97.12,85.15,37.59,15.16,56.58,0
384,4,80.42,97.53,88.57,38.03,15.00,55.51,0
384,5,78.74,97.40,84.18,37.36,15.02,54.90,0
384,6,78.95,97.47,84.32,38.09,14.84,54.93,0
384,7,79.10,97.18,88.10,38.28,14.51,54.60,0
384,8,86.54,95.51,79.28,36.95,14.06,62.22,0
384,9,88.98,94.73,77.04,38.50,14.22,62.17,0
384,10,90.32,94.69,74.77,38.23,14.99,66.64,1
384,11,87.65,94.48,72.73,38.45,14.81,66.00,0
384,12,85.25,95.09,78.49,37.29,14.26,62.60,0
384,13,79.87,97.54,83.11,38.56,14.63,54.42,0
384,14,80.48,97.73,84.33,38.28,15.22,55.86,0
384,15,79.23,97.17,84.09,37.37,14.57,56.97,0
384,16,78.71,97.34,84.17,37.45,14.81,55.39,0
384,17,77.76,97.18,81.68,37.90,14.08,57.35,0
384,18,77.65,96.98,82.62,36.94,14.18,55.64,0
384,19,80.68,97.20,84.51,38.36,15.02,57.23,0
385,0,72.27,98.41,84.96,35.57,12.54,56.68,0
385,1,69.99,98.56,84.73,34.58,12.42,56.43,0
385,2,73.63,98.34,84.65,36.06,12.72,57.07,0
385,3,70.67,97.85,83.97,34.45,12.72,57.59,0
385,4,72.80,98.32,81.86,34.78,12.70,57.10,0
385,5,70.32,98.32,80.92,34.75,12.49,55.89,0
385,6,70.95,98.15,86.03,35.61,12.74,57.90,0
385,7,72.20,97.96,84.75,35.13,13.39,56.63,0
385,8,72.33,97.87,82.10,35.67,12.60,56.64,0
385,9,78.26,96.25,77.11,34.57,12.39,62.89,0
385,10,80.08,95.91,75.08,34.65,12.55,64.50,0
385,11,82.23,95.30,71.26,35.15,13.22,68.35,1
385,12,81.22,95.63,75.10,35.86,13.04,63.29,0
385,13,80.35,95.93,78.25,35.76,13.13,61.70,0
385,14,69.43,98.01,82.12,35.43,12.46,57.07,0
385,15,71.41,97.79,81.91,35.03,12.95,57.11,0
385,16,68.71,98.04,79.86,34.85,12.54,55.82,0
385,17,72.01,97.91,81.96,35.12,12.51,58.04,0
385,18,71.57,98.06,79.99,35.06,12.67,58.37,0
385,19,71.89,98.12,80.96,35.27,12.37,58.46,0
386,0,84.16,98.53,78.76,38.32,13.82,51.43,0
386,1,86.07,97.80,81.24,36.66,14.11,50.57,0
386,2,86.90,97.91,82.07,36.68,14.41,49.41,0
386,3,85.13,98.38,81.51,38.25,13.61,48.98,0
386,4,86.01,98.03,79.33,37.57,14.09,49.98,0
386,5,86.89,98.08,82.22,36.84,14.66,50.68,0
386,6,85.48,98.19,82.73,37.59,14.32,50.68,0
386,7,87.91,98.11,81.82,38.23,13.85,50.23,0
386,8,84.29,98.31,82.69,37.94,14.15,51.21,0
386,9,86.54,98.08,82.72,38.47,13.99,51.14,0
386,10,86.19,97.88,80.54,36.71,13.94,47.83,0
386,11,83.16,98.30,78.25,38.56,14.35,48.28,0
386,12,85.40,98.41,77.29,38.32,14.52,50.01,0
386,13,85.35,98.30,76.83,37.78,13.93,50.60,0
386,14,85.57,97.79,81.68,38.25,13.94,49.66,0
386,15,86.12,98.11,77.33,38.48,14.42,49.54,0
386,16,83.51,98.53,77.12,37.88,14.44,49.89,0
386,17,84.61,97.91,76.78,38.01,14.73,50.35,0
386,18,86.33,98.51,80.43,37.24,13.82,50.33,0
386,19,86.74,97.91,82.13,38.31,13.88,48.70,0
387,0,75.73,98.54,80.37,35.13,10.17,55.20,0
387,1,79.41,98.43,77.65,33.71,10.46,55.20,0
387,2,76.13,98.19,77.07,34.22,10.69,57.26,0
387,3,76.90,98.41,77.71,34.52,10.37,56.40,0
387,4,78.91,98.69,79.88,34.42,9.86,57.73,0
387,5,76.64,98.66,81.26,33.90,10.31,55.60,0
387,6,77.32,98.63,81.95,33.75,10.48,56.30,0
387,7,76.15,98.59,77.60,33.85,9.84,58.92,0
387,8,84.77,96.79,75.56,34.41,9.60,63.18,0
387,9,88.20,95.96,73.37,33.96,9.77,65.72,0
387,10,89.84,95.39,65.81,34.30,9.60,68.81,1
387,11,86.68,96.19,70.51,35.10,9.69,63.78,0
387,12,86.04,96.07,74.12,34.90,10.17,64.89,0
387,13,75.84,98.41,79.27,34.28,9.86,56.18,0
387,14,78.33,98.53,80.21,33.60,10.24,55.32,0
387,15,75.53,98.06,79.12,33.58,10.18,56.26,0
387,16,75.21,98.52,79.78,33.64,10.52,56.62,0
387,17,76.71,98.37,81.07,34.55,10.38,58.92,0
387,18,78.67,98.78,76.41,35.34,10.73,57.79,0
387,19,75.95,98.21,77.68,35.27,10.17,56.63,0
388,0,75.41,97.81,91.15,34.33,13.76,55.23,0
388,1,76.24,97.65,93.58,34.19,13.92,55.96,0
388,2,77.53,98.12,89.20,33.79,13.45,55.53,0
388,3,74.19,98.20,93.81,33.12,13.53,55.24,0
388,4,74.47,97.70,93.44,33.45,13.56,58.40,0
388,5,77.29,98.12,93.60,34.43,13.92,56.52,0
388,6,75.26,97.60,91.79,34.10,13.41,58.37,0
388,7,74.82,97.79,90.60,32.79,13.95,56.42,0
388,8,82.12,96.00,84.01,33.22,13.39,63.78,0
388,9,86.52,95.19,79.75,33.39,14.34,63.00,0
388,10,86.39,94.67,81.07,32.53,13.41,67.44,1
388,11,84.79,95.79,79.56,33.93,13.76,66.44,0
388,12,83.31,95.72,85.46,34.49,13.44,63.77,0
388,13,75.58,98.28,90.94,33.31,13.79,56.83,0
388,14,74.93,97.87,90.81,32.67,13.58,55.58,0
388,15,73.76,98.21,88.25,33.48,13.94,57.99,0
388,16,76.66,97.69,88.40,33.91,14.17,56.67,0
388,17,73.74,97.84,88.41,33.29,14.20,57.69,0
388,18,73.27,98.14,87.93,33.29,14.18,58.04,0
388,19,75.01,98.24,92.29,33.29,13.85,57.01,0
389,0,87.78,99.32,83.41,36.69,14.31,43.26,0
389,1,86.09,98.73,84.77,36.92,14.06,43.91,0
389,2,88.14,99.32,84.17,35.80,13.83,46.71,0
389,3,86.10,98.90,84.57,36.15,13.74,45.50,0
389,4,88.74,99.11,88.23,35.57,14.60,43.98,0
389,5,89.47,99.20,88.30,36.07,13.73,43.62,0
389,6,88.61,98.80,89.26,36.27,14.42,44.02,0
389,7,88.23,99.25,84.33,35.38,14.76,43.58,0
389,8,86.48,98.86,88.88,35.99,14.07,44.39,0
389,9,93.19,96.70,82.59,35.75,13.76,52.64,0
389,10,96.10,96.85,76.63,36.88,13.68,53.39,0
389,11,98.47,95.71,76.15,36.78,14.45,56.63,1
389,12,94.38,96.49,78.37,36.66,14.73,52.02,0
389,13,94.21,97.05,81.07,36.06,14.84,50.86,0
389,14,85.47,98.95,85.14,35.67,14.25,46.72,0
389,15,85.17,98.88,83.70,36.89,14.02,45.80,0
389,16,87.48,99.19,87.65,35.92,14.50,46.15,0
389,17,85.38,98.92,87.04,36.89,14.23,46.44,0
389,18,86.81,98.76,84.72,36.18,14.70,45.11,0
389,19,85.43,99.24,89.28,36.87,14.38,45.35,0
390,0,83.40,98.57,87.76,33.99,14.12,41.78,0
390,1,86.36,99.28,89.66,34.84,14.53,43.15,0
390,2,87.00,98.98,92.94,34.26,14.41,44.23,0
390,3,85.29,99.04,93.22,34.69,14.47,45.06,0
390,4,83.96,98.71,90.42,34.79,13.75,42.80,0
390,5,86.50,98.82,90.03,34.50,14.38,43.45,0
390,6,84.10,98.60,89.58,35.32,14.38,42.26,0
390,7,85.21,98.83,89.41,34.11,14.32,43.80,0
390,8,92.37,96.82,83.82,35.64,14.56,47.68,0
390,9,93.73,96.58,81.06,34.00,14.81,50.19,0
390,10,97.31,95.78,80.72,35.68,14.56,53.00,1
390,11,92.70,96.48,83.99,34.37,13.72,51.68,0
390,12,91.83,97.07,81.33,35.00,14.80,48.73,0
390,13,84.54,99.27,90.94,35.26,13.85,44.39,0
390,14,81.80,99.16,90.56,34.19,13.79,45.21,0
390,15,82.16,98.55,87.66,33.80,13.73,42.70,0
390,16,83.14,98.93,90.75,35.40,13.71,45.52,0
390,17,84.52,98.53,89.07,35.26,14.23,41.86,0
390,18,86.27,99.00,91.87,33.90,14.19,41.70,0
390,19,84.56,99.26,88.60,34.04,14.80,45.41,0
391,0,89.34,98.01,80.51,34.13,10.07,50.64,0
391,1,91.26,98.22,80.28,33.79,9.72,49.55,0
391,2,89.09,97.77,79.69,33.97,10.16,48.66,0
391,3,92.31,97.98,77.17,34.57,9.70,48.51,0
391,4,88.99,97.95,80.68,33.66,9.75,50.12,0
391,5,90.68,98.14,78.48,34.20,9.63,49.81,0
391,6,89.24,97.73,78.43,34.31,10.30,48.59,0
391,7,91.44,98.13,82.48,35.00,10.43,50.56,0
391,8,88.80,98.02,81.91,35.20,9.83,49.75,0
391,9,88.99,98.20,78.90,34.72,9.78,51.57,0
391,10,91.51,98.10,80.01,33.75,10.28,49.47,0
391,11,87.65,98.20,76.95,33.62,9.59,48.97,0
391,12,90.55,97.96,80.98,35.33,10.45,49.45,0
391,13,87.45,97.80,79.99,33.49,10.63,50.15,0
391,14,89.25,98.06,78.35,35.16,9.62,48.86,0
391,15,90.82,97.97,75.56,34.25,10.05,51.61,0
391,16,88.80,98.03,76.21,34.70,10.35,51.53,0
391,17,88.83,97.60,78.98,34.83,9.54,50.71,0
391,18,89.42,97.80,76.31,33.67,10.14,51.35,0
391,19,88.08,98.30,80.87,33.78,10.20,51.73,0
392,0,75.27,98.29,75.57,33.64,12.34,44.40,0
392,1,75.66,98.73,81.10,33.87,13.18,47.38,0
392,2,77.49,98.72,80.97,33.36,13.06,44.04,0
392,3,77.52,98.24,77.38,33.25,12.75,43.92,0
392,4,75.27,98.26,77.44,34.23,12.73,43.96,0
392,5,75.73,98.98,76.86,33.67,12.85,45.76,0
392,6,75.93,98.87,82.05,34.45,13.40,44.18,0
392,7,74.67,98.47,76.00,33.07,12.99,44.61,0
392,8,77.65,98.89,76.19,34.44,12.50,45.13,0
392,9,77.29,98.31,79.58,34.54,12.47,43.58,0
392,10,77.18,98.75,76.73,34.28,12.48,46.81,0
392,11,76.31,98.49,75.83,33.26,13.29,46.95,0
392,12,73.26,98.95,75.24,32.79,12.36,43.88,0
392,13,72.93,98.23,77.34,34.56,13.19,45.74,0
392,14,72.65,98.57,79.10,34.10,12.89,45.00,0
392,15,76.05,98.59,78.48,34.63,13.31,44.68,0
392,16,76.31,98.47,75.59,33.05,12.67,44.57,0
392,17,73.36,98.71,80.82,33.11,13.14,44.64,0
392,18,74.38,98.88,75.40,33.86,13.26,44.15,0
392,19,75.60,98.20,80.79,34.07,13.17,46.48,0
393,0,86.54,98.82,84.99,35.85,11.69,46.14,0
393,1,89.33,98.34,89.28,34.62,11.24,45.78,0
393,2,89.67,98.57,86.95,35.70,10.95,43.65,0
393,3,89.53,98.58,87.27,36.09,11.03,43.38,0
393,4,89.34,98.51,85.62,34.87,11.08,43.94,0
393,5,88.00,98.66,84.96,35.62,10.83,44.65,0
393,6,89.85,98.40,88.73,36.33,11.12,44.01,0
393,7,87.63,98.78,85.46,34.36,10.59,44.89,0
393,8,97.43,96.30,81.15,34.72,11.48,51.42,0
393,9,99.18,95.82,77.61,36.31,10.81,52.68,0
393,10,101.05,95.51,76.50,35.37,11.68,56.46,1
393,11,98.90,95.74,76.19,36.16,11.75,50.76,0
393,12,96.00,96.69,77.61,34.53,11.41,51.12,0
393,13,85.68,98.62,85.64,35.51,11.28,43.72,0
393,14,88.91,98.20,88.23,35.02,11.72,42.79,0
393,15,85.85,98.75,83.69,34.67,10.91,42.79,0
393,16,87.89,98.71,88.31,34.74,10.89,46.39,0
393,17,86.99,98.79,84.50,35.22,11.32,43.11,0
393,18,88.67,98.65,86.59,35.94,11.73,45.23,0
393,19,86.76,98.28,88.99,35.36,11.38,46.20,0
394,0,72.08,97.08,95.05,33.67,15.99,51.44,0
394,1,72.04,97.45,93.88,35.23,15.17,49.75,0
394,2,72.78,97.66,96.47,34.33,15.72,49.22,0
394,3,74.32,97.43,92.87,33.88,15.29,48.31,0
394,4,75.38,97.83,93.15,35.32,16.03,48.33,0
394,5,75.16,97.80,95.61,34.02,15.96,50.69,0
394,6,71.55,97.43,92.65,33.87,15.48,50.66,0
394,7,74.53,97.09,94.87,34.14,15.63,49.63,0
394,8,73.83,97.68,96.23,34.74,15.67,50.14,0
394,9,80.11,95.25,90.75,34.60,15.10,57.49,0
394,10,83.40,94.92,86.56,34.12,16.11,56.92,0
394,11,85.83,94.24,85.25,33.72,15.44,58.59,1
394,12,81.02,95.07,82.66,34.47,15.43,56.85,0
394,13,80.40,95.65,87.85,35.05,15.23,54.39,0
394,14,71.31,97.37,93.32,33.61,16.10,50.28,0
394,15,73.18,97.51,93.46,33.97,15.54,51.87,0
394,16,73.90,97.53,91.99,34.04,15.50,49.26,0
394,17,71.76,97.59,93.93,34.74,15.44,51.73,0
394,18,72.10,97.80,97.01,34.86,16.10,49.41,0
394,19,72.16,97.08,93.47,34.78,16.12,50.21,0
395,0,87.95,97.42,84.69,34.30,14.94,54.27,0
395,1,89.58,97.54,85.20,34.04,14.65,56.64,0
395,2,91.39,97.29,87.24,34.55,15.21,56.64,0
395,3,89.17,97.79,85.01,35.02,14.53,56.76,0
395,4,90.03,97.80,88.33,34.21,14.62,57.93,0
395,5,92.32,97.59,88.57,35.11,14.35,56.87,0
395,6,89.53,97.61,85.53,34.57,14.61,57.98,0
395,7,89.00,97.80,89.01,35.31,14.15,56.02,0
395,8,89.34,97.51,86.33,35.01,14.08,54.53,0
395,9,90.28,97.45,88.78,34.36,14.13,54.36,0
395,10,89.20,98.05,88.92,33.86,14.49,54.46,0
395,11,91.18,98.01,88.12,34.99,14.41,56.21,0
395,12,88.95,97.74,84.41,33.63,14.81,57.00,0
395,13,90.52,97.60,86.61,33.68,14.16,54.76,0
395,14,89.27,97.37,85.32,34.50,14.34,54.15,0
395,15,90.45,97.89,85.28,33.60,14.26,56.02,0
395,16,87.41,98.01,85.02,34.75,15.23,54.73,0
395,17,90.00,97.67,83.40,35.06,14.46,55.82,0
395,18,91.09,97.65,87.28,33.56,14.76,56.69,0
395,19,89.61,97.47,89.24,34.82,14.81,55.01,0
396,0,78.53,98.33,94.87,37.59,13.31,44.65,0
396,1,78.19,98.34,93.42,38.44,13.18,43.62,0
396,2,80.63,98.63,96.78,38.83,13.39,44.58,0
396,3,80.94,98.14,95.59,38.80,13.59,45.32,0
396,4,79.37,98.23,91.83,39.49,13.18,44.84,0
396,5,81.55,98.47,94.29,38.89,13.68,47.00,0
396,6,78.54,98.36,96.84,38.88,12.96,43.82,0
396,7,77.80,98.64,93.04,38.65,13.55,44.71,0
396,8,80.43,98.60,96.57,38.29,12.65,44.29,0
396,9,78.89,98.57,93.72,37.81,13.28,44.52,0
396,10,78.24,98.17,95.55,39.49,13.14,46.92,0
396,11,79.33,98.05,94.98,39.44,13.06,44.14,0
396,12,78.34,98.08,94.76,38.58,13.22,43.43,0
396,13,77.38,98.64,92.34,38.85,12.78,46.27,0
396,14,78.34,98.41,92.54,37.87,12.81,44.09,0
396,15,78.28,98.02,94.59,38.63,12.92,43.66,0
396,16,77.82,98.03,91.48,38.21,13.58,46.23,0
396,17,79.10,98.61,91.78,38.85,13.60,43.07,0
396,18,78.93,98.70,90.97,38.34,13.56,46.40,0
396,19,80.95,98.52,96.49,37.61,13.06,43.05,0
397,0,82.32,98.83,89.64,35.22,12.72,52.93,0
397,1,82.59,98.94,89.75,34.94,12.60,51.70,0
397,2,82.57,98.71,89.00,36.17,12.50,50.21,0
397,3,79.67,98.33,92.20,36.05,12.88,50.28,0
397,4,80.64,98.68,88.09,36.52,12.55,53.56,0
397,5,79.79,98.46,91.64,35.22,12.06,50.60,0
397,6,82.89,98.78,89.81,35.99,13.22,53.34,0
397,7,80.59,98.71,89.53,35.88,12.80,51.18,0
397,8,79.27,98.88,88.75,35.61,12.52,50.77,0
397,9,80.87,98.47,86.27,35.79,13.12,53.51,0
397,10,80.86,98.28,88.54,36.10,13.21,50.19,0
397,11,81.02,98.75,88.96,35.25,12.99,52.25,0
397,12,80.50,98.63,86.17,34.89,12.37,49.90,0
397,13,80.52,98.84,90.76,36.56,12.98,51.95,0
397,14,80.12,98.78,90.43,35.94,12.84,52.38,0
397,15,78.68,98.54,89.89,35.99,13.23,53.17,0
397,16,79.84,98.79,89.00,35.60,13.04,53.41,0
397,17,81.43,98.90,85.55,36.38,12.98,53.13,0
397,18,78.98,98.62,85.82,36.82,13.04,50.02,0
397,19,78.84,98.80,87.61,36.64,12.12,50.66,0
398,0,70.13,98.61,78.53,35.43,15.05,41.86,0
398,1,72.10,99.19,75.73,36.17,15.19,43.96,0
398,2,72.23,98.41,78.14,34.65,15.31,41.61,0
398,3,71.02,98.96,79.06,34.84,15.24,43.02,0
398,4,71.42,98.69,76.73,35.71,15.67,44.40,0
398,5,72.23,98.92,81.42,35.79,14.96,44.23,0
398,6,72.52,98.79,79.16,35.43,14.72,40.91,0
398,7,71.32,98.70,77.78,34.86,14.94,41.67,0
398,8,79.30,97.07,70.96,35.92,15.50,47.38,0
398,9,80.16,96.11,70.28,34.33,15.61,49.03,0
398,10,80.43,95.60,63.25,34.62,14.61,54.38,1
398,11,81.17,96.05,69.69,35.43,14.79,49.45,0
398,12,78.08,96.41,71.80,35.34,15.22,47.66,0
398,13,68.17,98.70,74.56,36.15,15.69,41.24,0
398,14,69.90,98.43,79.40,35.85,14.81,41.17,0
398,15,68.05,99.14,77.88,35.30,15.03,44.39,0
398,16,71.36,98.82,76.33,35.20,14.99,41.42,0
398,17,69.84,98.53,78.40,34.47,14.69,43.93,0
398,18,70.25,99.19,79.03,35.22,15.47,42.87,0
398,19,68.22,98.58,76.93,36.18,15.10,40.88,0
399,0,91.41,98.23,85.27,33.83,14.00,46.61,0
399,1,93.23,98.41,84.51,35.32,13.50,45.86,0
399,2,93.12,97.76,83.60,34.21,13.40,46.47,0
399,3,90.25,97.77,85.55,34.11,13.64,43.75,0
399,4,89.95,97.94,85.23,34.26,13.15,43.52,0
399,5,93.03,97.98,85.91,35.66,13.12,47.37,0
399,6,91.63,98.22,86.10,33.74,13.54,44.17,0
399,7,93.08,98.11,85.34,35.51,13.04,43.51,0
399,8,101.21,96.29,77.41,34.96,13.07,51.59,0
399,9,102.00,95.55,73.44,34.63,12.91,54.04,0
399,10,102.43,95.30,73.98,34.41,14.09,54.15,1
399,11,98.99,95.98,78.02,34.10,13.82,54.62,0
399,12,97.22,95.83,78.77,34.29,13.28,49.97,0
399,13,90.77,97.84,82.43,34.48,13.27,45.46,0
399,14,91.63,97.88,82.52,35.66,13.19,46.57,0
399,15,92.00,97.74,85.17,35.52,13.64,46.68,0
399,16,90.38,98.15,84.59,34.26,13.85,44.16,0
399,17,89.05,98.34,87.44,34.45,13.39,43.50,0
399,18,92.73,98.07,82.56,35.54,13.88,46.89,0
399,19,90.90,97.74,84.80,34.06,13.48,46.64,0
400,0,72.26,98.44,81.51,34.97,14.71,45.56,0
400,1,72.73,98.31,83.36,33.91,14.40,45.27,0
400,2,73.49,98.65,78.73,35.37,14.73,45.78,0
400,3,71.84,98.18,82.43,34.28,14.48,44.58,0
400,4,73.15,98.06,82.22,34.01,14.57,44.95,0
400,5,71.91,98.45,79.24,33.84,13.89,45.00,0
400,6,72.76,98.55,79.80,34.01,14.32,45.06,0
400,7,73.46,98.64,83.14,34.69,14.96,47.09,0
400,8,74.51,98.15,82.94,34.30,14.01,45.18,0
400,9,72.63,98.72,82.87,34.17,14.29,45.95,0
400,10,74.40,98.07,81.21,34.51,14.04,47.01,0
400,11,71.86,98.25,80.91,34.86,14.64,43.60,0
400,12,71.75,98.61,81.07,34.01,14.93,46.33,0
400,13,72.08,98.59,76.85,34.89,14.39,45.07,0
400,14,72.39,98.49,78.39,34.84,14.77,43.93,0
400,15,72.35,98.72,77.82,34.66,14.27,44.62,0
400,16,73.45,98.76,79.85,35.30,14.16,45.86,0
400,17,71.70,98.07,79.33,35.01,13.90,44.90,0
400,18,73.79,98.09,82.46,33.71,14.88,45.96,0
400,19,73.55,98.14,80.53,33.87,14.97,45.61,0
401,0,84.24,97.80,87.28,34.16,14.40,58.41,0
401,1,83.70,97.85,87.60,34.00,14.89,57.63,0
401,2,84.88,97.92,90.88,35.04,15.25,58.55,0
401,3,83.59,98.31,88.85,35.11,14.66,60.71,0
401,4,84.35,98.28,91.39,33.74,15.21,58.36,0
401,5,85.33,98.23,89.49,34.96,14.82,57.87,0
401,6,83.55,97.99,91.13,34.93,14.84,58.72,0
401,7,82.87,98.10,86.29,33.49,14.65,58.00,0
401,8,84.63,98.05,89.69,33.58,15.32,60.87,0
401,9,82.82,98.11,85.67,34.28,15.52,57.81,0
401,10,82.39,97.70,88.96,33.47,15.14,59.71,0
401,11,82.64,98.20,85.26,34.73,15.07,58.12,0
401,12,82.22,97.92,87.86,33.57,15.27,59.57,0
401,13,83.37,97.83,88.45,34.74,15.06,57.68,0
401,14,82.55,97.98,84.66,34.67,15.06,60.04,0
401,15,80.60,98.16,87.88,34.77,15.09,58.18,0
401,16,83.20,97.58,84.77,34.25,15.27,59.04,0
401,17,80.97,98.27,84.90,34.25,15.39,58.70,0
401,18,82.21,97.62,90.59,34.27,15.43,59.80,0
401,19,82.93,97.92,88.79,34.40,15.17,57.77,0
402,0,84.55,97.83,86.81,37.98,14.99,52.81,0
402,1,83.12,97.61,86.50,38.36,14.95,54.96,0
402,2,86.59,97.69,89.51,37.78,14.71,53.69,0
402,3,84.75,97.85,85.24,37.66,14.30,53.20,0
402,4,87.07,97.43,91.15,36.95,14.29,51.55,0
402,5,85.34,97.22,86.82,36.81,14.53,52.70,0
402,6,86.54,97.54,86.81,37.02,15.07,54.87,0
402,7,83.22,97.68,90.80,38.08,15.04,52.47,0
402,8,85.54,97.24,89.54,38.38,14.60,54.54,0
402,9,84.54,97.21,89.14,38.49,14.89,52.21,0
402,10,84.01,97.15,87.31,37.13,14.45,53.13,0
402,11,84.81,97.86,86.40,37.48,14.92,54.77,0
402,12,83.30,97.37,84.69,36.91,14.59,52.64,0
402,13,83.91,97.39,87.59,38.05,14.61,54.81,0
402,14,82.90,97.72,88.16,37.56,14.75,51.78,0
402,15,84.18,97.13,89.07,38.75,14.96,53.86,0
402,16,83.51,97.84,86.52,37.67,15.28,54.23,0
402,17,85.74,97.41,87.05,38.50,14.65,51.22,0
402,18,85.05,97.49,88.67,37.51,14.50,52.10,0
402,19,84.96,97.78,88.44,37.90,15.16,52.95,0
403,0,76.82,97.99,81.78,37.40,13.67,44.43,0
403,1,75.98,97.80,84.52,37.52,13.14,42.38,0
403,2,77.61,97.74,83.90,37.50,13.16,42.43,0
403,3,77.02,98.06,83.63,36.86,14.14,40.83,0
403,4,79.55,97.52,85.79,37.53,13.85,42.14,0
403,5,79.02,98.00,85.36,37.84,13.12,42.28,0
403,6,77.10,98.15,81.62,37.02,13.30,44.13,0
403,7,78.94,97.60,83.65,36.44,13.55,41.24,0
403,8,75.80,98.01,81.93,37.71,13.61,44.20,0
403,9,76.90,97.53,84.06,36.97,13.98,42.24,0
403,10,78.91,97.84,83.79,37.14,14.21,42.07,0
403,11,76.91,98.00,80.79,36.79,13.55,41.40,0
403,12,75.20,98.17,82.06,37.71,13.78,43.41,0
403,13,76.02,98.08,82.66,37.85,13.86,44.39,0
403,14,78.27,98.27,79.87,36.21,13.63,44.38,0
403,15,76.86,98.19,79.19,37.97,13.66,43.41,0
403,16,74.83,97.72,79.97,36.79,13.84,43.46,0
403,17,77.96,98.08,80.54,36.62,13.85,42.81,0
403,18,76.18,97.98,82.06,36.40,13.12,44.45,0
403,19,77.99,97.58,84.26,37.91,13.73,44.32,0
404,0,74.72,98.13,93.01,35.22,10.25,45.57,0
404,1,73.97,97.42,89.27,36.47,10.46,48.22,0
404,2,75.06,97.98,93.62,36.33,10.21,47.20,0
404,3,77.32,97.56,90.76,35.38,10.73,46.04,0
404,4,77.02,97.67,90.83,34.92,10.28,46.81,0
404,5,74.09,98.09,90.64,35.46,9.85,46.83,0
404,6,77.54,97.64,93.57,36.57,10.65,47.93,0
404,7,74.06,98.20,90.86,36.27,10.36,46.76,0
404,8,76.62,97.76,95.20,35.14,10.38,48.68,0
404,9,81.37,95.50,83.29,35.72,10.23,51.68,0
404,10,86.45,94.98,82.92,36.00,10.66,56.31,0
404,11,86.99,94.44,80.03,35.36,10.73,55.70,1
404,12,85.77,95.71,81.68,35.80,9.95,56.63,0
404,13,84.18,95.45,86.88,36.37,10.05,51.34,0
404,14,73.86,98.11,89.82,35.35,10.07,45.25,0
404,15,73.68,97.78,93.22,35.85,9.73,48.00,0
404,16,72.97,97.80,89.40,35.68,9.92,47.23,0
404,17,75.75,97.81,91.96,36.50,10.14,47.47,0
404,18,74.66,97.84,94.09,35.15,10.33,46.76,0
404,19,74.37,97.48,93.74,35.76,9.98,48.88,0
405,0,75.56,98.85,90.95,38.46,12.55,47.99,0
405,1,76.71,98.77,88.71,37.74,12.63,47.12,0
405,2,77.03,98.48,91.57,39.38,12.61,45.77,0
405,3,75.70,98.83,90.19,38.16,12.82,48.93,0
405,4,77.77,98.29,89.17,39.67,12.75,48.43,0
405,5,76.03,98.51,88.78,38.92,11.78,47.73,0
405,6,78.16,98.20,88.61,38.79,12.90,47.41,0
405,7,75.13,98.13,87.46,37.83,12.52,46.99,0
405,8,77.80,98.44,92.92,38.68,12.65,47.09,0
405,9,77.72,98.13,87.07,39.34,12.57,47.13,0
405,10,75.76,98.50,92.55,38.75,12.67,46.28,0
405,11,74.92,98.81,88.96,37.98,11.79,47.79,0
405,12,77.42,98.57,91.82,39.62,11.92,48.83,0
405,13,77.12,98.54,89.47,39.46,11.96,47.05,0
405,14,76.78,98.65,90.43,39.27,12.66,45.38,0
405,15,75.84,98.83,88.50,39.22,11.89,47.23,0
405,16,75.81,98.48,87.61,39.31,12.70,48.40,0
405,17,77.80,98.57,88.52,38.45,12.39,46.08,0
405,18,76.09,98.75,91.77,38.06,12.84,45.94,0
405,19,77.89,98.48,88.63,38.86,12.57,45.70,0
406,0,78.49,97.21,86.68,36.40,11.03,46.06,0
406,1,78.41,97.45,88.96,37.34,10.94,43.79,0
406,2,80.08,96.96,87.69,36.12,11.37,44.11,0
406,3,80.06,97.64,86.12,37.30,11.01,44.23,0
406,4,82.41,97.48,85.57,36.16,10.68,46.16,0
406,5,80.78,96.88,86.01,35.89,10.73,46.53,0
406,6,82.57,97.17,85.74,36.64,11.28,45.19,0
406,7,78.61,97.32,88.61,36.59,10.58,47.38,0
406,8,81.87,96.97,85.14,36.15,10.47,44.20,0
406,9,81.60,97.06,88.62,36.19,10.82,47.15,0
406,10,79.48,97.45,85.83,35.90,10.68,45.88,0
406,11,80.68,97.04,87.68,37.21,10.59,45.81,0
406,12,80.93,97.50,83.80,37.29,11.25,43.89,0
406,13,78.90,97.17,85.94,35.98,10.72,44.56,0
406,14,78.95,97.02,87.91,35.71,10.56,44.27,0
406,15,80.86,97.38,88.43,36.17,10.37,44.17,0
406,16,77.32,97.53,84.37,35.81,11.10,43.87,0
406,17,78.30,96.90,88.32,36.76,10.70,45.20,0
406,18,77.81,96.86,85.97,36.97,11.29,44.01,0
406,19,79.51,97.01,85.79,35.79,11.09,44.30,0
407,0,85.86,99.06,91.92,39.17,13.32,56.28,0
407,1,84.95,99.04,88.91,37.46,13.73,54.45,0
407,2,87.39,99.15,89.17,37.55,13.64,55.89,0
407,3,85.04,99.12,91.62,39.29,14.41,56.08,0
407,4,87.83,98.61,87.12,38.24,13.34,53.30,0
407,5,86.96,98.63,88.02,39.39,14.28,55.69,0
407,6,84.51,98.62,89.22,39.17,14.03,54.57,0
407,7,87.98,98.66,92.56,38.91,14.36,54.30,0
407,8,85.13,99.02,90.55,39.03,14.14,56.40,0
407,9,86.97,99.03,90.83,37.76,14.49,56.39,0
407,10,86.62,99.22,89.81,38.06,13.73,53.64,0
407,11,83.96,99.20,85.71,38.87,14.50,53.37,0
407,12,84.35,98.78,86.51,38.19,14.46,55.76,0
407,13,86.08,98.62,86.86,38.79,13.42,54.38,0
407,14,84.43,99.20,88.10,38.03,13.48,53.46,0
407,15,86.50,99.23,86.33,38.47,13.37,55.68,0
407,16,86.00,99.03,90.54,39.00,13.94,52.89,0
407,17,84.48,98.98,89.58,38.54,13.83,54.23,0
407,18,86.15,98.87,90.11,37.52,13.71,56.18,0
407,19,86.08,98.61,90.97,37.96,14.37,54.77,0
408,0,91.45,98.29,94.77,37.87,10.27,62.75,0
408,1,88.52,98.55,93.70,37.33,10.51,62.13,0
408,2,92.08,98.40,93.21,37.85,10.73,61.01,0
408,3,92.33,98.51,94.66,38.45,11.01,62.84,0
408,4,90.95,98.67,94.98,36.79,10.65,60.35,0
408,5,90.91,98.71,96.21,37.87,10.62,59.41,0
408,6,89.81,98.75,95.16,37.01,10.26,60.06,0
408,7,90.21,98.71,94.42,37.76,9.92,59.41,0
408,8,90.87,98.32,92.62,37.49,10.97,61.30,0
408,9,90.69,98.82,94.40,37.81,10.00,61.33,0
408,10,89.95,98.85,91.90,38.61,10.89,61.96,0
408,11,88.29,98.29,96.64,36.84,10.31,62.51,0
408,12,87.62,98.64,93.05,36.94,10.51,59.62,0
408,13,89.70,98.85,95.84,37.34,10.44,60.36,0
408,14,88.21,98.14,96.76,36.80,11.07,61.75,0
408,15,89.95,98.61,95.99,38.45,10.70,60.42,0
408,16,88.21,98.40,91.37,37.94,10.37,62.10,0
408,17,88.41,98.48,91.52,37.14,10.35,59.84,0
408,18,88.80,98.46,94.56,37.26,11.08,59.56,0
408,19,91.14,98.20,95.33,38.14,10.79,62.05,0
409,0,70.80,97.31,85.17,36.35,13.31,40.84,0
409,1,74.31,97.73,79.83,34.74,14.32,41.60,0
409,2,70.72,97.84,84.42,36.12,13.79,41.12,0
409,3,72.36,97.83,84.23,34.75,13.80,43.45,0
409,4,72.84,97.81,81.86,36.24,13.57,42.04,0
409,5,74.93,97.34,82.24,34.89,13.48,40.78,0
409,6,71.94,97.71,82.38,34.88,13.24,42.37,0
409,7,73.59,97.30,83.70,35.38,14.09,44.32,0
409,8,74.46,97.48,84.81,34.59,13.28,44.14,0
409,9,71.53,97.27,83.00,34.96,13.78,41.96,0
409,10,73.19,97.32,81.05,35.80,13.40,43.64,0
409,11,73.47,97.90,82.04,35.89,13.90,44.04,0
409,12,72.65,97.39,82.97,34.97,13.73,42.14,0
409,13,69.86,97.27,84.40,35.17,14.31,40.47,0
409,14,71.51,98.00,78.93,35.38,14.30,41.22,0
409,15,71.32,97.26,79.16,34.54,13.72,44.13,0
409,16,70.15,97.29,84.13,36.19,13.86,44.12,0
409,17,71.46,97.47,83.14,36.43,13.57,43.91,0
409,18,70.76,97.31,82.68,34.86,13.39,42.22,0
409,19,71.80,97.61,80.45,35.13,13.38,41.28,0
410,0,81.42,99.05,86.63,33.51,13.10,57.67,0
410,1,79.74,98.83,82.48,35.15,13.40,56.78,0
410,2,81.19,98.95,83.61,33.83,13.65,58.00,0
410,3,80.29,99.14,86.53,34.60,13.80,58.58,0
410,4,82.55,99.17,86.89,33.61,12.72,59.66,0
410,5,79.62,98.47,83.69,33.71,13.31,56.02,0
410,6,80.77,99.21,83.96,34.71,13.71,59.42,0
410,7,80.34,98.87,85.81,33.43,13.33,57.86,0
410,8,80.82,98.61,82.73,34.86,13.78,58.30,0
410,9,79.01,98.52,86.87,33.49,12.96,57.45,0
410,10,81.44,98.53,84.37,33.48,13.63,57.94,0
410,11,78.45,98.73,82.10,33.60,13.67,59.03,0
410,12,79.24,98.91,81.25,34.81,13.02,57.29,0
410,13,78.35,99.06,83.25,33.68,13.42,58.95,0
410,14,81.28,98.70,81.75,34.38,12.75,57.39,0
410,15,78.74,98.69,85.42,34.92,13.74,58.69,0
410,16,79.75,98.64,85.60,33.34,13.79,56.42,0
410,17,79.72,98.73,83.65,33.84,13.15,56.98,0
410,18,80.84,98.73,86.44,34.17,13.76,57.54,0
410,19,78.82,98.92,84.80,34.60,12.85,57.57,0
411,0,82.99,97.77,90.17,37.68,12.60,44.92,0
411,1,81.66,97.88,89.98,38.66,12.86,44.01,0
411,2,83.89,97.94,93.93,38.92,13.38,44.75,0
411,3,84.83,97.53,90.89,38.60,12.89,43.32,0
411,4,84.97,97.28,91.02,38.30,12.98,45.80,0
411,5,84.56,97.61,94.61,37.46,13.57,44.74,0
411,6,83.10,97.30,93.97,38.69,13.45,44.75,0
411,7,84.97,97.90,90.63,37.57,13.15,44.46,0
411,8,83.73,97.77,92.64,37.30,12.56,42.72,0
411,9,84.29,97.88,91.29,39.15,13.01,46.03,0
411,10,82.23,97.68,91.41,37.76,13.73,45.26,0
411,11,82.69,97.62,88.69,37.53,13.10,44.55,0
411,12,83.60,97.28,91.97,38.45,13.50,43.89,0
411,13,80.16,97.73,91.50,38.61,13.63,44.86,0
411,14,81.11,97.75,90.81,38.67,12.88,42.28,0
411,15,80.81,97.54,92.30,38.82,12.96,42.88,0
411,16,80.68,97.70,93.37,38.14,13.27,46.19,0
411,17,82.23,97.58,89.68,37.24,12.78,45.94,0
411,18,82.40,97.38,88.73,37.20,13.68,45.17,0
411,19,82.20,97.76,92.88,38.85,12.54,43.44,0
412,0,76.18,97.12,97.33,32.65,15.07,43.09,0
412,1,73.66,97.22,96.03,33.15,14.94,41.90,0
412,2,75.64,97.18,96.54,32.42,15.60,41.64,0
412,3,75.73,96.73,97.88,33.60,15.00,42.11,0
412,4,76.43,97.20,96.45,33.83,15.35,42.53,0
412,5,76.01,96.89,96.28,32.60,14.66,44.74,0
412,6,76.82,97.42,98.07,33.07,15.26,43.80,0
412,7,75.61,96.94,97.52,33.78,15.42,43.63,0
412,8,75.79,96.86,95.38,33.84,15.15,44.21,0
412,9,75.58,96.80,94.71,32.65,15.13,44.55,0
412,10,82.40,94.96,93.41,33.92,15.56,47.69,0
412,11,83.08,94.50,87.38,32.91,14.86,49.23,0
412,12,87.38,93.79,83.77,33.76,14.68,51.63,1
412,13,85.98,94.93,89.38,33.34,14.70,51.17,0
412,14,81.63,95.31,91.28,32.99,15.15,47.15,0
412,15,76.15,97.17,95.45,33.44,14.51,42.41,0
412,16,76.02,97.25,95.80,32.73,15.25,42.73,0
412,17,73.88,96.93,98.92,32.32,14.54,42.87,0
412,18,74.98,97.40,99.58,33.98,14.81,43.60,0
412,19,73.75,97.38,94.88,32.87,15.05,41.62,0
413,0,84.56,98.13,87.19,35.98,14.79,59.12,0
413,1,86.98,98.28,83.73,34.72,15.29,58.69,0
413,2,85.74,98.64,82.71,35.93,15.04,56.40,0
413,3,85.09,98.31,85.93,35.13,14.42,56.97,0
413,4,87.17,98.23,83.24,35.51,15.26,58.57,0
413,5,88.71,98.81,82.59,34.71,15.28,57.61,0
413,6,87.02,98.89,84.42,36.24,14.90,57.61,0
413,7,87.86,98.58,82.83,35.34,14.38,57.84,0
413,8,86.32,98.82,81.95,34.56,14.48,57.88,0
413,9,84.82,98.66,86.44,35.51,14.47,57.31,0
413,10,86.67,98.14,83.04,35.47,14.46,56.03,0
413,11,86.45,98.17,85.40,35.53,14.48,58.80,0
413,12,86.68,98.19,84.66,34.55,14.90,58.30,0
413,13,84.07,98.14,86.45,35.50,14.32,55.91,0
413,14,86.06,98.76,84.30,35.26,14.22,56.75,0
413,15,85.97,98.85,84.94,36.18,14.50,58.08,0
413,16,84.18,98.27,82.78,34.34,15.15,56.25,0
413,17,86.86,98.78,84.72,34.73,14.56,56.46,0
413,18,87.49,98.12,81.63,34.56,14.67,56.66,0
413,19,85.90,98.16,86.89,34.71,15.23,57.56,0
414,0,75.65,97.26,84.26,39.72,12.02,42.80,0
414,1,73.13,96.77,89.21,39.43,11.88,43.25,0
414,2,74.63,96.98,87.03,38.99,11.56,42.31,0
414,3,75.02,97.01,87.51,38.84,11.78,44.31,0
414,4,76.92,96.85,90.00,38.94,12.28,41.99,0
414,5,74.53,97.31,86.42,38.14,12.10,43.03,0
414,6,76.54,96.66,88.52,39.47,11.85,41.64,0
414,7,75.41,96.83,88.07,39.39,12.03,41.49,0
414,8,72.93,97.10,90.20,38.31,12.04,44.94,0
414,9,74.84,96.88,87.60,38.47,12.69,42.07,0
414,10,74.00,97.08,87.22,39.19,12.03,43.30,0
414,11,72.60,96.86,89.41,37.87,12.34,45.44,0
414,12,74.00,97.17,84.65,38.66,12.55,45.36,0
414,13,72.07,96.76,88.42,39.53,12.09,41.67,0
414,14,72.13,96.71,85.76,38.61,12.16,42.17,0
414,15,74.77,97.06,83.75,38.77,11.93,44.32,0
414,16,73.57,97.38,88.36,38.05,12.23,42.05,0
414,17,71.99,96.65,89.02,39.76,12.30,44.54,0
414,18,74.71,96.77,86.62,39.02,11.73,44.74,0
414,19,73.49,97.10,84.70,38.83,12.13,42.79,0
415,0,85.85,98.57,84.84,34.71,15.05,42.22,0
415,1,87.06,98.74,84.37,33.76,15.04,42.93,0
415,2,86.82,98.69,84.12,33.60,15.72,43.01,0
415,3,86.66,98.38,80.98,34.37,15.60,46.09,0
415,4,87.02,98.57,80.48,34.53,15.34,43.19,0
415,5,88.66,98.78,80.39,33.99,15.39,42.85,0
415,6,86.27,98.61,82.70,33.23,15.17,44.51,0
415,7,88.30,98.70,81.99,33.54,15.93,43.71,0
415,8,85.09,98.49,80.07,34.87,15.81,44.76,0
415,9,88.35,98.64,84.63,34.78,15.46,44.75,0
415,10,96.11,96.77,74.99,33.99,15.60,49.70,0
415,11,94.64,96.39,71.13,34.00,15.00,50.82,0
415,12,98.93,95.32,66.73,34.06,16.01,55.98,1
415,13,96.26,95.75,73.20,34.26,15.81,54.16,0
415,14,92.44,96.84,78.27,33.70,15.63,51.57,0
415,15,84.92,98.41,78.79,34.50,15.17,44.18,0
415,16,84.95,98.37,78.85,34.83,15.12,46.11,0
415,17,84.74,98.56,80.47,34.71,15.17,44.55,0
415,18,86.83,98.44,82.79,34.73,15.28,43.73,0
415,19,84.67,98.37,85.04,33.52,15.33,45.25,0
416,0,87.54,97.87,85.42,34.29,15.10,45.79,0
416,1,86.59,97.83,86.39,34.68,14.59,45.01,0
416,2,85.31,97.59,85.08,35.20,14.60,43.04,0
416,3,85.89,97.89,86.98,35.20,14.25,44.32,0
416,4,88.34,97.81,84.75,34.77,14.83,45.07,0
416,5,87.78,97.29,85.99,35.25,14.61,44.79,0
416,6,84.96,97.13,88.58,33.67,15.08,44.15,0
416,7,85.92,97.69,86.95,34.85,14.39,42.89,0
416,8,84.28,97.87,88.47,33.93,15.34,45.54,0
416,9,85.67,97.24,88.06,35.58,14.70,45.56,0
416,10,86.16,97.17,84.62,35.45,15.11,42.45,0
416,11,84.32,97.48,83.63,35.07,15.04,43.31,0
416,12,84.37,97.39,83.31,33.96,14.72,43.32,0
416,13,86.50,97.39,86.02,33.81,14.89,44.36,0
416,14,86.03,97.64,83.35,34.90,14.68,42.76,0
416,15,85.89,97.23,85.33,33.77,14.71,44.68,0
416,16,83.49,97.51,87.62,34.83,14.69,44.84,0
416,17,86.91,97.37,83.48,34.98,15.26,44.45,0
416,18,85.88,97.34,86.68,34.93,14.38,42.32,0
416,19,84.26,97.55,85.56,35.35,14.42,42.43,0
417,0,82.21,97.54,81.47,38.14,13.64,54.38,0
417,1,82.62,97.55,78.35,38.37,12.82,54.31,0
417,2,82.14,97.42,82.56,38.09,12.65,54.74,0
417,3,82.27,96.80,81.87,39.91,13.56,53.58,0
417,4,83.01,97.05,83.99,39.65,13.47,55.52,0
417,5,85.16,97.03,82.94,38.02,13.29,55.66,0
417,6,85.82,96.94,83.55,38.68,13.56,53.48,0
417,7,82.04,97.06,80.12,39.14,12.62,54.22,0
417,8,81.81,97.22,78.05,39.48,13.66,55.16,0
417,9,81.70,96.99,78.45,39.06,13.56,55.43,0
417,10,82.64,97.12,78.72,38.96,13.06,56.81,0
417,11,83.04,96.83,78.41,38.21,12.67,56.71,0
417,12,82.81,97.36,78.20,39.02,13.65,55.14,0
417,13,83.70,97.30,78.67,39.32,13.50,54.04,0
417,14,82.82,96.79,79.23,38.49,13.68,54.59,0
417,15,82.56,97.10,79.09,38.58,13.72,54.82,0
417,16,84.14,97.22,82.60,38.80,12.60,57.11,0
417,17,81.10,97.51,79.91,38.23,12.81,53.97,0
417,18,82.29,97.22,79.56,39.23,13.45,53.92,0
417,19,82.41,97.34,81.58,39.96,13.64,54.81,0
418,0,75.20,97.46,96.51,36.92,13.97,52.53,0
418,1,76.06,97.35,93.93,36.83,14.57,53.34,0
418,2,76.60,97.50,93.49,37.53,14.00,54.28,0
418,3,78.48,97.39,93.58,35.69,13.85,53.34,0
418,4,78.59,97.38,95.74,37.43,14.44,53.70,0
418,5,75.98,97.11,97.18,36.85,14.72,52.06,0
418,6,77.09,97.59,98.48,35.77,13.98,52.55,0
418,7,78.69,96.95,97.06,36.09,14.07,52.71,0
418,8,75.90,97.13,96.64,37.32,14.40,50.39,0
418,9,75.72,97.02,94.88,35.68,14.44,53.14,0
418,10,74.26,97.24,96.85,36.55,13.98,52.49,0
418,11,73.88,97.54,96.31,37.15,14.04,52.16,0
418,12,73.70,97.51,92.99,36.87,13.61,50.89,0
418,13,77.47,97.39,92.28,37.48,14.23,51.96,0
418,14,73.91,97.16,94.60,37.11,13.87,53.41,0
418,15,77.31,97.26,92.02,36.19,13.57,53.82,0
418,16,76.42,97.26,95.63,36.10,13.80,52.69,0
418,17,76.96,97.30,96.83,36.19,14.54,53.90,0
418,18,76.95,97.43,92.42,36.32,13.58,50.67,0
418,19,76.35,96.95,97.28,36.53,13.95,54.23,0
419,0,76.70,98.38,78.22,38.67,15.62,47.71,0
419,1,77.06,98.10,79.60,37.10,14.97,48.11,0
419,2,77.61,98.19,80.39,36.85,15.62,48.66,0
419,3,76.88,98.12,76.81,38.37,16.04,50.01,0
419,4,75.56,97.87,81.06,37.39,16.09,46.20,0
419,5,77.58,98.35,82.46,38.77,15.07,46.54,0
419,6,75.75,98.38,79.91,38.70,15.28,48.73,0
419,7,77.99,98.53,81.60,38.72,15.56,47.83,0
419,8,75.17,97.95,76.16,37.62,15.18,47.92,0
419,9,74.84,98.52,81.08,37.70,15.74,47.72,0
419,10,76.21,98.13,78.43,37.98,15.40,47.16,0
419,11,75.43,98.44,77.99,38.00,15.78,49.16,0
419,12,73.44,98.28,76.23,37.65,15.97,49.85,0
419,13,73.42,97.99,78.84,37.48,14.97,48.94,0
419,14,73.04,98.03,78.27,37.89,15.82,46.67,0
419,15,73.97,98.45,75.72,37.16,15.29,49.31,0
419,16,73.86,98.01,78.64,38.06,15.46,48.70,0
419,17,77.29,98.29,78.56,37.32,15.34,48.21,0
419,18,74.65,98.41,76.11,38.70,15.35,47.54,0
419,19,76.88,98.00,78.50,38.36,15.62,46.21,0
420,0,93.19,97.16,83.26,34.52,14.99,54.18,0
420,1,91.77,97.55,87.17,34.73,14.78,53.44,0
420,2,93.17,96.88,81.63,34.58,15.45,52.98,0
420,3,91.49,97.28,86.22,34.87,15.52,54.19,0
420,4,92.04,97.47,85.13,35.88,14.90,54.89,0
420,5,93.16,97.12,86.10,35.27,14.88,53.40,0
420,6,93.88,97.34,85.12,35.24,15.39,54.76,0
420,7,93.27,97.65,82.18,35.27,15.31,52.81,0
420,8,92.68,97.43,82.65,34.57,14.40,53.97,0
420,9,93.21,97.25,83.53,34.13,15.33,55.83,0
420,10,92.56,97.31,83.35,35.00,15.13,52.88,0
420,11,90.95,96.99,84.15,35.82,14.80,54.03,0
420,12,90.88,97.43,84.39,34.61,15.11,56.72,0
420,13,89.82,97.51,86.09,35.19,14.63,55.71,0
420,14,90.01,97.21,81.91,34.92,15.23,56.54,0
420,15,91.79,97.54,84.94,35.69,15.33,53.96,0
420,16,89.21,97.10,82.42,34.24,14.56,55.31,0
420,17,90.75,97.50,82.62,35.89,15.30,54.08,0
420,18,91.85,97.34,85.94,34.92,15.31,56.78,0
420,19,92.76,97.03,83.07,35.45,14.56,53.60,0
421,0,70.83,98.20,90.55,33.24,12.86,52.87,0
421,1,69.06,97.99,90.63,33.14,12.99,51.86,0
421,2,70.24,98.00,94.58,34.44,12.63,50.62,0
421,3,70.11,97.53,93.70,32.88,13.18,54.14,0
421,4,70.45,97.59,89.95,33.54,12.66,51.12,0
421,5,71.95,98.00,94.09,33.61,12.62,51.99,0
421,6,69.87,97.79,92.25,34.42,13.24,51.74,0
421,7,70.48,97.52,94.35,33.46,13.40,52.51,0
421,8,71.58,97.63,90.47,34.01,13.46,52.14,0
421,9,71.19,97.98,90.30,33.69,13.48,51.08,0
421,10,69.94,98.11,91.06,33.14,12.98,53.40,0
421,11,69.93,98.27,91.10,33.95,13.16,53.30,0
421,12,69.67,97.88,90.23,33.72,13.20,52.48,0
421,13,67.55,97.52,89.73,34.05,13.20,54.19,0
421,14,70.91,97.59,92.51,33.61,13.28,52.32,0
421,15,67.76,98.12,90.81,33.55,12.86,53.72,0
421,16,70.95,97.69,91.46,33.14,13.41,53.46,0
421,17,71.71,97.63,91.55,33.96,12.56,51.60,0
421,18,68.03,97.69,88.19,34.40,12.96,53.50,0
421,19,71.47,98.16,89.45,33.89,12.81,51.44,0
422,0,71.83,97.40,79.54,36.05,14.41,47.23,0
422,1,74.93,97.47,79.84,36.09,14.50,45.00,0
422,2,72.93,97.31,79.70,35.61,14.49,45.53,0
422,3,73.05,97.57,81.30,35.96,14.56,46.27,0
422,4,73.25,98.04,79.02,35.34,14.77,45.47,0
422,5,75.77,97.82,81.96,35.64,15.11,44.15,0
422,6,73.65,97.80,80.89,36.66,14.66,45.72,0
422,7,72.64,97.45,81.29,35.26,15.18,44.46,0
422,8,73.11,97.87,81.97,36.03,14.23,45.16,0
422,9,72.96,97.74,80.52,36.73,14.34,45.07,0
422,10,73.11,97.76,79.69,35.15,14.81,46.45,0
422,11,72.69,97.99,76.59,35.68,15.14,46.52,0
422,12,73.68,97.57,80.56,35.37,14.41,44.51,0
422,13,73.92,97.35,75.38,35.21,15.03,47.13,0
422,14,72.47,97.54,78.44,35.83,15.18,44.89,0
422,15,71.97,97.65,77.71,35.54,14.47,47.30,0
422,16,74.04,97.31,78.85,35.04,14.89,43.86,0
422,17,70.87,98.03,80.53,35.30,14.99,46.82,0
422,18,73.03,97.38,77.44,35.90,14.09,44.29,0
422,19,72.56,97.53,80.73,36.40,14.76,44.91,0
423,0,88.95,99.08,77.78,35.20,11.97,51.75,0
423,1,90.73,99.09,76.59,36.44,11.26,49.85,0
423,2,91.58,98.92,81.81,36.31,11.25,52.10,0
423,3,91.28,98.52,76.23,34.76,11.37,49.05,0
423,4,91.48,98.53,81.86,36.16,11.33,49.35,0
423,5,93.50,98.62,81.78,35.45,12.14,50.90,0
423,6,92.74,98.33,81.57,35.26,12.13,50.08,0
423,7,90.30,99.04,80.50,35.33,12.13,50.27,0
423,8,89.34,98.42,80.82,35.00,11.24,48.83,0
423,9,90.70,99.09,80.54,35.24,12.18,50.07,0
423,10,100.13,96.84,74.58,36.61,12.32,57.25,0
423,11,100.04,95.95,71.95,35.49,11.26,56.70,0
423,12,104.19,95.42,65.84,35.98,12.22,59.55,1
423,13,99.62,95.92,68.81,35.73,12.08,60.48,0
423,14,97.50,96.95,70.86,36.42,12.37,57.85,0
423,15,91.11,98.72,75.96,35.75,11.75,49.09,0
423,16,90.21,98.51,80.70,34.85,12.34,51.02,0
423,17,90.16,98.81,75.64,36.30,11.44,52.19,0
423,18,90.90,98.93,76.09,35.87,12.31,51.35,0
423,19,92.34,98.57,81.13,36.51,11.95,49.17,0
424,0,75.28,97.25,89.22,36.39,14.57,49.96,0
424,1,73.56,97.68,89.08,35.42,15.30,50.99,0
424,2,75.45,97.32,90.64,35.58,15.06,49.43,0
424,3,75.55,97.37,93.03,35.46,14.48,51.14,0
424,4,75.83,97.62,93.79,36.04,14.73,49.87,0
424,5,77.12,97.40,89.05,36.69,14.50,49.53,0
424,6,75.70,97.38,91.05,36.47,14.85,52.58,0
424,7,74.01,97.61,89.16,35.35,14.90,52.11,0
424,8,73.70,96.96,91.67,36.24,15.40,49.97,0
424,9,83.67,95.40,83.57,36.37,15.42,56.46,0
424,10,84.33,95.07,82.24,36.88,14.45,57.99,0
424,11,86.28,94.64,77.51,35.49,14.96,59.32,1
424,12,85.13,95.21,78.90,36.70,15.34,58.25,0
424,13,81.87,95.39,83.42,37.15,14.53,56.32,0
424,14,74.73,97.29,91.18,36.64,15.45,51.37,0
424,15,75.66,96.97,90.99,37.08,14.44,51.68,0
424,16,73.53,97.26,91.62,36.74,14.91,51.48,0
424,17,74.23,97.00,90.45,35.98,15.12,52.80,0
424,18,73.27,96.95,92.03,36.90,14.34,50.45,0
424,19,72.92,97.36,91.65,35.51,14.37,51.72,0
425,0,89.58,99.01,89.85,33.66,13.29,53.52,0
425,1,89.41,98.38,92.07,33.85,12.87,54.50,0
425,2,88.07,98.94,92.14,33.93,13.85,54.65,0
425,3,87.31,99.13,89.62,34.69,13.44,51.39,0
425,4,87.95,98.61,94.34,33.18,13.54,53.91,0
425,5,90.51,99.08,94.04,34.68,13.70,51.50,0
425,6,90.49,98.90,89.55,33.31,13.05,52.30,0
425,7,88.43,98.43,90.88,33.43,13.55,54.77,0
425,8,86.64,98.64,93.68,34.34,12.73,53.11,0
425,9,87.67,98.37,89.08,33.35,12.77,51.59,0
425,10,88.91,98.89,89.61,34.74,13.32,51.80,0
425,11,85.85,98.78,92.73,33.89,13.36,51.97,0
425,12,88.74,99.14,91.22,34.59,13.18,52.96,0
425,13,88.36,98.40,90.65,34.89,12.75,52.22,0
425,14,88.81,98.54,92.25,33.61,13.27,54.10,0
425,15,89.34,98.95,90.75,34.90,13.19,53.36,0
425,16,85.72,98.81,90.53,33.29,12.91,51.58,0
425,17,86.13,98.83,92.16,34.21,13.73,51.05,0
425,18,89.59,98.81,91.25,34.26,13.20,50.88,0
425,19,88.61,98.99,91.54,34.90,12.69,52.03,0
426,0,87.25,97.10,76.01,36.18,15.38,57.72,0
426,1,86.51,97.35,78.52,36.37,14.91,56.01,0
426,2,85.40,96.95,81.20,35.48,15.46,54.66,0
426,3,85.97,96.91,80.10,35.39,15.12,53.91,0
426,4,85.07,97.11,78.15,36.22,14.91,54.41,0
426,5,84.95,96.78,82.53,36.55,14.38,55.83,0
426,6,88.23,97.32,81.13,35.99,15.35,54.42,0
426,7,85.34,97.43,77.35,35.48,15.24,57.59,0
426,8,86.61,96.93,76.93,36.34,14.46,55.84,0
426,9,84.39,97.07,81.47,36.65,15.11,54.94,0
426,10,86.72,97.34,78.12,35.15,15.26,55.05,0
426,11,85.85,96.94,77.50,35.25,14.93,54.17,0
426,12,85.19,97.24,78.14,35.53,14.49,56.49,0
426,13,86.71,97.24,80.10,35.26,14.54,54.28,0
426,14,83.30,96.87,75.43,35.59,15.33,55.81,0
426,15,85.55,97.42,76.31,35.60,15.42,57.71,0
426,16,86.31,96.67,76.44,36.33,15.30,55.35,0
426,17,85.92,96.92,80.58,36.70,14.75,55.23,0
426,18,83.84,97.22,78.03,35.14,14.44,57.39,0
426,19,85.82,97.04,80.06,35.22,14.54,55.76,0
427,0,82.74,98.61,92.00,35.48,15.48,41.09,0
427,1,83.40,98.56,92.32,36.93,15.22,41.00,0
427,2,83.61,98.77,91.01,35.51,15.04,42.34,0
427,3,83.55,98.45,94.64,36.09,15.26,42.83,0
427,4,83.57,98.78,92.19,36.52,15.94,44.03,0
427,5,82.88,98.47,89.47,35.84,15.54,43.05,0
427,6,80.35,98.44,93.25,37.23,16.06,40.99,0
427,7,83.30,98.90,94.60,35.45,15.58,43.13,0
427,8,90.84,96.54,86.63,35.78,15.70,49.28,0
427,9,89.82,96.05,80.29,35.49,15.21,51.96,0
427,10,93.44,95.46,79.25,36.91,15.09,54.63,1
427,11,92.93,96.23,79.58,36.89,14.98,52.18,0
427,12,89.50,96.92,83.35,37.06,15.60,48.61,0
427,13,80.85,98.82,88.09,37.15,15.93,42.72,0
427,14,79.17,98.55,91.16,36.16,15.15,41.28,0
427,15,80.28,98.97,93.40,37.10,15.42,43.51,0
427,16,80.86,99.02,91.55,35.27,15.03,44.56,0
427,17,80.80,98.98,89.56,36.90,15.59,43.97,0
427,18,80.54,98.36,92.85,36.66,15.57,42.88,0
427,19,82.22,98.70,90.74,35.35,15.72,43.83,0
428,0,82.51,97.75,78.70,35.23,11.01,60.31,0
428,1,81.93,97.90,76.26,35.44,11.40,57.88,0
428,2,81.25,98.06,80.50,34.70,10.36,58.41,0
428,3,83.00,97.69,78.52,34.94,11.31,58.22,0
428,4,82.20,97.64,81.25,35.80,11.01,59.35,0
428,5,82.15,97.83,76.81,36.40,11.30,58.66,0
428,6,83.15,98.03,77.09,36.30,10.33,60.81,0
428,7,82.22,97.49,78.60,36.20,10.75,60.97,0
428,8,81.93,97.73,77.47,35.84,11.14,60.31,0
428,9,81.19,97.82,78.63,35.15,11.38,58.35,0
428,10,82.91,98.10,74.98,35.69,10.32,58.72,0
428,11,79.21,97.68,80.47,35.36,10.76,58.26,0
428,12,79.29,98.03,76.36,35.57,11.13,60.11,0
428,13,81.86,97.89,79.79,36.36,10.47,57.93,0
428,14,79.54,98.02,79.19,35.21,10.98,58.46,0
428,15,81.95,97.71,79.53,36.30,10.32,57.82,0
428,16,82.47,98.14,74.88,34.67,11.30,57.32,0
428,17,82.99,97.46,74.67,34.60,11.00,60.85,0
428,18,81.18,98.08,79.69,36.14,10.97,58.33,0
428,19,81.11,98.16,79.37,36.11,10.77,58.19,0
429,0,83.04,98.73,88.77,37.19,10.39,50.69,0
429,1,85.28,98.74,93.35,37.82,9.56,48.77,0
429,2,83.39,98.27,93.76,37.69,10.34,50.12,0
429,3,86.86,98.78,92.01,36.95,9.56,49.87,0
429,4,83.44,98.54,93.56,36.96,9.68,49.17,0
429,5,84.50,98.46,88.70,37.22,9.95,48.71,0
429,6,84.35,98.28,88.76,36.24,10.53,50.15,0
429,7,84.98,98.91,92.19,37.17,9.77,48.39,0
429,8,85.38,98.73,88.37,36.14,10.27,48.83,0
429,9,85.75,98.64,91.99,37.28,10.13,49.11,0
429,10,85.55,98.23,91.20,37.07,10.20,50.75,0
429,11,82.64,98.51,92.02,37.36,10.15,50.25,0
429,12,83.69,98.76,92.74,35.99,9.47,48.51,0
429,13,84.92,98.48,88.63,37.36,10.49,49.80,0
429,14,82.56,98.30,91.45,37.51,10.46,51.14,0
429,15,83.56,98.63,90.83,37.41,9.86,51.11,0
429,16,85.47,98.87,89.32,37.79,10.01,51.21,0
429,17,83.17,98.87,88.45,36.84,10.21,51.65,0
429,18,83.24,98.74,91.42,37.00,10.49,48.54,0
429,19,82.43,98.21,89.51,36.18,9.85,49.68,0
430,0,78.92,98.23,95.64,33.64,15.24,61.62,0
430,1,79.80,98.65,97.80,34.25,16.25,59.62,0
430,2,79.64,98.33,100.24,34.49,15.21,59.14,0
430,3,80.46,98.48,98.42,34.93,15.41,60.56,0
430,4,80.00,98.34,101.20,33.44,15.25,59.19,0
430,5,78.16,98.43,96.87,34.52,16.22,60.38,0
430,6,77.28,98.40,98.72,35.01,16.31,59.14,0
430,7,78.80,98.42,97.35,35.19,15.79,61.88,0
430,8,76.83,98.54,98.52,35.12,15.48,59.36,0
430,9,77.85,98.65,96.17,34.73,15.50,60.58,0
430,10,79.14,98.57,99.90,34.04,15.22,59.52,0
430,11,75.79,98.06,98.38,34.18,15.60,60.19,0
430,12,77.82,97.99,98.79,34.14,15.37,60.73,0
430,13,75.92,98.61,94.22,33.66,16.20,59.62,0
430,14,77.57,98.26,96.36,33.47,15.27,62.29,0
430,15,76.19,98.26,96.13,33.50,16.29,59.01,0
430,16,76.40,98.06,97.82,33.63,16.13,59.84,0
430,17,76.18,98.46,96.94,33.75,15.42,59.14,0
430,18,77.49,97.93,99.21,34.78,15.71,60.11,0
430,19,77.94,98.43,100.70,34.66,15.99,60.91,0
431,0,70.75,96.99,93.76,33.04,15.99,44.68,0
431,1,68.99,96.91,94.33,34.76,15.04,44.29,0
431,2,70.69,97.04,91.82,34.04,14.90,41.60,0
431,3,71.39,96.84,96.28,33.97,15.16,41.50,0
431,4,71.82,97.26,90.76,33.37,15.83,41.78,0
431,5,70.95,97.32,93.77,33.07,15.66,44.83,0
431,6,72.25,97.62,95.46,34.35,15.35,42.20,0
431,7,72.07,97.44,95.31,34.44,15.19,42.34,0
431,8,71.16,97.18,90.62,34.02,15.54,44.62,0
431,9,68.90,96.85,95.41,33.92,15.39,42.70,0
431,10,71.88,97.48,91.25,33.89,15.49,43.25,0
431,11,69.24,97.10,92.83,33.44,15.85,41.25,0
431,12,69.18,97.49,92.65,34.19,15.82,43.05,0
431,13,68.94,97.52,90.48,34.24,15.67,42.56,0
431,14,68.14,97.51,89.07,34.10,14.88,43.66,0
431,15,67.87,97.02,92.16,33.64,15.89,43.48,0
431,16,67.95,97.03,90.39,33.37,15.45,44.86,0
431,17,71.06,97.07,92.85,32.88,15.16,44.08,0
431,18,69.57,97.17,90.74,33.66,15.13,43.42,0
431,19,69.27,97.00,90.53,34.61,15.33,43.82,0
432,0,86.35,97.93,98.90,34.83,13.74,52.02,0
432,1,83.04,97.45,95.06,35.42,13.54,54.01,0
432,2,83.53,97.64,95.10,34.14,13.80,52.68,0
432,3,85.84,97.97,99.33,33.97,13.86,52.81,0
432,4,84.02,97.85,96.96,34.98,14.06,53.51,0
432,5,86.84,97.20,99.83,34.50,13.45,54.12,0
432,6,84.84,97.80,97.63,33.75,13.29,51.86,0
432,7,86.86,97.39,98.02,33.71,13.41,51.34,0
432,8,84.22,97.47,97.53,34.43,13.80,53.27,0
432,9,85.23,97.76,94.88,34.46,13.64,53.76,0
432,10,85.67,97.44,96.02,34.75,13.15,52.32,0
432,11,85.51,97.68,94.19,34.38,14.16,54.21,0
432,12,85.40,97.61,97.32,34.86,13.41,52.47,0
432,13,85.03,97.24,95.61,34.29,13.54,52.69,0
432,14,81.86,97.51,94.74,34.28,14.08,53.25,0
432,15,84.10,97.91,94.09,35.32,13.42,54.29,0
432,16,85.02,97.43,93.55,34.22,13.36,53.50,0
432,17,85.74,97.90,95.34,35.19,13.76,51.17,0
432,18,85.69,97.95,95.46,35.26,13.86,52.45,0
432,19,83.49,97.52,98.69,33.62,13.76,53.46,0
433,0,81.93,98.33,93.12,38.91,10.64,52.30,0
433,1,80.16,98.80,93.00,38.07,10.08,51.44,0
433,2,79.35,98.81,89.91,38.20,10.52,52.09,0
433,3,81.60,98.35,93.50,38.48,10.51,55.15,0
433,4,81.78,98.73,91.42,37.83,10.42,54.93,0
433,5,79.95,98.18,90.97,37.62,10.22,54.77,0
433,6,82.42,98.21,90.95,38.34,9.72,53.69,0
433,7,80.06,98.91,90.57,37.12,9.94,54.69,0
433,8,81.16,98.88,93.27,38.00,9.63,54.38,0
433,9,80.98,98.37,89.83,39.05,9.66,52.36,0
433,10,80.87,98.22,87.57,39.04,9.72,53.22,0
433,11,80.08,98.90,88.31,38.01,10.23,54.58,0
433,12,80.49,98.23,87.15,37.69,9.86,55.02,0
433,13,79.57,98.73,88.77,38.46,10.28,54.84,0
433,14,77.34,98.81,92.15,38.46,10.13,52.75,0
433,15,79.35,98.89,92.24,37.48,10.52,51.81,0
433,16,79.71,98.46,91.35,38.98,9.95,53.18,0
433,17,80.24,98.33,88.76,37.27,10.29,51.52,0
433,18,80.80,98.47,93.01,37.99,9.96,53.10,0
433,19,81.87,98.20,90.12,37.41,10.60,52.88,0
434,0,90.65,97.54,97.12,39.07,14.81,58.88,0
434,1,91.14,97.62,97.10,37.68,14.21,60.56,0
434,2,92.62,97.47,97.25,39.51,13.85,59.79,0
434,3,89.34,97.77,95.12,38.13,14.66,60.96,0
434,4,90.85,97.71,94.55,38.34,14.25,58.47,0
434,5,92.45,97.59,95.84,37.98,13.82,61.46,0
434,6,92.41,97.91,98.36,38.14,14.62,58.64,0
434,7,89.26,97.39,98.06,38.72,13.69,59.15,0
434,8,91.67,98.15,93.41,38.48,14.71,58.92,0
434,9,90.27,97.62,94.17,38.05,14.03,60.19,0
434,10,91.57,97.58,96.54,39.20,13.92,58.77,0
434,11,88.15,97.97,91.35,37.68,13.81,59.98,0
434,12,89.46,98.02,95.43,38.31,13.88,61.26,0
434,13,90.58,98.07,93.47,37.84,14.42,60.11,0
434,14,90.99,97.68,93.41,38.37,14.54,61.35,0
434,15,89.34,97.86,93.26,38.60,14.17,60.21,0
434,16,88.88,97.60,96.04,39.26,14.27,59.13,0
434,17,88.87,97.93,96.46,39.18,13.67,58.32,0
434,18,90.03,97.45,92.31,38.88,14.24,59.81,0
434,19,88.78,97.95,95.62,38.33,14.79,61.37,0
435,0,86.58,97.01,80.51,35.62,13.42,45.12,0
435,1,86.79,96.99,80.55,37.25,13.46,43.81,0
435,2,83.66,97.00,81.99,37.33,13.11,43.98,0
435,3,86.76,96.80,85.76,36.31,13.18,44.80,0
435,4,87.38,96.97,80.20,35.68,13.35,42.17,0
435,5,83.73,96.78,82.32,36.93,12.44,43.89,0
435,6,84.58,96.73,81.54,36.87,13.02,41.49,0
435,7,87.07,97.38,84.27,36.99,13.38,42.99,0
435,8,84.63,97.30,82.14,36.63,13.30,42.73,0
435,9,83.32,97.12,83.75,36.22,12.50,43.42,0
435,10,86.33,97.36,82.43,37.46,13.37,44.49,0
435,11,83.37,96.99,80.82,37.01,13.14,43.60,0
435,12,83.81,96.79,82.24,37.41,12.94,44.55,0
435,13,82.58,96.85,81.59,36.77,13.23,41.55,0
435,14,85.17,97.06,80.53,35.60,13.10,43.43,0
435,15,85.67,97.41,84.15,37.02,13.28,44.16,0
435,16,84.10,97.44,78.82,37.44,12.96,43.22,0
435,17,82.69,97.17,79.53,37.25,12.56,43.90,0
435,18,85.59,96.80,79.39,37.39,12.64,44.95,0
435,19,82.88,96.92,80.02,36.54,12.59,42.81,0
436,0,74.91,98.44,96.59,37.98,14.49,55.33,0
436,1,73.22,98.71,91.75,38.13,13.97,55.98,0
436,2,76.49,98.39,95.96,37.64,14.40,54.12,0
436,3,76.85,98.68,92.15,38.54,14.41,54.59,0
436,4,76.98,98.74,96.02,38.10,14.21,55.07,0
436,5,74.19,98.76,94.30,37.55,14.46,53.33,0
436,6,76.42,98.69,95.07,37.40,13.93,53.04,0
436,7,76.69,98.74,91.88,38.21,14.17,52.49,0
436,8,75.57,98.86,93.41,37.75,14.90,52.54,0
436,9,74.69,98.86,96.74,37.70,14.43,55.41,0
436,10,72.51,98.65,93.48,37.76,14.17,53.62,0
436,11,74.07,98.68,95.61,37.95,14.39,55.37,0
436,12,75.44,98.77,94.26,38.77,14.80,55.16,0
436,13,73.80,98.45,93.38,38.30,14.81,53.88,0
436,14,73.07,98.87,95.78,37.70,14.67,54.70,0
436,15,72.97,98.56,91.62,38.54,13.95,53.99,0
436,16,74.79,98.62,93.43,38.42,13.90,54.65,0
436,17,72.84,98.36,93.45,38.13,14.35,52.60,0
436,18,73.89,98.70,91.63,37.43,14.76,52.68,0
436,19,73.52,98.51,96.26,37.07,15.00,53.69,0
437,0,73.57,99.15,80.09,32.72,15.19,52.39,0
437,1,76.56,98.86,84.62,33.31,15.59,55.22,0
437,2,76.70,98.98,84.38,34.31,16.13,53.41,0
437,3,74.15,99.19,80.26,33.47,15.70,53.79,0
437,4,76.68,99.09,80.54,33.06,15.95,53.84,0
437,5,73.80,98.72,82.94,34.50,15.23,52.92,0
437,6,74.59,99.09,85.21,34.47,16.03,54.43,0
437,7,74.97,98.66,81.41,32.69,15.10,54.83,0
437,8,75.64,98.86,79.44,33.98,16.07,52.10,0
437,9,74.80,99.18,79.64,33.76,15.32,53.67,0
437,10,73.08,99.08,81.99,33.16,15.35,52.85,0
437,11,74.08,99.29,80.24,33.46,15.68,52.82,0
437,12,74.50,98.76,83.61,33.27,15.02,53.55,0
437,13,73.18,99.15,81.37,33.13,15.71,53.34,0
437,14,74.35,98.86,79.69,33.29,15.55,53.37,0
437,15,73.15,99.12,80.17,33.28,15.97,52.49,0
437,16,73.03,98.66,82.94,34.48,15.73,52.36,0
437,17,74.63,98.72,82.98,33.91,15.11,54.26,0
437,18,73.76,98.68,82.89,33.69,15.34,53.80,0
437,19,72.99,99.24,85.00,32.67,15.81,55.36,0
438,0,78.02,98.68,79.15,39.51,10.44,45.68,0
438,1,77.07,98.42,82.88,38.52,10.41,48.05,0
438,2,77.87,98.62,79.25,38.36,10.48,47.26,0
438,3,78.61,98.78,80.96,37.64,9.85,45.06,0
438,4,78.87,98.82,84.27,38.77,10.54,47.50,0
438,5,77.33,98.83,83.04,39.43,9.93,47.13,0
438,6,81.20,98.78,83.89,39.59,10.15,47.36,0
438,7,77.57,98.62,80.86,39.19,10.45,46.61,0
438,8,88.86,96.20,78.72,38.51,10.23,51.53,0
438,9,90.22,95.98,71.54,39.53,10.20,56.28,0
438,10,90.24,95.58,68.90,39.47,10.08,58.07,1
438,11,87.19,95.93,70.24,38.36,10.00,52.60,0
438,12,87.59,96.48,73.06,38.76,10.61,53.29,0
438,13,79.17,98.67,77.75,38.21,10.24,47.71,0
438,14,78.83,98.63,78.94,38.33,9.54,48.27,0
438,15,77.12,98.21,78.68,39.26,10.16,44.50,0
438,16,77.05,98.34,78.21,38.40,10.16,46.23,0
438,17,77.42,98.68,81.63,39.49,10.17,45.25,0
438,18,76.57,98.44,80.90,38.84,9.67,48.21,0
438,19,80.37,98.32,83.79,38.84,9.71,47.99,0
439,0,88.32,97.86,81.00,32.79,12.44,60.04,0
439,1,90.02,97.25,83.50,34.14,12.76,58.31,0
439,2,91.78,97.20,80.45,32.81,12.42,59.50,0
439,3,91.53,97.91,81.90,33.97,12.01,57.99,0
439,4,91.46,97.21,81.74,33.64,12.33,58.14,0
439,5,89.14,97.65,82.21,32.37,12.12,58.97,0
439,6,92.21,97.22,85.09,34.18,12.39,60.99,0
439,7,90.10,97.35,85.98,33.04,11.97,60.99,0
439,8,91.04,97.68,83.85,33.70,11.96,59.29,0
439,9,90.66,97.36,82.90,32.34,12.31,60.18,0
439,10,89.65,97.78,82.47,33.01,12.62,59.07,0
439,11,91.37,97.80,82.96,33.51,12.08,60.07,0
439,12,90.39,97.79,80.73,32.92,12.17,58.05,0
439,13,88.05,97.41,83.41,32.83,11.62,57.48,0
439,14,89.42,97.48,80.65,33.83,12.10,58.35,0
439,15,90.75,97.85,81.75,32.37,12.20,61.15,0
439,16,88.99,97.98,81.31,33.27,12.13,59.70,0
439,17,88.69,97.22,80.63,34.13,12.76,59.72,0
439,18,88.58,97.43,84.07,32.91,12.60,58.76,0
439,19,91.85,97.31,84.22,33.14,12.58,59.45,0
440,0,76.40,97.58,95.54,36.48,11.62,56.55,0
440,1,79.02,97.45,90.28,37.49,11.62,56.27,0
440,2,77.50,97.88,94.02,35.75,11.25,56.00,0
440,3,80.04,97.41,91.30,36.22,10.91,57.65,0
440,4,76.91,98.00,93.07,36.11,10.93,57.55,0
440,5,77.41,97.82,95.22,36.08,11.06,57.36,0
440,6,77.69,97.52,93.97,35.83,11.26,57.03,0
440,7,76.65,97.91,94.52,35.93,10.79,55.56,0
440,8,86.07,95.49,89.61,35.91,11.40,60.17,0
440,9,87.90,95.53,81.82,37.43,11.04,65.58,0
440,10,88.51,94.74,83.47,35.64,11.50,64.52,1
440,11,88.56,94.91,82.81,36.91,11.56,62.73,0
440,12,82.88,95.98,87.11,36.11,10.91,61.68,0
440,13,75.93,98.09,93.72,37.40,11.55,53.80,0
440,14,74.90,97.39,89.26,36.80,11.51,55.58,0
440,15,77.76,97.65,94.87,36.71,11.69,57.66,0
440,16,78.27,97.39,89.55,36.47,11.06,53.80,0
440,17,75.26,98.01,92.37,36.80,10.90,56.95,0
440,18,77.12,97.55,93.86,36.81,11.45,55.20,0
440,19,76.29,97.61,94.81,37.39,10.67,56.22,0
441,0,80.78,98.97,96.18,34.18,11.67,51.52,0
441,1,79.71,99.05,99.11,35.69,11.78,49.90,0
441,2,81.02,98.63,95.12,34.79,12.06,48.70,0
441,3,80.65,98.92,96.66,34.95,11.35,51.94,0
441,4,78.05,98.79,96.25,34.15,11.86,48.80,0
441,5,81.46,98.57,96.52,35.52,12.13,51.50,0
441,6,81.07,98.91,95.60,35.61,12.01,50.04,0
441,7,79.45,99.19,96.64,35.12,11.99,52.00,0
441,8,85.54,97.24,88.94,35.57,11.82,57.01,0
441,9,87.10,96.32,87.63,34.95,11.17,56.25,0
441,10,90.83,95.88,82.35,35.42,12.26,59.73,1
441,11,86.79,96.05,86.59,34.66,11.82,56.98,0
441,12,87.96,97.20,92.23,35.84,11.16,55.18,0
441,13,78.27,98.85,97.18,34.69,11.19,50.64,0
441,14,80.06,98.55,96.31,35.26,12.06,49.66,0
441,15,77.50,98.73,96.13,34.36,11.52,48.97,0
441,16,77.50,99.06,98.91,34.02,11.77,50.57,0
441,17,78.65,99.02,95.71,35.90,12.22,50.74,0
441,18,80.01,98.51,96.12,34.44,12.32,50.30,0
441,19,78.12,98.57,96.62,35.05,12.04,51.46,0
442,0,79.86,97.80,79.90,33.38,10.95,53.80,0
442,1,79.26,98.09,76.84,33.76,11.03,53.52,0
442,2,77.58,97.48,82.01,33.77,11.47,56.42,0
442,3,78.07,97.61,76.63,33.95,10.84,55.58,0
442,4,80.87,97.31,77.67,32.59,10.77,53.76,0
442,5,79.87,97.86,77.91,32.78,10.88,52.86,0
442,6,78.33,97.65,77.73,34.11,11.23,54.96,0
442,7,78.24,97.56,77.37,32.85,11.53,55.16,0
442,8,80.77,97.77,80.10,32.39,11.76,56.14,0
442,9,79.61,97.93,78.60,34.10,11.69,53.80,0
442,10,77.14,97.51,80.89,33.90,11.02,55.36,0
442,11,80.46,97.85,75.54,34.00,11.47,53.84,0
442,12,79.24,97.38,80.50,33.10,11.56,56.19,0
442,13,78.39,97.62,76.65,33.31,11.12,54.92,0
442,14,78.56,97.60,79.55,32.89,11.51,54.45,0
442,15,78.52,97.42,78.39,34.02,11.76,53.77,0
442,16,79.03,97.51,75.18,33.18,11.14,53.07,0
442,17,78.82,98.02,80.68,32.92,11.17,56.17,0
442,18,80.60,97.40,75.71,33.33,11.21,54.75,0
442,19,81.00,97.68,80.94,32.82,11.02,56.60,0
443,0,83.39,98.64,91.23,35.97,13.28,57.24,0
443,1,84.64,99.30,88.83,34.38,13.28,56.42,0
443,2,81.62,99.26,93.37,35.19,13.40,55.43,0
443,3,84.91,99.05,88.49,36.25,13.24,55.43,0
443,4,82.43,99.27,88.49,35.61,13.70,54.31,0
443,5,84.99,98.93,90.21,35.71,13.51,56.62,0
443,6,82.33,98.74,91.20,35.84,13.26,55.91,0
443,7,84.10,98.86,90.03,35.74,12.85,53.95,0
443,8,84.60,98.61,89.85,34.76,13.19,57.39,0
443,9,82.99,99.13,91.56,34.83,13.31,56.15,0
443,10,83.36,98.78,87.96,34.50,12.79,57.85,0
443,11,81.16,98.89,88.36,34.78,12.86,55.14,0
443,12,83.26,98.66,87.86,35.45,12.92,54.07,0
443,13,79.81,98.99,91.38,34.39,13.52,56.81,0
443,14,82.61,99.08,87.04,35.24,12.79,57.61,0
443,15,83.64,98.54,91.14,36.22,13.87,54.49,0
443,16,81.27,99.05,88.67,35.02,13.20,56.59,0
443,17,83.07,99.09,92.70,34.39,13.12,54.87,0
443,18,82.94,98.55,90.50,35.58,12.95,57.64,0
443,19,83.52,99.10,91.16,35.10,13.10,55.44,0
444,0,89.56,97.50,81.40,33.85,10.73,53.89,0
444,1,88.90,97.48,82.16,33.99,11.28,54.07,0
444,2,89.25,97.63,86.68,35.02,10.16,52.48,0
444,3,88.05,98.00,86.77,33.84,10.42,53.10,0
444,4,90.64,97.61,87.60,34.37,10.84,52.22,0
444,5,88.63,97.73,87.08,34.44,10.65,51.27,0
444,6,89.26,98.03,82.10,35.31,10.76,54.16,0
444,7,89.09,97.72,85.57,34.73,10.88,51.21,0
444,8,86.59,97.38,83.48,35.34,11.16,52.28,0
444,9,88.97,97.92,86.76,34.50,10.36,51.86,0
444,10,88.88,97.53,84.23,35.11,11.05,53.11,0
444,11,89.17,97.52,86.00,35.01,10.26,51.86,0
444,12,86.65,97.70,82.02,33.54,10.76,54.28,0
444,13,88.72,97.63,84.43,35.25,10.56,53.37,0
444,14,89.03,97.78,83.86,34.54,11.01,54.05,0
444,15,85.76,97.45,84.13,35.12,10.28,52.40,0
444,16,86.28,98.00,84.46,33.69,10.97,52.80,0
444,17,86.17,97.59,86.07,33.69,10.83,52.85,0
444,18,85.99,97.90,81.89,33.66,10.87,54.55,0
444,19,88.14,98.05,86.16,35.36,11.12,52.11,0
445,0,78.03,97.71,82.82,37.40,10.35,52.32,0
445,1,79.34,97.97,79.02,37.26,9.59,54.46,0
445,2,79.94,98.21,78.67,36.76,9.56,54.08,0
445,3,76.88,97.87,82.54,36.40,9.80,53.76,0
445,4,77.98,98.25,80.51,36.18,9.90,51.70,0
445,5,77.04,98.01,83.51,36.88,9.61,52.41,0
445,6,77.42,98.20,80.65,37.71,10.53,52.77,0
445,7,77.86,97.60,82.35,36.34,9.47,53.14,0
445,8,79.63,98.20,79.96,36.86,10.18,53.81,0
445,9,79.51,97.65,83.48,36.59,10.07,54.83,0
445,10,78.94,97.95,78.72,36.26,10.28,53.48,0
445,11,78.85,97.74,81.75,37.71,9.84,52.44,0
445,12,76.13,97.56,80.39,36.76,10.65,52.24,0
445,13,78.44,97.51,82.37,35.87,9.92,53.60,0
445,14,77.78,97.91,76.97,36.52,10.30,55.36,0
445,15,76.00,98.10,78.99,37.09,9.69,52.92,0
445,16,75.48,97.55,79.58,36.38,10.02,54.45,0
445,17,77.85,98.17,80.41,36.17,9.89,53.70,0
445,18,79.53,97.78,78.51,37.53,10.19,53.59,0
445,19,79.40,98.07,78.65,37.35,10.17,52.29,0
446,0,80.01,98.58,94.31,37.50,13.70,58.49,0
446,1,80.14,98.31,94.41,37.52,13.25,59.43,0
446,2,80.18,98.00,96.42,37.45,13.01,58.60,0
446,3,79.83,97.99,98.75,38.21,13.16,56.26,0
446,4,79.65,98.25,95.28,38.40,12.64,56.08,0
446,5,81.42,97.92,93.60,37.38,13.60,58.19,0
446,6,81.14,98.58,95.24,36.99,12.74,59.45,0
446,7,80.71,98.07,97.22,38.35,12.78,59.72,0
446,8,81.52,97.87,94.73,36.97,13.15,57.29,0
446,9,81.47,98.44,95.46,36.98,12.86,57.44,0
446,10,79.07,98.34,95.76,37.01,13.55,57.56,0
446,11,80.88,97.91,94.35,38.55,13.57,57.48,0
446,12,78.72,97.95,92.40,36.63,12.91,56.52,0
446,13,78.82,98.16,93.99,37.31,12.71,59.79,0
446,14,80.10,98.26,95.64,37.95,13.24,56.17,0
446,15,77.59,98.21,96.09,38.45,13.65,57.82,0
446,16,78.59,98.14,94.94,37.10,12.64,56.11,0
446,17,79.82,98.53,93.49,38.38,13.61,57.10,0
446,18,78.80,98.54,95.26,37.19,13.54,59.11,0
446,19,78.06,98.64,95.76,37.74,13.16,56.90,0
447,0,73.68,97.91,84.13,38.45,12.50,56.56,0
447,1,72.89,97.99,82.68,38.60,11.72,56.93,0
447,2,75.89,98.25,83.14,37.88,12.24,56.28,0
447,3,75.91,98.25,86.71,38.87,12.49,57.77,0
447,4,75.79,98.43,82.87,38.03,12.45,55.97,0
447,5,74.00,98.50,86.80,37.49,11.90,54.09,0
447,6,75.48,97.85,85.03,38.36,12.15,55.73,0
447,7,75.47,97.89,83.03,38.73,12.13,56.23,0
447,8,74.10,98.33,86.35,38.48,11.47,56.52,0
447,9,75.22,98.14,83.14,38.33,12.52,57.77,0
447,10,73.47,98.27,83.63,38.66,11.95,54.82,0
447,11,74.97,98.24,82.07,37.67,12.26,55.82,0
447,12,75.26,97.86,80.65,37.98,11.61,56.45,0
447,13,73.85,98.47,81.94,38.42,11.46,54.10,0
447,14,73.64,98.21,85.73,37.58,11.92,57.20,0
447,15,73.75,97.78,81.58,38.39,11.69,57.39,0
447,16,75.01,98.47,84.87,37.24,12.58,57.51,0
447,17,72.57,97.83,80.85,37.92,12.29,57.17,0
447,18,73.91,97.99,82.92,38.62,12.58,57.66,0
447,19,74.47,98.31,84.91,38.04,11.62,57.07,0
448,0,74.14,97.74,90.74,35.85,11.57,49.28,0
448,1,74.44,97.91,90.24,37.19,11.71,47.77,0
448,2,78.36,97.69,92.32,35.58,11.07,50.45,0
448,3,75.41,97.84,88.47,36.38,10.78,48.74,0
448,4,78.19,97.58,93.40,36.16,11.32,50.08,0
448,5,77.06,97.98,89.79,36.22,11.56,48.19,0
448,6,78.28,97.75,94.05,36.20,11.69,47.65,0
448,7,76.28,98.25,91.48,37.36,11.61,47.25,0
448,8,78.26,97.75,88.52,37.00,11.10,50.30,0
448,9,83.57,96.01,82.18,35.59,11.00,56.11,0
448,10,87.11,95.61,83.45,36.67,10.95,56.55,0
448,11,85.77,95.02,77.38,36.23,10.80,57.55,1
448,12,87.35,95.70,80.61,37.15,10.63,56.13,0
448,13,85.13,96.27,81.93,36.96,11.04,54.41,0
448,14,76.24,98.19,87.46,36.23,10.61,47.89,0
448,15,74.43,98.21,92.28,35.77,11.26,47.85,0
448,16,74.99,98.21,90.36,35.74,11.68,48.03,0
448,17,76.66,98.02,87.59,37.32,11.53,49.41,0
448,18,75.66,97.97,90.62,37.01,10.71,48.73,0
448,19,76.76,97.60,89.57,36.37,11.60,48.99,0
449,0,85.52,97.88,77.90,33.47,11.90,48.56,0
449,1,85.76,98.47,82.37,34.54,12.59,46.81,0
449,2,85.99,98.49,80.11,34.42,12.25,48.43,0
449,3,84.96,98.26,80.09,33.54,12.24,49.27,0
449,4,86.78,98.46,77.77,34.15,11.95,48.46,0
449,5,85.63,98.08,81.76,33.84,12.78,47.08,0
449,6,84.00,97.74,79.31,34.55,11.97,47.47,0
449,7,85.88,97.75,80.42,32.79,11.67,47.64,0
449,8,86.05,98.27,77.38,33.30,12.32,48.17,0
449,9,85.73,97.97,81.31,33.05,12.23,46.61,0
449,10,85.02,97.72,80.89,32.85,12.02,46.79,0
449,11,84.38,97.84,76.62,32.71,12.42,47.36,0
449,12,83.38,98.12,78.75,34.45,12.49,47.29,0
449,13,83.24,98.36,81.64,33.56,12.74,47.72,0
449,14,84.27,97.93,81.48,32.62,12.57,48.03,0
449,15,84.14,97.71,79.42,32.60,11.93,46.56,0
449,16,84.74,98.20,80.64,32.93,12.19,48.92,0
449,17,83.77,98.33,76.73,33.70,12.73,45.72,0
449,18,82.99,98.42,80.36,33.13,12.58,48.18,0
449,19,83.67,97.89,77.50,32.87,12.14,45.67,0
450,0,83.29,97.62,83.92,34.68,13.35,60.93,0
450,1,82.89,97.69,83.68,36.37,13.39,60.08,0
450,2,82.66,97.70,88.59,35.94,14.29,58.13,0
450,3,83.83,97.58,88.99,35.71,13.25,58.74,0
450,4,84.95,97.56,87.96,35.91,14.26,59.90,0
450,5,82.80,97.72,86.29,35.71,13.84,61.21,0
450,6,82.68,98.01,86.92,35.53,13.89,59.30,0
450,7,83.29,97.60,89.41,35.69,13.58,60.79,0
450,8,84.21,98.08,86.51,35.17,13.25,59.75,0
450,9,81.77,98.01,84.72,36.38,13.84,61.64,0
450,10,81.46,97.80,85.93,35.63,14.31,61.01,0
450,11,81.50,97.79,87.82,34.54,14.06,58.54,0
450,12,82.88,98.06,86.52,35.56,13.70,61.11,0
450,13,81.58,98.20,87.75,34.44,13.48,58.13,0
450,14,84.48,97.97,84.54,34.39,14.01,61.03,0
450,15,82.85,97.48,83.80,35.68,13.92,58.26,0
450,16,84.08,97.93,84.55,34.88,13.93,61.29,0
450,17,84.32,97.79,83.48,35.22,14.34,58.85,0
450,18,84.26,97.74,85.05,35.42,14.22,60.13,0
450,19,85.50,98.18,84.81,35.40,14.08,58.80,0
451,0,72.94,98.48,81.71,37.01,13.80,58.45,0
451,1,73.66,98.62,78.79,35.86,13.79,60.31,0
451,2,72.16,98.92,79.53,35.96,13.19,58.32,0
451,3,74.27,98.51,83.02,36.76,13.64,59.89,0
451,4,71.53,99.05,79.75,37.22,13.53,60.75,0
451,5,73.07,99.02,82.03,36.55,13.05,60.66,0
451,6,70.66,98.78,82.48,35.67,13.98,57.26,0
451,7,73.61,98.88,81.90,36.72,13.16,58.45,0
451,8,70.53,98.92,81.94,36.98,13.63,58.14,0
451,9,70.11,98.40,81.93,37.22,13.56,59.98,0
451,10,70.25,98.30,83.19,35.73,13.62,60.08,0
451,11,70.35,99.03,81.60,35.94,13.18,59.26,0
451,12,71.81,98.97,79.66,36.74,13.93,60.26,0
451,13,69.52,98.78,81.67,37.02,13.87,59.74,0
451,14,70.16,98.98,79.08,35.93,13.51,60.71,0
451,15,69.94,98.41,77.66,37.18,14.07,60.29,0
451,16,69.64,98.83,78.24,37.00,13.39,57.95,0
451,17,71.92,98.97,80.87,35.48,13.05,59.80,0
451,18,73.01,98.62,79.47,37.06,13.83,60.54,0
451,19,73.67,98.59,79.35,35.84,13.93,59.72,0
452,0,71.50,98.24,93.37,33.02,9.83,52.30,0
452,1,69.99,97.69,93.31,32.26,10.75,50.15,0
452,2,69.94,98.12,94.22,32.74,9.73,52.22,0
452,3,70.70,97.84,91.84,33.79,10.33,52.05,0
452,4,72.84,98.19,93.63,32.71,10.10,52.89,0
452,5,72.82,98.19,94.05,33.12,10.00,52.91,0
452,6,70.34,98.24,91.73,32.36,10.12,52.36,0
452,7,70.81,97.71,92.56,32.21,10.30,53.39,0
452,8,71.93,98.02,92.69,32.24,10.33,52.18,0
452,9,69.54,98.23,92.20,33.95,10.33,50.83,0
452,10,68.84,97.51,95.02,33.42,9.88,49.90,0
452,11,70.18,98.09,92.48,33.64,9.69,50.27,0
452,12,69.54,97.72,89.54,33.06,10.14,50.90,0
452,13,68.58,98.18,91.14,33.11,10.29,52.57,0
452,14,69.14,98.16,90.97,33.84,9.98,51.19,0
452,15,69.35,97.80,91.34,33.77,10.85,51.19,0
452,16,70.85,98.13,89.74,32.56,10.28,52.89,0
452,17,69.60,97.51,93.20,32.49,10.43,50.87,0
452,18,70.46,98.11,92.81,32.09,10.50,52.52,0
452,19,72.21,98.01,92.92,32.29,10.00,51.14,0
453,0,84.83,97.75,80.98,35.57,14.17,56.88,0
453,1,86.68,97.79,80.43,34.35,14.05,56.37,0
453,2,83.68,97.67,83.56,34.77,14.03,59.41,0
453,3,84.81,98.06,81.61,35.95,13.86,59.50,0
453,4,85.92,97.93,82.08,35.17,14.46,57.27,0
453,5,84.64,98.05,83.54,35.02,13.49,56.05,0
453,6,87.02,97.57,83.14,35.75,14.29,57.48,0
453,7,84.89,97.95,83.44,34.19,13.56,56.69,0
453,8,85.89,97.81,83.21,34.60,14.55,55.98,0
453,9,83.21,98.08,82.63,35.64,13.49,56.43,0
453,10,84.47,97.91,79.68,34.49,14.34,59.40,0
453,11,82.75,98.12,77.37,36.07,13.86,57.79,0
453,12,85.81,98.02,82.08,34.64,13.96,59.28,0
453,13,85.47,98.04,78.62,35.16,14.33,58.02,0
453,14,83.19,97.62,80.55,35.99,13.77,57.45,0
453,15,82.21,97.69,82.25,35.66,13.74,56.95,0
453,16,85.55,97.76,81.00,34.32,14.45,57.45,0
453,17,82.33,98.17,82.51,35.12,13.72,57.25,0
453,18,82.58,98.25,78.25,34.27,14.40,57.60,0
453,19,85.51,97.55,81.40,36.00,14.38,58.55,0
454,0,79.11,98.61,93.75,33.31,12.37,47.86,0
454,1,81.11,98.86,94.67,34.89,12.92,48.04,0
454,2,81.67,98.37,97.40,33.75,12.45,44.74,0
454,3,79.94,98.52,92.56,33.46,12.92,48.48,0
454,4,80.46,98.15,98.20,34.21,13.40,45.88,0
454,5,82.36,98.72,92.69,33.02,13.46,46.11,0
454,6,80.78,98.12,98.45,34.93,13.04,47.49,0
454,7,80.70,98.67,94.74,34.80,13.23,47.61,0
454,8,87.68,96.11,89.67,34.53,13.21,54.13,0
454,9,88.71,95.64,83.73,33.63,13.09,56.41,0
454,10,93.22,95.19,80.02,33.14,12.28,57.39,1
454,11,90.83,96.23,84.76,33.86,13.24,52.84,0
454,12,85.45,96.39,90.77,33.50,13.05,53.67,0
454,13,79.43,98.52,92.89,33.29,12.54,48.03,0
454,14,80.00,98.20,91.23,33.18,13.25,48.07,0
454,15,78.05,98.27,93.35,32.99,12.36,46.44,0
454,16,79.86,98.47,95.64,34.31,12.32,48.36,0
454,17,78.84,98.82,92.81,33.97,13.12,46.02,0
454,18,81.45,98.82,94.28,33.65,13.14,44.92,0
454,19,80.49,98.66,97.43,33.32,12.66,47.82,0
455,0,85.17,96.91,87.59,34.20,12.92,54.21,0
455,1,88.91,97.07,87.23,34.59,13.09,56.59,0
455,2,86.45,97.02,89.37,33.30,13.79,55.80,0
455,3,89.28,97.07,87.28,33.72,13.14,56.25,0
455,4,87.73,96.79,91.22,35.01,13.08,57.80,0
455,5,89.25,97.26,89.85,34.65,13.51,54.24,0
455,6,87.78,96.95,87.53,33.64,13.69,56.31,0
455,7,86.82,97.43,89.43,34.12,12.82,55.46,0
455,8,85.39,97.16,86.27,33.16,13.05,54.13,0
455,9,86.70,97.23,85.08,34.82,12.82,57.83,0
455,10,85.27,97.41,86.38,33.84,13.81,56.05,0
455,11,88.32,97.02,89.57,34.25,13.45,55.96,0
455,12,84.83,97.15,88.85,34.47,13.95,55.39,0
455,13,87.77,97.43,84.99,34.17,13.88,56.53,0
455,14,87.23,97.31,87.30,34.37,13.20,57.60,0
455,15,84.33,97.17,86.10,33.77,12.95,57.29,0
455,16,85.47,97.40,84.93,33.35,13.45,56.36,0
455,17,86.51,96.99,84.86,34.41,13.86,56.47,0
455,18,85.77,97.22,89.19,34.38,13.93,54.32,0
455,19,88.21,97.10,85.11,34.33,13.49,54.18,0
456,0,77.70,97.18,99.46,36.08,15.02,44.22,0
456,1,77.88,97.12,97.41,35.36,15.57,45.53,0
456,2,75.50,97.54,99.83,36.05,15.74,43.88,0
456,3,76.81,97.34,96.00,36.35,15.66,46.46,0
456,4,78.03,97.07,95.04,35.61,15.29,45.21,0
456,5,77.68,97.51,95.47,36.31,15.12,43.82,0
456,6,76.67,97.06,98.76,36.14,15.22,45.96,0
456,7,76.24,97.23,97.51,35.43,15.56,43.75,0
456,8,75.21,97.53,96.90,36.87,15.15,44.27,0
456,9,78.37,97.00,99.31,35.56,15.83,46.13,0
456,10,75.10,97.28,94.46,35.42,15.51,45.76,0
456,11,75.89,97.28,98.15,36.84,15.01,44.61,0
456,12,75.79,97.57,96.01,36.43,15.27,43.46,0
456,13,74.97,97.28,98.11,37.18,15.07,44.72,0
456,14,73.93,97.43,97.44,37.06,15.67,46.85,0
456,15,74.80,96.96,96.64,37.25,15.27,45.76,0
456,16,76.11,96.97,93.68,37.07,15.73,46.90,0
456,17,75.46,97.03,98.65,35.51,15.36,44.04,0
456,18,77.51,97.08,99.53,36.97,15.98,43.80,0
456,19,78.14,96.97,96.90,36.81,14.99,45.97,0
457,0,81.80,97.17,97.80,35.24,14.49,58.69,0
457,1,81.74,97.36,98.60,36.42,15.39,56.76,0
457,2,84.10,96.96,96.51,35.38,14.72,58.47,0
457,3,82.20,96.88,96.22,35.39,14.47,55.31,0
457,4,83.82,96.75,95.99,35.20,14.55,58.44,0
457,5,82.50,97.21,93.81,35.93,15.46,56.76,0
457,6,84.45,96.86,99.06,36.94,14.98,55.54,0
457,7,84.31,97.09,97.52,35.75,14.55,55.72,0
457,8,81.68,96.96,97.67,37.14,14.58,56.77,0
457,9,81.15,96.90,96.90,36.62,14.72,58.33,0
457,10,82.01,96.91,97.72,35.23,14.62,55.01,0
457,11,81.30,97.04,95.89,35.30,14.60,58.54,0
457,12,83.25,97.03,97.50,35.75,14.60,56.55,0
457,13,80.88,97.01,92.48,35.55,15.21,57.46,0
457,14,79.72,96.98,95.76,36.29,14.54,56.79,0
457,15,82.42,96.79,92.45,35.29,14.80,55.12,0
457,16,80.59,97.35,94.77,36.48,15.42,57.03,0
457,17,82.01,96.84,94.12,36.83,15.62,57.22,0
457,18,82.09,96.60,93.90,35.66,14.77,57.79,0
457,19,83.17,96.91,97.23,35.57,15.47,57.61,0
458,0,91.45,97.69,81.71,35.30,15.09,61.15,0
458,1,91.10,98.06,80.22,34.48,15.26,58.61,0
458,2,89.52,97.90,77.50,35.30,14.95,58.25,0
458,3,90.72,98.28,79.49,33.89,15.96,58.54,0
458,4,89.06,97.57,82.07,33.86,15.96,57.54,0
458,5,90.70,97.57,80.00,35.33,14.90,58.73,0
458,6,91.59,97.56,77.63,33.88,15.44,57.46,0
458,7,89.42,98.19,79.69,35.06,15.48,58.05,0
458,8,89.63,98.28,79.42,35.05,15.61,60.99,0
458,9,89.93,98.07,78.63,34.35,15.80,57.77,0
458,10,88.56,97.97,81.09,34.26,16.02,58.34,0
458,11,91.16,97.81,78.97,34.68,15.03,57.33,0
458,12,88.13,97.80,78.93,33.92,15.99,57.54,0
458,13,90.81,97.77,79.25,34.45,15.84,61.14,0
458,14,89.80,98.10,78.53,34.28,15.36,58.62,0
458,15,87.37,97.77,77.56,35.13,16.02,60.96,0
458,16,88.40,98.20,81.29,33.58,15.87,57.87,0
458,17,90.43,98.12,81.08,34.06,15.52,58.38,0
458,18,89.50,97.74,81.01,33.78,15.45,59.14,0
458,19,90.24,98.10,81.20,34.89,15.68,58.24,0
459,0,81.13,98.75,79.25,37.03,14.59,56.78,0
459,1,83.31,98.82,78.60,36.64,14.56,56.64,0
459,2,81.62,98.59,77.41,37.06,14.66,58.33,0
459,3,83.91,99.11,81.45,35.67,14.77,56.72,0
459,4,82.70,98.58,80.51,35.61,14.87,56.79,0
459,5,83.29,98.64,82.68,36.27,14.67,59.58,0
459,6,80.28,98.74,80.72,37.08,15.22,55.98,0
459,7,81.21,98.46,80.61,36.26,14.83,56.24,0
459,8,82.97,98.93,81.19,36.06,15.19,55.96,0
459,9,79.80,98.58,76.96,35.74,14.85,59.63,0
459,10,82.03,98.99,76.74,35.41,15.65,59.29,0
459,11,80.21,99.14,81.75,35.53,15.58,59.09,0
459,12,78.95,99.24,76.66,36.62,15.62,56.83,0
459,13,81.18,98.51,80.54,36.15,15.00,58.82,0
459,14,80.67,98.70,79.07,37.00,15.07,55.88,0
459,15,82.14,99.04,75.58,36.54,14.81,59.70,0
459,16,82.63,98.59,75.67,36.72,14.79,57.63,0
459,17,79.57,98.93,79.70,37.08,14.98,58.36,0
459,18,82.78,98.72,77.12,36.89,15.28,56.90,0
459,19,80.04,98.60,77.55,35.91,15.22,58.56,0
460,0,78.44,98.70,86.35,34.88,14.47,49.84,0
460,1,79.09,98.85,84.05,34.98,14.30,48.66,0
460,2,79.67,99.32,82.40,33.64,15.19,50.50,0
460,3,76.52,99.14,85.69,33.48,15.10,48.82,0
460,4,78.60,98.80,85.45,35.09,14.31,47.13,0
460,5,77.52,98.90,83.33,33.47,15.33,49.18,0
460,6,78.56,98.84,86.05,34.98,14.77,49.43,0
460,7,79.55,98.83,83.81,33.46,15.17,47.70,0
460,8,77.31,98.67,82.84,33.95,14.40,46.74,0
460,9,86.86,97.00,78.42,33.69,14.52,56.17,0
460,10,86.82,96.74,74.19,33.68,14.91,57.14,0
460,11,88.82,96.15,69.36,34.03,14.97,58.35,1
460,12,86.59,96.18,73.59,34.94,14.53,56.15,0
460,13,84.17,96.89,77.98,33.69,14.91,56.31,0
460,14,74.93,99.27,82.48,33.46,14.60,48.03,0
460,15,75.79,98.80,81.49,34.67,14.84,49.01,0
460,16,76.80,99.03,85.52,34.49,15.05,46.74,0
460,17,76.31,99.28,84.24,34.63,15.35,50.51,0
460,18,78.63,99.28,83.15,33.34,15.28,49.91,0
460,19,77.31,98.62,83.29,33.94,14.43,49.27,0
461,0,76.92,97.96,91.78,33.80,12.20,49.61,0
461,1,77.26,98.02,90.97,34.89,12.19,48.75,0
461,2,76.03,98.21,90.11,33.62,11.89,47.36,0
461,3,75.61,97.78,90.18,33.62,11.91,48.42,0
461,4,75.41,97.77,89.15,33.47,11.91,49.53,0
461,5,77.52,98.06,89.81,33.67,11.74,48.44,0
461,6,75.57,97.86,92.34,33.79,11.65,47.52,0
461,7,78.55,97.57,92.10,34.82,12.44,49.95,0
461,8,75.00,98.23,88.34,34.13,12.58,50.68,0
461,9,74.71,97.73,89.25,33.58,11.75,48.08,0
461,10,76.39,97.81,89.48,34.66,11.78,50.65,0
461,11,74.85,98.24,91.49,34.84,11.58,50.59,0
461,12,75.52,98.07,88.53,33.27,11.84,48.14,0
461,13,76.51,97.60,90.42,33.68,11.55,48.85,0
461,14,75.93,97.49,91.78,33.52,11.68,50.75,0
461,15,74.10,98.14,88.51,33.69,12.37,50.06,0
461,16,76.96,97.53,92.28,34.38,12.17,50.55,0
461,17,74.07,97.59,92.39,33.22,11.50,47.85,0
461,18,76.88,98.21,93.63,34.84,12.03,47.46,0
461,19,77.20,97.64,89.88,34.65,11.64,48.08,0
462,0,88.30,98.40,92.02,34.32,13.97,42.84,0
462,1,86.84,98.57,92.13,35.69,14.19,44.62,0
462,2,88.82,98.50,94.04,34.34,14.56,43.53,0
462,3,86.43,98.14,94.64,34.93,13.96,42.66,0
462,4,88.79,98.50,94.38,35.10,13.59,43.97,0
462,5,86.89,98.47,93.73,35.69,13.72,43.69,0
462,6,87.85,98.62,93.82,34.71,14.12,42.89,0
462,7,88.92,98.34,91.97,35.17,13.78,44.86,0
462,8,86.60,98.42,95.32,34.82,14.59,44.82,0
462,9,86.61,98.36,96.36,34.31,13.89,46.11,0
462,10,94.34,96.75,87.23,35.60,14.08,49.04,0
462,11,94.33,95.56,82.80,34.30,14.17,51.53,0
462,12,98.92,95.74,80.88,34.85,14.15,52.92,1
462,13,97.04,95.71,82.16,35.74,13.68,53.27,0
462,14,93.93,96.76,86.82,35.53,13.96,52.02,0
462,15,84.82,98.37,91.48,34.94,14.57,45.39,0
462,16,86.04,98.10,94.50,33.91,14.18,43.72,0
462,17,84.99,98.20,94.89,34.85,14.33,43.01,0
462,18,84.33,98.83,94.72,35.59,13.94,43.32,0
462,19,86.94,98.48,94.28,35.45,13.84,45.20,0
463,0,72.95,98.45,89.12,39.81,11.35,59.36,0
463,1,75.54,98.19,90.31,39.32,10.72,61.58,0
463,2,72.83,97.83,87.31,39.57,11.25,58.59,0
463,3,74.40,98.50,85.65,39.80,11.20,58.43,0
463,4,75.87,98.30,85.84,38.88,11.21,61.14,0
463,5,76.19,97.89,88.71,39.12,11.37,59.08,0
463,6,73.72,97.73,86.25,39.13,11.49,60.71,0
463,7,75.30,98.37,88.50,37.89,11.06,60.35,0
463,8,73.03,98.00,85.08,38.61,11.41,59.24,0
463,9,75.41,97.90,87.12,39.44,10.99,61.58,0
463,10,72.54,97.94,84.81,38.39,11.81,61.54,0
463,11,72.60,98.05,87.13,38.35,11.48,60.11,0
463,12,75.02,98.33,85.38,38.92,11.10,60.75,0
463,13,73.12,98.30,85.83,39.12,11.16,58.64,0
463,14,73.91,98.07,87.00,38.63,11.71,59.66,0
463,15,74.34,98.06,87.88,38.67,11.30,59.85,0
463,16,73.46,98.02,88.72,39.48,11.66,61.87,0
463,17,75.58,98.43,87.77,39.13,11.31,61.65,0
463,18,75.73,97.92,89.17,39.58,11.14,60.42,0
463,19,73.94,98.12,89.43,37.95,11.46,60.29,0
464,0,81.13,97.76,85.60,35.41,14.57,51.50,0
464,1,84.03,97.43,89.59,34.49,14.17,53.06,0
464,2,84.29,97.64,88.48,34.68,14.24,52.57,0
464,3,81.00,97.20,91.84,33.50,14.30,50.83,0
464,4,83.85,97.32,89.67,35.45,14.09,52.06,0
464,5,82.40,97.38,91.62,33.59,14.40,49.20,0
464,6,81.68,97.75,86.66,35.00,14.44,52.77,0
464,7,84.03,97.32,89.65,34.75,14.39,50.89,0
464,8,82.01,97.79,90.11,34.75,13.92,51.09,0
464,9,82.19,97.21,87.73,34.69,13.97,50.63,0
464,10,88.04,95.75,80.07,35.32,13.86,58.98,0
464,11,90.06,95.20,76.81,34.30,14.17,59.38,0
464,12,94.63,94.25,76.12,33.57,13.91,59.74,1
464,13,92.66,94.59,80.14,33.75,14.43,58.70,0
464,14,87.39,95.60,79.92,34.30,14.38,56.64,0
464,15,81.98,97.50,88.45,34.90,14.59,52.03,0
464,16,82.59,97.74,85.86,34.77,14.36,52.12,0
464,17,80.91,97.79,88.05,33.79,14.73,52.81,0
464,18,83.67,97.37,85.23,33.90,14.64,49.75,0
464,19,82.71,97.72,87.01,34.96,14.78,50.86,0
465,0,82.62,97.52,95.27,37.21,14.73,62.29,0
465,1,83.30,97.52,90.54,38.33,15.18,61.91,0
465,2,86.27,97.78,92.58,37.61,14.56,59.89,0
465,3,84.80,97.73,93.84,36.82,15.45,60.26,0
465,4,83.28,97.89,95.58,38.47,15.46,60.45,0
465,5,85.37,97.25,95.30,37.13,15.36,60.12,0
465,6,83.53,97.22,95.31,37.15,15.15,61.06,0
465,7,85.48,97.12,94.45,38.39,14.46,60.86,0
465,8,84.53,97.25,91.18,37.43,14.78,58.63,0
465,9,84.28,97.88,94.03,37.39,14.68,59.76,0
465,10,83.09,97.30,93.68,37.64,14.74,60.43,0
465,11,82.67,97.59,89.92,38.41,14.83,58.55,0
465,12,84.39,97.25,90.40,38.30,14.93,61.99,0
465,13,85.10,97.23,94.84,36.94,14.94,61.42,0
465,14,83.27,97.22,94.44,37.95,15.33,61.91,0
465,15,84.90,97.69,94.71,37.41,14.42,60.09,0
465,16,82.02,97.21,93.83,36.84,15.22,60.39,0
465,17,84.35,97.55,94.46,36.77,15.27,59.15,0
465,18,85.90,97.60,92.95,38.08,14.99,58.93,0
465,19,84.24,97.15,94.85,38.33,14.47,59.12,0
466,0,80.11,98.27,82.08,33.98,13.86,43.91,0
466,1,82.36,98.51,80.45,33.55,14.56,47.05,0
466,2,80.97,98.48,82.21,33.91,13.68,44.70,0
466,3,80.12,98.33,82.95,34.33,14.63,45.79,0
466,4,80.72,98.20,81.77,33.31,13.69,45.98,0
466,5,81.71,98.55,79.22,34.26,14.04,43.40,0
466,6,80.67,98.84,79.34,33.51,14.36,45.96,0
466,7,79.86,98.57,83.34,34.20,14.33,46.32,0
466,8,79.52,98.79,81.69,33.96,14.62,45.08,0
466,9,80.85,98.42,78.65,32.56,14.11,44.46,0
466,10,81.55,98.43,78.94,33.83,13.56,44.99,0
466,11,82.15,98.52,82.71,33.63,14.06,44.61,0
466,12,79.48,98.62,79.76,32.54,14.51,45.16,0
466,13,81.66,98.44,78.77,33.93,13.94,44.93,0
466,14,78.76,98.73,79.95,33.70,14.03,43.92,0
466,15,82.07,98.30,78.74,34.07,14.50,44.97,0
466,16,80.37,98.46,79.55,33.19,13.45,44.39,0
466,17,82.24,98.51,78.83,32.90,14.05,44.88,0
466,18,79.07,98.46,80.07,33.69,13.71,44.06,0
466,19,79.28,98.90,83.26,33.99,14.13,44.77,0
467,0,75.00,99.03,94.78,37.08,12.25,41.94,0
467,1,75.34,98.75,95.06,37.62,12.79,42.31,0
467,2,77.31,98.65,89.80,37.09,11.76,44.63,0
467,3,75.18,99.23,89.96,37.49,12.76,43.73,0
467,4,76.86,99.11,95.70,36.75,12.53,42.98,0
467,5,74.88,99.10,95.01,36.24,11.68,44.55,0
467,6,74.28,99.13,94.88,36.99,12.52,45.15,0
467,7,74.06,98.55,94.96,37.10,12.42,42.36,0
467,8,77.22,99.02,94.18,37.79,12.01,43.30,0
467,9,73.43,99.02,93.26,36.80,12.63,44.61,0
467,10,73.50,98.53,92.05,37.18,12.36,42.44,0
467,11,74.09,99.08,89.26,36.56,12.20,42.88,0
467,12,76.25,99.12,89.25,36.26,12.46,45.13,0
467,13,75.06,98.59,88.71,37.53,12.21,41.98,0
467,14,74.63,98.72,90.66,36.83,11.76,43.17,0
467,15,72.68,99.01,93.77,36.15,12.11,44.42,0
467,16,74.03,98.84,90.91,37.31,11.92,45.32,0
467,17,73.12,98.96,89.42,36.90,11.63,43.75,0
467,18,74.17,99.18,94.35,37.55,12.55,44.47,0
467,19,76.01,98.74,92.23,36.81,11.69,42.92,0
468,0,90.27,98.11,91.91,35.17,14.88,49.80,0
468,1,91.17,98.50,90.41,34.99,15.64,51.77,0
468,2,87.83,98.02,95.01,33.88,14.87,49.83,0
468,3,88.73,98.50,91.20,34.41,14.68,48.67,0
468,4,91.55,98.10,90.64,35.32,15.03,49.32,0
468,5,89.35,98.08,91.92,33.73,14.81,48.71,0
468,6,91.21,97.86,93.98,34.26,15.54,51.47,0
468,7,89.82,98.29,93.66,34.53,14.55,48.30,0
468,8,91.18,98.38,91.65,34.06,14.56,47.97,0
468,9,87.97,98.11,90.91,34.08,15.60,51.65,0
468,10,88.39,97.88,91.86,35.16,14.95,50.30,0
468,11,89.28,98.60,89.13,34.93,14.91,48.85,0
468,12,89.71,98.53,88.83,34.22,15.60,50.05,0
468,13,88.53,98.17,90.66,33.58,15.68,50.74,0
468,14,86.32,97.91,90.38,34.17,15.61,51.36,0
468,15,90.06,98.29,89.59,35.04,15.72,50.99,0
468,16,88.13,98.40,90.16,33.65,15.54,48.08,0
468,17,86.80,98.02,91.25,33.78,15.07,48.46,0
468,18,90.77,98.51,92.03,35.02,15.40,49.72,0
468,19,89.41,98.10,90.13,35.08,15.49,48.87,0
469,0,73.72,97.19,95.30,36.60,10.00,43.43,0
469,1,72.76,97.24,95.94,37.70,10.02,45.02,0
469,2,73.28,97.13,92.34,36.35,10.10,42.26,0
469,3,74.26,97.57,91.55,37.56,10.42,44.10,0
469,4,74.64,97.00,95.32,37.28,10.79,44.85,0
469,5,72.90,97.53,91.09,37.05,9.93,44.27,0
469,6,74.67,97.26,93.37,36.73,10.67,42.43,0
469,7,72.22,97.33,93.26,38.09,10.33,41.75,0
469,8,70.53,97.04,95.26,37.38,10.68,42.66,0
469,9,81.82,95.21,87.86,36.77,9.91,48.40,0
469,10,82.83,94.58,83.06,36.52,9.90,51.86,0
469,11,85.01,94.22,83.35,37.53,9.74,51.46,1
469,12,82.47,95.01,85.71,38.13,9.95,50.17,0
469,13,78.15,95.02,86.02,37.69,10.23,50.86,0
469,14,69.37,97.76,94.16,37.82,10.23,45.14,0
469,15,69.59,97.57,90.03,36.73,10.25,44.27,0
469,16,72.89,97.21,90.75,38.01,9.74,42.38,0
469,17,70.03,97.31,89.55,37.95,10.61,42.12,0
469,18,71.48,97.78,89.97,37.22,9.70,41.99,0
469,19,73.18,97.01,93.87,37.36,9.77,42.29,0
470,0,71.88,98.44,77.06,35.35,12.46,60.95,0
470,1,71.39,99.09,77.61,36.43,11.39,60.56,0
470,2,71.02,98.44,80.43,35.95,11.88,60.72,0
470,3,72.86,98.85,76.64,36.14,11.86,57.42,0
470,4,71.87,98.45,76.90,35.43,12.50,58.78,0
470,5,70.75,98.98,80.92,37.18,11.61,61.16,0
470,6,71.32,99.05,77.26,36.29,12.13,57.79,0
470,7,72.42,98.65,80.11,36.62,12.38,57.32,0
470,8,70.48,98.87,78.56,35.59,12.43,59.65,0
470,9,73.25,98.37,80.44,35.52,12.16,60.16,0
470,10,73.19,98.50,75.86,36.94,11.95,57.95,0
470,11,69.89,98.48,81.18,36.61,11.48,59.26,0
470,12,72.23,98.37,75.51,36.98,12.42,57.20,0
470,13,70.80,98.82,77.13,35.26,12.51,58.20,0
470,14,68.99,99.00,80.77,35.43,11.45,57.79,0
470,15,69.98,98.36,76.65,35.98,12.05,58.83,0
470,16,69.60,98.84,80.79,36.08,11.97,59.77,0
470,17,69.61,98.63,79.05,36.98,11.78,60.50,0
470,18,71.82,99.08,76.80,36.72,12.13,57.37,0
470,19,71.42,99.01,77.63,36.78,12.31,59.73,0
471,0,72.78,98.69,87.77,32.73,11.09,48.56,0
471,1,71.55,98.74,89.16,33.42,11.78,49.01,0
471,2,73.35,98.28,86.94,32.52,12.15,50.49,0
471,3,73.12,98.35,89.74,33.70,11.15,49.86,0
471,4,75.06,98.42,85.18,33.26,11.61,49.56,0
471,5,71.62,98.63,87.78,34.22,11.40,52.22,0
471,6,72.60,98.96,88.04,33.56,12.11,51.32,0
471,7,75.34,98.76,84.65,33.62,11.14,48.92,0
471,8,81.38,96.20,82.74,34.08,11.76,54.63,0
471,9,82.83,96.31,77.47,33.01,11.42,59.56,0
471,10,86.17,95.69,72.27,33.53,11.68,58.80,1
471,11,82.65,96.12,78.68,33.38,12.02,56.41,0
471,12,81.70,96.81,78.48,32.71,11.86,56.07,0
471,13,71.10,98.35,83.64,32.35,12.12,50.40,0
471,14,71.87,98.27,88.06,33.36,11.58,50.60,0
471,15,71.91,98.91,86.25,34.00,11.91,49.58,0
471,16,72.42,98.48,83.62,32.30,11.12,50.70,0
471,17,71.77,98.99,83.89,33.93,11.02,51.86,0
471,18,73.72,98.40,83.54,32.43,11.12,49.01,0
471,19,73.38,98.86,87.58,33.62,11.19,50.24,0
472,0,69.25,97.84,80.55,38.40,12.15,41.28,0
472,1,69.82,97.52,81.00,39.57,12.23,42.84,0
472,2,70.02,97.08,81.69,38.14,12.41,41.86,0
472,3,73.07,97.41,78.71,39.52,12.55,43.87,0
472,4,70.79,97.60,82.32,37.85,12.45,40.79,0
472,5,73.65,97.22,79.98,37.70,12.84,43.47,0
472,6,72.38,97.61,82.16,39.40,11.89,40.46,0
472,7,70.42,97.65,79.17,38.72,12.27,40.89,0
472,8,78.63,95.71,75.42,39.06,11.99,50.11,0
472,9,82.45,94.63,70.03,39.19,12.00,50.66,0
472,10,82.78,94.06,64.87,38.79,11.85,50.81,1
472,11,79.67,94.61,68.37,39.60,12.55,51.44,0
472,12,78.98,95.81,72.35,38.05,12.72,49.71,0
472,13,70.75,97.60,77.73,39.01,12.80,43.07,0
472,14,69.97,97.23,76.24,38.61,12.09,43.30,0
472,15,70.11,97.74,79.19,38.09,12.32,40.50,0
472,16,72.48,97.54,80.37,38.06,12.17,41.50,0
472,17,72.60,97.30,77.48,39.57,11.93,41.09,0
472,18,71.26,97.53,78.52,38.72,12.03,42.15,0
472,19,70.40,97.67,77.85,38.41,12.01,43.47,0
473,0,88.80,97.72,86.92,36.77,11.01,49.47,0
473,1,88.52,98.26,90.15,37.50,11.43,49.73,0
473,2,87.74,98.15,91.56,37.73,11.34,51.53,0
473,3,90.13,97.53,91.86,37.78,11.89,50.41,0
473,4,89.30,98.20,87.22,37.57,11.40,50.07,0
473,5,90.59,97.83,90.73,37.88,11.66,48.91,0
473,6,89.03,97.63,88.79,38.06,10.94,49.10,0
473,7,87.60,98.01,91.58,37.90,11.64,48.75,0
473,8,90.53,97.64,86.22,37.76,10.92,48.56,0
473,9,88.76,98.16,88.63,37.65,11.67,48.72,0
473,10,95.62,96.14,82.82,36.80,11.73,53.99,0
473,11,99.30,95.31,77.44,37.78,11.12,56.72,0
473,12,100.15,95.18,73.15,37.72,11.53,58.64,1
473,13,98.93,95.56,77.60,38.31,11.66,56.84,0
473,14,95.96,95.57,81.37,37.57,11.10,57.11,0
473,15,89.05,98.12,88.10,36.87,11.47,48.83,0
473,16,89.07,98.20,90.77,38.21,12.00,48.80,0
473,17,86.32,97.64,85.30,38.13,10.99,48.54,0
473,18,87.09,98.16,87.38,37.06,11.85,51.66,0
473,19,90.46,97.75,86.82,37.11,11.62,50.30,0
474,0,73.90,97.37,87.47,38.92,12.57,54.42,0
474,1,76.38,97.70,83.37,38.98,12.34,54.41,0
474,2,75.87,97.08,84.81,37.97,12.21,55.44,0
474,3,75.24,97.85,87.01,37.71,11.99,53.72,0
474,4,75.14,97.29,85.71,37.70,12.69,57.46,0
474,5,75.92,97.35,87.23,37.48,12.75,56.59,0
474,6,74.83,97.07,87.56,37.31,12.95,54.07,0
474,7,76.69,97.44,87.73,37.37,12.94,55.82,0
474,8,74.39,97.72,88.52,39.01,12.25,55.17,0
474,9,73.06,97.12,84.25,38.65,12.30,54.95,0
474,10,75.94,97.57,82.95,37.32,12.11,53.89,0
474,11,74.67,97.50,83.74,38.16,11.82,54.85,0
474,12,75.24,97.41,82.36,38.09,12.26,56.30,0
474,13,73.16,97.35,84.06,38.75,12.87,57.21,0
474,14,72.18,97.64,87.90,37.57,11.87,56.44,0
474,15,74.02,97.58,85.54,37.82,12.02,54.83,0
474,16,72.31,97.71,83.36,38.45,12.37,55.12,0
474,17,73.54,97.76,87.18,38.31,11.92,57.28,0
474,18,73.92,97.57,86.66,38.24,12.28,53.79,0
474,19,72.74,97.14,87.22,37.44,12.96,55.67,0
475,0,79.67,98.14,95.93,35.35,14.48,52.69,0
475,1,82.48,98.33,96.59,34.25,14.03,52.06,0
475,2,81.69,97.62,99.08,35.06,13.95,49.99,0
475,3,80.34,98.00,96.17,34.40,14.61,53.77,0
475,4,82.84,98.11,97.66,34.30,14.99,53.35,0
475,5,83.23,97.94,99.41,35.41,14.73,52.66,0
475,6,80.52,97.67,94.67,35.62,14.12,50.28,0
475,7,81.93,98.15,94.39,35.07,14.99,50.19,0
475,8,81.54,97.63,96.77,36.04,14.04,50.85,0
475,9,87.63,95.70,88.47,35.00,14.76,59.24,0
475,10,89.24,95.75,84.71,35.34,14.00,60.62,0
475,11,93.20,94.60,83.41,34.44,14.07,63.67,1
475,12,92.04,95.51,86.10,34.60,14.41,61.48,0
475,13,89.77,95.91,91.51,35.11,14.40,59.33,0
475,14,79.57,97.60,94.85,35.36,14.37,52.12,0
475,15,80.28,98.28,95.28,34.60,14.53,51.35,0
475,16,78.34,97.66,96.81,34.87,14.74,53.47,0
475,17,81.14,97.99,98.74,35.21,15.01,52.28,0
475,18,82.10,97.59,97.83,34.62,14.42,51.20,0
475,19,79.06,98.16,96.23,34.53,14.07,50.21,0
476,0,74.44,98.65,96.66,35.44,11.48,52.24,0
476,1,74.04,98.42,96.28,36.64,12.18,54.92,0
476,2,75.44,97.92,95.70,36.53,11.54,54.48,0
476,3,73.48,98.20,91.90,35.42,12.05,54.95,0
476,4,75.71,98.61,94.91,37.13,11.74,52.19,0
476,5,75.82,98.63,95.43,37.08,11.24,53.51,0
476,6,75.78,98.56,93.86,37.05,12.06,53.62,0
476,7,72.75,98.65,94.32,35.62,11.36,55.08,0
476,8,74.20,98.24,92.65,37.10,11.25,54.54,0
476,9,73.38,98.39,92.08,35.22,11.33,52.72,0
476,10,74.06,98.38,91.56,36.38,12.02,54.95,0
476,11,72.15,98.63,96.12,35.45,11.95,53.17,0
476,12,72.51,98.21,93.88,36.07,12.15,54.40,0
476,13,72.43,98.41,94.36,36.30,11.47,51.45,0
476,14,70.59,98.63,94.98,36.74,11.61,53.03,0
476,15,72.15,98.60,94.09,37.15,11.32,51.82,0
476,16,72.55,98.35,91.44,36.24,12.15,52.21,0
476,17,71.00,98.26,94.90,36.65,11.68,53.95,0
476,18,72.05,97.90,95.27,35.92,11.72,53.22,0
476,19,74.08,97.99,92.82,35.31,11.76,54.41,0
477,0,80.42,97.89,95.27,37.37,15.19,53.24,0
477,1,82.87,97.89,92.86,38.47,14.85,50.64,0
477,2,81.82,97.63,93.20,37.61,15.30,49.61,0
477,3,81.64,97.66,91.95,36.88,15.47,51.12,0
477,4,80.41,97.85,92.64,37.54,15.35,51.75,0
477,5,83.35,98.30,95.62,36.88,15.00,52.71,0
477,6,80.54,97.94,94.78,38.02,15.33,50.46,0
477,7,82.64,97.94,94.50,37.38,14.87,49.54,0
477,8,79.82,97.64,94.49,38.19,14.96,52.25,0
477,9,88.26,95.71,87.12,37.91,14.73,56.36,0
477,10,91.49,95.39,84.51,38.71,14.51,58.98,0
477,11,92.66,94.90,81.05,38.26,14.81,60.27,1
477,12,89.95,95.67,82.42,36.91,14.90,58.89,0
477,13,89.41,96.16,83.00,37.57,14.88,57.95,0
477,14,81.84,97.62,91.87,37.20,15.48,50.44,0
477,15,79.58,97.98,90.36,37.88,14.51,50.64,0
477,16,81.01,98.11,91.52,37.53,15.50,53.07,0
477,17,80.42,97.77,94.00,37.95,14.94,52.00,0
477,18,80.32,97.65,94.32,37.27,15.49,51.29,0
477,19,80.22,97.68,90.00,36.96,14.63,53.28,0
478,0,75.78,98.37,84.00,35.95,14.69,62.31,0
478,1,74.33,98.50,84.33,34.99,13.99,61.83,0
478,2,74.21,98.33,89.09,36.79,14.76,60.27,0
478,3,73.46,98.33,88.80,35.66,14.94,59.53,0
478,4,75.50,98.24,86.96,35.98,14.68,59.90,0
478,5,77.37,98.41,84.51,36.24,14.68,62.25,0
478,6,74.12,98.30,85.04,35.59,14.55,60.90,0
478,7,73.55,97.92,83.84,35.52,14.99,59.73,0
478,8,76.99,98.03,88.86,34.99,14.49,58.92,0
478,9,73.37,98.11,88.58,36.78,13.90,59.04,0
478,10,74.33,98.44,84.55,36.62,13.97,59.80,0
478,11,75.25,98.26,83.03,36.95,14.81,58.96,0
478,12,73.08,98.33,83.48,35.47,14.25,61.47,0
478,13,72.91,97.95,86.46,35.41,14.55,60.06,0
478,14,73.74,98.54,84.22,34.99,14.51,59.67,0
478,15,72.13,97.98,86.32,35.13,14.96,61.56,0
478,16,73.41,97.96,83.23,36.40,14.57,59.89,0
478,17,73.27,98.56,86.05,36.56,14.84,61.88,0
478,18,76.27,98.48,83.66,35.30,14.72,61.84,0
478,19,74.57,97.95,84.94,36.75,14.36,59.14,0
479,0,84.13,97.41,93.01,39.64,12.58,51.14,0
479,1,85.82,97.29,92.89,39.74,13.18,51.97,0
479,2,86.61,96.90,93.96,37.94,13.26,49.33,0
479,3,87.68,97.22,96.28,39.06,13.31,50.55,0
479,4,86.05,97.44,97.22,39.22,13.51,49.64,0
479,5,86.19,96.78,91.52,38.50,13.25,48.77,0
479,6,86.35,97.52,91.47,38.91,12.71,49.32,0
479,7,84.49,96.95,95.33,37.95,13.38,52.59,0
479,8,85.93,97.27,93.55,39.04,12.61,52.57,0
479,9,86.04,97.17,91.36,39.70,13.09,49.68,0
479,10,85.86,97.40,95.17,38.03,13.11,51.02,0
479,11,86.26,97.00,93.29,38.74,13.17,51.57,0
479,12,83.40,97.01,92.17,39.17,13.15,50.57,0
479,13,85.81,97.05,90.36,37.82,12.75,49.65,0
479,14,85.89,97.44,95.18,37.92,13.41,49.27,0
479,15,86.34,97.22,92.40,39.37,13.63,50.36,0
479,16,84.30,97.54,94.13,38.04,12.86,50.59,0
479,17,84.84,96.79,90.45,39.24,13.11,51.95,0
479,18,85.66,97.49,96.04,39.10,12.74,49.36,0
479,19,84.16,97.25,93.96,38.92,12.89,51.49,0
480,0,84.79,97.91,88.65,36.24,10.14,48.43,0
480,1,86.26,97.66,86.88,36.70,9.67,46.09,0
480,2,84.22,97.88,83.96,36.52,10.49,46.14,0
480,3,85.11,97.91,85.20,36.85,9.86,48.79,0
480,4,87.41,98.13,83.74,36.48,10.16,49.22,0
480,5,84.50,97.98,83.96,36.46,9.68,47.25,0
480,6,86.71,98.07,85.78,37.36,10.15,45.89,0
480,7,86.15,97.64,85.64,36.35,9.78,46.91,0
480,8,86.12,97.80,87.08,35.97,9.87,48.05,0
480,9,87.59,98.16,88.92,35.79,10.12,49.25,0
480,10,86.29,97.75,85.32,36.90,10.08,48.46,0
480,11,83.57,98.10,83.16,36.84,10.49,46.71,0
480,12,86.15,97.89,86.80,35.87,9.61,46.77,0
480,13,84.66,97.93,84.16,36.84,10.53,46.96,0
480,14,83.93,98.30,82.49,36.33,10.01,47.55,0
480,15,84.60,98.02,87.95,36.37,9.65,47.18,0
480,16,85.58,98.30,85.10,36.76,9.79,48.20,0
480,17,84.06,98.36,84.47,36.19,9.92,45.58,0
480,18,86.88,98.29,85.77,36.86,10.23,46.19,0
480,19,86.01,97.70,84.33,35.65,9.89,48.22,0
481,0,85.38,96.96,88.72,34.08,12.04,50.26,0
481,1,87.50,96.92,90.95,33.90,12.87,47.00,0
481,2,88.21,97.19,87.50,34.10,12.45,46.88,0
481,3,87.68,97.51,92.20,34.71,11.79,47.65,0
481,4,87.07,97.21,92.28,34.96,12.36,49.14,0
481,5,87.23,97.43,93.40,35.06,11.68,50.42,0
481,6,86.81,97.12,88.82,34.72,12.62,47.26,0
481,7,88.22,97.39,88.83,33.14,12.15,47.93,0
481,8,86.75,97.02,90.02,34.27,12.13,49.02,0
481,9,86.12,97.32,87.22,33.35,12.71,50.27,0
481,10,83.91,97.59,89.76,33.26,12.56,47.93,0
481,11,83.66,96.85,88.93,33.39,12.78,48.08,0
481,12,86.33,97.64,86.46,34.48,12.68,48.48,0
481,13,86.86,97.33,86.41,34.13,12.01,48.26,0
481,14,83.37,96.90,88.09,33.96,12.19,48.50,0
481,15,86.38,97.20,88.90,33.83,12.56,50.28,0
481,16,85.46,97.55,91.84,35.06,12.82,48.43,0
481,17,86.71,97.25,88.09,33.45,12.63,48.38,0
481,18,85.55,97.54,91.11,34.40,11.88,47.87,0
481,19,87.00,97.29,90.79,33.44,12.85,49.49,0
482,0,83.78,97.96,76.40,34.04,13.39,58.35,0
482,1,86.27,98.28,79.51,35.17,13.18,56.76,0
482,2,86.28,97.98,81.56,35.69,12.92,59.14,0
482,3,83.53,97.98,77.27,34.97,12.47,57.31,0
482,4,84.52,98.47,77.76,33.94,12.62,59.79,0
482,5,86.22,97.91,80.96,34.52,12.70,57.01,0
482,6,84.03,98.36,80.79,34.21,12.48,58.92,0
482,7,83.18,98.46,81.14,34.05,12.32,58.05,0
482,8,86.26,98.32,75.71,34.54,12.38,57.30,0
482,9,84.61,98.43,75.81,35.82,13.08,56.74,0
482,10,82.60,98.49,77.17,35.53,13.25,58.82,0
482,11,82.65,98.21,80.29,35.52,13.00,59.73,0
482,12,84.89,97.75,75.17,35.08,12.78,57.74,0
482,13,82.59,98.00,79.55,35.65,12.38,58.93,0
482,14,84.50,98.13,74.97,35.08,13.14,58.62,0
482,15,81.51,98.00,74.87,35.33,12.28,57.60,0
482,16,82.45,97.97,74.88,34.45,13.29,58.46,0
482,17,83.52,97.83,75.27,34.26,12.86,56.97,0
482,18,82.29,98.53,77.46,35.37,13.07,58.07,0
482,19,82.98,97.96,80.19,35.31,12.31,57.97,0
483,0,82.00,99.05,87.58,37.55,11.51,55.77,0
483,1,85.84,98.62,85.08,37.68,11.32,56.83,0
483,2,84.43,99.04,89.01,37.84,12.23,55.21,0
483,3,83.36,98.77,87.40,37.88,12.23,56.55,0
483,4,84.41,98.45,87.56,38.46,11.61,57.34,0
483,5,82.74,98.51,88.03,37.76,11.80,55.29,0
483,6,83.46,98.75,84.82,37.84,12.14,58.54,0
483,7,85.58,98.93,88.13,37.25,11.86,56.30,0
483,8,84.00,98.35,83.43,37.34,11.94,57.52,0
483,9,81.94,98.72,84.03,37.54,12.34,58.49,0
483,10,83.71,98.40,83.64,38.23,11.73,57.55,0
483,11,84.23,98.36,85.68,38.49,11.59,55.39,0
483,12,84.49,98.88,87.69,38.26,12.13,58.53,0
483,13,83.39,98.50,86.55,37.40,11.69,55.34,0
483,14,83.11,98.93,86.52,36.94,11.81,58.08,0
483,15,84.52,99.00,86.37,37.41,12.45,56.81,0
483,16,83.97,98.38,84.87,37.04,11.87,56.13,0
483,17,84.41,98.81,87.43,38.62,11.78,57.80,0
483,18,84.38,98.53,87.73,37.33,12.19,57.02,0
483,19,82.28,98.49,87.84,36.89,11.47,56.82,0
484,0,85.55,98.64,92.20,39.41,11.91,50.17,0
484,1,85.60,98.65,92.48,38.43,12.03,49.40,0
484,2,86.44,98.34,90.23,38.10,11.36,52.11,0
484,3,86.58,98.14,91.40,37.75,12.07,50.93,0
484,4,86.91,98.00,96.18,37.86,12.18,50.90,0
484,5,84.40,98.60,93.83,38.46,12.24,52.09,0
484,6,85.32,98.28,92.44,39.06,11.51,51.25,0
484,7,86.78,98.63,91.53,39.00,11.81,48.62,0
484,8,87.27,98.30,93.69,39.04,11.56,48.78,0
484,9,84.32,98.34,90.63,39.00,11.56,50.41,0
484,10,85.15,98.26,89.90,39.02,11.72,51.82,0
484,11,85.72,98.14,93.02,37.60,12.43,51.18,0
484,12,85.10,98.69,94.94,38.35,11.74,51.79,0
484,13,84.30,98.76,92.27,39.22,11.59,49.83,0
484,14,82.62,98.24,91.93,38.35,11.57,49.79,0
484,15,85.72,98.45,89.59,39.10,11.60,51.80,0
484,16,85.31,98.76,91.48,38.14,11.31,49.38,0
484,17,84.62,98.67,91.63,39.25,11.46,49.82,0
484,18,83.60,98.63,89.66,38.01,11.64,49.45,0
484,19,87.18,98.50,90.04,38.83,12.14,48.61,0
485,0,77.33,98.92,80.60,35.03,12.35,54.04,0
485,1,74.84,99.19,81.96,34.33,12.34,56.11,0
485,2,75.23,98.57,81.26,34.10,12.37,53.54,0
485,3,76.97,98.66,85.61,35.18,12.60,55.47,0
485,4,78.89,98.64,82.76,35.42,12.75,53.57,0
485,5,75.75,98.94,86.78,34.06,12.27,55.36,0
485,6,75.00,98.49,84.30,35.10,12.07,53.68,0
485,7,77.44,98.63,84.35,34.90,12.52,55.93,0
485,8,75.45,99.24,83.20,35.32,12.68,52.77,0
485,9,77.37,99.23,85.77,34.07,12.74,53.00,0
485,10,74.49,98.58,80.72,35.38,12.08,55.47,0
485,11,77.65,99.16,84.26,34.17,12.14,53.84,0
485,12,76.48,99.05,79.74,34.40,12.01,53.85,0
485,13,74.13,98.70,83.17,34.30,12.69,55.32,0
485,14,76.80,98.69,84.56,35.21,12.42,53.79,0
485,15,76.74,99.06,80.88,34.29,12.63,52.36,0
485,16,74.38,99.05,79.45,35.12,12.69,54.98,0
485,17,74.29,99.18,83.87,33.62,12.03,56.03,0
485,18,74.24,98.72,84.62,34.56,11.94,54.02,0
485,19,76.36,99.04,82.65,34.23,11.91,55.81,0
486,0,72.26,97.43,82.65,35.36,12.87,44.33,0
486,1,72.64,97.84,88.55,35.39,13.36,42.97,0
486,2,74.60,97.48,88.66,36.45,12.57,45.10,0
486,3,72.81,97.91,88.13,36.60,13.50,45.16,0
486,4,75.10,97.92,84.00,36.68,13.09,43.99,0
486,5,74.77,97.71,84.72,36.77,13.37,46.27,0
486,6,71.88,97.46,85.70,35.18,13.24,46.22,0
486,7,73.82,97.77,86.89,35.52,12.69,45.83,0
486,8,75.19,97.66,84.29,36.49,12.58,46.05,0
486,9,72.25,97.78,83.54,35.73,12.81,45.63,0
486,10,71.85,97.77,82.43,36.20,12.93,44.29,0
486,11,73.79,98.08,84.05,35.02,13.22,42.91,0
486,12,71.01,97.52,87.70,36.81,12.68,44.46,0
486,13,74.04,97.82,84.37,35.59,13.45,43.61,0
486,14,70.40,98.17,83.29,35.71,13.11,43.97,0
486,15,73.05,97.90,86.34,36.27,13.40,43.57,0
486,16,73.68,98.13,82.15,35.39,12.95,44.20,0
486,17,72.23,98.12,86.13,35.29,13.10,46.64,0
486,18,74.12,97.67,83.91,36.34,12.90,45.90,0
486,19,72.09,98.13,86.25,36.49,13.05,44.59,0
487,0,75.65,97.21,81.67,32.75,11.58,53.19,0
487,1,74.89,96.66,86.76,34.06,11.77,53.82,0
487,2,76.34,96.84,84.88,32.62,11.17,50.32,0
487,3,75.89,97.38,84.17,33.95,11.84,50.56,0
487,4,76.63,97.07,82.61,32.23,11.21,52.02,0
487,5,77.58,97.13,87.41,32.34,11.87,50.71,0
487,6,76.20,97.39,83.88,33.53,11.95,51.18,0
487,7,75.12,97.14,83.22,33.47,11.19,53.64,0
487,8,78.26,96.66,87.34,32.73,12.06,51.50,0
487,9,82.90,94.98,76.21,34.14,12.18,59.47,0
487,10,86.68,94.16,77.93,33.02,11.50,61.82,0
487,11,85.87,93.86,72.72,32.97,12.22,60.52,1
487,12,86.47,94.56,73.20,32.44,12.10,61.99,0
487,13,84.91,95.21,77.54,32.65,11.27,56.32,0
487,14,75.43,96.89,85.56,33.32,12.26,50.91,0
487,15,77.40,96.86,80.92,33.18,11.16,52.79,0
487,16,74.66,97.13,82.61,32.83,11.89,53.24,0
487,17,74.62,97.02,81.56,33.93,11.81,51.14,0
487,18,74.26,97.41,84.80,32.57,11.28,50.81,0
487,19,75.52,96.93,86.84,34.07,12.23,54.11,0
488,0,77.91,98.05,88.77,36.02,16.11,46.00,0
488,1,76.47,98.16,84.01,36.91,16.46,46.38,0
488,2,79.39,98.05,87.14,37.59,16.03,47.04,0
488,3,77.20,98.30,85.41,36.95,16.24,45.19,0
488,4,79.45,97.85,86.03,36.12,15.87,46.87,0
488,5,76.95,97.97,89.63,36.43,16.24,45.67,0
488,6,77.03,97.92,87.85,36.92,15.45,46.14,0
488,7,77.85,97.80,84.45,36.31,15.63,45.62,0
488,8,79.81,97.87,89.49,36.97,15.91,44.21,0
488,9,87.92,96.25,83.09,36.79,15.95,50.88,0
488,10,86.58,95.75,76.49,36.28,16.04,53.42,0
488,11,90.33,94.86,76.59,35.84,16.40,54.29,1
488,12,85.93,95.49,79.16,36.97,15.73,53.56,0
488,13,84.10,95.86,77.73,37.41,15.77,49.97,0
488,14,78.22,97.89,83.23,37.30,15.85,47.29,0
488,15,77.16,97.99,88.66,36.40,15.87,44.69,0
488,16,75.96,97.59,87.44,37.04,16.11,47.24,0
488,17,77.40,98.20,86.35,37.36,15.96,47.50,0
488,18,76.38,97.82,86.83,36.68,15.76,44.28,0
488,19,76.17,97.83,86.82,36.36,16.00,44.41,0
489,0,90.41,97.30,89.09,34.22,10.77,58.38,0
489,1,93.23,97.02,88.79,34.77,10.55,59.91,0
489,2,94.13,96.91,90.59,33.86,10.30,56.20,0
489,3,91.47,97.47,88.77,33.85,10.77,59.52,0
489,4,92.76,97.27,89.54,35.14,11.00,57.85,0
489,5,91.62,96.96,91.63,35.09,10.89,58.15,0
489,6,94.08,97.03,92.23,35.25,10.36,59.09,0
489,7,94.36,96.78,92.26,34.89,10.20,56.49,0
489,8,91.32,97.50,91.66,34.85,10.06,56.93,0
489,9,92.00,96.83,86.71,34.98,10.84,60.13,0
489,10,98.31,94.82,83.19,35.62,10.32,62.93,0
489,11,100.22,94.47,79.63,34.00,10.21,67.71,0
489,12,101.85,94.15,77.34,34.86,10.08,68.57,1
489,13,102.91,95.03,79.45,34.38,10.50,67.70,0
489,14,99.45,95.31,80.77,34.85,10.19,64.73,0
489,15,90.90,96.96,89.50,35.48,10.71,56.97,0
489,16,90.13,96.79,90.30,35.13,10.45,59.69,0
489,17,91.93,96.88,90.48,35.62,10.47,58.36,0
489,18,92.00,97.52,86.30,34.62,10.79,59.05,0
489,19,91.96,97.42,90.42,34.97,10.40,58.40,0
490,0,83.38,97.56,93.37,36.62,14.86,48.11,0
490,1,83.52,97.32,94.81,37.34,15.16,45.24,0
490,2,85.38,97.09,95.41,37.89,15.09,47.21,0
490,3,82.97,97.33,97.26,36.67,15.75,46.88,0
490,4,85.48,97.42,93.02,37.38,15.72,47.81,0
490,5,86.35,97.24,96.98,37.38,14.97,47.37,0
490,6,83.75,97.36,91.87,37.17,15.32,45.26,0
490,7,86.52,96.98,94.10,36.96,15.64,45.79,0
490,8,83.95,97.40,96.92,36.35,15.62,45.96,0
490,9,83.55,97.60,92.05,37.70,15.68,45.92,0
490,10,84.59,97.30,96.11,37.63,15.85,47.81,0
490,11,82.85,97.62,91.84,37.97,15.75,46.98,0
490,12,83.98,97.19,91.66,37.58,15.34,47.09,0
490,13,81.93,96.95,90.61,37.87,15.27,44.88,0
490,14,84.78,97.37,95.34,37.10,15.31,45.34,0
490,15,83.45,97.12,95.93,37.44,16.00,48.07,0
490,16,82.57,96.93,92.32,37.29,15.12,47.50,0
490,17,81.98,97.12,96.22,36.71,15.55,45.59,0
490,18,82.37,97.25,94.06,37.12,15.74,46.97,0
490,19,83.19,97.40,92.35,37.67,16.02,45.49,0
491,0,86.96,98.15,78.36,36.04,12.16,53.29,0
491,1,85.61,98.50,78.56,36.72,11.80,52.61,0
491,2,85.91,97.83,80.44,35.87,12.85,54.67,0
491,3,87.91,98.26,79.12,35.94,12.12,54.71,0
491,4,85.93,97.88,77.72,36.43,12.43,52.66,0
491,5,84.30,98.46,80.16,36.45,12.67,55.22,0
491,6,87.10,98.55,78.32,35.57,12.13,54.83,0
491,7,87.55,98.42,77.97,36.45,12.40,52.73,0
491,8,84.94,97.97,80.73,35.85,12.47,55.42,0
491,9,84.49,98.07,77.43,36.47,11.95,52.90,0
491,10,83.81,98.35,78.28,35.48,12.86,52.82,0
491,11,85.27,98.36,77.76,36.75,12.69,55.88,0
491,12,84.31,98.27,77.49,36.44,12.55,54.08,0
491,13,84.35,98.30,79.18,34.99,12.36,53.37,0
491,14,84.26,98.22,77.12,36.45,12.44,53.65,0
491,15,84.88,98.54,80.37,35.12,12.03,54.45,0
491,16,83.87,98.26,81.03,35.10,12.05,55.31,0
491,17,86.13,98.07,78.66,36.56,11.92,55.97,0
491,18,85.10,98.15,80.37,36.44,12.23,54.12,0
491,19,85.63,97.85,77.68,35.17,12.85,53.56,0
492,0,86.52,97.35,99.61,35.14,14.12,43.46,0
492,1,87.02,97.37,100.42,34.66,14.21,44.45,0
492,2,88.29,97.37,97.66,34.75,14.16,43.74,0
492,3,89.29,97.48,97.83,35.29,14.21,42.53,0
492,4,86.82,97.59,99.30,34.63,14.59,43.60,0
492,5,89.36,97.01,100.04,35.64,15.09,43.32,0
492,6,88.88,97.79,100.04,34.61,14.13,41.39,0
492,7,88.63,97.68,96.45,34.83,14.44,44.84,0
492,8,87.67,97.40,96.17,34.96,14.78,42.09,0
492,9,88.34,97.57,97.08,35.14,14.51,42.49,0
492,10,88.99,97.08,95.02,34.78,14.66,41.69,0
492,11,85.27,97.69,98.28,35.93,14.83,41.63,0
492,12,88.31,97.46,97.69,34.89,15.19,42.33,0
492,13,85.25,97.66,96.87,35.62,15.02,45.00,0
492,14,86.31,97.31,96.77,35.23,14.15,41.84,0
492,15,85.28,97.15,98.00,35.06,14.45,45.12,0
492,16,88.67,97.28,96.55,34.31,14.43,43.09,0
492,17,85.97,97.47,99.75,34.32,14.73,45.35,0
492,18,87.71,97.27,99.47,34.36,14.52,43.46,0
492,19,88.83,97.16,96.88,34.42,15.17,41.70,0
493,0,81.11,98.44,88.85,37.17,12.66,52.05,0
493,1,79.96,98.65,85.47,37.35,12.20,48.71,0
493,2,81.28,98.90,88.27,38.21,12.83,49.89,0
493,3,80.33,98.88,86.46,37.61,12.10,51.07,0
493,4,83.58,98.57,87.66,37.24,12.89,51.09,0
493,5,83.19,98.90,88.63,37.68,12.11,51.49,0
493,6,84.16,98.97,87.21,36.85,12.33,52.56,0
493,7,83.29,98.79,86.49,36.58,12.65,49.53,0
493,8,80.61,98.70,86.06,36.75,12.79,50.97,0
493,9,80.82,98.86,86.26,36.39,12.64,49.09,0
493,10,81.57,98.72,89.64,37.16,12.87,49.93,0
493,11,81.35,98.77,89.15,37.82,13.08,51.68,0
493,12,79.22,98.87,87.78,36.63,12.93,50.15,0
493,13,80.64,98.81,89.68,36.50,12.25,49.20,0
493,14,80.75,98.66,85.37,38.10,12.38,49.82,0
493,15,80.88,99.01,86.66,36.59,12.77,51.20,0
493,16,79.64,98.56,90.27,37.98,12.60,52.07,0
493,17,80.96,98.60,88.79,37.03,12.08,52.00,0
493,18,79.41,98.37,84.96,37.95,12.60,51.83,0
493,19,80.44,98.63,87.60,37.64,13.01,49.33,0
494,0,76.56,98.18,83.79,38.24,12.23,62.65,0
494,1,77.07,97.48,81.98,38.99,12.28,60.71,0
494,2,78.31,97.73,83.68,37.78,12.08,62.97,0
494,3,78.52,97.93,84.18,37.80,12.02,62.23,0
494,4,78.96,98.09,82.94,39.10,12.34,60.14,0
494,5,77.97,98.09,84.74,37.68,12.56,60.53,0
494,6,77.78,97.98,81.24,39.16,12.43,60.79,0
494,7,80.28,98.00,79.91,38.82,12.58,63.24,0
494,8,79.92,97.65,79.53,38.30,12.25,63.15,0
494,9,76.55,97.48,82.33,38.16,12.69,62.45,0
494,10,83.96,95.81,75.22,38.51,12.24,68.65,0
494,11,86.58,95.28,72.73,38.81,12.75,70.49,0
494,12,88.92,94.99,71.67,38.78,11.97,72.22,1
494,13,86.84,95.70,69.03,39.11,12.79,69.04,0
494,14,86.80,96.20,73.57,37.75,12.88,68.60,0
494,15,77.19,98.23,82.65,38.96,12.66,60.54,0
494,16,78.13,97.82,79.09,38.46,12.19,61.19,0
494,17,76.26,97.68,80.11,38.48,12.92,63.01,0
494,18,78.97,97.86,82.97,37.64,12.82,63.45,0
494,19,78.20,97.67,81.60,37.95,12.43,61.95,0
495,0,73.90,98.17,99.12,34.68,15.66,57.41,0
495,1,75.21,97.88,98.90,34.04,15.50,59.68,0
495,2,73.42,98.20,98.00,33.44,15.31,59.49,0
495,3,73.65,97.50,100.57,33.17,15.39,58.51,0
495,4,73.96,98.15,99.25,33.10,15.04,59.60,0
495,5,72.97,97.56,97.82,34.22,15.14,59.61,0
495,6,75.88,97.92,95.17,34.28,15.92,57.49,0
495,7,75.02,97.98,100.19,33.46,14.93,58.40,0
495,8,74.71,98.14,100.31,33.02,15.59,59.40,0
495,9,74.67,97.87,96.37,33.26,15.26,59.62,0
495,10,73.54,98.11,95.66,34.56,15.18,58.04,0
495,11,72.52,98.06,97.34,34.17,15.13,59.58,0
495,12,73.85,98.04,94.01,34.03,15.17,59.55,0
495,13,73.29,97.61,97.67,33.10,15.16,57.63,0
495,14,74.09,97.58,95.89,34.12,15.77,59.25,0
495,15,72.59,98.08,94.25,33.15,14.87,56.67,0
495,16,70.89,98.22,95.23,33.66,15.80,57.64,0
495,17,74.69,97.56,96.86,33.00,15.08,59.91,0
495,18,74.02,97.66,94.89,33.79,15.35,56.98,0
495,19,71.97,97.86,96.98,34.60,15.87,56.83,0
496,0,90.25,98.93,80.57,35.99,14.56,54.47,0
496,1,89.24,98.44,78.61,35.63,14.89,56.64,0
496,2,91.76,98.55,83.26,36.40,14.62,53.54,0
496,3,89.53,98.92,83.99,36.40,14.68,54.09,0
496,4,88.59,98.26,80.27,35.36,14.46,54.04,0
496,5,92.52,98.99,80.33,36.42,14.26,56.63,0
496,6,91.40,98.80,83.53,35.59,14.96,56.76,0
496,7,89.73,98.39,78.14,35.37,14.23,55.76,0
496,8,91.77,98.43,78.79,35.31,14.15,56.60,0
496,9,90.63,98.21,78.99,35.81,14.30,55.26,0
496,10,99.47,96.37,76.18,37.08,14.12,62.75,0
496,11,99.36,95.91,68.77,35.27,14.89,64.77,0
496,12,99.87,95.26,70.78,35.38,14.15,65.04,1
496,13,97.78,96.44,72.39,36.61,14.05,62.12,0
496,14,95.11,96.94,75.18,36.21,14.95,60.54,0
496,15,89.43,98.53,79.07,35.96,14.12,56.07,0
496,16,87.37,98.52,77.01,35.47,14.55,53.47,0
496,17,89.33,98.90,79.59,35.75,14.90,53.95,0
496,18,90.92,98.67,81.94,36.76,13.98,55.06,0
496,19,90.69,98.40,77.90,36.38,14.93,54.40,0
497,0,79.18,98.41,83.58,36.34,12.83,56.21,0
497,1,77.41,98.76,84.85,35.23,13.28,59.05,0
497,2,76.52,98.64,87.85,35.29,12.98,59.30,0
497,3,77.71,98.93,88.06,36.58,13.10,57.90,0
497,4,78.57,98.78,84.29,35.82,13.17,58.87,0
497,5,78.40,98.97,88.95,34.81,12.72,58.28,0
497,6,78.80,98.93,86.37,34.76,12.46,56.01,0
497,7,76.63,98.80,88.83,34.93,12.60,58.19,0
497,8,85.52,96.21,79.30,35.84,12.48,64.18,0
497,9,86.44,96.39,78.37,35.75,12.73,66.69,0
497,10,87.79,95.79,71.43,35.60,13.33,69.22,1
497,11,89.28,96.48,75.57,34.82,13.22,66.41,0
497,12,85.01,96.39,81.85,35.96,13.40,65.46,0
497,13,77.72,98.48,85.83,35.58,12.62,58.63,0
497,14,76.86,98.88,87.77,35.13,13.45,57.71,0
497,15,78.74,98.21,86.29,36.04,12.34,57.36,0
497,16,79.04,98.66,88.45,36.65,12.52,56.90,0
497,17,76.49,98.40,84.76,35.94,12.49,59.43,0
497,18,78.39,98.57,89.20,36.19,13.38,59.85,0
497,19,76.41,98.65,86.62,35.38,13.53,59.84,0
498,0,87.40,96.92,94.46,34.21,14.00,43.76,0
498,1,87.30,96.88,93.53,33.19,14.82,41.50,0
498,2,88.13,97.30,97.96,33.92,14.18,41.79,0
498,3,85.67,96.84,95.99,33.95,14.16,43.33,0
498,4,87.57,97.20,98.16,32.95,14.15,40.74,0
498,5,87.00,96.81,95.83,34.15,14.09,42.47,0
498,6,85.92,97.37,96.48,34.55,13.88,43.08,0
498,7,88.32,97.05,95.39,32.87,13.85,40.97,0
498,8,88.51,96.89,95.55,33.65,14.82,42.25,0
498,9,85.90,96.90,96.60,34.22,13.71,42.79,0
498,10,87.95,97.23,96.11,33.12,14.48,43.45,0
498,11,87.01,96.87,93.33,33.65,14.02,42.55,0
498,12,86.61,96.98,96.71,34.63,14.47,40.08,0
498,13,84.64,97.21,93.38,34.37,13.76,40.85,0
498,14,85.74,96.78,91.58,32.95,13.98,40.59,0
498,15,86.64,97.15,95.34,32.92,14.73,42.26,0
498,16,87.51,97.30,95.21,34.27,13.93,43.98,0
498,17,87.28,97.17,96.50,34.85,14.45,42.64,0
498,18,86.41,97.10,94.54,34.52,14.14,41.80,0
498,19,85.34,96.87,94.85,34.06,14.34,42.50,0
499,0,86.89,98.77,82.30,37.55,15.12,58.24,0
499,1,86.60,98.73,82.79,37.51,14.60,58.28,0
499,2,86.84,98.75,83.28,36.64,14.93,59.47,0
499,3,88.55,98.53,82.46,37.27,14.82,61.12,0
499,4,86.33,98.55,81.26,35.71,14.58,57.39,0
499,5,87.35,99.18,81.47,35.98,15.14,57.98,0
499,6,85.46,98.88,84.07,36.81,14.99,57.32,0
499,7,87.83,98.66,80.56,36.33,13.98,57.93,0
499,8,85.27,98.64,80.89,37.02,14.78,59.64,0
499,9,86.30,99.16,84.28,36.55,14.64,60.30,0
499,10,84.59,98.88,84.96,36.49,14.31,59.42,0
499,11,84.25,98.77,82.04,36.28,14.34,58.03,0
499,12,87.47,98.74,80.90,36.28,15.16,58.75,0
499,13,87.22,98.47,79.97,37.54,14.93,58.04,0
499,14,87.08,99.20,80.64,36.75,14.71,57.32,0
499,15,85.26,99.02,79.07,37.31,14.44,58.26,0
499,16,84.09,98.75,79.23,36.63,14.18,59.43,0
499,17,86.67,99.16,85.13,37.50,14.76,58.21,0
499,18,85.24,98.62,85.15,36.36,14.52,59.11,0
499,19,86.69,98.62,84.42,37.03,14.51,58.38,0
500,0,86.09,97.39,91.77,36.55,11.18,45.97,0
500,1,89.86,97.85,92.23,37.13,11.03,44.14,0
500,2,87.76,97.39,92.59,36.11,10.86,44.58,0
500,3,87.86,97.79,92.67,35.64,11.34,45.95,0
500,4,90.63,97.94,92.77,36.45,11.62,45.41,0
500,5,87.28,97.71,95.89,36.28,11.02,45.30,0
500,6,87.23,97.66,97.35,37.25,11.44,44.18,0
500,7,86.98,98.09,93.99,36.15,10.72,45.12,0
500,8,88.18,97.74,93.04,36.65,11.04,46.77,0
500,9,94.29,96.09,88.05,36.60,11.47,52.70,0
500,10,97.28,95.16,86.81,36.94,11.63,55.36,0
500,11,99.13,95.06,83.12,37.04,11.02,57.04,1
500,12,96.35,95.16,86.87,35.56,10.77,54.47,0
500,13,93.71,95.84,88.47,37.09,10.83,51.16,0
500,14,85.61,97.76,91.05,37.30,11.22,45.45,0
500,15,88.69,97.78,94.53,35.85,11.42,44.95,0
500,16,86.34,97.63,91.11,36.45,10.73,44.56,0
500,17,87.76,97.87,91.77,36.36,11.20,47.63,0
500,18,89.01,98.13,95.81,37.07,11.33,44.20,0
500,19,90.05,97.77,92.59,36.39,11.55,45.09,0
501,0,80.93,98.06,86.27,39.59,14.79,43.42,0
501,1,79.50,97.89,85.86,38.51,14.49,41.80,0
501,2,79.86,97.51,84.12,38.21,14.49,43.55,0
501,3,77.67,98.25,86.88,38.37,14.03,41.37,0
501,4,80.65,97.95,88.12,39.51,14.64,44.28,0
501,5,78.49,97.96,85.84,38.73,14.41,42.03,0
501,6,78.29,97.52,83.65,38.55,15.04,43.44,0
501,7,79.37,97.59,87.53,38.69,14.02,42.26,0
501,8,79.38,97.65,88.38,39.52,15.07,44.42,0
501,9,78.79,98.05,86.40,39.18,14.06,41.87,0
501,10,79.54,98.06,87.84,39.50,14.07,44.79,0
501,11,79.21,97.59,85.86,37.97,13.93,42.99,0
501,12,78.17,97.99,82.00,38.12,14.85,45.09,0
501,13,77.17,97.71,84.73,39.09,14.27,42.84,0
501,14,79.30,97.74,85.51,39.24,13.91,44.05,0
501,15,78.24,97.85,87.27,39.81,14.69,42.15,0
501,16,78.64,97.97,81.94,39.70,14.80,45.05,0
501,17,78.79,97.83,83.24,38.95,14.35,42.58,0
501,18,79.63,97.70,87.86,39.32,14.40,44.61,0
501,19,79.43,97.51,85.04,39.02,13.94,44.47,0
502,0,71.82,99.24,88.99,35.41,13.21,50.96,0
502,1,74.35,99.04,86.21,36.80,12.31,50.64,0
502,2,76.22,98.84,92.00,36.50,13.00,52.80,0
502,3,72.78,98.67,88.57,36.28,13.05,49.69,0
502,4,75.00,98.77,90.79,36.65,13.04,52.03,0
502,5,76.28,99.12,87.01,36.89,12.49,53.16,0
502,6,75.54,99.20,91.45,35.29,12.42,49.69,0
502,7,72.49,99.04,88.88,36.68,13.09,53.03,0
502,8,72.19,98.94,87.68,36.61,12.66,50.94,0
502,9,72.37,98.90,86.38,36.18,12.79,52.17,0
502,10,82.07,97.21,84.67,36.00,13.24,57.40,0
502,11,82.03,96.14,76.70,35.28,13.27,61.29,0
502,12,86.99,96.35,78.55,35.82,12.80,60.29,1
502,13,83.35,96.72,78.84,36.85,13.05,58.76,0
502,14,80.29,96.70,80.56,36.63,13.06,59.12,0
502,15,74.15,98.74,86.58,35.52,12.72,51.35,0
502,16,71.76,99.03,89.15,37.09,12.89,52.41,0
502,17,74.44,99.30,88.49,35.82,13.10,51.42,0
502,18,73.21,99.17,90.76,36.97,13.29,52.49,0
502,19,72.42,99.15,86.09,36.26,12.28,52.62,0
503,0,77.38,97.38,82.20,38.20,13.81,57.35,0
503,1,76.41,97.63,81.82,37.93,14.12,58.89,0
503,2,77.34,97.66,83.60,36.27,14.42,58.42,0
503,3,77.07,97.44,82.01,37.75,13.68,57.34,0
503,4,77.98,97.75,86.76,36.71,13.66,57.34,0
503,5,78.61,97.65,86.12,36.37,14.34,58.73,0
503,6,78.33,97.73,84.47,37.01,13.83,56.45,0
503,7,78.51,97.17,86.62,36.57,13.66,56.34,0
503,8,75.90,97.26,82.64,37.17,13.77,55.31,0
503,9,86.22,95.62,75.81,37.50,13.82,63.16,0
503,10,88.21,95.28,74.48,37.28,13.48,66.65,0
503,11,87.94,94.26,74.06,37.10,13.75,65.30,1
503,12,86.32,95.21,71.79,37.66,13.33,63.58,0
503,13,85.57,95.25,77.76,37.26,13.43,61.09,0
503,14,76.02,97.14,82.51,37.55,13.65,55.59,0
503,15,77.83,97.76,82.79,38.10,13.96,57.05,0
503,16,78.38,97.11,80.49,38.12,14.30,55.10,0
503,17,76.57,97.51,85.98,36.54,13.29,57.18,0
503,18,75.16,97.00,84.96,38.21,14.27,55.67,0
503,19,79.20,97.21,86.01,37.10,13.39,55.11,0
504,0,83.52,98.81,93.48,37.09,13.33,53.52,0
504,1,85.12,98.92,93.79,35.69,12.83,53.49,0
504,2,83.02,98.68,95.69,36.81,12.61,54.83,0
504,3,85.65,98.65,92.40,37.47,12.62,55.77,0
504,4,84.40,98.59,96.91,36.35,12.53,53.16,0
504,5,85.04,98.61,93.60,36.53,12.87,54.04,0
504,6,84.15,98.77,95.45,37.25,12.25,55.94,0
504,7,83.75,98.74,92.57,36.15,13.27,56.59,0
504,8,84.72,99.37,94.43,36.18,13.09,54.49,0
504,9,83.25,99.00,95.97,37.29,12.50,56.70,0
504,10,81.94,98.92,91.01,36.60,12.68,54.93,0
504,11,83.89,99.18,93.26,36.72,12.40,53.41,0
504,12,83.74,98.58,89.95,36.62,12.86,53.58,0
504,13,82.37,98.75,90.22,35.76,13.04,54.14,0
504,14,82.32,98.86,91.22,35.70,12.31,53.09,0
504,15,82.04,99.06,95.39,37.24,13.06,55.44,0
504,16,83.18,99.28,94.38,37.21,12.94,53.54,0
504,17,82.36,98.67,94.72,36.66,12.94,55.94,0
504,18,82.57,99.27,95.88,37.17,12.78,53.13,0
504,19,84.77,98.60,94.66,37.33,12.36,53.15,0
505,0,83.91,98.09,86.11,36.67,10.42,59.45,0
505,1,85.39,98.52,85.32,36.49,10.56,60.56,0
505,2,86.21,98.18,85.41,35.78,10.06,59.22,0
505,3,83.88,98.49,81.30,36.68,11.06,59.94,0
505,4,86.49,98.34,85.04,37.34,10.57,60.21,0
505,5,86.90,97.94,83.82,36.84,10.54,60.60,0
505,6,87.07,97.98,83.92,37.16,10.53,60.36,0
505,7,84.29,97.85,83.54,35.92,10.36,59.59,0
505,8,86.49,98.08,83.91,36.86,10.54,57.74,0
505,9,94.08,96.22,78.02,35.88,11.12,65.43,0
505,10,96.20,95.71,74.43,35.40,10.89,65.88,0
505,11,95.89,95.52,68.82,37.16,10.39,70.04,1
505,12,92.23,95.39,74.02,35.84,10.52,68.01,0
505,13,90.97,96.09,76.58,35.44,10.19,63.25,0
505,14,82.80,97.79,84.64,35.95,11.14,60.40,0
505,15,82.98,98.23,82.03,37.17,11.22,60.45,0
505,16,83.08,97.90,82.32,35.87,11.09,58.32,0
505,17,84.06,98.48,80.71,36.98,10.89,58.06,0
505,18,84.86,98.17,81.38,37.11,10.05,59.00,0
505,19,83.00,98.41,83.18,36.38,10.98,59.75,0
506,0,70.46,96.90,86.23,37.89,13.68,47.17,0
506,1,74.19,97.18,83.39,37.09,13.68,49.61,0
506,2,72.09,97.01,86.13,37.32,13.89,48.47,0
506,3,72.14,97.22,88.25,37.59,13.61,47.50,0
506,4,73.69,97.06,87.40,37.77,14.41,46.97,0
506,5,71.22,96.96,85.41,36.92,14.18,46.11,0
506,6,74.16,97.18,82.64,37.13,13.48,49.61,0
506,7,73.96,96.94,84.01,37.18,13.92,47.22,0
506,8,73.12,97.03,86.35,37.39,13.78,46.33,0
506,9,71.49,96.94,82.41,36.65,13.76,49.20,0
506,10,71.72,96.77,86.32,37.88,14.03,49.71,0
506,11,71.25,97.44,85.95,37.15,14.47,49.33,0
506,12,71.70,97.33,84.75,36.04,13.45,49.60,0
506,13,69.59,96.80,81.23,36.92,13.74,47.80,0
506,14,71.30,97.02,81.18,36.70,13.64,47.46,0
506,15,72.92,97.11,82.90,36.36,13.62,50.03,0
506,16,69.77,97.41,85.87,36.61,13.71,48.13,0
506,17,71.64,96.78,84.54,37.65,13.64,48.18,0
506,18,71.65,96.95,83.23,36.29,13.79,46.78,0
506,19,73.04,97.49,86.71,36.58,14.00,46.58,0
507,0,69.70,98.54,86.77,38.13,11.77,50.52,0
507,1,71.48,98.75,86.50,38.17,11.81,53.73,0
507,2,71.40,98.21,86.66,38.06,12.66,50.43,0
507,3,71.90,98.21,84.63,37.16,11.82,50.86,0
507,4,72.15,98.36,87.88,37.15,11.85,53.26,0
507,5,69.60,98.35,84.92,36.94,12.58,53.77,0
507,6,72.53,98.30,84.63,36.40,12.27,51.35,0
507,7,69.86,98.83,87.49,37.09,12.58,53.83,0
507,8,70.20,98.12,88.56,36.87,12.76,50.82,0
507,9,69.92,98.75,85.83,37.04,11.83,53.16,0
507,10,69.92,98.25,86.96,37.66,12.63,53.38,0
507,11,70.87,98.27,85.05,37.38,11.66,52.44,0
507,12,71.51,98.55,86.35,37.85,11.88,50.98,0
507,13,69.79,98.31,85.85,37.66,11.71,50.64,0
507,14,71.28,98.68,84.74,38.17,12.79,53.93,0
507,15,69.48,98.42,83.08,36.93,12.39,51.38,0
507,16,70.25,98.46,83.19,37.82,12.44,52.30,0
507,17,70.03,98.69,82.87,36.72,12.06,51.51,0
507,18,70.25,98.49,86.75,36.62,12.63,53.64,0
507,19,69.09,98.62,84.14,37.26,12.54,50.43,0
508,0,86.89,97.93,85.55,33.00,13.87,49.67,0
508,1,87.79,97.65,84.08,33.01,13.37,49.67,0
508,2,87.77,97.48,84.43,33.54,13.55,50.53,0
508,3,86.31,97.63,85.71,33.00,14.15,49.90,0
508,4,85.79,97.74,84.63,33.43,14.15,50.32,0
508,5,85.80,97.70,86.98,34.24,13.97,50.79,0
508,6,86.16,97.45,89.83,32.87,13.15,50.31,0
508,7,85.75,97.58,89.32,33.50,13.13,51.96,0
508,8,86.38,97.40,88.97,32.87,14.01,49.31,0
508,9,85.58,97.48,83.83,32.97,13.08,53.26,0
508,10,84.65,97.44,87.47,34.18,13.10,51.75,0
508,11,86.84,97.86,86.86,33.98,13.28,49.60,0
508,12,85.56,97.28,85.87,34.59,13.04,50.99,0
508,13,85.03,97.70,86.61,33.37,13.04,51.86,0
508,14,85.49,97.95,87.92,33.48,13.69,50.84,0
508,15,85.24,97.20,84.68,34.47,13.07,52.34,0
508,16,86.28,97.47,85.67,33.10,13.92,50.16,0
508,17,84.35,97.71,83.62,34.13,13.86,51.98,0
508,18,86.46,97.36,85.68,33.81,14.04,50.79,0
508,19,86.09,97.71,85.59,32.68,13.41,49.58,0
509,0,75.55,97.31,83.47,34.61,11.20,59.51,0
509,1,74.15,97.97,81.89,34.45,10.84,57.88,0
509,2,76.85,97.45,80.75,35.61,10.82,55.64,0
509,3,77.39,97.38,85.45,34.93,10.86,57.38,0
509,4,76.68,97.27,82.24,34.77,11.04,59.23,0
509,5,77.82,97.53,85.45,35.78,10.71,57.87,0
509,6,77.64,97.92,84.40,35.06,11.38,57.41,0
509,7,78.08,97.54,85.71,34.74,11.21,58.77,0
509,8,76.36,97.52,85.57,34.24,11.07,59.49,0
509,9,77.14,97.98,83.85,34.36,11.40,57.94,0
509,10,75.88,97.71,81.60,34.82,10.97,59.39,0
509,11,75.88,97.80,79.16,35.04,10.50,57.36,0
509,12,74.09,97.36,81.08,34.78,11.11,59.42,0
509,13,74.72,97.33,80.92,35.00,11.47,56.12,0
509,14,76.46,97.75,83.57,35.70,10.57,56.70,0
509,15,76.11,97.68,78.87,34.15,11.63,56.29,0
509,16,73.09,97.62,84.29,33.91,11.37,59.29,0
509,17,76.10,97.23,80.66,34.95,11.55,57.01,0
509,18,75.64,97.53,81.31,35.43,11.39,58.29,0
509,19,74.38,97.25,83.76,34.42,11.13,58.74,0
510,0,82.12,98.34,93.19,35.07,11.66,44.16,0
510,1,83.09,98.54,95.85,36.64,12.64,43.88,0
510,2,84.84,98.55,93.24,36.37,12.73,42.55,0
510,3,85.20,98.47,97.06,36.85,12.17,45.43,0
510,4,85.86,98.28,96.99,34.99,12.03,46.29,0
510,5,83.10,98.82,92.44,36.52,11.87,43.77,0
510,6,85.96,98.40,96.01,35.64,12.04,45.25,0
510,7,82.79,98.86,93.96,35.34,11.72,44.81,0
510,8,83.32,98.86,96.23,36.42,12.51,46.37,0
510,9,82.15,98.32,95.52,36.29,11.85,45.81,0
510,10,91.24,96.41,85.40,36.66,12.42,52.39,0
510,11,91.76,96.40,83.10,34.97,12.58,52.78,0
510,12,93.80,95.48,78.38,35.44,12.57,54.61,1
510,13,91.81,96.21,81.47,35.61,12.44,52.15,0
510,14,88.96,96.53,84.49,35.30,12.43,52.31,0
510,15,82.77,98.36,90.69,36.79,12.70,42.47,0
510,16,82.94,98.41,91.39,35.87,11.69,42.95,0
510,17,82.06,98.44,90.80,35.50,12.26,43.61,0
510,18,84.86,98.87,93.02,35.44,12.14,44.28,0
510,19,84.42,98.27,94.60,36.38,12.60,43.12,0
511,0,91.04,97.59,82.35,36.43,12.97,50.02,0
511,1,93.29,97.70,88.12,35.13,12.80,50.09,0
511,2,93.46,97.93,87.43,35.54,13.35,50.93,0
511,3,91.56,97.85,86.78,35.38,13.31,50.20,0
511,4,93.83,97.59,83.21,36.20,12.49,52.22,0
511,5,94.30,97.84,86.43,36.69,12.68,51.82,0
511,6,93.97,97.30,82.73,36.91,13.16,51.97,0
511,7,93.44,97.22,84.77,35.82,13.64,49.65,0
511,8,90.37,97.73,85.49,36.63,12.72,51.41,0
511,9,92.95,97.24,87.05,36.41,13.54,52.45,0
511,10,90.56,97.32,85.66,35.24,12.62,50.58,0
511,11,92.25,97.91,86.18,35.14,12.95,51.17,0
511,12,91.31,97.40,82.95,36.78,12.97,51.41,0
511,13,92.99,97.47,84.48,36.72,13.11,50.11,0
511,14,90.33,97.24,84.97,36.90,12.56,49.19,0
511,15,92.75,97.27,82.80,35.18,13.33,50.42,0
511,16,89.77,97.66,86.90,36.84,13.29,49.07,0
511,17,91.12,97.94,83.30,36.86,12.80,52.51,0
511,18,91.13,97.84,85.80,35.34,13.32,50.88,0
511,19,91.33,97.45,85.89,35.61,13.40,49.01,0
512,0,86.27,98.74,93.60,34.38,12.02,49.36,0
512,1,85.03,98.83,91.55,33.74,11.75,46.58,0
512,2,86.62,98.92,93.18,34.03,11.34,48.16,0
512,3,88.23,98.61,93.60,34.34,11.50,49.50,0
512,4,88.68,98.95,94.49,33.12,12.19,47.36,0
512,5,88.43,98.94,89.36,34.11,12.09,47.87,0
512,6,87.38,98.37,94.37,33.80,11.87,49.77,0
512,7,88.70,99.03,89.38,33.46,11.54,47.45,0
512,8,85.34,98.43,92.42,33.39,11.53,49.93,0
512,9,86.97,98.84,89.75,33.10,12.14,50.35,0
512,10,87.77,99.03,92.71,33.40,11.84,49.51,0
512,11,84.18,98.91,93.65,33.60,11.11,46.97,0
512,12,86.16,98.52,92.22,34.73,12.05,48.23,0
512,13,86.60,98.72,90.26,34.16,11.06,49.56,0
512,14,86.23,98.70,90.21,33.20,11.09,47.13,0
512,15,84.38,98.62,88.90,34.68,11.78,49.43,0
512,16,84.25,98.79,89.48,33.49,11.39,48.97,0
512,17,85.33,98.88,88.78,33.84,11.89,46.87,0
512,18,84.86,98.80,93.44,34.41,11.54,47.90,0
512,19,86.76,98.45,94.07,34.82,11.81,47.01,0
513,0,89.37,98.64,96.38,34.91,13.38,59.07,0
513,1,88.59,98.31,95.51,33.89,13.46,60.99,0
513,2,87.81,98.75,92.89,33.29,13.60,59.61,0
513,3,88.98,98.11,96.18,33.96,13.63,61.66,0
513,4,88.02,98.10,92.08,35.19,13.66,61.94,0
513,5,89.70,98.53,94.28,34.35,13.19,60.08,0
513,6,88.04,98.75,95.22,34.45,13.16,58.78,0
513,7,90.28,98.80,95.03,33.90,13.74,59.68,0
513,8,87.12,98.76,92.99,34.20,14.12,60.87,0
513,9,87.16,98.33,92.25,33.61,14.00,59.19,0
513,10,86.64,98.44,95.33,35.10,14.09,61.32,0
513,11,86.86,98.56,94.72,35.08,14.20,60.68,0
513,12,88.61,98.73,89.86,34.76,13.89,60.50,0
513,13,86.55,98.73,92.75,34.91,14.31,60.82,0
513,14,87.99,98.14,93.97,35.05,13.72,61.40,0
513,15,86.48,98.86,90.31,34.22,13.85,60.77,0
513,16,87.07,98.74,90.37,35.14,13.38,62.06,0
513,17,88.41,98.16,95.66,34.86,14.18,58.54,0
513,18,88.93,98.35,94.29,34.78,13.20,62.09,0
513,19,89.49,98.24,93.20,33.74,13.65,61.34,0
514,0,73.53,96.97,78.35,37.78,15.91,50.70,0
514,1,74.03,97.29,79.71,37.36,16.01,51.61,0
514,2,76.33,96.97,80.49,37.35,15.14,49.26,0
514,3,75.12,97.54,77.66,38.37,15.44,49.54,0
514,4,77.79,97.13,78.83,38.65,16.11,52.22,0
514,5,75.78,97.05,76.77,37.46,15.83,52.34,0
514,6,74.46,97.45,81.80,37.45,15.98,50.29,0
514,7,73.89,97.51,79.81,37.95,15.80,51.14,0
514,8,74.59,97.56,81.85,38.71,15.47,49.09,0
514,9,74.16,97.07,80.65,37.34,15.57,50.68,0
514,10,73.05,97.00,79.46,38.36,15.92,51.40,0
514,11,75.11,97.09,78.20,38.48,15.09,50.48,0
514,12,73.15,96.82,75.49,38.51,15.83,51.18,0
514,13,74.52,97.13,79.14,38.44,15.73,49.19,0
514,14,75.64,97.22,80.16,36.77,15.06,50.71,0
514,15,72.42,97.52,76.74,37.67,15.31,51.53,0
514,16,75.10,97.03,75.53,38.70,16.12,50.49,0
514,17,72.82,97.16,80.19,37.91,15.90,50.74,0
514,18,76.68,97.12,79.04,37.25,15.83,49.51,0
514,19,76.01,96.98,79.37,37.93,16.09,50.25,0
515,0,84.34,97.66,78.41,37.35,11.40,43.55,0
515,1,84.05,97.44,78.01,38.52,11.09,42.58,0
515,2,83.04,97.67,78.95,37.04,11.69,45.02,0
515,3,85.29,97.22,77.51,38.41,10.95,41.80,0
515,4,82.59,97.35,81.18,37.44,11.27,42.11,0
515,5,82.32,97.59,80.09,37.96,10.92,44.55,0
515,6,84.37,97.25,77.20,38.51,11.01,44.45,0
515,7,83.73,97.44,78.67,37.68,11.64,44.03,0
515,8,83.05,97.56,79.43,37.36,10.87,42.00,0
515,9,85.25,97.90,79.58,37.73,10.95,42.30,0
515,10,84.19,97.38,76.04,37.35,11.74,44.08,0
515,11,83.71,97.72,79.28,38.36,11.42,43.79,0
515,12,83.83,97.11,81.27,37.88,11.19,44.38,0
515,13,83.39,97.69,78.95,37.28,11.94,44.83,0
515,14,83.00,97.76,78.51,37.92,11.52,41.95,0
515,15,81.20,97.23,75.58,38.83,10.89,44.86,0
515,16,83.40,97.28,79.18,38.48,11.66,45.25,0
515,17,84.84,97.59,75.89,38.95,11.37,41.71,0
515,18,81.58,97.47,79.84,38.79,11.68,43.12,0
515,19,83.61,97.55,78.42,37.47,11.56,45.40,0
516,0,76.28,97.87,91.27,34.09,12.19,59.91,0
516,1,72.83,98.30,87.85,34.60,13.02,58.64,0
516,2,74.37,98.15,89.26,34.18,12.62,57.12,0
516,3,74.89,98.28,89.53,34.92,12.62,57.84,0
516,4,75.66,98.29,91.53,34.97,13.00,57.89,0
516,5,73.33,98.31,90.43,35.23,12.21,59.84,0
516,6,75.76,98.21,92.49,35.55,12.55,59.45,0
516,7,74.47,97.79,90.24,33.98,12.84,58.20,0
516,8,83.95,95.78,81.85,34.67,13.20,65.27,0
516,9,84.14,95.60,82.39,34.78,12.70,65.49,0
516,10,85.01,95.14,74.47,35.52,12.50,70.12,1
516,11,82.24,95.80,80.07,34.94,12.70,67.28,0
516,12,81.10,96.24,82.10,35.17,12.29,63.43,0
516,13,75.08,98.20,86.57,34.42,13.01,58.72,0
516,14,72.53,98.26,90.93,35.52,12.43,58.50,0
516,15,71.98,97.91,86.74,35.12,12.89,59.43,0
516,16,74.81,98.18,90.62,35.10,13.30,59.63,0
516,17,75.85,97.95,89.78,34.79,12.19,57.11,0
516,18,73.67,98.35,88.49,34.98,12.82,59.62,0
516,19,73.07,98.48,91.44,34.79,12.82,58.69,0
517,0,79.19,98.96,88.22,34.28,13.44,56.03,0
517,1,81.88,98.74,84.96,34.05,14.03,58.15,0
517,2,82.10,99.03,86.09,34.10,13.07,57.19,0
517,3,82.44,98.77,86.37,34.54,14.01,56.29,0
517,4,79.92,98.65,86.90,34.59,13.26,55.03,0
517,5,83.37,98.84,89.02,33.81,13.05,58.05,0
517,6,83.55,99.19,84.05,33.78,13.07,58.32,0
517,7,82.37,98.83,86.37,34.72,14.00,56.54,0
517,8,90.86,96.55,82.14,34.91,13.47,61.85,0
517,9,90.40,96.31,78.00,34.23,13.43,64.06,0
517,10,94.00,96.28,76.80,33.69,13.47,67.10,1
517,11,92.47,96.29,76.79,34.48,13.42,64.17,0
517,12,88.57,96.83,77.49,34.38,14.00,63.08,0
517,13,81.89,98.73,83.86,33.41,13.81,55.99,0
517,14,79.24,98.54,87.85,34.46,14.01,57.98,0
517,15,78.90,98.86,84.66,34.72,13.43,55.71,0
517,16,81.90,98.87,87.94,35.02,13.78,57.26,0
517,17,82.15,98.70,86.28,34.15,13.20,55.27,0
517,18,79.09,99.10,85.59,33.39,13.56,55.66,0
517,19,79.23,99.06,84.28,34.63,14.01,56.72,0
518,0,79.11,98.16,95.46,36.07,10.05,61.31,0
518,1,76.22,97.83,93.91,35.07,10.13,61.45,0
518,2,79.60,98.03,95.17,35.77,9.72,60.06,0
518,3,76.91,98.11,91.56,36.09,10.40,58.85,0
518,4,77.43,97.82,93.22,35.22,9.97,59.49,0
518,5,77.34,98.06,94.05,35.74,10.05,59.37,0
518,6,77.11,97.47,96.24,35.59,10.15,61.43,0
518,7,78.04,97.83,94.13,34.75,9.66,61.51,0
518,8,79.50,98.08,91.31,35.54,9.91,59.31,0
518,9,78.98,97.51,90.82,36.57,10.05,62.65,0
518,10,76.48,98.03,90.22,35.65,9.49,61.73,0
518,11,75.83,97.65,91.05,36.05,9.95,59.29,0
518,12,76.73,97.93,90.96,35.76,9.82,59.77,0
518,13,76.69,97.55,91.10,36.24,10.00,61.10,0
518,14,79.01,98.02,91.58,35.61,10.39,60.22,0
518,15,79.08,97.57,92.50,36.69,9.77,61.97,0
518,16,77.48,98.16,92.17,36.49,10.59,62.22,0
518,17,77.02,97.53,91.84,34.84,9.53,61.61,0
518,18,78.99,97.59,94.46,36.53,10.12,60.00,0
518,19,78.41,97.75,91.74,35.75,10.06,59.78,0
519,0,83.64,97.97,96.41,37.98,11.08,53.91,0
519,1,84.40,97.84,96.57,36.78,10.99,51.60,0
519,2,86.31,98.21,98.26,37.29,11.29,53.12,0
519,3,83.16,98.17,95.73,36.80,11.63,52.86,0
519,4,83.10,98.00,95.72,37.24,10.98,52.32,0
519,5,84.87,98.02,95.52,37.10,11.44,52.21,0
519,6,84.21,97.86,96.88,36.40,10.69,51.22,0
519,7,83.28,97.70,94.16,36.78,11.32,53.15,0
519,8,84.82,97.67,99.66,36.82,11.35,53.16,0
519,9,83.35,97.65,96.96,36.11,11.74,54.66,0
519,10,83.93,98.38,99.00,36.35,11.69,54.27,0
519,11,85.51,97.97,93.21,36.89,10.97,52.06,0
519,12,81.88,98.38,96.47,36.48,10.91,54.00,0
519,13,83.20,98.20,97.88,37.48,10.65,51.97,0
519,14,82.79,97.73,97.85,37.40,10.93,53.63,0
519,15,84.34,97.90,94.73,37.13,11.46,51.48,0
519,16,81.93,98.44,93.87,36.46,11.14,51.63,0
519,17,83.75,97.78,97.48,37.47,10.99,53.66,0
519,18,85.68,97.70,97.85,37.69,11.33,51.88,0
519,19,82.41,98.27,98.85,37.47,11.58,54.06,0
520,0,76.17,97.09,85.19,36.25,15.47,60.88,0
520,1,75.22,97.12,86.78,36.44,16.21,60.57,0
520,2,77.08,97.55,83.99,37.51,15.41,62.13,0
520,3,78.34,97.50,83.70,37.00,16.28,59.50,0
520,4,76.36,97.08,85.55,36.53,15.37,58.64,0
520,5,75.35,97.30,87.86,37.60,16.08,60.36,0
520,6,76.52,97.68,86.31,36.52,15.58,62.42,0
520,7,75.96,97.37,83.21,36.46,15.34,62.45,0
520,8,77.37,97.34,88.51,37.00,16.09,59.49,0
520,9,77.32,96.97,84.35,36.54,16.03,58.66,0
520,10,74.47,96.91,82.90,37.42,15.24,60.01,0
520,11,76.39,97.61,82.29,37.55,15.52,59.46,0
520,12,74.74,97.46,84.17,36.36,15.33,59.90,0
520,13,73.93,97.07,82.08,36.93,15.77,61.00,0
520,14,73.34,97.45,85.96,37.17,16.35,61.24,0
520,15,73.70,97.08,83.14,37.10,15.28,59.85,0
520,16,76.66,97.44,84.88,37.44,15.78,59.57,0
520,17,77.13,96.92,83.46,37.55,15.35,58.81,0
520,18,77.01,97.43,87.84,38.03,15.27,60.55,0
520,19,77.74,97.49,85.50,37.08,15.96,60.06,0
521,0,74.50,98.92,83.45,36.37,10.30,62.30,0
521,1,73.42,98.99,88.19,36.80,10.33,60.48,0
521,2,72.89,98.86,87.48,37.23,10.14,61.96,0
521,3,72.44,98.54,88.21,36.92,10.18,62.30,0
521,4,73.29,98.45,84.66,35.89,10.18,60.46,0
521,5,74.07,98.74,84.94,37.33,10.14,60.89,0
521,6,74.86,98.70,86.69,36.13,10.46,62.27,0
521,7,72.20,98.58,83.80,36.09,10.18,62.44,0
521,8,75.34,98.75,86.89,37.11,10.35,62.79,0
521,9,72.07,98.61,84.64,36.33,10.96,60.80,0
521,10,73.60,98.76,84.90,36.74,9.79,59.46,0
521,11,71.35,98.83,83.90,36.21,9.78,63.02,0
521,12,71.41,99.18,85.66,37.71,10.35,59.73,0
521,13,73.45,98.54,86.26,36.41,9.93,62.91,0
521,14,73.35,99.09,87.52,36.32,10.49,59.43,0
521,15,71.14,98.77,84.19,35.92,10.44,59.81,0
521,16,72.29,98.91,83.30,37.67,9.82,62.50,0
521,17,73.15,98.99,84.76,37.00,10.35,61.29,0
521,18,72.42,98.59,87.14,35.98,10.42,62.52,0
521,19,74.20,98.67,84.59,36.56,10.69,59.90,0
522,0,89.15,97.22,79.62,37.28,14.37,45.28,0
522,1,88.28,97.58,80.98,36.37,13.87,42.59,0
522,2,89.47,97.20,82.40,36.31,13.60,42.39,0
522,3,91.83,97.30,79.10,36.02,14.28,42.25,0
522,4,91.71,97.69,81.79,35.90,14.34,43.95,0
522,5,90.97,97.55,83.07,36.25,13.39,46.05,0
522,6,90.94,97.59,77.87,37.05,14.10,45.76,0
522,7,90.45,97.58,81.99,36.83,14.23,45.46,0
522,8,91.62,97.30,81.58,35.52,14.04,42.75,0
522,9,90.75,97.00,79.34,36.57,13.28,46.17,0
522,10,99.43,95.63,75.46,36.08,14.16,51.20,0
522,11,97.65,95.18,68.10,37.43,14.11,52.12,0
522,12,102.67,93.99,68.13,36.41,14.04,52.42,1
522,13,97.55,94.54,67.30,37.42,13.55,52.05,0
522,14,97.32,95.41,70.12,37.20,13.95,48.34,0
522,15,88.78,97.00,80.25,35.78,14.14,45.60,0
522,16,87.02,97.12,75.89,35.69,13.87,45.76,0
522,17,89.65,97.66,80.16,36.16,13.32,44.55,0
522,18,89.01,97.15,78.58,36.35,13.64,45.79,0
522,19,91.15,96.93,79.95,36.33,14.00,42.87,0
523,0,76.66,97.53,83.48,35.80,13.83,54.07,0
523,1,74.13,97.75,79.81,35.59,13.74,56.98,0
523,2,75.25,97.69,81.74,35.80,13.71,56.48,0
523,3,74.48,97.86,84.14,35.45,14.22,55.00,0
523,4,76.75,97.75,84.16,35.79,13.68,56.23,0
523,5,76.23,97.64,79.38,36.17,13.71,55.06,0
523,6,76.39,97.95,84.82,35.71,13.67,55.20,0
523,7,76.74,97.82,80.25,36.24,13.77,56.57,0
523,8,74.51,97.91,78.58,35.97,13.83,57.63,0
523,9,76.97,97.67,81.68,36.17,14.33,57.30,0
523,10,74.05,97.77,79.78,36.24,14.37,57.56,0
523,11,75.91,97.80,78.95,35.39,14.43,55.90,0
523,12,75.53,97.79,80.23,36.06,14.07,54.28,0
523,13,72.86,98.01,78.79,35.35,13.68,55.99,0
523,14,75.01,98.01,77.55,35.22,14.29,57.31,0
523,15,75.64,97.98,83.41,35.22,13.62,56.67,0
523,16,72.98,98.05,82.36,35.62,14.50,56.86,0
523,17,74.93,97.99,82.95,35.96,14.39,57.10,0
523,18,75.23,97.46,83.18,35.89,14.07,57.67,0
523,19,76.04,98.02,80.16,36.49,13.45,57.79,0
524,0,81.45,98.60,86.92,36.36,10.44,50.66,0
524,1,82.39,99.04,85.58,36.76,10.14,52.10,0
524,2,80.14,98.31,84.27,36.60,10.35,53.43,0
524,3,81.06,98.49,83.43,36.33,10.03,50.97,0
524,4,81.19,98.97,88.19,36.21,10.21,53.10,0
524,5,80.68,98.57,88.06,35.32,10.15,51.11,0
524,6,83.04,98.82,84.33,35.67,10.83,53.49,0
524,7,80.50,98.41,88.38,35.55,9.76,53.27,0
524,8,82.35,98.95,84.22,36.03,10.04,52.71,0
524,9,81.25,99.02,82.90,36.08,10.07,52.74,0
524,10,81.03,98.41,85.03,36.48,10.47,49.76,0
524,11,82.32,99.07,85.57,36.97,10.85,53.21,0
524,12,81.88,99.07,83.39,35.43,10.20,50.19,0
524,13,80.49,98.33,86.21,37.10,10.71,52.09,0
524,14,81.19,98.83,81.70,35.33,10.43,51.55,0
524,15,79.95,98.50,83.47,36.09,10.63,52.86,0
524,16,80.85,98.66,84.54,36.98,10.09,50.01,0
524,17,80.29,98.88,86.86,35.94,10.45,50.94,0
524,18,81.28,98.52,84.87,37.09,9.66,50.74,0
524,19,79.61,98.66,84.00,36.94,9.67,53.58,0
525,0,76.03,97.22,90.15,38.34,13.66,48.32,0
525,1,78.36,97.39,90.55,36.63,13.81,47.15,0
525,2,75.90,97.41,90.34,37.06,12.89,47.57,0
525,3,77.07,96.88,89.72,37.04,13.51,48.67,0
525,4,77.93,97.24,92.50,37.60,13.79,46.85,0
525,5,76.80,96.94,91.98,37.08,13.06,46.23,0
525,6,78.81,97.23,88.85,37.27,13.58,47.47,0
525,7,79.28,96.97,87.50,37.88,14.04,47.35,0
525,8,76.45,97.64,87.49,36.79,13.42,48.29,0
525,9,78.97,97.52,92.18,38.31,13.51,46.83,0
525,10,85.89,94.91,85.76,37.27,14.03,54.82,0
525,11,86.83,94.88,80.33,37.43,13.66,56.29,0
525,12,87.08,94.50,76.55,36.54,13.46,57.70,1
525,13,86.85,94.91,79.82,37.49,13.38,57.28,0
525,14,82.83,95.61,83.62,36.84,13.44,53.42,0
525,15,74.95,97.42,91.42,36.55,13.80,48.21,0
525,16,76.41,97.16,86.93,37.16,13.21,47.39,0
525,17,77.94,97.37,87.98,37.49,13.02,48.72,0
525,18,75.49,97.49,88.35,37.43,13.36,49.47,0
525,19,78.03,96.94,90.40,36.59,13.32,46.17,0
526,0,72.27,97.77,87.64,37.87,13.21,60.56,0
526,1,74.04,97.19,88.76,39.22,13.51,61.93,0
526,2,75.93,97.04,85.07,39.03,14.12,62.14,0
526,3,74.02,97.12,86.97,38.99,14.00,61.17,0
526,4,72.95,97.17,86.77,37.76,13.11,62.10,0
526,5,73.79,97.34,90.35,37.93,13.68,60.59,0
526,6,73.40,97.23,86.38,38.15,13.45,61.77,0
526,7,73.96,97.73,88.20,39.40,13.17,59.95,0
526,8,80.84,95.44,79.52,39.42,13.72,67.82,0
526,9,84.48,94.84,75.10,38.34,13.05,68.07,0
526,10,87.11,94.33,71.97,38.16,13.62,70.24,1
526,11,83.86,95.09,76.71,39.61,13.60,70.82,0
526,12,80.46,95.09,81.27,39.59,13.36,65.93,0
526,13,74.04,97.15,88.90,38.40,14.10,62.39,0
526,14,72.56,97.31,87.37,38.65,13.63,60.80,0
526,15,71.86,97.68,83.91,38.23,13.50,60.10,0
526,16,73.07,97.09,84.93,38.80,13.35,61.81,0
526,17,74.11,97.13,89.05,38.69,13.72,62.18,0
526,18,75.04,97.51,83.72,37.74,13.75,63.66,0
526,19,72.37,97.37,86.22,38.56,14.07,60.74,0
527,0,72.76,97.36,82.32,38.17,14.14,54.19,0
527,1,69.60,97.52,81.78,38.55,14.82,54.03,0
527,2,72.63,97.44,79.99,38.46,14.97,52.16,0
527,3,69.97,96.98,80.46,37.50,13.86,53.96,0
527,4,73.53,96.98,79.84,37.49,14.17,52.78,0
527,5,71.49,97.10,80.64,38.92,14.63,55.25,0
527,6,70.24,96.90,83.79,37.72,14.49,51.91,0
527,7,71.69,97.41,82.48,38.62,13.98,53.42,0
527,8,69.98,97.14,79.87,39.01,14.72,53.80,0
527,9,70.44,97.46,82.03,37.05,14.54,51.94,0
527,10,71.17,97.57,81.45,37.38,14.19,53.64,0
527,11,70.24,97.56,78.24,37.47,14.49,55.09,0
527,12,70.02,97.47,81.29,37.23,14.63,52.86,0
527,13,68.46,97.01,77.74,38.24,13.88,55.22,0
527,14,68.82,97.24,80.85,38.31,14.52,55.19,0
527,15,69.70,96.99,80.31,38.31,14.71,54.15,0
527,16,70.69,97.18,79.96,37.07,14.25,52.49,0
527,17,70.37,97.64,82.65,37.55,14.49,55.39,0
527,18,68.81,97.08,78.55,37.47,14.94,53.16,0
527,19,69.50,96.87,83.46,38.18,15.01,54.82,0
528,0,74.05,97.47,94.48,35.11,12.33,56.03,0
528,1,77.48,97.35,92.53,34.70,12.54,59.51,0
528,2,78.07,97.19,95.66,35.18,13.40,56.52,0
528,3,75.50,97.56,95.21,35.99,13.36,55.96,0
528,4,76.31,97.17,98.23,35.64,13.52,57.39,0
528,5,75.33,97.05,96.91,36.05,13.50,56.39,0
528,6,77.79,97.36,93.49,36.28,13.08,57.42,0
528,7,78.10,97.35,94.45,34.66,13.47,57.80,0
528,8,75.13,97.52,93.02,35.82,12.58,57.78,0
528,9,75.27,96.98,91.79,35.42,13.42,57.84,0
528,10,82.11,94.96,89.79,35.97,13.47,65.12,0
528,11,84.23,94.36,85.44,35.44,13.00,64.40,0
528,12,89.27,94.02,81.11,34.71,13.35,66.34,1
528,13,85.83,94.51,85.06,35.49,12.77,64.06,0
528,14,82.02,95.15,85.61,35.06,12.90,64.67,0
528,15,73.70,97.01,95.77,35.91,13.30,57.41,0
528,16,76.01,96.89,95.52,35.64,13.42,59.17,0
528,17,77.30,97.35,93.30,34.60,13.14,59.37,0
528,18,74.28,96.92,93.80,36.30,13.30,58.25,0
528,19,77.87,97.23,96.76,35.86,12.95,57.74,0
529,0,88.53,98.30,97.62,34.94,11.80,47.65,0
529,1,88.03,98.20,96.32,35.16,11.72,48.98,0
529,2,88.60,98.52,93.86,34.36,11.29,47.41,0
529,3,89.03,98.29,93.85,35.55,11.23,48.35,0
529,4,92.20,98.39,94.36,35.84,10.99,47.00,0
529,5,88.66,98.20,93.30,35.53,11.45,47.74,0
529,6,88.83,98.49,96.79,35.14,11.83,47.08,0
529,7,89.04,97.91,93.71,36.04,11.38,48.97,0
529,8,89.50,98.48,94.31,35.16,11.09,49.26,0
529,9,87.91,98.31,93.55,34.94,11.48,46.55,0
529,10,87.56,98.04,93.83,35.10,11.48,47.27,0
529,11,89.35,98.23,93.68,35.83,12.13,48.37,0
529,12,89.21,98.44,95.81,34.09,11.53,47.08,0
529,13,87.96,97.89,92.67,35.28,11.51,47.40,0
529,14,90.01,98.33,92.61,34.78,11.72,49.80,0
529,15,87.12,98.47,92.90,35.32,11.52,48.39,0
529,16,90.22,98.48,94.64,35.98,11.44,49.94,0
529,17,88.23,98.32,95.89,35.70,12.09,47.95,0
529,18,91.20,97.94,91.81,34.18,11.09,48.00,0
529,19,90.75,98.25,96.20,34.20,11.76,49.79,0
530,0,76.66,98.34,86.05,36.95,11.85,47.09,0
530,1,74.48,98.64,86.98,37.23,12.06,46.71,0
530,2,73.39,98.65,90.19,37.36,11.64,47.98,0
530,3,73.69,98.66,90.57,38.26,10.97,47.83,0
530,4,76.73,98.22,89.60,38.56,11.18,45.13,0
530,5,76.90,98.79,88.48,37.81,12.14,45.43,0
530,6,76.61,98.90,87.12,37.48,11.87,47.96,0
530,7,75.29,98.30,90.05,37.69,11.73,45.72,0
530,8,73.82,98.86,86.33,37.89,11.81,47.17,0
530,9,74.37,98.29,85.98,37.44,11.40,47.32,0
530,10,76.44,98.48,86.91,37.02,11.52,45.19,0
530,11,72.57,98.52,87.94,37.86,11.66,47.21,0
530,12,74.50,98.68,89.11,36.66,11.35,48.01,0
530,13,72.16,98.38,86.39,37.43,11.91,45.91,0
530,14,75.74,98.33,84.18,38.32,11.22,47.93,0
530,15,72.13,98.46,87.14,37.81,11.52,46.07,0
530,16,73.99,98.40,88.12,37.90,11.53,45.46,0
530,17,75.08,98.61,85.80,37.72,11.01,44.92,0
530,18,75.86,98.45,89.34,37.30,11.41,45.03,0
530,19,74.00,98.61,88.25,36.74,11.26,45.68,0
531,0,73.05,98.49,90.20,33.50,10.40,61.25,0
531,1,75.77,98.27,91.41,33.91,10.27,61.25,0
531,2,73.50,98.89,87.51,35.16,10.22,62.46,0
531,3,77.03,98.46,89.35,35.25,11.13,61.31,0
531,4,73.30,98.44,90.79,33.98,10.20,63.38,0
531,5,77.04,98.15,90.16,33.53,11.30,61.15,0
531,6,76.33,98.73,88.48,35.39,10.59,60.13,0
531,7,76.35,98.39,93.31,35.15,10.34,60.32,0
531,8,81.49,96.38,85.60,35.20,10.48,68.55,0
531,9,85.28,95.81,81.94,33.71,10.22,70.84,0
531,10,87.73,95.51,75.65,34.98,10.54,69.90,1
531,11,85.91,95.69,77.58,34.73,10.28,68.80,0
531,12,82.00,96.91,80.66,33.79,10.28,67.57,0
531,13,73.38,98.24,87.69,34.13,10.32,62.51,0
531,14,72.40,98.16,90.72,34.80,10.64,62.53,0
531,15,74.47,98.63,90.44,34.12,10.33,63.18,0
531,16,75.59,98.16,86.33,35.26,11.26,59.95,0
531,17,72.51,98.53,87.80,34.30,10.61,60.78,0
531,18,74.79,98.51,87.47,33.78,11.06,63.26,0
531,19,74.57,98.52,89.06,34.30,10.90,60.73,0
532,0,86.56,97.38,95.78,34.80,13.25,45.53,0
532,1,84.37,97.39,95.97,35.93,13.27,46.51,0
532,2,86.41,97.63,95.15,36.51,13.39,45.59,0
532,3,87.44,97.90,100.01,35.98,13.32,45.55,0
532,4,85.68,97.84,99.02,35.99,13.16,46.85,0
532,5,86.12,97.85,100.51,35.07,13.21,45.36,0
532,6,84.83,97.30,99.49,35.19,13.49,44.87,0
532,7,84.77,97.83,100.79,36.44,13.39,46.63,0
532,8,92.34,95.86,93.14,35.62,13.37,52.43,0
532,9,94.62,94.90,89.53,36.20,13.45,54.32,0
532,10,98.34,94.70,87.09,35.53,12.79,56.31,1
532,11,96.09,95.13,85.44,35.93,13.51,53.48,0
532,12,93.60,95.76,88.80,35.74,13.17,52.62,0
532,13,84.46,97.68,94.72,36.49,13.23,45.91,0
532,14,82.65,97.29,94.92,35.08,13.72,44.38,0
532,15,85.43,97.62,96.39,34.82,13.20,43.78,0
532,16,84.50,97.90,97.71,35.30,12.75,43.81,0
532,17,85.39,97.70,94.58,35.24,13.54,47.10,0
532,18,85.05,97.88,99.07,36.55,13.00,43.74,0
532,19,85.17,97.98,95.30,35.18,13.12,47.52,0
533,0,85.07,98.13,93.57,37.13,11.09,40.36,0
533,1,83.36,98.36,93.85,37.54,11.46,41.86,0
533,2,85.97,98.24,95.39,38.41,10.48,41.49,0
533,3,86.27,98.13,96.05,38.23,11.01,43.59,0
533,4,84.08,98.33,97.70,38.80,10.91,41.60,0
533,5,86.19,98.52,99.28,37.64,11.64,42.53,0
533,6,84.57,98.57,95.29,38.78,10.48,42.05,0
533,7,84.27,98.51,95.27,38.65,11.09,42.42,0
533,8,83.00,98.72,97.00,38.14,10.47,43.72,0
533,9,84.64,98.04,97.63,37.58,11.35,40.14,0
533,10,83.68,98.22,93.53,38.58,10.97,40.41,0
533,11,83.90,98.36,94.76,38.55,10.76,40.88,0
533,12,81.93,98.72,93.51,38.95,10.69,43.00,0
533,13,83.81,98.32,97.87,37.28,11.35,41.59,0
533,14,84.47,98.14,96.36,37.15,11.29,43.41,0
533,15,84.84,98.06,92.33,37.63,10.98,42.67,0
533,16,83.03,98.42,93.85,37.54,10.77,43.99,0
533,17,82.60,98.23,96.73,37.95,10.99,40.09,0
533,18,84.84,98.44,98.18,37.19,11.25,41.08,0
533,19,82.53,98.17,96.48,38.61,11.63,40.70,0
534,0,81.94,98.72,89.29,38.45,10.68,45.10,0
534,1,80.40,98.46,92.07,39.09,10.44,45.90,0
534,2,80.53,98.93,90.70,37.96,10.05,46.92,0
534,3,82.58,98.67,91.33,37.73,10.15,43.49,0
534,4,81.91,98.79,87.42,39.02,10.91,43.89,0
534,5,82.14,98.67,90.57,37.84,10.75,45.14,0
534,6,80.03,98.34,88.78,38.49,10.36,43.45,0
534,7,79.62,98.61,87.89,37.52,10.77,44.68,0
534,8,81.72,98.41,91.00,38.58,10.09,45.68,0
534,9,80.34,98.76,88.53,38.32,11.14,47.06,0
534,10,79.94,98.68,88.46,38.96,10.26,46.85,0
534,11,78.39,98.33,86.59,37.80,10.19,47.19,0
534,12,80.36,98.45,86.44,38.80,10.13,46.14,0
534,13,81.29,98.68,91.07,38.84,10.22,45.71,0
534,14,79.41,98.30,87.51,37.39,11.04,43.45,0
534,15,78.18,98.79,85.85,38.12,10.27,46.51,0
534,16,80.47,98.48,86.43,37.98,10.08,45.63,0
534,17,78.98,98.61,91.42,38.92,10.07,46.78,0
534,18,80.17,98.79,88.54,38.70,10.79,45.11,0
534,19,82.64,98.74,87.81,38.98,10.52,44.10,0
535,0,90.23,97.74,79.82,33.41,13.65,59.45,0
535,1,91.85,97.30,80.18,34.29,13.55,59.82,0
535,2,92.37,97.72,81.17,34.36,12.91,59.63,0
535,3,91.72,97.74,82.17,33.99,13.40,59.36,0
535,4,93.44,97.61,84.26,34.78,12.73,58.97,0
535,5,90.59,97.14,81.11,35.00,13.70,60.96,0
535,6,90.51,97.36,81.91,33.45,12.82,57.49,0
535,7,92.50,97.76,81.30,33.55,13.66,58.36,0
535,8,93.90,97.25,83.54,34.23,13.60,59.60,0
535,9,90.57,97.54,79.56,34.86,13.06,57.58,0
535,10,91.63,97.50,79.37,35.08,13.24,59.55,0
535,11,89.86,97.47,77.40,34.34,13.29,60.35,0
535,12,92.89,97.12,81.72,34.35,13.63,59.97,0
535,13,92.79,97.41,82.41,34.57,13.62,60.27,0
535,14,90.70,97.36,79.20,34.90,13.47,58.08,0
535,15,91.22,97.11,77.54,34.20,13.35,59.36,0
535,16,91.81,97.44,79.74,35.06,12.66,58.31,0
535,17,90.02,97.26,81.88,33.48,13.30,59.84,0
535,18,92.48,97.44,82.62,34.42,13.67,60.61,0
535,19,90.18,97.62,82.58,34.30,13.21,57.47,0
536,0,90.42,98.53,80.60,34.84,13.44,48.81,0
536,1,90.40,98.85,78.51,35.27,14.34,49.94,0
536,2,92.26,98.92,76.38,34.58,13.58,52.53,0
536,3,89.97,98.54,78.31,35.93,14.02,49.26,0
536,4,89.27,98.65,80.89,35.87,13.60,50.23,0
536,5,90.36,98.62,79.28,34.62,13.26,50.72,0
536,6,91.65,98.80,78.69,36.07,13.58,50.56,0
536,7,89.95,98.59,79.68,34.75,13.35,50.26,0
536,8,97.13,96.94,72.83,34.47,13.31,56.09,0
536,9,98.35,96.43,69.94,35.87,13.39,59.80,0
536,10,100.75,95.90,65.18,34.60,13.32,60.90,1
536,11,100.72,96.42,70.20,35.57,13.70,59.48,0
536,12,97.45,96.65,74.55,36.23,13.78,56.03,0
536,13,89.29,99.02,76.35,35.21,13.92,50.90,0
536,14,90.62,98.54,76.30,34.75,13.33,49.79,0
536,15,90.90,99.05,77.31,35.73,14.00,51.01,0
536,16,87.85,98.45,76.15,34.55,13.75,50.13,0
536,17,90.23,98.74,77.04,36.05,13.90,51.38,0
536,18,89.26,98.37,76.84,34.90,13.55,49.78,0
536,19,89.94,98.91,76.15,35.96,13.57,51.93,0
537,0,85.73,97.87,94.55,35.44,10.72,57.38,0
537,1,84.70,98.31,94.45,34.95,10.84,59.78,0
537,2,86.06,98.06,95.13,34.90,11.80,58.34,0
537,3,85.95,97.71,91.61,36.65,11.16,57.03,0
537,4,86.97,97.91,95.54,36.66,11.47,56.61,0
537,5,86.77,98.26,94.14,36.42,11.72,59.58,0
537,6,84.35,97.55,91.53,36.68,11.63,57.82,0
537,7,87.15,97.62,93.98,35.51,10.74,58.16,0
537,8,85.76,98.05,92.90,35.07,11.64,59.85,0
537,9,92.97,96.23,83.60,35.97,11.15,64.24,0
537,10,94.47,95.47,82.03,36.07,10.92,64.89,0
537,11,95.57,95.29,81.66,36.73,11.59,69.65,1
537,12,93.62,95.63,82.30,36.38,11.76,65.15,0
537,13,92.44,95.98,85.11,35.49,10.92,62.02,0
537,14,84.54,98.11,89.15,36.17,10.93,55.96,0
537,15,85.57,98.08,92.32,36.12,11.16,56.96,0
537,16,82.80,97.83,94.11,35.66,11.85,56.38,0
537,17,85.41,98.13,94.19,36.00,11.52,56.20,0
537,18,84.77,98.17,94.93,36.23,11.77,59.30,0
537,19,83.46,97.68,91.44,35.36,11.78,57.88,0
538,0,84.98,98.20,78.78,33.70,11.94,56.05,0
538,1,86.18,98.31,78.74,33.55,11.62,55.53,0
538,2,84.18,98.10,76.33,33.49,11.50,56.07,0
538,3,87.37,98.69,78.74,33.09,12.56,58.93,0
538,4,86.20,98.40,77.58,33.25,11.91,55.36,0
538,5,87.38,98.71,77.61,34.52,12.32,56.94,0
538,6,85.32,98.41,77.64,34.00,11.77,58.80,0
538,7,86.92,98.77,76.48,34.28,12.02,55.82,0
538,8,86.46,98.31,79.83,34.18,11.84,57.48,0
538,9,85.05,98.16,76.64,33.83,11.56,55.35,0
538,10,95.51,96.28,74.43,33.51,12.32,62.75,0
538,11,96.73,95.62,67.49,33.85,11.68,65.83,0
538,12,99.00,95.13,65.53,33.66,12.11,65.55,1
538,13,96.39,96.07,70.96,32.73,12.29,63.71,0
538,14,92.41,96.84,71.11,33.90,12.20,63.83,0
538,15,83.96,98.58,76.33,33.00,12.27,55.40,0
538,16,83.24,98.26,75.33,33.96,12.59,56.98,0
538,17,86.91,98.88,75.25,32.61,12.39,56.32,0
538,18,83.98,98.72,78.20,32.77,12.32,57.23,0
538,19,84.40,98.84,78.48,34.04,11.51,58.40,0
539,0,75.80,97.66,88.86,35.12,13.49,47.81,0
539,1,73.67,97.88,89.31,34.45,13.94,48.15,0
539,2,74.68,97.49,87.74,35.21,14.08,48.46,0
539,3,74.05,98.07,91.75,34.23,13.98,50.02,0
539,4,74.78,97.49,88.97,35.56,13.96,48.07,0
539,5,74.86,97.88,89.97,35.40,13.08,51.59,0
539,6,76.36,97.63,88.03,34.33,13.73,51.42,0
539,7,76.25,98.01,91.65,35.43,13.89,50.54,0
539,8,76.50,97.94,90.06,34.98,13.27,50.78,0
539,9,75.31,97.98,90.04,35.83,13.22,48.75,0
539,10,75.43,97.77,91.47,34.87,14.00,48.31,0
539,11,74.87,97.99,86.73,34.51,13.98,49.99,0
539,12,72.22,97.46,87.64,35.87,13.38,51.74,0
539,13,75.13,97.94,88.35,35.35,14.04,48.08,0
539,14,74.04,98.13,88.31,35.56,14.23,48.89,0
539,15,73.44,98.11,86.74,35.95,13.47,48.11,0
539,16,72.26,97.70,91.80,35.43,14.22,51.54,0
539,17,74.56,97.94,91.52,36.12,13.49,48.14,0
539,18,74.30,98.01,89.11,35.33,13.09,49.57,0
539,19,75.97,97.49,90.51,35.72,14.02,51.23,0
540,0,89.57,98.75,92.77,38.32,15.72,51.71,0
540,1,89.91,98.73,94.73,36.75,14.82,48.36,0
540,2,91.72,98.61,94.07,37.20,14.91,50.94,0
540,3,92.86,98.85,96.52,36.88,14.92,49.41,0
540,4,90.87,98.62,93.08,38.60,14.69,48.37,0
540,5,92.81,98.88,92.53,37.91,14.92,49.10,0
540,6,90.72,98.94,95.74,37.89,15.70,50.62,0
540,7,90.84,98.25,95.24,37.96,14.96,48.88,0
540,8,90.76,98.73,95.32,36.77,15.84,47.74,0
540,9,91.75,98.21,94.79,38.30,15.28,48.94,0
540,10,92.30,98.34,95.50,37.39,14.96,48.63,0
540,11,89.09,98.93,93.21,38.72,15.84,48.60,0
540,12,89.27,98.33,90.94,38.72,15.57,48.09,0
540,13,91.83,98.68,92.77,38.41,15.35,48.95,0
540,14,90.55,98.75,96.24,36.79,15.77,48.32,0
540,15,91.49,98.53,93.57,37.28,15.51,50.24,0
540,16,88.48,98.95,96.14,37.32,15.24,48.84,0
540,17,92.29,98.44,95.50,37.43,15.61,50.78,0
540,18,88.77,98.69,93.19,37.59,15.72,51.12,0
540,19,92.91,98.18,95.51,37.49,15.54,49.75,0
541,0,73.98,97.09,81.18,34.96,13.39,55.93,0
541,1,72.87,96.82,79.51,34.85,12.74,57.35,0
541,2,71.65,97.44,80.37,33.10,12.78,58.41,0
541,3,72.41,97.15,83.33,33.66,13.29,58.96,0
541,4,73.60,96.89,81.94,35.02,12.94,56.02,0
541,5,73.96,96.83,81.11,34.24,13.49,56.09,0
541,6,73.44,97.26,83.00,33.49,12.81,57.78,0
541,7,74.46,96.79,82.16,34.67,13.06,57.32,0
541,8,71.17,96.74,84.03,33.78,13.42,58.78,0
541,9,70.84,97.20,84.05,33.85,12.83,57.08,0
541,10,73.42,97.18,83.51,34.67,12.65,55.21,0
541,11,71.16,97.20,79.14,34.85,12.95,57.22,0
541,12,70.70,96.82,80.18,34.93,12.93,57.24,0
541,13,71.58,97.36,82.80,34.66,13.47,56.33,0
541,14,71.20,96.99,80.53,33.65,13.02,55.86,0
541,15,71.11,96.87,80.72,33.15,12.92,57.69,0
541,16,73.10,96.78,84.21,33.86,13.03,58.44,0
541,17,71.58,96.89,82.57,33.55,12.57,57.52,0
541,18,72.45,96.84,80.33,33.63,13.51,56.84,0
541,19,73.18,96.72,83.75,33.99,12.90,58.13,0
542,0,69.93,97.62,96.88,34.94,10.66,44.57,0
542,1,69.80,97.29,98.76,35.52,11.03,44.87,0
542,2,70.33,97.22,98.16,36.20,10.66,46.06,0
542,3,70.23,97.28,99.53,35.47,10.74,45.78,0
542,4,71.47,97.59,95.06,36.37,10.85,44.96,0
542,5,72.07,97.60,96.91,35.11,11.36,45.58,0
542,6,73.62,97.10,93.73,36.30,11.22,42.56,0
542,7,72.85,97.54,94.89,36.51,10.52,44.20,0
542,8,72.80,97.27,98.91,36.78,10.75,45.46,0
542,9,69.66,97.71,95.95,36.42,11.09,44.35,0
542,10,70.22,97.28,98.64,35.37,11.27,45.49,0
542,11,69.05,97.04,95.29,36.78,11.19,42.78,0
542,12,72.11,97.31,96.27,36.69,10.94,44.81,0
542,13,70.82,97.45,95.90,36.35,11.43,42.53,0
542,14,71.12,97.46,94.86,36.33,11.54,46.05,0
542,15,69.58,97.13,95.38,35.85,10.81,43.75,0
542,16,68.70,97.42,97.94,35.71,11.21,42.62,0
542,17,68.59,97.69,96.50,36.48,10.39,46.03,0
542,18,69.31,97.15,95.31,36.56,10.52,42.47,0
542,19,72.61,97.45,95.83,36.68,10.99,43.02,0
543,0,77.86,96.79,87.25,37.47,13.65,54.40,0
543,1,77.24,97.46,88.98,37.28,12.54,53.21,0
543,2,80.30,97.22,89.11,37.01,13.45,53.68,0
543,3,78.74,96.80,89.11,37.01,13.47,55.21,0
543,4,77.60,96.78,90.84,35.98,12.94,55.61,0
543,5,78.90,96.97,87.14,36.26,13.25,55.25,0
543,6,80.23,97.07,89.12,36.14,13.65,52.34,0
543,7,78.14,97.45,88.79,36.87,13.27,54.10,0
543,8,79.79,97.38,87.67,35.84,12.70,53.60,0
543,9,76.63,97.42,86.98,36.61,13.32,55.36,0
543,10,79.68,96.86,88.41,36.90,12.82,54.69,0
543,11,76.71,97.31,90.78,37.05,13.44,53.28,0
543,12,75.62,97.01,85.44,36.44,12.83,55.45,0
543,13,77.13,97.27,87.09,36.11,12.85,54.03,0
543,14,78.08,97.14,85.30,37.12,12.69,54.84,0
543,15,78.04,97.11,88.95,36.92,12.82,54.97,0
543,16,78.13,97.41,88.42,37.20,12.87,55.45,0
543,17,78.32,96.92,90.97,37.60,12.52,55.05,0
543,18,77.49,97.38,88.62,36.37,13.69,51.82,0
543,19,78.32,97.38,90.57,37.64,13.57,54.80,0
544,0,82.57,97.72,79.76,39.11,11.99,55.32,0
544,1,83.93,97.94,81.09,38.77,11.54,56.32,0
544,2,84.35,98.04,80.19,38.32,11.89,54.86,0
544,3,82.93,98.03,82.84,37.83,12.03,57.87,0
544,4,84.45,98.41,83.82,37.87,12.30,55.57,0
544,5,83.54,97.85,82.86,38.19,12.10,57.09,0
544,6,81.95,97.75,79.49,39.66,11.74,56.73,0
544,7,81.66,97.89,83.30,38.43,11.55,55.21,0
544,8,82.69,97.92,79.48,39.63,12.14,57.48,0
544,9,80.97,98.01,81.68,38.34,12.57,56.06,0
544,10,82.72,98.22,81.74,37.85,12.64,57.34,0
544,11,84.12,98.13,83.26,38.71,11.62,55.03,0
544,12,80.66,98.02,78.77,39.72,12.57,54.80,0
544,13,80.89,98.00,82.41,38.77,12.23,55.56,0
544,14,80.94,98.13,81.21,39.30,11.66,54.40,0
544,15,80.86,98.34,78.37,38.91,11.93,56.18,0
544,16,80.40,97.71,79.14,39.59,11.90,56.00,0
544,17,81.88,98.41,78.63,39.55,12.40,54.52,0
544,18,83.25,97.72,80.84,38.48,11.52,56.05,0
544,19,83.58,97.70,78.38,38.21,12.39,55.61,0
545,0,76.82,98.71,85.25,35.67,11.21,52.49,0
545,1,77.07,98.45,80.72,35.33,10.37,52.69,0
545,2,80.31,98.60,80.86,34.12,10.83,54.72,0
545,3,80.48,98.71,85.79,34.62,10.71,54.68,0
545,4,78.52,98.88,84.87,34.28,10.22,53.63,0
545,5,80.23,98.87,85.32,34.35,10.21,51.40,0
545,6,78.09,98.67,83.05,35.38,10.67,52.76,0
545,7,81.05,98.45,86.25,34.73,10.84,54.08,0
545,8,85.48,96.42,75.26,34.63,10.72,59.14,0
545,9,89.57,96.23,71.66,33.94,10.83,59.60,0
545,10,91.00,95.86,68.89,34.87,10.12,62.87,1
545,11,88.67,96.14,72.78,33.96,11.22,59.40,0
545,12,85.96,96.22,74.08,34.86,10.58,58.13,0
545,13,79.55,98.87,80.42,35.86,10.18,54.62,0
545,14,77.63,98.45,80.93,34.47,10.72,53.04,0
545,15,79.66,98.31,84.87,34.50,10.23,53.92,0
545,16,76.81,98.56,80.83,34.99,11.07,51.60,0
545,17,77.55,98.25,81.36,34.13,11.16,53.26,0
545,18,77.85,98.36,81.09,35.65,10.23,54.40,0
545,19,80.26,98.70,84.35,34.57,10.14,54.15,0
546,0,71.69,98.83,78.89,38.86,11.07,44.50,0
546,1,68.40,98.55,81.32,36.97,10.55,44.36,0
546,2,70.21,99.10,83.31,37.59,10.18,43.31,0
546,3,68.78,98.59,80.36,37.93,11.04,46.50,0
546,4,70.44,98.89,80.59,37.98,10.03,44.72,0
546,5,72.73,98.86,78.13,38.42,10.65,46.65,0
546,6,72.46,98.67,83.38,38.49,10.86,46.16,0
546,7,72.54,99.02,82.60,38.41,10.31,44.34,0
546,8,77.85,96.99,75.76,37.03,10.90,52.81,0
546,9,81.11,96.27,71.37,37.81,10.62,52.82,0
546,10,83.52,95.84,65.14,37.43,10.00,53.21,1
546,11,78.79,96.48,68.84,37.05,10.44,54.93,0
546,12,75.99,96.63,72.79,38.25,10.57,50.03,0
546,13,67.47,98.97,77.61,37.20,10.14,44.81,0
546,14,70.04,99.18,80.43,37.14,9.95,43.99,0
546,15,68.77,98.83,80.41,37.91,10.99,44.34,0
546,16,70.37,99.03,80.30,38.50,10.49,45.81,0
546,17,68.10,98.68,78.06,38.44,11.04,45.52,0
546,18,70.04,98.51,81.99,37.50,10.42,46.88,0
546,19,69.02,99.06,78.91,38.13,10.61,43.78,0
547,0,74.03,98.12,94.86,38.11,16.22,47.85,0
547,1,72.71,97.99,97.87,36.29,16.31,46.24,0
547,2,75.71,98.64,95.41,37.38,16.38,46.97,0
547,3,72.44,97.89,99.50,36.79,15.40,45.55,0
547,4,72.79,97.97,98.04,37.15,15.61,45.67,0
547,5,72.89,98.32,96.79,37.21,15.59,46.61,0
547,6,74.11,97.96,95.25,37.65,15.45,48.60,0
547,7,74.83,98.44,97.30,37.08,16.00,46.27,0
547,8,72.89,98.33,98.76,37.44,16.00,49.22,0
547,9,73.78,98.14,95.61,36.36,16.20,48.27,0
547,10,71.81,98.48,99.36,37.22,16.28,46.83,0
547,11,74.80,98.21,98.01,37.85,15.35,48.87,0
547,12,72.30,98.14,98.92,38.16,15.93,47.17,0
547,13,73.27,98.42,96.62,36.80,15.47,48.41,0
547,14,72.23,98.29,99.20,36.90,16.36,49.30,0
547,15,71.13,98.18,95.51,36.89,15.94,47.14,0
547,16,74.56,98.02,98.81,36.34,15.82,46.31,0
547,17,73.16,98.22,96.86,37.88,15.53,46.63,0
547,18,71.60,98.32,98.76,37.77,15.75,45.93,0
547,19,72.35,98.52,97.87,36.49,15.36,46.85,0
548,0,81.05,98.20,92.01,36.33,14.07,52.93,0
548,1,83.52,97.75,91.35,37.76,14.51,51.59,0
548,2,83.69,97.82,93.73,36.77,14.04,51.37,0
548,3,82.96,98.36,91.25,36.51,14.51,53.98,0
548,4,84.94,97.65,93.15,37.56,14.69,53.47,0
548,5,84.99,98.17,94.86,36.84,13.87,52.70,0
548,6,84.23,98.02,92.29,36.63,14.63,54.23,0
548,7,85.18,97.65,94.79,38.02,14.26,50.81,0
548,8,84.34,97.85,90.44,37.32,14.05,53.55,0
548,9,82.38,98.30,89.48,37.46,13.88,51.85,0
548,10,81.10,98.32,90.97,37.41,14.73,50.71,0
548,11,82.39,97.80,89.30,36.51,14.34,53.96,0
548,12,83.63,97.70,89.38,36.86,13.85,53.35,0
548,13,80.33,98.32,91.83,37.17,14.67,52.92,0
548,14,82.52,97.81,90.71,36.36,14.75,51.95,0
548,15,82.26,97.61,90.38,36.38,13.73,54.38,0
548,16,82.73,97.85,89.51,37.83,14.11,51.74,0
548,17,84.45,98.09,93.19,36.83,14.45,51.54,0
548,18,83.24,97.61,93.24,36.90,14.29,51.89,0
548,19,84.08,98.08,89.54,37.70,14.78,53.28,0
549,0,79.90,97.24,90.54,37.07,13.97,52.91,0
549,1,78.10,97.61,91.35,36.61,13.24,54.15,0
549,2,78.58,97.67,90.81,36.53,14.04,53.31,0
549,3,78.32,97.58,96.10,36.25,13.51,54.37,0
549,4,81.19,97.49,93.14,35.92,12.94,54.60,0
549,5,78.71,97.22,91.12,37.17,14.06,51.51,0
549,6,79.43,97.48,95.10,37.22,13.31,54.01,0
549,7,79.50,97.34,94.63,37.40,13.73,51.10,0
549,8,79.37,98.00,92.12,35.84,13.41,51.22,0
549,9,79.20,97.59,92.85,36.18,13.89,52.86,0
549,10,77.02,97.31,92.24,36.25,13.16,51.77,0
549,11,79.38,97.66,92.84,37.54,14.08,53.16,0
549,12,79.63,97.55,89.70,36.00,13.84,52.11,0
549,13,76.77,97.23,92.78,36.42,13.62,50.90,0
549,14,78.48,97.36,92.31,35.69,13.15,52.65,0
549,15,78.76,97.38,91.88,36.22,13.75,51.57,0
549,16,77.60,97.40,94.56,36.66,13.08,51.22,0
549,17,78.32,97.70,89.11,37.19,13.20,54.70,0
549,18,80.64,97.53,93.48,36.05,13.02,53.87,0
549,19,80.39,97.78,92.74,36.54,13.73,50.81,0
550,0,86.19,97.90,83.17,35.23,14.63,43.45,0
550,1,86.85,98.03,81.18,35.39,15.16,41.99,0
550,2,87.77,98.08,81.78,33.61,14.93,44.99,0
550,3,86.49,97.42,82.75,34.40,15.16,44.58,0
550,4,88.35,97.76,84.00,35.24,14.46,44.89,0
550,5,86.08,97.59,79.96,34.93,14.77,42.92,0
550,6,84.98,97.79,79.29,35.17,14.47,45.44,0
550,7,85.81,97.97,81.49,34.38,14.98,42.14,0
550,8,84.55,97.90,81.42,34.29,14.91,44.42,0
550,9,85.46,97.46,82.18,34.05,15.04,41.86,0
550,10,85.67,98.00,80.39,35.15,14.63,44.45,0
550,11,86.68,97.46,78.97,34.25,15.07,42.72,0
550,12,85.87,97.88,81.27,35.26,14.05,42.58,0
550,13,83.76,97.74,81.17,35.29,14.87,44.61,0
550,14,83.92,98.12,80.18,34.80,14.34,43.81,0
550,15,85.31,98.01,81.03,33.88,14.33,44.12,0
550,16,84.96,97.77,78.58,35.36,14.68,44.49,0
550,17,86.63,97.92,82.02,34.28,14.81,42.20,0
550,18,87.47,97.75,78.08,34.68,14.06,43.31,0
550,19,85.15,97.83,78.30,35.16,14.66,44.04,0
551,0,88.71,98.28,93.12,33.38,13.73,51.15,0
551,1,91.12,98.20,91.24,32.38,13.69,53.52,0
551,2,88.82,98.54,95.10,33.91,13.09,50.08,0
551,3,90.95,98.42,96.39,33.69,13.19,52.66,0
551,4,91.85,98.74,96.12,33.16,13.57,50.12,0
551,5,91.77,98.76,96.31,32.76,13.46,53.36,0
551,6,88.37,98.65,95.09,33.97,13.14,51.13,0
551,7,90.07,98.24,96.58,33.78,12.92,52.68,0
551,8,97.67,96.25,87.43,33.93,12.95,56.96,0
551,9,99.92,96.25,85.72,33.88,13.25,58.97,0
551,10,100.96,95.60,80.01,32.43,12.68,60.70,1
551,11,96.97,95.75,85.82,34.02,13.40,61.28,0
551,12,96.08,96.95,89.34,33.51,12.71,57.64,0
551,13,89.44,98.39,92.66,32.60,13.65,52.87,0
551,14,88.80,98.31,92.67,33.52,13.26,53.97,0
551,15,87.04,98.47,90.31,33.14,13.00,53.71,0
551,16,86.56,98.61,90.23,33.81,13.40,50.71,0
551,17,90.26,98.74,92.91,33.55,13.09,51.28,0
551,18,88.30,98.25,94.34,32.88,13.82,51.09,0
551,19,90.27,98.47,94.76,33.45,13.12,53.59,0
552,0,82.45,98.26,96.42,37.10,11.72,56.16,0
552,1,78.85,98.23,92.64,36.44,11.26,55.73,0
552,2,79.02,98.35,92.08,36.46,11.62,56.04,0
552,3,82.74,98.02,96.16,37.22,12.22,55.67,0
552,4,81.12,97.83,92.30,36.05,11.30,57.10,0
552,5,79.71,97.77,92.41,37.71,11.56,57.29,0
552,6,80.70,98.16,92.04,37.80,12.24,57.24,0
552,7,80.95,97.84,94.33,36.57,11.57,55.13,0
552,8,80.95,97.92,91.72,36.89,12.00,58.37,0
552,9,82.27,98.04,95.01,37.45,11.19,56.33,0
552,10,79.13,97.73,93.13,37.39,11.22,55.13,0
552,11,78.40,97.86,92.49,37.03,12.11,58.34,0
552,12,78.71,98.53,92.44,36.35,11.25,57.94,0
552,13,80.57,97.87,94.22,36.09,11.69,58.47,0
552,14,79.53,98.26,91.53,36.50,12.21,54.78,0
552,15,81.40,98.25,92.57,37.42,11.92,58.57,0
552,16,78.55,98.35,90.15,36.83,11.33,55.70,0
552,17,80.88,97.74,92.45,36.43,11.37,57.76,0
552,18,80.26,98.32,91.87,37.81,11.11,58.33,0
552,19,81.20,97.85,93.66,37.00,11.36,56.51,0
553,0,88.34,97.29,84.95,37.54,11.07,52.14,0
553,1,87.77,97.83,85.45,36.20,11.23,51.26,0
553,2,87.84,97.39,85.94,37.04,10.87,52.12,0
553,3,87.09,97.56,86.28,35.62,11.29,50.89,0
553,4,89.83,97.49,86.58,36.75,11.09,49.12,0
553,5,88.56,97.38,84.16,37.08,11.52,50.88,0
553,6,87.33,97.65,88.36,35.82,11.51,52.75,0
553,7,87.70,97.71,82.96,37.46,11.82,49.12,0
553,8,87.88,97.12,82.87,36.74,11.33,51.34,0
553,9,90.05,97.42,86.98,37.51,11.02,52.28,0
553,10,86.94,97.60,85.76,36.47,11.80,49.32,0
553,11,87.45,97.44,86.06,35.68,11.46,50.81,0
553,12,89.25,97.76,87.16,36.80,11.65,51.88,0
553,13,87.39,97.63,84.99,36.68,11.01,50.18,0
553,14,89.48,97.66,86.59,36.76,11.68,50.13,0
553,15,88.36,97.12,84.15,35.71,11.78,49.16,0
553,16,86.99,97.64,86.83,37.44,11.33,51.01,0
553,17,87.18,97.23,84.29,36.74,11.50,51.80,0
553,18,88.76,97.27,85.83,35.66,11.28,51.39,0
553,19,87.32,97.55,84.66,36.19,11.21,49.87,0
554,0,85.42,98.15,84.13,35.75,10.45,58.05,0
554,1,82.55,97.51,84.04,35.70,10.49,57.60,0
554,2,82.35,97.57,88.48,36.72,10.21,58.61,0
554,3,84.58,98.12,88.08,36.18,10.21,56.06,0
554,4,83.49,97.97,87.47,37.14,10.48,59.65,0
554,5,85.91,98.10,86.66,37.37,10.34,59.15,0
554,6,86.32,97.86,84.31,35.59,9.95,56.65,0
554,7,83.80,97.69,85.58,35.70,9.63,56.27,0
554,8,85.38,97.47,87.37,36.99,9.47,56.65,0
554,9,85.61,97.94,83.90,36.12,10.45,56.78,0
554,10,92.64,95.73,77.45,36.21,9.69,62.25,0
554,11,94.50,95.05,75.41,35.86,10.17,64.52,0
554,12,94.82,94.87,72.25,36.92,10.56,67.35,1
554,13,93.19,95.09,75.58,36.87,10.59,67.37,0
554,14,89.38,95.56,80.27,36.40,10.58,62.55,0
554,15,83.07,98.00,85.66,35.58,9.73,56.32,0
554,16,84.81,97.49,82.27,36.31,9.76,56.14,0
554,17,83.81,97.99,84.45,36.85,9.78,58.01,0
554,18,84.40,97.66,86.23,37.36,10.31,58.67,0
554,19,84.48,97.54,84.77,36.29,9.68,56.32,0
555,0,73.05,97.43,91.76,39.26,12.35,49.13,0
555,1,75.76,97.53,87.66,38.06,12.55,50.31,0
555,2,75.79,97.39,91.96,38.87,12.60,50.94,0
555,3,76.40,97.17,89.95,37.75,12.88,50.70,0
555,4,76.04,97.18,88.79,39.28,13.09,49.89,0
555,5,72.91,97.57,89.37,39.23,12.31,49.98,0
555,6,74.72,97.80,92.08,38.58,12.97,49.30,0
555,7,72.87,97.25,93.69,38.96,12.33,52.32,0
555,8,74.99,97.55,92.69,39.46,13.21,50.11,0
555,9,80.35,95.30,85.44,37.83,12.10,55.26,0
555,10,81.98,94.67,81.87,38.78,12.33,59.99,0
555,11,84.54,94.95,75.47,38.09,12.25,60.96,1
555,12,85.11,95.00,79.31,37.71,12.09,58.65,0
555,13,81.56,95.26,85.41,37.77,12.31,55.85,0
555,14,73.22,97.22,89.89,39.06,12.99,48.52,0
555,15,74.01,97.45,91.21,38.41,12.64,51.35,0
555,16,73.65,97.53,92.05,37.64,12.62,49.30,0
555,17,74.95,97.47,88.88,37.89,12.09,50.51,0
555,18,72.29,97.95,88.03,37.71,12.73,52.04,0
555,19,73.54,97.90,92.25,38.01,12.19,48.96,0
556,0,80.72,97.80,79.44,36.40,14.79,59.95,0
556,1,81.12,97.58,80.02,35.91,15.10,57.38,0
556,2,80.57,97.10,76.97,36.65,15.07,60.78,0
556,3,81.87,97.69,82.15,35.50,14.78,60.98,0
556,4,80.89,97.33,81.59,36.87,15.30,57.29,0
556,5,82.79,97.71,80.36,36.06,14.75,59.60,0
556,6,81.96,97.44,80.61,36.28,14.15,58.27,0
556,7,82.59,97.59,76.89,35.86,15.04,57.59,0
556,8,80.27,97.74,79.30,35.79,15.26,61.21,0
556,9,82.80,97.41,78.81,36.62,14.30,58.06,0
556,10,82.19,97.69,80.25,36.56,14.64,61.21,0
556,11,80.20,97.06,79.15,36.32,15.32,58.42,0
556,12,79.18,97.20,80.40,36.65,14.39,60.74,0
556,13,81.62,97.15,79.13,36.77,14.65,57.72,0
556,14,80.13,97.55,80.77,36.54,14.53,57.52,0
556,15,78.63,97.07,77.62,36.22,14.76,58.14,0
556,16,80.28,97.25,77.14,35.46,15.03,60.27,0
556,17,80.36,97.72,81.07,35.72,15.23,60.32,0
556,18,79.25,97.35,77.47,36.49,14.96,57.36,0
556,19,81.11,97.23,78.55,36.57,14.16,60.47,0
557,0,85.64,98.04,80.99,39.72,15.73,60.82,0
557,1,84.74,98.26,81.76,38.94,15.27,58.85,0
557,2,86.35,97.68,83.35,39.69,15.98,59.79,0
557,3,85.02,97.84,86.17,38.37,16.01,61.16,0
557,4,84.68,97.94,86.94,39.46,15.08,57.42,0
557,5,86.06,98.31,82.75,37.88,15.12,59.72,0
557,6,84.97,97.79,86.90,39.37,15.78,60.22,0
557,7,83.90,98.21,83.29,39.02,15.10,61.15,0
557,8,85.50,98.16,84.98,39.06,15.75,59.66,0
557,9,83.30,97.87,85.12,37.95,15.89,57.87,0
557,10,94.71,96.00,79.18,37.99,15.02,64.51,0
557,11,93.29,95.61,71.36,39.29,15.77,67.48,0
557,12,97.22,95.01,72.10,37.92,15.26,67.46,1
557,13,94.75,95.56,73.12,39.68,15.37,66.62,0
557,14,91.69,96.32,75.54,39.02,15.01,66.20,0
557,15,85.76,97.76,82.95,39.32,16.00,57.75,0
557,16,86.15,98.36,84.57,37.85,15.54,58.94,0
557,17,86.33,98.20,80.60,37.99,16.13,57.60,0
557,18,86.44,98.36,81.26,39.14,15.56,57.83,0
557,19,86.15,97.59,81.92,38.67,15.88,57.64,0
558,0,85.15,97.63,93.27,35.04,9.97,60.96,0
558,1,83.20,97.95,92.82,35.63,9.94,59.66,0
558,2,86.75,97.34,97.27,34.62,10.33,59.41,0
558,3,86.03,97.48,99.18,36.19,10.72,60.62,0
558,4,84.04,97.72,93.37,36.36,10.55,61.24,0
558,5,86.72,97.70,93.76,34.57,10.08,60.04,0
558,6,86.44,97.90,95.65,36.31,10.82,61.90,0
558,7,82.93,97.72,94.22,35.50,9.77,61.90,0
558,8,86.05,97.67,97.10,35.90,10.43,61.26,0
558,9,94.18,95.89,90.53,35.80,9.64,67.05,0
558,10,94.48,94.88,84.48,35.25,10.39,69.05,0
558,11,94.68,94.96,85.06,35.25,9.85,71.37,1
558,12,94.93,95.39,85.23,34.90,10.60,67.56,0
558,13,90.85,95.79,89.12,34.93,9.70,65.23,0
558,14,85.35,97.36,97.63,35.38,9.72,60.59,0
558,15,84.39,97.36,97.09,36.13,9.99,61.58,0
558,16,84.23,97.71,92.08,35.70,9.97,59.19,0
558,17,85.86,97.57,94.60,34.58,10.68,61.77,0
558,18,83.21,97.79,92.72,35.38,9.99,59.63,0
558,19,82.59,97.49,93.66,34.61,10.10,60.29,0
559,0,85.11,98.85,85.41,36.94,15.39,56.81,0
559,1,88.28,98.77,84.29,36.25,15.89,58.93,0
559,2,89.32,98.67,83.22,36.14,15.58,57.71,0
559,3,86.91,99.13,86.03,37.34,16.30,58.24,0
559,4,88.27,98.60,86.02,37.77,15.82,57.00,0
559,5,88.54,99.07,85.09,36.29,16.24,56.85,0
559,6,88.32,98.57,87.76,36.29,15.88,59.14,0
559,7,88.21,98.55,85.76,36.46,15.74,56.30,0
559,8,87.15,98.90,85.39,37.67,15.62,56.20,0
559,9,85.83,98.61,85.64,36.03,16.32,59.58,0
559,10,87.25,99.03,87.15,36.20,15.83,58.95,0
559,11,85.76,98.98,84.05,37.84,15.81,56.39,0
559,12,86.50,98.46,83.06,37.57,15.31,58.90,0
559,13,88.13,98.64,85.68,36.95,15.82,59.50,0
559,14,86.93,99.01,83.70,36.68,15.26,58.35,0
559,15,86.48,98.83,82.54,35.90,15.95,59.10,0
559,16,87.71,98.77,84.93,37.61,15.23,58.89,0
559,17,86.95,98.75,81.89,36.84,15.67,57.08,0
559,18,87.62,98.64,82.45,37.75,15.35,58.48,0
559,19,85.43,98.43,83.23,36.04,15.80,59.02,0
560,0,84.89,98.86,83.90,38.96,14.28,50.23,0
560,1,84.46,98.47,89.72,37.88,15.11,50.62,0
560,2,85.06,98.57,88.50,39.20,14.70,52.32,0
560,3,85.41,98.93,90.03,38.90,14.82,52.85,0
560,4,87.75,99.13,88.26,38.04,14.26,52.66,0
560,5,83.88,98.54,88.62,39.53,15.19,50.36,0
560,6,84.93,98.85,89.80,37.82,14.62,53.84,0
560,7,83.99,98.55,86.38,38.36,14.67,49.97,0
560,8,84.04,99.16,87.09,39.39,14.86,50.40,0
560,9,85.40,99.10,84.31,38.30,14.98,50.42,0
560,10,92.75,96.50,77.93,38.26,14.30,58.13,0
560,11,94.67,96.28,76.83,38.92,14.75,61.19,0
560,12,97.33,95.70,73.18,39.63,14.81,61.09,1
560,13,93.90,96.43,77.25,38.94,15.42,58.22,0
560,14,91.03,96.54,80.80,38.83,14.62,59.61,0
560,15,82.46,98.40,88.60,39.24,14.91,50.69,0
560,16,86.13,99.06,83.90,39.30,15.19,53.46,0
560,17,85.01,98.84,86.32,39.07,14.35,50.51,0
560,18,85.99,98.88,85.83,39.28,15.28,53.74,0
560,19,85.45,99.08,84.57,39.68,14.30,53.42,0
561,0,92.86,97.53,85.52,35.32,12.84,58.46,0
561,1,91.73,97.58,88.84,37.29,12.57,60.10,0
561,2,91.59,96.95,88.09,36.82,12.91,59.98,0
561,3,90.75,96.98,91.20,35.62,12.91,58.07,0
561,4,93.62,97.50,86.97,37.02,13.06,60.79,0
561,5,90.28,96.90,85.88,36.86,12.21,59.22,0
561,6,92.33,97.37,89.74,36.51,12.36,58.19,0
561,7,93.35,97.58,89.43,36.09,12.69,61.04,0
561,8,91.10,97.04,87.55,37.17,12.38,59.08,0
561,9,92.78,97.53,85.27,35.44,12.10,61.39,0
561,10,92.51,97.49,84.60,37.10,13.09,59.48,0
561,11,90.64,97.48,89.86,35.55,12.18,58.30,0
561,12,91.69,97.42,89.17,37.04,12.31,61.23,0
561,13,89.75,97.34,85.27,36.18,12.56,60.42,0
561,14,89.53,97.04,88.29,36.78,13.08,59.16,0
561,15,89.35,97.35,87.19,36.94,12.87,59.85,0
561,16,88.71,96.92,89.93,35.84,13.10,60.98,0
561,17,92.07,97.13,84.71,35.87,12.18,60.26,0
561,18,90.67,96.92,87.92,35.74,12.88,59.73,0
561,19,91.75,97.27,86.67,36.00,12.73,60.57,0
562,0,84.84,99.14,88.76,38.67,12.82,55.13,0
562,1,85.51,98.90,89.56,38.22,12.76,53.93,0
562,2,85.50,98.41,87.96,37.65,13.59,54.69,0
562,3,85.74,99.06,87.79,37.39,12.86,52.38,0
562,4,88.56,98.74,89.27,38.27,12.75,55.30,0
562,5,86.81,98.72,90.83,38.52,12.74,54.21,0
562,6,86.11,98.56,89.85,37.79,13.32,54.85,0
562,7,86.43,99.09,88.53,38.66,13.24,54.13,0
562,8,87.48,98.75,87.45,38.75,13.56,54.25,0
562,9,87.03,99.04,91.39,37.40,12.66,54.47,0
562,10,87.02,98.77,89.97,38.12,12.92,54.32,0
562,11,84.55,98.62,92.09,38.05,12.77,53.89,0
562,12,85.71,98.93,87.85,37.62,13.67,52.83,0
562,13,88.04,99.12,91.67,38.43,12.62,54.14,0
562,14,87.49,98.74,89.92,38.89,12.83,52.66,0
562,15,87.63,99.15,87.23,38.47,13.52,51.95,0
562,16,85.16,98.95,90.01,38.16,13.50,52.41,0
562,17,87.05,98.43,88.44,38.09,13.15,51.95,0
562,18,86.09,98.57,92.31,38.01,12.80,52.00,0
562,19,87.94,99.09,89.80,38.97,13.38,54.80,0
563,0,75.01,98.16,86.77,33.17,12.32,55.51,0
563,1,72.29,98.60,92.93,34.72,11.86,55.15,0
563,2,71.76,98.46,90.32,34.73,11.89,55.41,0
563,3,75.18,98.09,92.88,34.56,12.23,54.90,0
563,4,72.38,98.69,90.56,34.11,11.60,57.54,0
563,5,74.04,98.17,88.29,34.42,11.69,54.33,0
563,6,72.92,98.65,92.24,34.28,12.60,53.73,0
563,7,75.46,98.46,91.27,33.42,12.47,55.39,0
563,8,82.00,96.18,83.49,33.17,11.92,60.63,0
563,9,84.36,95.59,81.56,34.29,11.59,64.83,0
563,10,86.82,95.47,78.74,32.93,12.03,63.89,1
563,11,81.74,95.70,80.01,33.59,12.35,63.56,0
563,12,81.11,96.10,81.48,34.69,12.64,63.66,0
563,13,73.01,98.66,86.45,33.05,11.54,56.98,0
563,14,72.64,98.29,91.25,34.67,11.55,53.74,0
563,15,72.58,98.43,90.57,32.91,12.45,54.83,0
563,16,71.80,98.71,87.07,34.10,11.58,55.78,0
563,17,74.63,98.20,89.47,34.74,12.16,54.43,0
563,18,71.00,98.69,87.59,34.14,11.62,54.53,0
563,19,74.06,98.68,90.25,34.62,12.10,53.85,0
564,0,74.77,98.23,94.98,32.90,14.58,52.38,0
564,1,76.71,97.92,92.37,34.34,13.94,54.80,0
564,2,77.16,98.04,97.26,33.13,14.59,55.91,0
564,3,75.84,97.92,93.97,34.64,14.44,54.05,0
564,4,75.76,97.58,94.93,34.23,13.94,54.43,0
564,5,75.81,97.80,93.63,34.64,14.58,52.54,0
564,6,75.09,97.60,96.99,32.92,14.10,52.88,0
564,7,76.84,98.14,95.53,34.51,13.83,54.10,0
564,8,75.46,97.55,95.44,34.66,14.40,52.84,0
564,9,82.62,95.85,86.98,33.14,14.32,61.08,0
564,10,85.43,95.05,83.90,33.99,13.98,63.81,0
564,11,86.46,95.23,84.34,34.49,14.65,64.97,1
564,12,83.09,95.31,82.63,33.16,13.78,63.77,0
564,13,83.97,95.94,90.23,34.83,13.89,59.06,0
564,14,76.21,97.89,95.03,33.03,14.31,53.69,0
564,15,75.82,97.57,93.96,33.05,14.16,53.62,0
564,16,76.15,97.61,93.83,34.24,14.13,53.33,0
564,17,75.11,97.97,92.22,34.70,14.57,53.28,0
564,18,73.09,97.59,93.07,33.57,13.95,52.38,0
564,19,76.43,97.93,96.54,32.98,14.37,55.52,0
565,0,79.27,98.31,76.73,38.58,10.57,60.47,0
565,1,76.28,98.20,77.86,37.84,11.32,63.84,0
565,2,78.78,98.05,76.06,37.52,10.18,61.69,0
565,3,79.43,98.09,77.70,38.40,10.72,63.08,0
565,4,78.34,98.22,79.12,36.90,11.24,60.01,0
565,5,78.77,98.02,80.70,38.24,10.49,60.68,0
565,6,79.62,97.92,75.78,36.89,11.20,60.31,0
565,7,76.63,97.85,76.13,37.90,10.26,62.53,0
565,8,84.67,96.37,72.34,37.69,11.27,68.25,0
565,9,88.22,95.21,68.02,37.56,10.70,70.53,0
565,10,89.71,95.46,67.32,37.38,11.33,72.04,1
565,11,85.80,95.87,66.74,38.37,10.86,70.76,0
565,12,84.67,96.21,72.25,37.05,11.04,66.92,0
565,13,77.59,98.36,77.82,38.37,11.26,60.03,0
565,14,76.85,97.73,77.20,37.03,10.33,60.87,0
565,15,78.27,97.97,79.35,37.28,10.79,63.47,0
565,16,76.29,98.27,75.72,37.69,10.70,60.77,0
565,17,76.93,97.92,76.20,38.14,10.25,60.96,0
565,18,79.08,98.01,76.54,36.70,11.05,62.27,0
565,19,75.82,98.23,75.33,38.00,11.15,63.54,0
566,0,84.39,99.06,100.06,33.41,14.69,42.89,0
566,1,85.74,98.76,97.64,34.64,15.57,45.32,0
566,2,88.33,98.65,96.98,34.85,15.80,45.58,0
566,3,86.98,98.67,97.18,35.08,15.67,44.89,0
566,4,88.27,98.71,98.70,34.41,15.25,44.40,0
566,5,85.99,98.50,101.09,35.36,14.82,43.10,0
566,6,86.93,98.70,95.72,34.59,14.89,45.06,0
566,7,85.67,98.81,101.09,33.54,15.76,45.51,0
566,8,87.07,99.27,101.13,33.71,15.40,44.73,0
566,9,87.39,98.70,100.33,33.77,14.77,45.15,0
566,10,94.41,97.18,93.95,35.12,15.00,51.13,0
566,11,97.01,95.97,85.97,33.47,14.82,52.94,0
566,12,98.59,95.47,82.58,34.50,15.29,53.95,1
566,13,96.09,96.63,87.42,34.75,15.61,52.25,0
566,14,93.38,96.60,90.61,33.93,14.81,51.68,0
566,15,84.47,98.78,95.22,33.95,15.76,43.47,0
566,16,86.63,98.82,95.04,33.80,14.88,45.94,0
566,17,86.42,99.00,99.55,33.98,15.04,44.71,0
566,18,85.99,98.70,99.14,34.30,15.19,43.33,0
566,19,85.37,99.26,95.49,34.11,14.99,42.73,0
567,0,83.62,98.39,83.59,37.64,14.08,51.25,0
567,1,83.82,98.84,82.11,38.09,14.12,52.67,0
567,2,83.03,99.01,84.45,37.60,14.96,50.54,0
567,3,85.64,99.08,85.26,38.07,15.08,50.93,0
567,4,84.18,98.45,85.97,38.01,14.65,50.29,0
567,5,84.38,99.10,80.53,37.82,14.89,52.23,0
567,6,85.56,98.80,83.72,36.53,15.06,52.61,0
567,7,85.68,98.38,85.46,37.62,13.97,51.19,0
567,8,83.87,99.07,79.71,36.40,14.94,53.32,0
567,9,83.96,98.83,80.10,37.24,14.21,53.90,0
567,10,82.49,98.85,79.34,36.99,14.42,50.76,0
567,11,83.31,98.72,79.14,36.72,14.96,51.06,0
567,12,82.79,98.92,78.70,36.74,13.96,53.55,0
567,13,81.80,98.97,79.21,37.65,14.40,52.68,0
567,14,80.79,98.70,79.22,36.77,14.18,50.67,0
567,15,82.33,98.61,80.67,37.56,14.97,51.15,0
567,16,83.16,98.76,82.57,37.76,14.11,52.17,0
567,17,81.89,98.55,79.24,37.77,14.66,50.38,0
567,18,84.42,98.61,82.69,36.74,14.23,51.71,0
567,19,84.83,98.81,80.83,37.01,14.36,53.79,0
568,0,78.01,98.99,95.53,35.91,14.94,58.54,0
568,1,77.38,98.87,94.72,35.17,15.38,57.58,0
568,2,78.39,98.44,94.86,36.66,15.33,57.14,0
568,3,75.57,99.16,97.22,35.48,14.70,57.32,0
568,4,76.02,98.98,96.68,36.63,14.98,57.83,0
568,5,77.03,98.87,97.70,36.51,14.92,56.76,0
568,6,77.94,98.52,92.58,36.42,15.59,57.48,0
568,7,75.48,98.53,97.04,35.12,14.78,60.47,0
568,8,86.16,96.76,88.11,36.31,15.15,66.20,0
568,9,88.55,96.41,87.04,35.88,15.01,66.40,0
568,10,89.46,96.07,81.55,35.27,15.47,70.45,1
568,11,85.58,95.97,87.32,35.78,14.87,66.05,0
568,12,82.30,96.71,86.19,36.14,14.85,65.88,0
568,13,75.28,98.50,94.76,36.43,15.88,59.65,0
568,14,77.53,99.02,92.00,36.90,15.61,58.73,0
568,15,75.04,98.59,96.11,36.12,15.80,60.15,0
568,16,77.37,99.17,94.02,36.63,15.51,60.43,0
568,17,74.53,98.75,92.93,36.93,15.35,60.47,0
568,18,77.12,98.73,94.35,36.74,14.76,57.05,0
568,19,77.78,98.45,96.72,36.11,14.90,60.00,0
569,0,79.45,97.62,82.72,33.74,15.08,51.38,0
569,1,79.80,97.60,85.27,33.55,15.54,52.00,0
569,2,81.75,97.43,82.74,32.84,15.30,50.30,0
569,3,79.78,97.39,86.13,33.86,15.91,50.31,0
569,4,79.35,97.88,85.60,32.45,15.19,52.70,0
569,5,81.42,97.55,84.12,33.30,14.88,52.18,0
569,6,79.73,97.83,83.65,33.46,15.46,52.84,0
569,7,78.45,97.62,83.33,32.52,15.09,52.66,0
569,8,79.92,97.39,87.14,32.84,15.59,52.99,0
569,9,80.41,97.89,84.68,32.82,15.31,51.60,0
569,10,79.87,97.67,81.90,32.39,15.78,50.78,0
569,11,77.25,97.67,81.90,33.73,15.84,52.60,0
569,12,79.60,97.97,84.50,32.47,15.59,51.64,0
569,13,79.59,97.44,83.89,34.35,15.44,50.39,0
569,14,79.24,97.72,84.83,33.68,15.73,50.89,0
569,15,80.22,97.41,82.37,34.24,15.90,53.93,0
569,16,78.67,97.36,84.63,32.60,16.05,52.67,0
569,17,78.52,97.96,82.79,33.03,15.48,52.83,0
569,18,77.23,97.81,81.96,32.77,15.42,50.53,0
569,19,80.41,97.80,81.34,32.56,15.25,50.69,0
570,0,80.78,98.27,79.57,37.60,13.54,48.19,0
570,1,80.47,98.44,81.26,37.65,13.69,48.28,0
570,2,79.54,98.30,76.26,37.74,13.00,45.50,0
570,3,81.18,98.82,77.39,36.85,13.19,49.13,0
570,4,80.04,98.88,79.39,37.94,13.65,48.83,0
570,5,80.06,98.34,80.73,36.63,13.85,48.04,0
570,6,79.63,98.36,80.43,37.57,13.97,48.90,0
570,7,81.45,98.33,78.67,37.31,14.14,45.73,0
570,8,79.24,98.89,80.45,36.53,13.02,48.89,0
570,9,77.84,98.73,80.67,38.13,13.14,48.03,0
570,10,77.92,98.98,79.37,36.75,13.17,47.25,0
570,11,80.89,98.47,77.13,37.40,13.34,48.85,0
570,12,78.06,98.39,80.26,37.29,13.41,45.60,0
570,13,78.63,98.24,79.69,37.51,13.47,48.38,0
570,14,76.94,98.55,75.11,38.37,13.03,45.80,0
570,15,79.87,98.64,74.73,36.72,13.48,48.97,0
570,16,77.53,98.79,80.51,36.57,13.56,48.09,0
570,17,79.88,98.93,78.01,38.44,13.88,48.78,0
570,18,81.06,98.74,76.74,38.22,13.43,45.91,0
570,19,80.75,98.72,78.54,38.49,13.09,48.43,0
571,0,90.53,97.78,81.34,36.60,14.78,56.26,0
571,1,91.80,97.58,82.49,37.74,14.63,56.83,0
571,2,90.67,97.68,83.17,36.13,14.47,59.26,0
571,3,94.18,97.27,87.24,36.77,14.95,57.41,0
571,4,91.30,97.64,83.23,37.50,14.59,57.59,0
571,5,92.23,97.30,86.38,36.43,14.70,56.21,0
571,6,94.05,97.47,85.53,37.73,15.15,58.34,0
571,7,92.74,97.80,81.68,37.71,14.02,56.36,0
571,8,90.46,97.94,86.69,37.12,14.95,58.52,0
571,9,93.48,97.82,81.13,37.57,14.11,56.20,0
571,10,92.94,97.73,81.19,37.77,14.52,57.40,0
571,11,91.17,97.88,81.10,36.61,14.19,60.00,0
571,12,89.92,97.23,81.60,36.85,14.92,59.97,0
571,13,90.39,97.44,83.86,36.46,14.78,58.05,0
571,14,91.04,97.86,82.63,36.43,14.35,59.05,0
571,15,89.23,97.26,82.13,37.33,14.01,56.99,0
571,16,91.25,97.74,82.66,37.50,14.46,56.45,0
571,17,93.37,97.79,85.55,37.93,14.42,58.80,0
571,18,91.29,97.55,81.23,36.18,14.51,58.94,0
571,19,91.64,97.65,81.49,37.25,14.42,58.23,0
572,0,76.08,97.94,87.72,35.04,9.50,55.56,0
572,1,76.62,98.65,85.18,33.69,10.49,55.83,0
572,2,76.69,98.29,86.73,34.81,10.42,55.88,0
572,3,78.53,98.44,86.15,33.67,9.93,53.82,0
572,4,78.40,98.18,87.74,34.85,9.61,55.08,0
572,5,77.24,98.33,87.62,33.81,10.43,55.55,0
572,6,76.33,98.38,82.97,34.21,10.44,56.13,0
572,7,78.13,98.21,83.90,35.14,10.40,57.22,0
572,8,75.02,98.28,87.33,34.67,9.75,54.40,0
572,9,74.22,98.16,86.33,34.96,10.59,55.69,0
572,10,76.66,98.54,87.02,33.40,10.14,54.23,0
572,11,76.78,98.13,85.97,33.60,9.86,53.77,0
572,12,75.67,98.30,86.81,35.06,9.79,56.95,0
572,13,76.76,97.88,84.96,35.01,10.17,55.57,0
572,14,75.54,98.63,83.24,34.38,9.71,54.88,0
572,15,76.54,98.35,85.42,34.21,10.34,56.99,0
572,16,76.60,98.56,86.60,35.30,9.59,54.94,0
572,17,74.40,97.90,82.63,34.74,9.58,55.92,0
572,18,75.13,98.01,82.35,34.90,10.58,56.83,0
572,19,77.82,98.57,83.58,33.91,10.00,55.55,0
573,0,75.12,97.55,87.62,33.78,14.10,48.48,0
573,1,78.44,97.63,83.24,34.92,14.27,49.87,0
573,2,78.61,97.59,86.34,34.04,13.65,49.53,0
573,3,75.44,97.44,87.29,34.66,14.64,50.99,0
573,4,77.47,97.24,84.38,33.92,14.60,49.48,0
573,5,78.95,97.50,85.49,34.31,14.76,51.68,0
573,6,76.78,97.01,86.86,35.23,13.65,52.21,0
573,7,78.15,97.11,86.83,35.54,14.28,51.14,0
573,8,75.67,96.99,82.90,33.79,13.91,48.41,0
573,9,77.02,97.43,81.90,34.36,14.23,52.07,0
573,10,77.24,97.54,82.41,35.57,14.47,51.37,0
573,11,77.66,97.37,87.06,35.42,14.58,51.75,0
573,12,76.15,97.13,85.25,35.41,14.49,50.50,0
573,13,77.39,97.39,86.51,34.95,14.73,50.97,0
573,14,74.31,97.58,84.17,34.68,14.48,49.30,0
573,15,77.04,96.93,84.96,35.32,13.69,49.08,0
573,16,77.16,97.56,84.64,35.71,13.68,52.01,0
573,17,77.02,97.16,83.40,34.28,14.22,51.99,0
573,18,75.59,97.49,87.38,34.66,14.15,51.74,0
573,19,74.58,96.97,87.23,34.69,14.58,51.60,0
574,0,89.09,98.44,75.67,38.01,11.65,58.81,0
574,1,90.71,98.04,81.03,37.39,10.87,58.64,0
574,2,90.10,98.54,76.95,38.17,10.82,56.59,0
574,3,91.27,98.69,80.98,38.15,10.84,56.54,0
574,4,89.05,98.66,81.00,37.52,10.52,55.28,0
574,5,90.09,98.55,76.92,37.72,11.29,58.46,0
574,6,91.66,98.13,79.42,37.30,10.80,55.19,0
574,7,89.53,98.32,77.22,38.10,11.01,57.52,0
574,8,89.40,98.81,78.66,37.63,10.59,56.64,0
574,9,99.98,96.30,71.05,37.64,11.47,61.83,0
574,10,98.37,96.33,72.36,37.98,10.79,65.80,0
574,11,102.69,95.58,69.04,36.95,10.77,65.73,1
574,12,100.72,95.64,69.40,37.87,11.35,66.83,0
574,13,95.91,96.16,70.99,36.67,10.95,61.35,0
574,14,89.49,98.55,78.19,37.75,11.42,56.41,0
574,15,89.60,98.08,76.71,37.01,10.97,56.18,0
574,16,87.40,98.34,75.64,37.34,10.68,58.12,0
574,17,89.96,98.77,79.59,36.92,11.53,58.89,0
574,18,90.95,98.17,79.15,36.92,11.14,57.73,0
574,19,91.25,98.78,79.36,38.19,10.85,57.51,0
575,0,91.42,98.21,94.49,33.59,15.24,51.87,0
575,1,88.72,98.45,93.61,33.84,14.65,50.33,0
575,2,92.09,98.47,95.93,34.13,15.10,50.42,0
575,3,91.18,98.50,93.86,33.85,15.04,49.56,0
575,4,89.60,98.38,93.23,33.16,15.27,53.05,0
575,5,89.92,98.42,93.62,33.72,14.50,51.19,0
575,6,90.68,98.21,93.71,34.74,15.04,50.01,0
575,7,90.33,98.10,94.34,33.02,15.24,51.08,0
575,8,97.14,96.23,84.19,33.90,15.05,55.86,0
575,9,102.10,95.70,85.13,34.41,14.54,58.33,0
575,10,100.99,95.69,82.56,34.29,14.60,62.13,1
575,11,100.96,95.79,83.26,33.91,14.52,58.70,0
575,12,98.74,96.47,83.59,33.75,14.42,57.05,0
575,13,89.23,98.02,93.60,32.97,15.49,51.19,0
575,14,91.28,98.52,94.78,33.71,14.87,52.74,0
575,15,90.66,98.49,89.81,33.53,15.13,52.11,0
575,16,89.14,98.50,94.81,34.88,14.64,50.76,0
575,17,91.76,98.45,90.30,34.29,15.17,53.25,0
575,18,88.42,98.36,90.89,33.51,14.69,49.79,0
575,19,90.38,98.10,95.39,33.67,15.18,51.46,0
576,0,78.12,99.27,89.73,36.34,13.00,46.21,0
576,1,78.29,99.14,90.18,36.35,12.94,45.49,0
576,2,77.82,99.30,93.91,36.87,13.66,46.80,0
576,3,78.90,98.78,88.27,37.84,13.10,47.35,0
576,4,81.04,99.26,90.76,36.70,13.59,45.89,0
576,5,78.40,99.24,92.17,37.15,12.82,44.36,0
576,6,79.78,98.88,93.07,37.83,13.56,45.53,0
576,7,77.21,98.62,91.42,36.36,13.07,46.43,0
576,8,79.64,98.56,93.81,38.25,12.76,44.95,0
576,9,77.18,99.04,90.35,37.46,12.55,46.14,0
576,10,76.42,98.68,92.73,38.25,13.35,46.08,0
576,11,78.51,99.16,91.48,38.18,13.23,46.24,0
576,12,78.97,99.07,89.69,37.66,13.34,45.70,0
576,13,76.38,99.26,89.62,38.00,13.06,47.61,0
576,14,77.13,98.78,90.90,37.21,12.80,46.63,0
576,15,77.78,98.58,89.33,36.93,13.35,46.92,0
576,16,77.30,98.58,89.48,36.46,12.97,46.88,0
576,17,79.06,99.14,89.84,37.25,12.70,46.33,0
576,18,78.87,98.90,93.15,36.45,12.96,44.63,0
576,19,80.28,98.67,92.06,36.38,13.20,45.74,0
577,0,74.12,98.54,82.56,34.91,13.18,44.94,0
577,1,72.87,98.19,82.96,34.46,13.27,42.73,0
577,2,76.33,97.88,79.35,35.88,13.35,43.70,0
577,3,74.73,98.31,80.47,35.04,13.06,44.90,0
577,4,74.38,98.15,78.95,35.04,12.70,41.58,0
577,5,75.65,98.06,84.29,35.22,13.26,43.33,0
577,6,76.51,97.92,80.73,34.69,12.78,43.36,0
577,7,73.42,97.86,78.79,35.73,13.25,42.01,0
577,8,74.81,98.08,83.07,35.40,13.56,44.43,0
577,9,75.16,97.86,80.81,36.12,13.56,41.60,0
577,10,75.43,98.35,79.79,35.83,12.92,42.35,0
577,11,73.41,98.13,80.38,35.67,13.49,43.35,0
577,12,72.51,97.99,79.82,35.97,12.66,42.67,0
577,13,74.77,98.28,82.15,36.10,13.39,44.35,0
577,14,72.40,97.86,79.87,34.67,13.31,43.34,0
577,15,71.52,97.76,78.83,34.92,12.83,43.26,0
577,16,72.17,98.09,81.72,35.95,12.79,41.93,0
577,17,74.44,98.47,80.69,34.95,12.80,43.68,0
577,18,73.34,98.47,83.40,34.62,12.51,42.22,0
577,19,73.13,98.52,83.77,35.52,13.03,42.17,0
578,0,77.44,98.95,100.24,37.06,15.30,46.74,0
578,1,74.05,98.47,98.96,36.15,15.45,45.24,0
578,2,77.97,98.85,100.34,37.39,15.37,46.58,0
578,3,77.89,98.94,95.64,35.87,14.81,46.43,0
578,4,76.72,98.92,98.59,35.79,14.44,45.97,0
578,5,77.25,98.38,99.77,35.93,14.81,46.86,0
578,6,76.00,98.37,96.74,36.86,14.42,47.78,0
578,7,76.40,98.79,95.96,36.53,15.03,45.87,0
578,8,77.66,98.51,100.84,36.64,15.29,47.83,0
578,9,74.37,98.88,98.67,36.64,14.49,47.54,0
578,10,73.68,98.18,96.72,36.36,14.99,46.71,0
578,11,75.15,98.86,97.39,36.29,14.89,46.52,0
578,12,74.27,98.44,99.82,36.20,15.01,46.56,0
578,13,74.39,98.32,96.48,36.11,14.52,46.68,0
578,14,74.48,98.38,97.11,37.51,15.52,46.10,0
578,15,76.68,98.94,95.03,36.67,15.01,48.27,0
578,16,74.84,98.36,95.81,36.88,15.49,46.92,0
578,17,76.51,98.68,94.45,36.67,14.56,45.90,0
578,18,76.95,98.91,96.80,36.01,14.48,47.85,0
578,19,75.05,98.86,100.31,37.39,15.47,45.21,0
579,0,92.68,96.81,85.53,34.97,11.66,60.55,0
579,1,90.73,97.46,83.29,35.35,12.01,61.11,0
579,2,90.36,96.95,87.43,36.44,11.41,60.59,0
579,3,93.62,97.08,82.33,35.71,11.42,59.88,0
579,4,91.54,96.90,84.97,35.06,12.18,60.17,0
579,5,91.46,97.32,82.54,35.00,12.01,60.79,0
579,6,90.75,96.94,87.11,34.94,12.06,59.40,0
579,7,92.03,97.22,83.37,36.31,11.44,60.65,0
579,8,92.12,97.60,81.92,35.42,11.97,61.23,0
579,9,100.39,95.01,81.02,34.67,12.42,63.73,0
579,10,100.29,94.33,72.75,35.69,11.48,68.76,0
579,11,104.24,94.53,72.60,34.68,12.32,70.68,1
579,12,102.42,94.87,76.11,35.61,11.45,67.28,0
579,13,97.96,95.19,74.65,35.84,12.17,65.95,0
579,14,91.02,97.52,81.15,34.73,11.98,58.31,0
579,15,92.11,96.90,82.10,36.02,12.50,59.39,0
579,16,90.17,97.58,83.04,35.31,11.46,57.85,0
579,17,89.54,97.24,81.83,34.94,12.01,60.39,0
579,18,89.88,96.97,82.00,35.43,12.25,58.79,0
579,19,89.53,97.31,83.29,35.42,12.53,57.98,0
580,0,84.75,98.02,84.34,33.44,13.56,51.33,0
580,1,88.12,97.73,88.58,34.08,13.58,52.93,0
580,2,86.21,97.70,85.55,34.92,13.80,51.34,0
580,3,86.47,97.71,89.05,34.52,13.80,51.73,0
580,4,88.53,97.40,85.20,34.48,13.83,54.06,0
580,5,88.02,97.68,86.89,34.46,13.84,51.12,0
580,6,88.65,97.43,84.18,33.91,14.35,54.97,0
580,7,85.23,97.51,84.93,33.11,14.08,54.30,0
580,8,85.85,98.06,83.84,33.76,14.33,52.21,0
580,9,86.69,97.78,85.82,33.26,13.72,51.46,0
580,10,87.12,97.62,83.21,33.43,14.26,54.15,0
580,11,87.35,98.00,82.68,33.81,14.56,52.14,0
580,12,87.32,97.43,85.99,34.99,14.10,51.71,0
580,13,86.97,98.14,84.93,34.01,13.82,53.10,0
580,14,85.83,97.78,85.70,33.61,13.48,54.52,0
580,15,85.43,98.12,86.86,35.10,14.15,53.05,0
580,16,86.96,98.20,84.94,34.06,13.52,54.22,0
580,17,86.67,97.41,87.75,34.77,13.86,53.89,0
580,18,86.47,97.96,88.19,33.73,13.62,52.30,0
580,19,86.61,97.69,88.61,34.26,14.05,51.92,0
581,0,85.37,97.04,91.48,33.34,13.11,61.31,0
581,1,87.28,97.48,95.49,32.85,13.00,62.81,0
581,2,84.57,97.66,95.20,32.92,13.39,60.46,0
581,3,87.21,97.32,94.05,32.69,12.92,60.82,0
581,4,86.31,97.13,93.84,33.01,12.36,61.96,0
581,5,85.19,97.62,94.11,32.98,12.58,61.70,0
581,6,86.89,97.23,95.54,33.66,12.81,63.35,0
581,7,86.92,97.45,97.51,33.61,12.37,60.61,0
581,8,84.33,97.23,92.93,33.39,12.62,63.51,0
581,9,86.15,97.11,94.78,33.68,12.34,61.42,0
581,10,91.96,95.31,88.63,32.36,12.39,68.60,0
581,11,95.04,95.04,85.61,32.32,13.10,69.82,0
581,12,97.49,93.96,78.78,33.05,12.91,73.16,1
581,13,94.30,95.08,82.33,32.31,12.62,70.40,0
581,14,92.30,95.44,87.71,32.95,13.18,65.72,0
581,15,86.66,97.67,92.25,32.50,12.96,63.47,0
581,16,84.36,97.44,93.75,32.61,12.53,60.91,0
581,17,85.65,96.98,94.73,33.55,13.41,60.64,0
581,18,87.21,97.10,95.03,33.57,12.70,60.62,0
581,19,84.92,97.01,92.26,34.00,13.09,61.47,0
582,0,91.53,97.82,77.02,38.51,11.45,50.58,0
582,1,92.31,98.42,79.42,37.18,11.06,52.76,0
582,2,92.93,98.00,79.56,37.80,11.45,51.04,0
582,3,92.65,97.80,82.23,37.67,11.98,51.77,0
582,4,94.29,97.82,83.33,36.92,11.42,50.06,0
582,5,94.41,98.49,79.84,37.60,12.00,53.55,0
582,6,91.08,98.39,79.23,37.06,11.84,51.96,0
582,7,93.06,98.52,82.28,38.62,11.98,53.63,0
582,8,100.97,96.12,72.37,38.27,11.27,56.81,0
582,9,102.61,96.04,69.21,37.84,12.17,59.16,0
582,10,102.40,95.14,67.25,37.41,11.34,60.54,1
582,11,100.67,95.45,69.95,37.64,11.49,60.32,0
582,12,101.10,96.07,72.11,37.26,11.98,59.44,0
582,13,91.57,98.55,77.39,36.76,11.49,53.57,0
582,14,92.26,97.91,79.87,37.00,11.93,53.41,0
582,15,91.72,98.23,80.63,38.64,12.19,50.85,0
582,16,89.38,98.03,79.87,38.02,11.77,52.28,0
582,17,91.28,97.96,76.38,37.90,11.97,53.31,0
582,18,93.12,98.09,77.30,37.37,12.13,49.91,0
582,19,90.12,97.91,77.02,37.74,11.65,50.35,0
583,0,71.78,97.78,86.76,37.22,15.03,57.54,0
583,1,75.89,97.74,90.29,37.86,14.64,60.11,0
583,2,73.12,97.76,91.52,37.30,14.89,59.50,0
583,3,73.78,97.98,91.53,38.57,15.43,57.31,0
583,4,74.68,98.09,90.08,37.11,14.99,57.17,0
583,5,76.28,97.82,88.10,38.34,15.39,58.43,0
583,6,75.68,97.61,90.76,36.95,15.60,59.22,0
583,7,74.10,97.97,92.01,38.04,14.82,59.56,0
583,8,74.90,98.20,86.90,38.40,14.98,57.36,0
583,9,72.05,97.56,89.60,38.57,15.25,59.41,0
583,10,74.54,98.12,91.22,37.72,15.16,59.47,0
583,11,74.20,97.83,89.15,37.43,14.98,57.36,0
583,12,71.56,97.68,89.54,36.98,14.98,57.37,0
583,13,72.30,98.20,88.18,38.29,15.00,58.76,0
583,14,71.37,97.57,91.28,38.72,15.31,59.29,0
583,15,74.69,98.20,88.34,38.61,14.85,57.19,0
583,16,74.34,98.25,85.59,37.04,15.53,60.05,0
583,17,72.09,97.77,88.42,38.47,15.28,57.33,0
583,18,73.73,98.23,89.89,37.45,15.12,59.64,0
583,19,72.86,98.26,88.23,37.38,14.87,58.47,0
584,0,85.00,98.73,95.29,34.97,13.31,55.32,0
584,1,85.26,98.80,96.04,35.51,12.85,54.94,0
584,2,85.77,98.34,97.51,35.24,13.67,54.65,0
584,3,87.28,98.27,97.26,35.69,13.18,57.84,0
584,4,87.06,98.49,96.25,35.15,12.94,55.21,0
584,5,86.37,98.79,98.51,34.64,13.35,55.71,0
584,6,85.22,98.53,94.07,34.65,13.19,57.66,0
584,7,87.61,98.34,94.31,34.77,12.86,54.80,0
584,8,88.52,98.26,98.21,36.05,13.69,55.39,0
584,9,84.43,98.44,95.61,35.70,13.66,58.05,0
584,10,86.82,98.66,97.03,35.18,13.00,55.02,0
584,11,84.71,98.12,97.30,35.34,13.16,55.03,0
584,12,87.13,98.38,97.43,36.22,13.87,58.32,0
584,13,85.92,98.26,94.55,35.28,13.20,57.96,0
584,14,84.49,98.41,92.54,35.74,12.85,58.41,0
584,15,86.58,98.34,96.83,34.95,13.26,56.78,0
584,16,87.53,98.25,92.86,34.59,13.89,58.38,0
584,17,84.51,98.41,97.62,35.96,13.87,55.87,0
584,18,85.12,98.09,95.67,35.53,12.78,56.34,0
584,19,85.87,98.20,94.87,36.28,12.88,57.38,0
585,0,82.41,96.68,95.52,38.05,15.89,48.21,0
585,1,82.31,96.95,96.65,36.71,16.19,48.80,0
585,2,82.43,97.11,98.69,36.98,16.31,46.72,0
585,3,81.53,96.96,96.42,37.95,15.36,45.80,0
585,4,80.98,96.81,96.88,36.46,15.62,48.91,0
585,5,81.91,97.31,94.08,37.24,15.54,46.47,0
585,6,84.35,96.81,99.65,37.80,15.76,45.61,0
585,7,84.11,97.45,96.95,36.25,15.90,45.85,0
585,8,80.97,96.79,93.84,37.24,15.70,47.53,0
585,9,83.52,97.24,98.22,36.62,16.17,47.07,0
585,10,81.03,96.97,98.65,37.36,16.30,45.53,0
585,11,83.25,97.43,94.00,37.18,15.71,48.47,0
585,12,81.20,96.99,97.56,36.79,15.12,46.09,0
585,13,81.85,96.68,95.62,36.79,16.30,46.27,0
585,14,82.83,97.27,94.35,37.01,15.93,47.74,0
585,15,81.34,97.22,94.22,37.12,15.73,45.86,0
585,16,80.13,96.90,98.53,37.04,15.26,47.98,0
585,17,83.49,97.19,96.72,36.61,15.21,45.52,0
585,18,82.91,97.10,97.31,37.34,15.80,48.66,0
585,19,83.91,97.46,95.59,37.48,15.93,46.15,0
586,0,82.77,97.85,89.78,38.08,15.15,51.74,0
586,1,79.99,97.85,91.06,38.49,14.70,53.26,0
586,2,82.13,97.67,87.77,39.13,14.46,54.50,0
586,3,83.31,97.23,89.07,38.87,14.93,53.93,0
586,4,81.81,97.63,91.15,39.16,15.05,52.50,0
586,5,81.41,97.68,91.74,39.19,14.42,51.60,0
586,6,80.12,97.48,92.64,38.52,14.72,54.72,0
586,7,80.03,97.67,86.75,37.91,15.48,53.10,0
586,8,81.43,97.83,87.07,39.08,14.33,53.60,0
586,9,79.48,97.51,88.13,39.56,14.98,51.19,0
586,10,80.73,97.59,87.29,38.62,15.35,53.43,0
586,11,81.60,97.16,88.86,37.89,14.89,53.61,0
586,12,82.00,97.63,89.79,38.70,14.72,54.23,0
586,13,81.12,97.55,88.87,38.17,14.41,53.87,0
586,14,79.27,97.80,88.96,38.11,14.94,53.32,0
586,15,81.54,97.36,90.30,39.64,15.29,53.96,0
586,16,81.16,97.75,89.98,38.60,14.58,54.65,0
586,17,78.51,97.57,87.58,38.70,15.11,52.47,0
586,18,82.50,97.70,86.33,38.82,14.41,50.99,0
586,19,80.87,97.42,88.73,38.81,14.39,51.01,0
587,0,81.61,99.19,82.30,34.55,14.61,42.35,0
587,1,79.85,98.95,79.24,34.49,15.01,44.37,0
587,2,79.56,98.61,79.67,35.04,15.15,42.34,0
587,3,79.87,99.08,81.25,34.32,14.91,41.87,0
587,4,82.01,99.02,81.05,34.53,15.10,41.27,0
587,5,80.79,98.54,82.39,34.63,15.29,40.92,0
587,6,79.28,98.84,81.33,34.81,15.45,44.23,0
587,7,79.92,99.15,79.10,33.75,15.61,44.09,0
587,8,80.81,98.94,80.86,34.92,14.57,41.05,0
587,9,89.18,96.67,75.95,34.21,15.60,48.27,0
587,10,88.44,96.49,69.94,33.40,14.74,50.02,0
587,11,91.33,95.84,69.18,33.65,15.51,50.94,1
587,12,91.76,96.30,68.68,34.46,14.84,50.62,0
587,13,86.54,96.83,76.27,34.43,14.63,50.28,0
587,14,80.58,98.91,77.85,34.39,15.70,42.27,0
587,15,79.36,98.90,80.98,33.45,15.35,41.24,0
587,16,80.62,98.58,81.71,34.88,15.58,42.50,0
587,17,79.00,98.71,82.54,34.08,15.49,43.25,0
587,18,78.40,98.51,78.05,33.68,14.79,42.56,0
587,19,80.73,98.83,81.73,33.94,14.88,43.27,0
588,0,82.18,97.76,95.01,33.67,12.86,60.09,0
588,1,81.85,97.34,91.89,35.01,12.03,59.80,0
588,2,82.78,97.41,93.27,35.30,12.37,59.33,0
588,3,81.27,97.16,93.53,33.92,12.58,59.96,0
588,4,83.49,97.10,93.94,33.68,13.05,58.48,0
588,5,82.38,97.47,96.25,35.28,12.99,58.81,0
588,6,80.84,97.77,93.10,35.09,12.96,58.99,0
588,7,80.53,97.69,91.86,35.38,12.97,61.30,0
588,8,80.78,97.51,95.47,34.49,13.05,59.40,0
588,9,80.98,97.45,92.40,34.41,12.23,60.97,0
588,10,90.57,95.43,86.62,34.02,12.17,66.36,0
588,11,90.49,95.23,84.19,34.24,12.78,68.02,0
588,12,93.87,94.47,79.28,34.17,12.00,71.12,1
588,13,89.10,95.27,81.66,35.12,12.92,67.58,0
588,14,87.02,95.10,87.00,34.84,12.54,65.68,0
588,15,81.26,97.64,93.33,35.02,13.07,59.70,0
588,16,81.23,97.76,93.15,34.97,12.60,62.20,0
588,17,79.18,97.77,94.92,34.41,12.79,59.77,0
588,18,82.65,97.09,92.62,34.92,12.33,59.51,0
588,19,80.81,97.08,94.10,33.85,12.10,58.65,0
589,0,84.65,97.89,80.95,37.36,15.01,54.23,0
589,1,86.38,97.71,82.97,37.44,15.92,55.63,0
589,2,87.71,97.72,83.26,37.53,15.37,57.43,0
589,3,89.07,97.76,84.11,36.77,15.91,56.64,0
589,4,87.16,98.03,85.22,37.82,15.81,56.38,0
589,5,88.49,97.59,81.76,37.53,15.64,57.00,0
589,6,88.82,97.71,83.98,37.39,15.94,57.65,0
589,7,85.40,97.67,86.49,37.62,15.39,56.74,0
589,8,86.94,98.18,87.20,36.95,15.70,55.90,0
589,9,85.69,97.93,85.62,36.77,15.10,55.32,0
589,10,86.06,97.80,84.51,37.48,15.95,56.55,0
589,11,85.53,98.13,85.20,37.18,15.89,54.13,0
589,12,85.60,97.63,83.83,37.09,15.22,56.15,0
589,13,86.89,97.93,82.47,37.88,15.32,57.26,0
589,14,85.97,97.66,83.58,37.14,15.45,57.93,0
589,15,87.51,97.82,81.44,36.19,15.17,55.56,0
589,16,84.83,97.68,82.99,36.46,15.40,56.05,0
589,17,87.49,98.14,81.33,37.98,14.91,55.62,0
589,18,87.66,97.98,83.06,36.53,15.57,56.12,0
589,19,88.15,97.79,81.85,37.69,15.06,56.30,0
590,0,78.46,98.43,89.19,35.67,14.20,49.34,0
590,1,79.50,98.97,88.12,34.68,14.90,49.43,0
590,2,80.02,98.41,92.24,35.28,14.80,49.84,0
590,3,82.76,98.82,89.23,35.30,14.39,48.73,0
590,4,79.86,98.98,89.44,35.08,14.15,47.23,0
590,5,80.32,98.93,89.49,35.18,14.52,49.58,0
590,6,80.85,98.64,89.47,35.83,14.43,47.11,0
590,7,80.65,98.84,89.29,34.94,14.40,50.37,0
590,8,79.03,98.85,89.51,35.68,14.54,47.34,0
590,9,79.08,98.51,87.72,35.54,14.98,47.62,0
590,10,87.64,96.76,86.65,33.84,14.25,56.23,0
590,11,89.45,96.27,83.40,33.97,14.43,55.36,0
590,12,91.63,96.03,77.69,34.13,14.46,58.98,1
590,13,88.40,96.28,81.88,34.54,14.75,56.15,0
590,14,88.56,96.57,83.72,34.07,14.72,57.03,0
590,15,79.96,98.75,91.38,33.94,14.86,49.52,0
590,16,78.15,98.62,90.64,34.63,14.31,49.34,0
590,17,81.60,98.29,90.01,34.20,14.64,48.55,0
590,18,80.48,98.28,87.60,34.88,14.88,47.23,0
590,19,80.14,98.28,88.27,35.03,14.40,49.85,0
591,0,76.10,97.19,97.61,34.68,14.18,49.71,0
591,1,77.89,97.32,93.47,35.45,13.76,49.42,0
591,2,77.18,97.69,93.79,35.66,13.74,50.08,0
591,3,75.37,97.71,97.57,35.84,13.88,48.29,0
591,4,77.25,97.09,98.88,34.85,14.22,47.96,0
591,5,75.41,97.39,98.53,36.40,14.36,46.38,0
591,6,78.15,96.93,94.66,35.99,14.15,48.43,0
591,7,76.33,97.42,97.02,36.28,13.94,49.21,0
591,8,75.40,97.54,97.11,36.51,13.60,48.82,0
591,9,76.80,97.60,97.35,35.32,13.75,48.64,0
591,10,77.91,97.50,96.31,36.02,13.58,49.77,0
591,11,77.62,97.49,98.15,34.84,14.06,48.03,0
591,12,76.60,97.26,93.16,35.02,13.46,50.04,0
591,13,77.01,97.49,95.45,35.03,14.29,46.58,0
591,14,76.42,97.03,93.30,35.10,13.52,46.75,0
591,15,74.54,97.27,95.13,35.92,14.06,46.52,0
591,16,77.23,97.45,93.82,36.20,14.25,49.89,0
591,17,76.80,96.98,92.49,35.17,13.43,49.92,0
591,18,75.84,97.24,96.14,36.33,13.76,49.23,0
591,19,78.31,97.51,97.53,35.80,14.34,46.96,0
592,0,83.95,98.06,93.34,37.62,11.72,60.25,0
592,1,84.20,98.17,96.98,37.95,12.05,57.80,0
592,2,85.97,98.25,95.06,38.61,12.09,59.69,0
592,3,85.91,98.27,98.08,38.34,12.23,58.72,0
592,4,85.65,98.07,94.16,37.35,11.27,59.57,0
592,5,87.82,97.69,98.04,37.78,11.19,58.57,0
592,6,85.52,97.60,93.73,37.47,11.52,61.32,0
592,7,85.32,97.73,99.07,38.17,11.63,58.64,0
592,8,85.07,98.23,96.40,37.83,11.57,58.95,0
592,9,83.99,97.85,97.01,38.83,12.21,61.06,0
592,10,85.36,98.25,96.39,37.53,11.76,60.05,0
592,11,84.08,97.58,97.14,37.32,11.63,60.67,0
592,12,84.60,97.66,95.48,38.89,11.48,60.45,0
592,13,83.83,98.11,93.24,38.89,12.10,58.74,0
592,14,86.27,97.87,96.66,38.02,11.41,60.38,0
592,15,84.73,97.82,92.76,37.55,11.93,59.50,0
592,16,83.82,97.53,96.16,37.89,11.45,59.23,0
592,17,84.67,97.61,94.76,38.76,12.24,58.61,0
592,18,86.19,97.62,92.90,37.16,11.83,58.53,0
592,19,85.96,97.94,93.01,37.89,11.50,58.20,0
593,0,84.96,98.62,79.46,37.30,10.15,55.15,0
593,1,87.93,98.58,84.02,36.98,10.65,54.50,0
593,2,84.91,98.63,82.66,37.47,9.95,53.55,0
593,3,86.72,98.85,85.03,37.25,9.98,52.76,0
593,4,88.32,98.78,82.91,37.24,10.49,53.53,0
593,5,85.98,98.63,81.64,36.49,10.78,54.23,0
593,6,87.28,98.60,84.06,36.10,10.76,54.35,0
593,7,87.77,98.26,81.25,37.16,10.21,53.79,0
593,8,85.30,99.01,82.97,37.15,10.06,52.48,0
593,9,86.83,98.62,80.60,37.49,10.86,53.78,0
593,10,85.63,98.37,83.47,36.55,10.17,52.19,0
593,11,85.60,98.82,82.14,37.66,10.05,54.01,0
593,12,86.78,98.50,83.71,36.33,10.93,51.81,0
593,13,83.63,98.38,79.78,37.87,10.40,53.79,0
593,14,87.04,98.71,79.36,36.10,10.62,52.65,0
593,15,85.20,98.84,81.18,36.28,10.66,53.85,0
593,16,87.33,98.55,82.16,36.18,10.03,53.77,0
593,17,87.69,98.45,82.54,35.92,10.81,54.86,0
593,18,85.43,98.54,81.54,36.31,10.72,54.15,0
593,19,85.53,98.54,82.53,36.37,10.31,54.21,0
594,0,77.44,97.17,83.60,35.38,12.81,43.79,0
594,1,78.88,97.46,86.20,34.84,12.43,45.64,0
594,2,79.10,97.27,84.42,36.32,12.51,45.32,0
594,3,76.62,97.47,87.46,36.57,12.56,46.05,0
594,4,78.63,97.45,88.35,35.16,13.21,44.43,0
594,5,78.40,97.33,84.16,36.58,12.47,43.27,0
594,6,75.85,96.75,88.27,36.36,13.23,45.08,0
594,7,77.98,96.97,84.77,35.49,12.83,46.08,0
594,8,77.76,97.13,86.41,35.86,12.45,44.03,0
594,9,76.22,97.23,83.31,35.48,12.88,44.52,0
594,10,76.66,97.24,82.03,35.07,12.63,43.82,0
594,11,77.07,97.46,84.03,34.99,13.06,43.01,0
594,12,77.77,97.02,81.52,35.03,12.53,46.09,0
594,13,76.59,96.95,83.24,34.79,12.88,43.42,0
594,14,77.68,96.75,84.18,36.42,12.92,44.47,0
594,15,74.44,97.21,83.72,35.56,12.58,42.98,0
594,16,77.05,97.03,86.71,34.80,13.06,44.50,0
594,17,76.73,97.06,85.98,35.82,13.01,45.47,0
594,18,76.46,96.78,83.63,35.33,13.10,43.25,0
594,19,75.98,97.02,82.16,36.33,12.51,43.40,0
595,0,86.78,97.31,97.81,33.40,11.09,55.03,0
595,1,87.53,97.71,97.65,33.41,10.20,56.98,0
595,2,86.86,97.55,97.43,33.29,10.65,55.76,0
595,3,88.75,97.95,94.43,32.80,11.15,55.42,0
595,4,89.36,97.36,97.20,32.72,11.21,55.94,0
595,5,88.42,97.57,97.57,33.99,10.37,57.97,0
595,6,87.89,97.78,96.20,32.92,10.31,57.73,0
595,7,87.28,98.01,98.80,32.94,11.19,58.68,0
595,8,86.00,97.54,97.81,33.77,10.41,55.85,0
595,9,87.38,97.46,93.45,33.92,10.74,57.92,0
595,10,86.50,97.59,95.95,33.52,11.04,57.86,0
595,11,87.97,97.70,92.66,34.35,11.10,58.35,0
595,12,87.41,97.67,95.72,33.42,10.95,58.88,0
595,13,85.09,97.76,92.80,33.83,11.22,57.41,0
595,14,86.09,98.04,92.25,33.36,10.29,55.05,0
595,15,86.89,97.89,92.18,33.89,11.03,58.20,0
595,16,84.92,97.96,92.54,32.84,10.53,56.56,0
595,17,88.09,97.41,94.89,34.33,11.14,58.10,0
595,18,87.32,97.31,95.26,32.70,10.68,58.74,0
595,19,87.50,97.82,95.14,34.35,10.12,58.34,0
596,0,76.23,97.81,80.52,34.54,11.11,59.74,0
596,1,80.43,97.44,80.45,35.46,11.01,56.83,0
596,2,78.72,97.31,77.89,35.49,10.23,58.38,0
596,3,78.93,97.47,77.01,34.06,10.19,57.79,0
596,4,77.64,97.91,77.95,34.87,10.10,56.49,0
596,5,80.30,97.98,78.67,34.09,11.13,56.63,0
596,6,80.19,97.83,80.01,34.28,10.69,59.14,0
596,7,80.19,97.98,80.01,35.38,10.72,59.39,0
596,8,78.11,97.70,77.19,34.78,10.98,59.60,0
596,9,79.13,97.98,79.19,34.59,10.26,56.54,0
596,10,78.67,97.65,76.60,35.13,11.22,59.82,0
596,11,79.04,97.57,76.22,34.13,10.06,57.95,0
596,12,79.45,97.50,79.35,34.52,10.35,57.10,0
596,13,78.62,97.58,76.40,34.67,10.20,58.20,0
596,14,78.99,97.55,75.59,34.80,10.55,56.21,0
596,15,77.67,97.62,78.11,34.80,10.72,56.44,0
596,16,77.84,97.43,80.53,35.21,11.20,56.89,0
596,17,78.37,97.46,78.43,35.28,10.65,58.10,0
596,18,76.59,97.56,79.32,34.45,10.75,59.33,0
596,19,79.68,97.46,77.82,35.13,10.94,58.68,0
597,0,77.08,99.10,81.34,37.06,12.91,59.91,0
597,1,75.83,98.85,78.12,37.05,13.92,62.53,0
597,2,76.36,99.19,81.78,36.19,12.92,60.11,0
597,3,76.84,99.19,82.61,36.77,13.24,61.51,0
597,4,79.64,98.88,79.99,37.29,13.61,59.49,0
597,5,78.10,99.03,84.07,37.13,12.88,61.61,0
597,6,78.02,98.99,81.76,37.49,13.43,60.04,0
597,7,79.02,98.89,80.83,36.86,13.53,61.73,0
597,8,76.30,99.31,83.31,37.01,13.25,61.48,0
597,9,76.08,99.20,80.09,37.31,13.86,60.97,0
597,10,75.25,98.69,82.16,37.16,13.11,59.54,0
597,11,74.92,98.81,82.06,37.24,13.80,60.45,0
597,12,77.79,98.73,79.14,36.24,13.81,61.98,0
597,13,75.57,98.72,82.14,36.49,13.67,61.15,0
597,14,75.70,99.15,78.68,35.97,13.56,59.25,0
597,15,75.83,99.03,81.30,37.48,13.95,59.65,0
597,16,76.82,98.51,78.45,35.93,13.60,59.37,0
597,17,78.59,98.78,78.29,36.37,13.97,58.84,0
597,18,76.39,99.19,77.70,36.62,13.57,60.91,0
597,19,78.06,98.97,80.79,35.81,13.43,60.30,0
598,0,89.31,98.43,88.46,36.56,11.30,56.81,0
598,1,86.58,98.66,92.28,36.02,10.76,56.21,0
598,2,90.11,98.84,89.90,36.71,11.25,54.86,0
598,3,89.90,98.18,89.56,35.52,10.75,57.38,0
598,4,88.50,98.57,93.61,35.55,11.31,56.10,0
598,5,88.09,98.82,88.94,36.40,10.47,57.28,0
598,6,87.79,98.20,90.19,36.90,10.96,58.22,0
598,7,86.68,98.21,89.53,36.39,11.03,56.72,0
598,8,89.04,98.92,88.40,36.06,11.16,54.89,0
598,9,88.32,98.61,88.06,35.70,10.75,55.54,0
598,10,88.93,98.80,92.71,35.52,10.56,56.49,0
598,11,87.21,98.32,92.00,36.06,11.05,57.19,0
598,12,88.78,98.84,90.43,35.42,10.62,55.53,0
598,13,87.50,98.74,92.82,35.48,11.07,57.82,0
598,14,86.78,98.79,87.99,36.84,10.52,56.56,0
598,15,88.05,98.89,91.44,36.95,10.55,57.26,0
598,16,85.83,98.77,92.56,36.31,10.68,55.90,0
598,17,88.82,98.26,89.66,35.65,11.16,57.73,0
598,18,88.14,98.43,89.71,36.46,11.28,56.84,0
598,19,87.38,98.58,89.14,36.94,11.37,55.97,0
599,0,82.19,97.27,84.14,37.13,13.98,61.10,0
599,1,82.59,97.08,82.97,37.79,13.98,61.46,0
599,2,79.47,96.81,81.69,37.61,14.38,60.33,0
599,3,83.27,96.82,80.61,38.23,14.19,61.58,0
599,4,80.07,97.44,83.04,37.53,14.38,60.78,0
599,5,81.94,96.97,84.27,37.66,14.39,60.10,0
599,6,82.55,96.92,85.23,37.63,14.47,60.15,0
599,7,82.33,96.81,84.25,37.94,14.37,60.64,0
599,8,79.26,96.84,81.18,36.99,14.44,61.68,0
599,9,82.27,96.90,79.65,37.56,14.54,61.78,0
599,10,82.12,97.22,83.03,37.48,14.38,60.14,0
599,11,81.41,97.29,80.69,37.31,14.07,61.71,0
599,12,79.39,97.23,80.22,38.87,14.46,61.65,0
599,13,81.06,97.24,79.21,37.40,13.70,62.10,0
599,14,78.11,97.19,81.27,37.28,14.00,61.82,0
599,15,78.31,97.10,80.45,37.58,13.95,60.54,0
599,16,80.05,97.12,80.47,38.12,14.27,59.81,0
599,17,82.12,97.41,82.51,38.38,14.24,60.37,0
599,18,79.58,97.44,81.23,37.99,14.04,60.65,0
599,19,80.53,97.26,81.64,36.97,13.66,60.36,0
600,0,81.68,97.23,89.63,33.39,10.20,45.31,0
600,1,82.66,97.83,90.12,32.98,10.19,44.53,0
600,2,83.48,97.80,91.63,34.25,10.45,45.26,0
600,3,84.61,97.84,90.54,34.20,10.68,47.88,0
600,4,84.36,97.31,90.97,34.27,9.87,47.75,0
600,5,83.38,97.71,93.73,33.46,10.56,44.47,0
600,6,83.43,97.44,96.30,33.07,10.14,45.75,0
600,7,83.81,97.41,90.32,34.44,10.79,45.62,0
600,8,83.70,97.66,93.93,33.52,10.35,44.81,0
600,9,82.43,97.20,92.28,32.76,10.91,44.69,0
600,10,81.94,97.32,94.56,32.90,9.76,46.71,0
600,11,83.09,97.75,90.62,32.97,10.49,44.90,0
600,12,81.86,97.30,92.83,33.90,10.30,45.79,0
600,13,84.22,97.48,91.48,34.08,10.31,45.86,0
600,14,81.50,97.65,90.57,33.40,10.13,46.48,0
600,15,83.18,97.18,91.80,34.34,9.96,44.49,0
600,16,82.88,97.23,91.47,33.39,10.37,44.46,0
600,17,81.39,97.22,89.88,33.56,10.12,45.25,0
600,18,83.21,97.44,93.60,32.65,10.12,46.21,0
600,19,84.17,97.33,94.71,33.47,9.80,45.55,0
601,0,80.29,98.54,89.61,35.39,14.25,47.24,0
601,1,80.08,98.39,92.92,35.41,13.43,48.22,0
601,2,81.98,98.12,88.73,36.56,14.12,47.69,0
601,3,83.81,98.08,90.70,36.57,13.35,49.64,0
601,4,81.21,98.16,90.06,35.86,13.72,47.05,0
601,5,82.71,98.56,94.52,34.91,13.25,49.03,0
601,6,81.48,98.40,89.93,36.70,13.68,46.50,0
601,7,82.73,98.50,90.35,35.68,14.19,46.45,0
601,8,88.22,96.60,88.07,35.19,13.92,54.00,0
601,9,93.87,95.76,82.04,35.35,13.27,56.83,0
601,10,92.50,95.45,81.79,35.67,14.04,58.05,1
601,11,92.27,95.86,84.81,35.20,13.88,55.15,0
601,12,88.55,96.78,85.22,35.06,13.47,54.09,0
601,13,81.99,98.64,89.12,36.84,13.73,48.84,0
601,14,80.71,98.34,93.42,35.55,13.19,48.98,0
601,15,80.59,98.84,89.50,35.62,13.99,49.47,0
601,16,80.16,98.19,92.52,36.21,13.98,47.57,0
601,17,80.12,98.72,88.20,35.96,14.14,48.62,0
601,18,83.50,98.76,88.02,36.57,13.76,47.13,0
601,19,81.90,98.23,88.34,35.20,14.32,47.23,0
602,0,80.07,97.48,82.50,38.39,13.24,43.61,0
602,1,76.73,97.36,83.63,38.29,13.92,43.36,0
602,2,80.24,97.75,80.65,37.42,13.32,43.78,0
602,3,79.05,97.70,85.11,38.43,13.72,44.22,0
602,4,77.34,97.48,81.96,36.86,13.52,40.95,0
602,5,77.09,97.36,82.05,37.74,14.18,42.59,0
602,6,78.24,97.35,84.80,36.84,13.69,41.73,0
602,7,79.65,97.66,81.32,37.61,13.26,43.90,0
602,8,77.89,97.33,80.17,37.42,13.44,41.09,0
602,9,76.53,97.39,83.02,38.15,14.06,44.00,0
602,10,77.44,98.10,82.78,38.08,14.07,42.86,0
602,11,76.89,97.60,82.17,38.19,13.19,40.95,0
602,12,79.22,97.69,78.07,38.05,13.33,40.73,0
602,13,77.75,97.82,78.47,37.88,14.05,41.74,0
602,14,79.05,97.84,82.62,37.30,13.71,43.62,0
602,15,78.65,97.79,79.41,36.79,14.02,42.42,0
602,16,77.89,97.33,81.78,38.25,13.37,43.49,0
602,17,76.49,97.78,83.89,36.89,13.69,43.66,0
602,18,76.52,97.61,83.90,38.04,13.33,41.07,0
602,19,79.33,97.91,79.88,37.54,14.08,41.01,0
603,0,92.47,98.92,96.10,37.91,12.30,58.41,0
603,1,92.49,98.69,95.29,38.53,12.35,58.15,0
603,2,92.78,98.50,93.48,38.07,12.26,60.17,0
603,3,90.24,98.69,94.30,38.28,13.32,57.83,0
603,4,90.46,98.53,96.75,39.70,12.41,60.28,0
603,5,91.01,98.84,96.72,38.23,12.86,57.03,0
603,6,92.13,98.56,98.28,38.24,12.58,59.61,0
603,7,91.25,98.61,93.60,37.87,13.31,60.52,0
603,8,92.46,98.97,97.78,37.80,13.12,56.90,0
603,9,92.02,98.80,97.37,38.26,13.27,60.46,0
603,10,92.47,98.98,93.89,38.69,12.28,59.04,0
603,11,91.99,98.78,95.92,39.63,12.84,60.15,0
603,12,88.72,99.03,92.55,38.55,13.19,59.40,0
603,13,89.27,98.40,93.55,38.88,12.42,58.61,0
603,14,88.72,98.54,96.82,38.68,12.79,56.97,0
603,15,89.62,98.59,94.01,39.44,12.58,59.12,0
603,16,90.46,99.07,93.44,38.64,12.43,58.55,0
603,17,90.03,98.98,93.48,39.55,13.30,60.65,0
603,18,92.76,98.57,96.70,37.87,12.18,60.28,0
603,19,91.83,98.59,96.18,39.19,12.58,60.33,0
604,0,76.42,98.97,88.40,37.62,12.32,52.23,0
604,1,78.96,99.24,90.65,36.25,11.68,51.53,0
604,2,76.90,98.79,91.05,36.80,11.46,51.91,0
604,3,77.29,98.79,88.95,36.16,11.24,50.57,0
604,4,79.46,99.01,88.30,37.18,12.23,52.23,0
604,5,79.72,98.71,91.74,36.59,12.08,52.37,0
604,6,78.40,98.88,90.55,37.06,11.47,50.65,0
604,7,79.73,98.64,86.78,36.73,11.36,52.93,0
604,8,79.76,99.26,90.33,36.11,11.60,50.55,0
604,9,76.04,98.60,88.16,36.65,11.32,52.21,0
604,10,75.98,98.64,90.94,36.49,11.63,51.57,0
604,11,76.75,99.22,88.09,36.48,12.34,54.00,0
604,12,77.68,99.08,90.93,36.58,11.51,50.46,0
604,13,78.62,98.82,86.96,37.18,12.05,50.68,0
604,14,77.71,99.12,89.47,37.52,11.53,53.48,0
604,15,75.16,98.65,86.18,36.31,11.75,51.22,0
604,16,75.52,99.01,88.94,37.42,11.25,51.97,0
604,17,75.73,99.06,90.23,37.46,11.74,53.50,0
604,18,75.55,99.13,89.66,36.59,11.74,53.83,0
604,19,76.03,98.93,87.58,37.50,11.89,53.39,0
605,0,81.04,97.65,94.12,34.10,15.79,54.72,0
605,1,80.17,97.73,95.44,34.70,15.05,54.21,0
605,2,83.48,97.69,89.94,35.24,15.64,53.55,0
605,3,82.80,98.02,92.31,33.93,14.95,56.85,0
605,4,81.34,98.28,95.70,34.21,15.55,56.97,0
605,5,81.92,97.82,95.79,33.93,14.98,55.96,0
605,6,81.14,97.90,95.78,33.71,15.32,55.89,0
605,7,80.50,98.26,90.98,34.87,15.75,55.63,0
605,8,81.77,98.11,94.78,34.93,15.58,54.66,0
605,9,80.70,97.74,89.76,35.43,16.03,56.77,0
605,10,80.94,98.20,93.10,33.72,15.02,56.62,0
605,11,80.13,98.13,89.44,34.31,15.57,54.18,0
605,12,79.23,98.05,90.02,35.08,14.92,54.09,0
605,13,81.49,98.07,89.69,34.30,15.85,56.83,0
605,14,78.89,98.16,93.05,34.81,15.92,56.77,0
605,15,81.08,97.82,91.37,33.78,15.64,55.61,0
605,16,82.73,97.61,93.26,34.30,15.30,53.40,0
605,17,80.94,97.66,89.61,34.86,15.55,57.23,0
605,18,79.68,97.99,90.31,35.31,15.13,54.63,0
605,19,82.18,97.61,95.40,35.15,16.07,54.83,0
606,0,90.52,97.56,94.58,35.46,14.39,41.64,0
606,1,88.01,97.18,95.49,34.85,14.78,41.98,0
606,2,87.85,97.67,93.50,34.15,14.67,43.24,0
606,3,87.73,97.16,93.20,34.65,14.56,41.09,0
606,4,87.65,97.35,92.53,34.88,14.08,41.33,0
606,5,88.93,97.74,96.17,34.60,15.07,42.15,0
606,6,90.51,97.22,93.36,35.23,13.92,42.31,0
606,7,87.99,97.30,90.77,34.62,14.09,41.43,0
606,8,87.68,97.46,93.80,33.51,14.04,42.67,0
606,9,89.12,97.37,90.63,34.58,14.97,40.43,0
606,10,94.72,95.52,89.88,34.68,14.23,49.80,0
606,11,98.39,95.05,85.36,33.53,14.51,50.03,0
606,12,99.27,94.25,78.09,35.28,14.33,51.24,1
606,13,96.62,94.95,81.54,35.47,14.50,50.84,0
606,14,96.63,95.35,87.65,34.06,15.02,48.60,0
606,15,87.43,97.25,91.10,34.26,14.83,42.01,0
606,16,88.04,97.54,89.55,33.76,13.89,42.43,0
606,17,88.19,97.18,95.52,33.73,14.70,43.79,0
606,18,88.38,97.61,90.01,35.15,14.30,41.87,0
606,19,90.01,97.11,90.57,34.19,14.94,43.93,0
607,0,84.82,97.52,89.56,35.19,10.54,58.93,0
607,1,85.24,97.51,90.42,34.38,11.07,61.07,0
607,2,86.27,97.66,92.50,34.16,10.95,60.99,0
607,3,87.30,97.70,91.25,35.09,10.71,59.40,0
607,4,86.71,97.07,93.97,35.16,11.31,59.98,0
607,5,85.99,97.56,93.94,35.17,10.79,62.05,0
607,6,85.09,97.20,91.67,34.26,11.37,59.44,0
607,7,86.04,97.57,92.01,34.25,10.55,59.94,0
607,8,93.33,95.34,85.49,33.76,10.72,65.70,0
607,9,94.70,95.08,80.24,34.06,10.31,67.19,0
607,10,95.18,94.58,79.93,33.97,11.24,72.51,1
607,11,95.10,95.24,80.38,35.55,11.36,67.88,0
607,12,94.28,95.47,86.59,34.38,10.39,67.26,0
607,13,84.24,97.34,91.82,35.00,10.58,60.41,0
607,14,84.96,97.39,88.53,35.11,10.70,61.49,0
607,15,84.40,97.10,87.97,34.63,10.53,59.39,0
607,16,83.94,97.36,92.15,35.13,11.07,59.87,0
607,17,86.16,97.42,90.04,34.35,10.36,61.77,0
607,18,83.88,97.02,90.91,34.99,11.12,61.08,0
607,19,84.05,97.32,90.28,34.40,10.83,59.94,0
608,0,89.82,98.07,94.09,36.37,14.79,44.10,0
608,1,91.17,98.37,92.98,35.97,14.88,44.77,0
608,2,89.75,98.10,93.14,35.33,14.41,41.43,0
608,3,92.05,98.10,93.76,34.90,14.98,43.93,0
608,4,88.75,98.55,93.64,34.66,14.94,44.04,0
608,5,89.42,97.87,94.60,35.00,14.73,42.68,0
608,6,90.46,97.82,95.93,36.30,15.16,44.48,0
608,7,91.12,98.27,94.45,35.38,14.16,44.73,0
608,8,88.45,98.12,91.15,35.74,14.65,42.54,0
608,9,89.66,97.96,92.89,34.68,15.14,43.78,0
608,10,88.22,98.27,89.13,36.17,14.71,43.48,0
608,11,88.01,97.81,93.84,34.82,15.20,42.18,0
608,12,87.54,98.51,91.54,36.07,14.70,41.81,0
608,13,90.79,98.20,93.74,35.87,14.09,42.42,0
608,14,88.90,98.19,92.10,35.28,15.05,42.54,0
608,15,90.24,98.03,89.29,35.13,14.99,42.39,0
608,16,90.49,98.40,89.00,34.83,14.42,41.40,0
608,17,87.62,98.45,91.62,34.45,14.72,43.52,0
608,18,91.06,98.24,93.15,35.30,14.27,42.71,0
608,19,91.02,98.08,92.80,35.83,14.51,41.34,0
609,0,86.61,97.12,86.01,34.44,14.15,42.63,0
609,1,86.84,97.18,90.08,35.77,13.47,45.62,0
609,2,86.00,97.77,85.56,35.58,13.55,44.88,0
609,3,85.79,97.12,90.10,35.58,13.71,45.14,0
609,4,84.97,97.32,85.87,34.91,13.98,45.68,0
609,5,86.74,97.37,90.71,36.23,14.26,44.07,0
609,6,87.12,97.49,91.19,35.13,13.82,42.92,0
609,7,88.12,97.60,87.81,36.16,14.38,42.60,0
609,8,87.83,97.12,90.93,36.13,13.30,44.29,0
609,9,85.27,97.13,89.45,35.38,14.29,43.75,0
609,10,83.79,97.39,88.37,36.37,13.36,45.26,0
609,11,83.32,97.45,85.13,35.60,14.31,44.93,0
609,12,86.00,97.01,88.19,35.63,13.96,44.90,0
609,13,84.28,97.21,86.79,36.34,13.59,44.18,0
609,14,86.55,97.58,86.51,35.11,13.87,45.07,0
609,15,85.78,97.17,88.44,35.56,13.58,42.30,0
609,16,85.30,97.80,88.09,35.72,14.27,43.89,0
609,17,87.16,97.30,85.93,35.00,13.38,42.46,0
609,18,86.90,97.62,87.98,34.60,13.40,44.78,0
609,19,87.47,97.09,86.10,34.70,13.30,43.85,0
610,0,83.39,97.22,86.96,37.28,14.32,59.00,0
610,1,85.73,96.96,83.57,39.16,14.70,59.84,0
610,2,85.74,97.12,85.72,38.17,14.50,59.53,0
610,3,85.91,96.69,84.34,38.47,13.80,62.19,0
610,4,85.23,97.39,85.36,37.80,13.81,60.45,0
610,5,85.81,97.04,87.20,37.87,14.73,60.23,0
610,6,84.30,97.23,89.42,37.34,14.13,59.83,0
610,7,86.89,96.75,85.23,39.01,14.09,62.14,0
610,8,87.06,96.80,85.02,37.72,13.87,61.48,0
610,9,86.25,97.08,86.49,38.87,14.31,61.66,0
610,10,85.66,96.96,84.20,38.52,14.07,60.70,0
610,11,85.04,96.88,86.52,37.27,13.90,59.05,0
610,12,82.99,97.10,86.15,38.94,14.46,59.11,0
610,13,84.21,97.07,85.42,38.10,13.95,62.93,0
610,14,82.41,96.90,83.82,39.04,14.16,60.60,0
610,15,85.07,96.95,83.14,37.71,13.94,59.18,0
610,16,82.14,96.84,86.85,38.84,13.85,59.44,0
610,17,82.93,97.42,88.18,37.67,13.63,61.63,0
610,18,82.62,97.43,87.73,38.21,13.91,59.21,0
610,19,83.45,96.91,83.68,37.63,14.22,59.28,0
611,0,87.16,97.48,85.12,38.29,15.15,62.33,0
611,1,87.58,97.35,81.95,37.99,14.87,62.94,0
611,2,87.68,97.50,85.82,38.29,15.51,60.48,0
611,3,87.19,97.09,81.16,39.25,15.95,62.61,0
611,4,89.70,97.56,84.57,38.22,15.15,63.15,0
611,5,89.72,97.07,82.81,37.45,15.27,61.31,0
611,6,87.35,97.30,81.89,38.38,15.69,62.52,0
611,7,86.85,97.64,81.39,38.59,15.75,61.81,0
611,8,89.97,97.30,84.06,39.26,15.71,62.71,0
611,9,89.75,97.28,83.56,37.39,15.71,62.03,0
611,10,94.36,95.73,74.35,37.98,15.53,65.52,0
611,11,97.92,94.71,71.66,38.11,15.20,68.51,0
611,12,97.82,94.50,69.24,37.89,15.88,70.26,1
611,13,98.04,94.60,75.31,37.35,15.47,71.26,0
611,14,94.62,95.63,74.79,38.31,15.00,65.77,0
611,15,88.96,97.12,82.55,38.37,15.29,62.97,0
611,16,88.26,97.61,80.10,37.50,14.87,61.77,0
611,17,87.37,97.42,85.43,37.96,15.84,60.17,0
611,18,87.97,97.52,82.13,38.01,15.21,62.17,0
611,19,89.42,97.11,81.77,37.52,15.98,62.93,0
612,0,71.61,96.78,78.86,36.09,11.16,55.17,0
612,1,71.97,97.46,78.14,36.08,11.04,58.74,0
612,2,69.90,97.34,77.31,36.86,11.62,57.61,0
612,3,72.30,97.25,82.21,36.32,11.32,57.23,0
612,4,72.55,97.24,78.62,35.55,10.95,57.04,0
612,5,71.63,97.45,81.58,36.10,11.32,54.95,0
612,6,70.60,96.67,78.32,35.42,11.86,57.58,0
612,7,72.30,97.07,78.18,35.15,12.11,54.91,0
612,8,72.60,96.73,79.52,35.65,12.03,56.83,0
612,9,73.03,97.35,81.49,36.50,12.10,56.66,0
612,10,72.69,96.88,82.17,36.26,11.18,55.15,0
612,11,70.05,97.00,79.20,34.95,11.94,57.00,0
612,12,70.84,96.92,81.60,35.21,11.06,58.03,0
612,13,70.32,97.05,80.12,35.31,11.65,58.45,0
612,14,69.04,96.66,76.08,35.34,11.76,56.62,0
612,15,69.51,96.93,75.91,36.36,11.38,56.79,0
612,16,71.61,97.40,77.60,35.12,11.93,57.01,0
612,17,70.96,97.22,77.51,36.70,11.93,57.17,0
612,18,71.37,97.26,80.73,34.93,11.36,56.71,0
612,19,72.36,97.20,80.52,35.04,11.59,55.59,0
613,0,87.72,97.08,93.21,35.37,13.15,57.43,0
613,1,86.82,96.86,95.03,36.78,13.34,57.03,0
613,2,85.11,97.09,95.08,36.90,13.39,57.00,0
613,3,88.54,97.16,97.24,36.38,13.54,58.78,0
613,4,86.21,96.80,91.89,36.53,13.54,57.93,0
613,5,88.42,97.32,93.70,35.06,13.33,56.53,0
613,6,85.97,97.17,94.36,35.06,13.54,58.37,0
613,7,88.52,97.34,93.61,35.63,12.58,58.34,0
613,8,93.99,95.34,87.13,36.11,13.16,66.00,0
613,9,97.37,94.42,85.52,36.49,13.52,65.79,0
613,10,96.83,94.42,80.55,35.44,13.70,69.76,1
613,11,96.99,94.33,86.15,36.08,13.29,64.73,0
613,12,94.27,95.48,88.39,35.81,13.37,62.33,0
613,13,84.32,96.76,90.28,36.02,12.96,56.38,0
613,14,83.58,97.01,91.33,35.78,12.78,57.76,0
613,15,85.12,97.18,94.39,35.13,13.46,59.92,0
613,16,84.22,97.34,94.88,35.94,13.09,59.74,0
613,17,86.47,97.42,91.10,35.37,13.53,58.39,0
613,18,84.74,97.05,93.77,36.12,13.10,59.17,0
613,19,85.45,97.32,93.91,35.52,12.67,58.57,0
614,0,80.92,98.59,87.55,32.71,10.83,49.23,0
614,1,81.74,98.93,84.11,33.87,10.29,51.92,0
614,2,82.43,98.88,87.47,32.62,10.66,51.68,0
614,3,82.63,98.54,89.50,33.75,9.75,49.92,0
614,4,82.90,98.98,84.88,33.95,10.91,52.14,0
614,5,80.46,99.11,84.31,33.90,9.91,49.81,0
614,6,80.96,98.64,87.44,32.97,10.52,48.91,0
614,7,79.71,99.24,83.86,33.03,9.95,48.57,0
614,8,78.65,98.72,84.16,33.42,9.88,52.02,0
614,9,80.11,99.23,83.95,33.03,9.98,49.29,0
614,10,78.35,98.46,86.43,32.68,10.22,50.86,0
614,11,81.19,98.57,84.75,32.89,10.49,50.44,0
614,12,78.60,98.94,84.98,33.96,10.30,48.42,0
614,13,79.00,98.95,84.99,32.55,10.67,50.89,0
614,14,80.83,99.11,86.27,32.63,10.13,49.03,0
614,15,78.50,98.58,82.31,33.06,10.02,50.88,0
614,16,79.88,98.50,85.70,33.13,10.33,48.46,0
614,17,80.69,99.04,86.58,33.51,10.08,50.32,0
614,18,80.08,98.96,85.62,32.54,10.88,50.60,0
614,19,81.52,99.22,84.25,34.22,10.11,50.63,0
615,0,86.69,98.47,82.90,32.60,12.90,52.63,0
615,1,87.33,98.27,80.93,32.89,12.45,54.64,0
615,2,84.69,98.60,79.71,33.39,13.24,53.58,0
615,3,84.46,98.33,81.48,33.23,12.73,52.52,0
615,4,86.47,98.76,84.81,32.97,13.36,51.76,0
615,5,86.21,98.76,80.15,32.22,12.88,51.36,0
615,6,86.85,98.50,79.26,33.36,13.57,52.64,0
615,7,85.36,98.65,79.71,34.03,12.46,51.05,0
615,8,86.79,98.23,79.07,33.01,13.42,51.96,0
615,9,83.72,98.45,78.75,32.76,13.11,53.54,0
615,10,85.09,98.63,79.83,32.40,13.36,52.09,0
615,11,85.98,98.35,78.42,34.12,13.45,52.02,0
615,12,85.26,98.62,78.76,34.01,12.56,53.57,0
615,13,83.66,98.73,81.42,33.88,13.11,53.75,0
615,14,83.13,98.28,82.53,33.86,13.51,51.07,0
615,15,82.81,98.52,82.17,32.80,12.50,52.46,0
615,16,83.30,98.40,82.14,33.73,12.56,54.15,0
615,17,86.67,98.84,78.77,33.62,13.30,52.02,0
615,18,83.47,98.32,79.08,32.82,12.39,54.42,0
615,19,83.45,98.70,83.97,33.18,13.52,53.50,0
616,0,89.92,97.49,79.49,38.84,13.32,54.85,0
616,1,90.86,97.56,80.02,39.12,13.20,53.41,0
616,2,90.84,97.42,78.61,38.83,13.18,54.68,0
616,3,92.27,97.47,80.79,37.90,12.80,52.99,0
616,4,92.03,97.39,76.14,37.95,12.52,53.38,0
616,5,93.32,97.88,79.95,37.74,12.77,54.56,0
616,6,90.84,97.48,77.50,38.12,12.86,52.63,0
616,7,90.23,97.74,76.54,39.20,12.86,52.40,0
616,8,92.88,97.30,78.40,37.52,12.42,51.27,0
616,9,91.49,97.19,81.06,37.85,12.34,53.28,0
616,10,92.04,97.31,76.73,37.75,13.33,54.46,0
616,11,91.82,97.34,80.17,38.60,12.68,52.39,0
616,12,90.47,97.44,79.89,38.24,12.26,53.80,0
616,13,89.19,97.74,79.18,38.77,12.63,51.08,0
616,14,88.14,97.87,78.98,38.59,12.85,52.46,0
616,15,91.41,97.25,76.37,38.80,12.83,52.16,0
616,16,88.30,97.20,79.55,37.93,12.27,52.01,0
616,17,89.80,97.43,79.65,37.66,12.80,54.05,0
616,18,88.96,97.35,75.15,37.93,13.35,52.31,0
616,19,91.61,97.30,80.46,37.94,12.38,54.96,0
617,0,88.30,98.22,91.53,35.14,16.37,58.30,0
617,1,87.92,98.17,91.40,35.18,15.57,61.85,0
617,2,87.01,97.75,92.74,33.74,15.73,60.56,0
617,3,86.30,97.74,95.94,33.83,15.83,61.31,0
617,4,89.36,98.42,91.54,34.71,15.95,61.55,0
617,5,88.06,98.23,91.21,34.38,16.40,60.23,0
617,6,89.08,97.82,92.88,34.99,16.07,58.84,0
617,7,88.96,98.48,90.76,33.61,16.01,58.26,0
617,8,96.38,96.14,85.34,33.49,16.54,67.98,0
617,9,98.56,95.72,81.95,34.36,16.52,69.95,0
617,10,99.88,94.74,77.75,34.11,15.74,70.24,1
617,11,97.41,95.94,81.06,35.14,15.75,66.82,0
617,12,92.76,96.02,85.46,34.84,15.80,65.87,0
617,13,86.69,98.36,90.73,33.63,16.43,61.96,0
617,14,86.35,98.15,92.57,33.66,16.11,59.07,0
617,15,85.15,98.01,89.67,34.25,15.40,60.37,0
617,16,84.50,98.12,92.61,34.45,15.84,60.64,0
617,17,87.73,98.44,90.20,33.42,16.50,60.54,0
617,18,86.62,97.84,90.78,34.85,16.40,58.74,0
617,19,87.25,98.24,90.27,33.50,16.33,61.22,0
618,0,83.55,97.44,98.74,37.12,16.17,43.53,0
618,1,81.49,97.49,98.00,36.40,16.33,43.34,0
618,2,83.49,97.64,94.29,37.09,15.69,44.23,0
618,3,83.58,97.57,94.22,37.51,15.59,42.04,0
618,4,81.63,97.72,99.43,37.19,16.10,41.71,0
618,5,85.43,97.38,95.81,35.90,15.46,41.35,0
618,6,84.24,97.55,96.65,37.74,16.05,43.30,0
618,7,85.13,97.44,94.93,36.48,15.46,41.07,0
618,8,84.57,97.91,98.80,37.66,15.27,42.10,0
618,9,81.01,97.82,99.45,36.64,15.94,40.97,0
618,10,84.52,97.48,96.98,36.47,15.57,43.21,0
618,11,82.51,97.55,95.05,37.33,16.33,44.26,0
618,12,82.59,97.59,97.35,36.28,16.26,40.44,0
618,13,81.31,97.69,95.31,37.10,16.18,43.82,0
618,14,82.20,97.17,93.63,37.37,15.19,42.13,0
618,15,81.28,97.35,97.58,36.24,15.17,41.81,0
618,16,80.81,97.63,98.73,36.59,16.14,43.48,0
618,17,83.88,97.21,98.65,37.43,15.56,42.63,0
618,18,83.48,97.78,98.53,37.64,15.29,40.38,0
618,19,83.89,97.40,96.69,37.21,16.11,41.76,0
619,0,85.19,97.86,94.39,35.09,14.42,43.98,0
619,1,87.60,98.11,96.25,36.46,14.96,47.54,0
619,2,87.10,97.97,96.12,35.06,14.33,46.08,0
619,3,85.91,97.53,97.60,35.85,14.87,47.17,0
619,4,86.28,98.07,96.67,36.55,14.13,45.20,0
619,5,84.62,97.92,94.03,36.17,13.99,44.05,0
619,6,85.91,97.98,96.01,36.63,14.28,44.56,0
619,7,84.84,97.86,97.07,36.42,14.11,46.62,0
619,8,84.19,97.96,93.44,35.44,14.12,46.40,0
619,9,85.51,98.16,96.97,35.89,14.79,46.13,0
619,10,85.43,97.51,96.27,35.41,14.92,44.66,0
619,11,86.52,97.51,95.67,35.86,14.86,46.24,0
619,12,83.49,97.85,96.76,36.04,14.42,44.65,0
619,13,83.62,97.99,95.45,36.66,14.97,45.68,0
619,14,83.88,98.05,94.21,35.89,14.27,44.25,0
619,15,84.25,98.14,97.43,36.70,14.49,44.45,0
619,16,85.15,98.15,95.96,35.84,15.16,43.87,0
619,17,83.64,97.88,97.17,35.92,14.22,46.20,0
619,18,86.79,98.12,95.10,35.97,14.41,43.74,0
619,19,87.57,97.91,93.75,35.31,14.02,43.89,0
620,0,75.00,98.33,89.28,33.19,15.28,54.67,0
620,1,77.26,98.81,89.23,34.67,15.03,55.02,0
620,2,77.66,98.70,90.79,34.43,15.17,55.13,0
620,3,78.06,98.67,91.84,34.99,15.71,56.41,0
620,4,76.27,98.93,90.14,34.47,15.51,53.48,0
620,5,77.39,98.55,86.14,34.82,14.71,54.83,0
620,6,75.58,98.87,86.07,33.14,15.50,53.94,0
620,7,76.15,98.87,91.54,34.31,15.06,54.66,0
620,8,78.38,98.75,88.15,34.85,15.17,54.20,0
620,9,76.99,98.43,86.69,34.54,15.61,55.32,0
620,10,77.39,99.04,91.02,33.90,14.96,56.43,0
620,11,76.18,98.93,87.94,33.67,15.35,55.26,0
620,12,76.08,98.85,89.53,34.40,15.47,53.06,0
620,13,77.48,98.80,87.56,33.45,15.62,53.06,0
620,14,76.61,98.81,90.09,34.33,14.97,55.95,0
620,15,74.79,98.58,90.37,33.77,14.96,55.54,0
620,16,74.97,98.98,87.70,33.09,14.75,54.61,0
620,17,77.75,98.76,85.04,34.62,15.05,55.40,0
620,18,76.34,99.04,88.29,33.31,15.60,53.10,0
620,19,74.94,98.76,86.36,34.85,15.46,54.92,0
621,0,89.34,98.19,89.64,38.67,11.27,55.49,0
621,1,92.51,98.28,89.47,38.41,10.55,53.39,0
621,2,92.87,98.09,91.11,38.13,10.67,54.27,0
621,3,89.81,98.30,95.00,38.40,11.09,55.33,0
621,4,90.90,97.99,95.57,38.02,10.51,56.74,0
621,5,90.30,98.29,95.15,38.22,10.44,53.94,0
621,6,90.98,98.29,94.48,39.08,11.32,55.18,0
621,7,89.46,98.11,89.72,39.67,11.14,53.96,0
621,8,91.70,98.47,91.37,38.84,11.33,55.30,0
621,9,91.63,97.81,94.39,39.11,11.45,55.28,0
621,10,90.72,98.54,91.74,38.26,11.49,55.36,0
621,11,88.65,98.49,90.44,38.12,11.09,55.79,0
621,12,89.74,98.30,93.39,38.74,10.46,54.08,0
621,13,89.73,98.26,91.81,39.51,10.70,54.32,0
621,14,89.85,98.47,93.10,38.69,10.76,53.38,0
621,15,88.89,98.51,92.48,38.50,11.48,56.67,0
621,16,87.84,98.57,91.09,38.93,11.17,56.33,0
621,17,91.51,98.32,89.99,39.33,11.49,53.92,0
621,18,90.98,98.11,94.39,39.28,10.41,54.53,0
621,19,92.19,98.47,92.92,38.36,11.05,53.60,0
622,0,86.53,98.21,85.84,37.30,13.86,62.02,0
622,1,86.06,98.38,85.17,38.33,14.49,59.11,0
622,2,89.66,98.37,84.36,37.89,14.86,59.40,0
622,3,88.96,98.33,82.96,37.23,13.83,59.84,0
622,4,89.73,97.97,82.95,38.07,14.78,59.95,0
622,5,88.99,98.37,83.98,38.04,14.60,60.88,0
622,6,89.34,97.68,85.68,38.33,13.74,60.68,0
622,7,86.76,98.43,80.69,36.88,14.56,59.77,0
622,8,86.42,97.77,83.93,36.85,13.84,62.44,0
622,9,88.08,98.37,83.83,38.04,14.37,61.83,0
622,10,87.19,97.89,80.03,37.67,14.01,61.91,0
622,11,87.36,97.78,80.68,36.86,14.82,62.61,0
622,12,86.26,98.28,84.46,38.44,13.96,59.40,0
622,13,85.80,98.20,83.50,36.85,14.50,61.89,0
622,14,87.55,98.06,84.04,37.85,13.91,62.28,0
622,15,88.41,97.67,82.27,36.75,14.27,61.81,0
622,16,86.68,98.13,83.83,37.09,14.47,61.14,0
622,17,85.36,98.43,80.97,37.89,14.72,60.21,0
622,18,85.61,98.18,84.04,37.55,14.33,62.38,0
622,19,85.81,97.89,84.02,37.12,14.77,61.89,0
623,0,88.44,98.85,82.24,34.58,15.58,50.12,0
623,1,91.69,98.63,82.68,33.75,15.67,50.65,0
623,2,88.14,99.12,84.91,34.75,15.45,49.14,0
623,3,89.82,98.99,86.03,33.68,15.05,48.86,0
623,4,88.93,99.16,88.31,34.18,15.72,50.81,0
623,5,91.23,99.15,84.28,34.02,15.58,52.55,0
623,6,92.04,98.70,82.82,33.77,15.50,51.81,0
623,7,91.71,98.74,87.95,35.08,15.87,48.87,0
623,8,89.85,98.83,84.88,33.94,15.89,50.20,0
623,9,90.88,98.72,82.64,33.65,15.28,52.17,0
623,10,88.99,99.12,83.35,34.73,15.30,52.52,0
623,11,87.97,99.22,81.49,34.53,15.63,50.05,0
623,12,87.18,98.82,86.74,35.21,15.05,52.49,0
623,13,87.24,98.90,85.99,35.40,15.84,50.32,0
623,14,87.04,99.01,85.77,35.39,15.36,50.41,0
623,15,90.14,99.31,85.46,33.94,15.70,52.12,0
623,16,88.87,98.83,85.80,35.53,15.52,48.84,0
623,17,87.19,99.39,84.98,33.81,15.01,50.88,0
623,18,89.12,99.37,87.29,33.93,15.97,52.48,0
623,19,87.77,98.97,86.59,35.34,15.46,51.99,0
624,0,78.23,97.85,89.97,38.28,13.14,57.78,0
624,1,79.48,98.42,93.61,38.21,13.89,61.06,0
624,2,77.95,97.99,91.27,37.46,13.51,59.89,0
624,3,80.41,98.43,89.53,37.02,13.01,59.68,0
624,4,79.84,98.56,93.69,37.10,13.79,58.98,0
624,5,78.10,98.50,91.95,37.10,14.14,58.75,0
624,6,79.19,97.89,88.78,38.18,13.12,58.26,0
624,7,78.79,98.59,89.12,37.69,13.50,60.87,0
624,8,87.54,96.51,83.09,38.54,13.90,66.44,0
624,9,88.87,95.57,79.18,38.02,13.03,66.10,0
624,10,88.94,95.24,76.33,37.50,13.52,70.90,1
624,11,87.15,95.38,80.13,36.75,13.92,66.65,0
624,12,85.84,95.91,85.28,38.36,13.73,63.51,0
624,13,77.17,97.97,90.19,38.41,13.49,60.48,0
624,14,76.30,98.07,87.68,38.04,13.61,59.86,0
624,15,76.53,98.51,87.51,38.17,13.56,59.64,0
624,16,75.88,97.87,90.42,36.94,13.14,58.67,0
624,17,77.98,98.36,88.06,38.12,13.37,59.89,0
624,18,76.22,98.44,91.88,38.48,13.22,60.69,0
624,19,78.78,98.09,88.60,37.13,13.15,57.78,0
625,0,86.03,98.22,87.74,38.01,15.49,47.91,0
625,1,84.22,97.77,88.51,37.10,15.72,48.58,0
625,2,85.27,98.52,90.45,37.73,15.73,49.58,0
625,3,84.94,98.26,89.23,36.72,15.01,47.72,0
625,4,86.98,98.46,90.51,37.27,15.42,48.92,0
625,5,83.59,98.49,89.29,37.51,15.47,45.85,0
625,6,83.74,97.77,88.91,37.37,15.94,48.94,0
625,7,85.54,97.78,90.11,37.68,15.62,46.27,0
625,8,84.62,97.77,92.59,37.84,15.27,46.70,0
625,9,83.18,98.30,90.38,37.67,15.88,48.25,0
625,10,83.13,98.46,90.62,37.24,15.16,48.87,0
625,11,84.38,97.73,89.75,37.34,15.47,48.50,0
625,12,85.38,98.49,91.24,37.33,15.48,46.05,0
625,13,82.49,97.95,88.23,37.05,16.02,47.48,0
625,14,85.83,98.00,90.14,38.43,15.32,48.98,0
625,15,84.10,98.11,87.73,37.55,15.17,49.73,0
625,16,82.96,97.88,91.50,37.69,14.91,48.34,0
625,17,84.90,98.49,90.06,36.77,15.85,47.39,0
625,18,84.43,98.26,88.27,37.35,15.37,48.11,0
625,19,84.17,98.42,93.04,36.80,15.29,49.46,0
626,0,84.05,98.53,93.64,32.90,12.68,48.15,0
626,1,82.49,98.43,96.44,32.27,13.44,49.39,0
626,2,83.86,98.08,95.87,33.69,13.10,46.47,0
626,3,82.21,98.41,94.19,33.05,12.42,46.32,0
626,4,85.39,98.63,95.75,33.25,12.40,49.98,0
626,5,82.52,98.32,97.14,33.33,13.24,48.90,0
626,6,84.05,98.61,94.13,34.04,12.80,48.90,0
626,7,82.99,98.66,94.56,33.30,12.86,49.95,0
626,8,82.05,98.63,93.19,33.74,13.55,49.55,0
626,9,90.00,96.14,90.89,32.44,12.98,53.57,0
626,10,91.73,95.99,86.91,33.45,13.47,55.63,0
626,11,93.80,95.69,82.88,33.72,12.64,59.04,1
626,12,94.64,95.54,84.35,33.10,12.53,54.51,0
626,13,91.96,96.15,88.54,33.06,12.87,52.63,0
626,14,84.34,98.20,94.73,33.72,12.86,47.86,0
626,15,80.66,98.24,93.76,33.73,13.29,48.61,0
626,16,81.25,98.45,97.86,33.89,12.74,47.84,0
626,17,83.01,98.20,95.93,32.80,13.30,49.39,0
626,18,83.73,98.48,93.03,33.39,12.68,46.94,0
626,19,85.13,98.50,94.29,33.08,13.15,48.34,0
627,0,79.24,97.98,98.31,36.95,15.04,49.15,0
627,1,78.63,98.45,101.05,38.13,14.56,50.69,0
627,2,81.49,98.13,99.21,36.54,15.31,50.01,0
627,3,80.78,97.79,96.06,37.98,14.52,50.10,0
627,4,81.96,98.48,98.04,38.20,15.47,52.31,0
627,5,81.30,98.17,100.42,38.06,15.12,50.55,0
627,6,79.35,98.00,99.34,37.24,14.76,49.71,0
627,7,82.68,98.35,96.59,38.17,15.65,48.74,0
627,8,79.74,97.99,100.14,37.64,14.79,51.48,0
627,9,79.80,98.01,96.79,36.78,15.16,50.57,0
627,10,81.09,97.75,95.35,36.50,14.87,50.51,0
627,11,80.81,98.33,94.42,36.69,14.48,49.88,0
627,12,80.59,98.48,99.44,38.00,15.50,49.53,0
627,13,78.28,98.33,94.09,37.11,15.25,50.51,0
627,14,77.92,98.40,96.00,36.53,15.07,49.21,0
627,15,78.26,98.37,98.93,36.64,15.32,49.30,0
627,16,78.33,98.38,97.07,37.81,14.68,49.36,0
627,17,77.99,97.76,96.49,37.38,15.57,49.77,0
627,18,81.48,98.10,97.80,36.52,14.50,51.75,0
627,19,80.32,97.96,97.40,37.64,15.63,50.41,0
628,0,75.50,98.87,98.89,32.99,13.29,53.20,0
628,1,77.10,98.96,97.28,34.12,12.54,53.76,0
628,2,78.77,98.34,96.88,32.98,13.14,51.79,0
628,3,78.34,98.33,99.55,33.72,13.30,53.50,0
628,4,78.72,98.34,99.22,34.10,13.48,52.13,0
628,5,75.57,98.46,95.79,33.69,12.41,52.00,0
628,6,78.53,98.73,97.68,34.17,12.61,54.10,0
628,7,78.96,98.99,98.65,33.77,12.97,51.83,0
628,8,76.30,98.54,96.73,34.79,12.81,53.31,0
628,9,86.15,97.03,94.75,33.26,12.54,60.26,0
628,10,87.66,95.85,91.30,33.32,12.97,63.12,0
628,11,88.27,95.80,82.71,33.18,12.58,61.78,1
628,12,86.79,95.98,90.47,34.96,12.85,63.01,0
628,13,85.62,96.70,91.53,33.95,12.61,59.87,0
628,14,77.33,98.46,99.22,34.06,12.93,51.86,0
628,15,74.38,98.88,96.60,34.24,13.29,51.91,0
628,16,76.73,98.96,96.52,34.18,13.39,54.88,0
628,17,74.20,98.53,95.27,33.28,12.59,51.93,0
628,18,76.61,99.05,97.86,33.09,12.58,53.93,0
628,19,75.02,98.60,100.22,33.60,12.69,52.58,0
629,0,73.67,99.04,94.75,35.75,14.10,43.94,0
629,1,74.70,99.00,96.07,36.43,14.05,45.51,0
629,2,72.40,99.03,99.38,35.69,14.18,42.91,0
629,3,74.68,99.07,96.86,35.39,13.77,44.12,0
629,4,74.87,98.52,97.25,36.24,14.31,42.96,0
629,5,74.04,99.00,96.92,34.71,14.26,45.87,0
629,6,75.20,99.23,97.24,36.17,14.63,44.20,0
629,7,76.14,99.24,98.90,35.56,13.78,43.77,0
629,8,80.51,96.97,89.71,36.21,14.54,51.97,0
629,9,84.42,96.03,87.37,36.26,14.65,52.10,0
629,10,87.05,96.14,81.15,35.20,14.11,55.49,1
629,11,82.60,96.75,84.35,34.77,14.49,52.82,0
629,12,81.53,97.09,91.63,34.70,13.99,49.42,0
629,13,73.40,98.54,97.57,35.01,14.33,42.55,0
629,14,74.17,98.92,97.37,35.79,13.96,44.57,0
629,15,72.50,99.14,98.51,34.86,14.56,42.74,0
629,16,72.92,98.98,95.41,34.77,13.66,43.39,0
629,17,72.39,98.47,97.66,36.11,13.71,42.72,0
629,18,71.84,98.93,97.12,35.11,13.74,45.80,0
629,19,74.18,98.99,94.31,36.56,14.05,46.13,0
630,0,86.05,98.52,90.02,37.28,16.16,55.42,0
630,1,86.50,98.57,89.38,37.94,16.06,53.17,0
630,2,84.88,98.12,90.48,37.12,16.21,55.71,0
630,3,85.35,98.32,87.14,37.15,15.53,55.93,0
630,4,86.85,97.96,89.53,36.32,15.76,54.83,0
630,5,87.88,98.08,91.38,36.36,16.10,52.99,0
630,6,86.19,97.82,91.85,36.99,16.07,55.77,0
630,7,84.72,98.41,89.12,37.57,15.75,54.40,0
630,8,85.41,97.99,90.81,37.44,15.91,53.52,0
630,9,86.09,98.58,89.71,37.74,15.36,54.47,0
630,10,85.06,98.15,88.75,37.99,15.46,53.55,0
630,11,85.34,98.56,89.33,37.20,15.45,55.29,0
630,12,87.32,98.36,90.82,36.64,15.86,54.08,0
630,13,85.11,98.41,89.57,38.08,16.30,52.98,0
630,14,86.70,97.87,89.60,37.13,16.04,55.17,0
630,15,85.44,98.22,90.47,36.83,15.45,53.23,0
630,16,84.81,97.86,88.52,36.44,15.64,54.09,0
630,17,87.08,98.35,85.55,36.20,16.10,55.58,0
630,18,85.30,97.97,88.15,36.52,15.70,53.51,0
630,19,87.26,98.04,89.03,36.84,15.36,52.58,0
631,0,90.16,97.61,98.32,33.94,13.73,60.04,0
631,1,89.16,97.54,96.18,32.34,13.42,57.04,0
631,2,91.51,97.48,100.26,32.40,13.75,57.66,0
631,3,89.75,97.30,98.39,33.26,14.25,59.30,0
631,4,92.47,97.97,97.82,33.35,13.71,57.27,0
631,5,92.20,97.72,97.40,32.52,13.35,57.74,0
631,6,91.05,97.41,94.90,32.76,13.33,60.04,0
631,7,90.20,97.31,96.91,32.57,13.55,59.41,0
631,8,90.43,97.77,99.41,33.45,14.04,58.49,0
631,9,88.74,97.19,98.18,32.16,14.35,58.35,0
631,10,89.09,97.70,94.05,32.38,13.47,58.56,0
631,11,90.13,97.65,95.17,33.43,13.84,57.21,0
631,12,88.17,97.97,93.74,33.59,13.36,59.35,0
631,13,88.23,97.77,97.49,33.68,13.28,59.25,0
631,14,88.33,97.36,99.10,34.00,13.21,56.95,0
631,15,89.49,97.66,95.27,33.26,14.37,58.34,0
631,16,90.49,97.43,99.06,33.87,13.87,59.30,0
631,17,89.13,97.90,94.89,33.45,13.72,59.37,0
631,18,89.26,97.55,99.14,34.06,14.09,57.39,0
631,19,90.79,97.63,97.62,32.82,14.18,60.51,0
632,0,86.86,97.81,81.95,34.11,15.89,59.46,0
632,1,86.10,97.94,78.66,32.97,15.10,58.27,0
632,2,87.33,98.43,80.45,33.35,15.57,57.29,0
632,3,87.42,98.48,79.74,33.97,15.40,59.88,0
632,4,86.90,98.20,84.85,33.03,15.90,56.85,0
632,5,86.15,98.47,80.90,34.00,15.84,59.20,0
632,6,88.18,98.23,79.55,32.77,15.31,56.57,0
632,7,87.67,97.97,81.53,34.12,15.10,57.21,0
632,8,85.52,97.96,78.97,34.21,15.42,56.70,0
632,9,87.09,98.45,82.16,33.82,15.44,57.65,0
632,10,87.17,97.82,80.35,34.15,14.98,57.66,0
632,11,84.38,98.43,78.13,33.49,15.78,60.43,0
632,12,84.05,98.11,80.92,32.51,15.06,57.13,0
632,13,85.08,98.24,79.73,33.86,15.08,58.90,0
632,14,83.55,98.05,80.14,32.79,15.11,60.23,0
632,15,83.64,97.83,78.25,33.89,15.47,57.62,0
632,16,86.16,98.42,78.71,32.59,15.84,57.85,0
632,17,84.31,98.30,80.80,32.43,15.94,56.53,0
632,18,86.03,98.26,82.30,33.22,15.35,59.93,0
632,19,87.95,97.79,83.77,33.82,15.99,59.38,0
633,0,88.96,98.65,78.63,36.19,13.76,61.24,0
633,1,88.97,98.53,77.49,36.55,13.96,57.74,0
633,2,92.07,98.27,80.17,36.75,14.06,58.23,0
633,3,90.71,98.45,79.33,37.02,13.92,58.81,0
633,4,92.01,98.61,80.60,35.87,14.42,60.09,0
633,5,88.63,97.96,82.89,35.68,14.01,57.57,0
633,6,89.45,98.00,80.11,36.24,13.49,57.55,0
633,7,91.88,98.18,80.18,36.59,14.48,58.28,0
633,8,89.74,98.02,77.89,37.03,14.52,61.18,0
633,9,90.22,98.25,80.15,37.03,14.05,58.99,0
633,10,89.65,98.66,82.52,35.93,14.09,58.90,0
633,11,88.38,98.51,82.41,36.01,13.95,59.06,0
633,12,90.48,97.98,80.05,35.68,14.53,57.68,0
633,13,90.78,98.07,82.26,35.70,14.43,60.16,0
633,14,89.39,98.02,77.11,37.01,14.09,57.63,0
633,15,89.23,98.19,79.72,37.19,14.52,57.88,0
633,16,87.56,98.35,81.01,35.32,13.83,57.90,0
633,17,88.39,97.94,80.72,36.54,13.40,60.71,0
633,18,88.96,98.21,79.76,36.07,14.48,58.65,0
633,19,89.48,98.14,77.61,35.71,14.22,59.05,0
634,0,72.45,98.70,91.16,33.36,15.04,61.59,0
634,1,75.49,99.01,96.53,34.22,14.68,61.79,0
634,2,72.88,98.57,94.19,32.96,15.36,58.54,0
634,3,74.35,98.53,94.54,33.86,14.72,61.47,0
634,4,76.12,98.60,96.06,34.53,15.81,59.50,0
634,5,73.71,98.81,96.09,32.85,15.47,61.52,0
634,6,73.90,98.42,91.86,34.54,15.22,60.23,0
634,7,73.99,98.55,92.44,34.00,15.00,61.73,0
634,8,75.86,99.13,92.74,33.80,15.40,60.40,0
634,9,81.43,96.76,87.17,32.90,15.25,63.85,0
634,10,82.41,96.54,86.76,33.59,15.30,67.61,0
634,11,84.36,95.35,81.87,33.72,15.67,69.84,1
634,12,81.68,96.23,85.59,34.42,14.93,69.04,0
634,13,81.99,96.48,84.16,34.14,14.71,67.79,0
634,14,71.62,98.87,95.64,32.81,15.55,58.54,0
634,15,73.22,98.49,93.48,32.70,15.60,60.27,0
634,16,74.14,99.06,94.35,34.07,15.21,58.99,0
634,17,72.92,98.62,91.04,34.12,15.23,58.44,0
634,18,75.21,98.70,92.16,33.74,15.16,59.20,0
634,19,75.79,98.66,95.68,34.32,15.07,61.37,0
635,0,70.75,97.64,83.98,32.55,13.89,58.76,0
635,1,74.73,97.64,87.87,32.98,14.32,61.83,0
635,2,72.55,97.22,88.47,32.62,13.84,62.00,0
635,3,75.04,97.68,85.31,32.35,13.94,61.56,0
635,4,74.79,97.52,88.91,32.68,13.90,58.57,0
635,5,75.25,97.34,86.69,33.89,14.00,60.25,0
635,6,74.35,97.30,89.46,33.16,14.01,61.00,0
635,7,72.09,97.09,84.39,32.21,14.64,61.26,0
635,8,73.71,97.81,89.15,33.20,13.56,62.11,0
635,9,73.37,97.86,85.05,32.86,13.84,61.64,0
635,10,71.48,97.68,85.01,33.57,13.96,59.98,0
635,11,71.79,97.51,87.14,32.85,14.00,58.55,0
635,12,73.86,97.46,84.36,33.36,14.47,59.93,0
635,13,72.57,97.77,85.80,32.40,14.12,60.23,0
635,14,70.21,97.47,83.82,33.23,13.67,60.27,0
635,15,70.48,97.43,88.18,32.41,13.72,61.24,0
635,16,71.20,97.53,86.10,33.60,14.18,60.19,0
635,17,74.06,97.38,85.45,33.97,14.09,60.80,0
635,18,72.87,97.16,83.77,34.00,14.24,60.19,0
635,19,71.60,97.22,84.37,33.92,14.15,62.15,0
636,0,76.85,97.57,79.59,32.65,10.85,61.40,0
636,1,77.14,97.19,78.94,32.43,9.91,58.34,0
636,2,80.11,97.61,83.82,32.24,10.30,58.53,0
636,3,79.66,97.51,83.84,32.17,10.52,59.29,0
636,4,80.54,97.63,82.05,33.48,10.01,60.41,0
636,5,77.49,97.46,83.68,33.38,10.31,57.66,0
636,6,79.89,97.78,79.42,33.38,10.12,58.03,0
636,7,76.66,97.12,83.74,32.77,11.09,59.56,0
636,8,76.24,97.33,83.88,33.84,10.16,59.74,0
636,9,76.00,97.27,78.50,33.67,10.25,58.01,0
636,10,85.48,95.55,71.96,32.81,11.04,65.72,0
636,11,87.09,94.84,70.33,33.73,10.19,67.40,0
636,12,87.87,94.22,67.34,33.49,11.07,69.47,1
636,13,87.52,95.12,72.25,32.10,10.72,68.71,0
636,14,86.35,95.38,72.54,32.54,10.66,63.98,0
636,15,79.05,97.14,80.58,34.01,10.13,59.94,0
636,16,75.72,97.67,77.73,32.64,11.01,60.21,0
636,17,76.36,97.26,77.77,32.92,10.75,57.76,0
636,18,76.63,97.35,79.22,33.18,10.12,60.07,0
636,19,77.79,97.46,83.33,32.47,10.53,59.90,0
637,0,72.91,98.68,82.07,38.09,10.96,60.60,0
637,1,73.69,98.50,83.97,38.47,11.22,61.94,0
637,2,74.25,98.43,79.21,38.90,11.01,62.40,0
637,3,74.60,98.61,83.94,37.92,11.53,61.79,0
637,4,76.67,98.07,81.34,38.81,11.51,58.91,0
637,5,73.33,98.22,83.68,37.92,11.25,59.35,0
637,6,75.11,98.52,84.38,37.15,11.65,62.57,0
637,7,74.77,98.48,80.75,37.77,10.77,62.75,0
637,8,73.37,98.10,80.33,37.44,11.08,60.19,0
637,9,72.42,98.50,79.16,38.84,11.37,59.21,0
637,10,72.01,98.25,83.61,38.83,11.41,59.33,0
637,11,75.55,98.67,78.16,38.94,11.11,61.10,0
637,12,75.29,98.21,83.29,38.85,11.78,59.05,0
637,13,72.87,98.36,77.47,37.86,11.47,60.89,0
637,14,74.07,98.62,83.04,37.91,11.15,62.00,0
637,15,75.16,98.43,77.86,38.66,10.73,60.61,0
637,16,75.35,98.39,77.46,37.44,11.16,59.57,0
637,17,75.18,98.11,82.28,38.48,10.98,58.87,0
637,18,73.30,98.01,82.18,37.21,11.31,59.13,0
637,19,72.38,98.37,82.13,37.86,10.92,61.97,0
638,0,79.90,97.64,81.73,37.47,12.20,42.40,0
638,1,79.45,97.89,79.55,37.66,13.02,45.56,0
638,2,81.57,97.98,77.13,37.37,12.23,45.17,0
638,3,79.73,97.24,81.31,37.76,13.07,43.94,0
638,4,80.94,97.40,77.21,38.64,13.00,44.17,0
638,5,80.36,97.23,78.48,37.11,13.06,45.10,0
638,6,80.04,97.50,77.15,37.57,13.35,42.67,0
638,7,83.35,97.38,80.83,37.35,12.44,42.58,0
638,8,80.59,97.34,77.72,37.14,13.03,43.58,0
638,9,88.13,95.80,74.67,37.62,12.22,51.04,0
638,10,88.82,94.81,67.64,38.69,12.51,52.66,0
638,11,92.91,94.50,64.76,37.34,12.42,54.63,1
638,12,91.15,95.21,66.47,37.90,12.81,52.03,0
638,13,89.23,95.22,69.16,38.54,12.90,50.05,0
638,14,79.33,97.98,76.83,38.46,13.25,41.91,0
638,15,78.16,97.74,76.98,37.30,12.64,45.37,0
638,16,78.36,98.00,80.76,36.77,13.00,45.37,0
638,17,82.22,97.23,81.05,37.82,12.74,42.30,0
638,18,80.17,97.77,76.84,37.19,12.97,42.03,0
638,19,82.01,97.31,78.91,37.92,12.96,43.17,0
639,0,86.10,97.68,80.06,34.87,13.38,50.02,0
639,1,87.64,97.74,80.15,35.67,13.42,49.96,0
639,2,87.93,97.89,80.72,34.73,12.97,50.79,0
639,3,88.17,98.29,81.41,34.79,13.06,49.04,0
639,4,86.89,97.76,83.46,35.03,13.87,49.25,0
639,5,88.19,98.09,82.23,34.12,12.78,51.09,0
639,6,86.01,97.62,83.74,35.01,13.82,50.49,0
639,7,87.55,97.63,85.16,33.78,13.80,50.92,0
639,8,85.59,97.71,80.93,34.55,13.33,49.81,0
639,9,84.90,98.23,84.85,35.34,12.86,48.44,0
639,10,84.29,97.60,81.01,35.18,12.95,50.95,0
639,11,84.82,97.97,81.30,34.37,13.02,47.77,0
639,12,84.39,97.63,78.89,34.84,13.75,48.01,0
639,13,85.46,97.84,80.92,35.27,13.22,50.36,0
639,14,84.29,97.79,79.66,35.41,12.81,48.08,0
639,15,87.38,97.85,78.54,34.63,13.45,50.75,0
639,16,85.28,98.26,84.27,33.89,13.67,48.79,0
639,17,85.54,98.23,78.66,34.14,13.00,48.96,0
639,18,86.14,97.95,79.20,35.41,13.11,50.29,0
639,19,87.58,97.71,83.36,35.05,13.35,50.87,0
640,0,79.48,98.07,82.60,34.43,15.37,40.99,0
640,1,78.41,98.13,81.97,34.83,14.87,43.20,0
640,2,81.04,97.73,86.75,34.79,14.87,40.72,0
640,3,77.73,97.72,83.79,35.41,14.68,40.80,0
640,4,80.34,97.96,82.62,35.02,14.75,43.60,0
640,5,77.80,98.07,82.97,34.47,14.88,43.62,0
640,6,78.24,97.96,82.56,35.50,15.39,40.60,0
640,7,79.86,98.36,82.78,36.03,14.91,43.23,0
640,8,79.94,97.68,81.40,34.58,14.55,43.20,0
640,9,79.37,97.70,82.37,34.47,14.74,42.41,0
640,10,76.44,98.39,82.26,34.78,14.55,44.20,0
640,11,78.18,98.29,84.31,34.28,14.37,40.76,0
640,12,79.73,97.98,81.49,34.74,15.41,42.11,0
640,13,79.42,98.27,85.57,35.01,15.09,41.76,0
640,14,78.95,98.33,82.14,35.13,14.86,42.09,0
640,15,78.18,97.68,80.39,35.41,15.08,44.33,0
640,16,79.18,97.91,84.44,34.64,14.80,43.25,0
640,17,76.46,98.17,86.40,35.97,14.60,43.60,0
640,18,78.41,97.92,81.58,35.70,14.59,42.79,0
640,19,79.08,98.08,82.63,35.93,14.89,41.82,0
641,0,69.31,97.87,80.11,35.84,10.26,44.19,0
641,1,70.94,97.54,80.22,35.56,9.56,42.66,0
641,2,72.09,97.74,82.55,36.83,9.70,42.37,0
641,3,72.01,97.89,82.16,34.91,9.67,44.08,0
641,4,72.55,97.92,81.66,36.12,10.07,42.74,0
641,5,72.46,97.42,85.42,36.58,10.72,41.35,0
641,6,70.09,97.96,82.83,34.94,10.29,42.16,0
641,7,70.44,97.43,81.00,35.93,10.32,44.20,0
641,8,68.87,97.27,80.47,36.68,10.34,42.12,0
641,9,70.73,97.48,82.96,35.83,10.22,44.28,0
641,10,69.61,97.27,84.26,36.46,10.09,44.46,0
641,11,69.34,97.27,82.27,35.85,10.34,42.21,0
641,12,70.52,97.87,79.35,35.25,10.24,44.75,0
641,13,69.21,97.57,79.27,36.03,10.17,42.88,0
641,14,68.02,98.05,81.31,36.32,9.81,44.00,0
641,15,68.84,97.92,80.02,36.40,10.29,43.61,0
641,16,68.73,97.77,82.87,35.75,9.69,43.74,0
641,17,68.12,97.75,80.59,36.77,9.72,44.80,0
641,18,68.08,97.61,82.89,36.41,9.56,41.93,0
641,19,70.47,97.92,81.96,35.87,10.28,43.09,0
642,0,85.98,98.92,82.49,38.86,15.15,59.92,0
642,1,86.72,98.90,80.29,38.81,15.08,60.75,0
642,2,89.24,98.97,81.79,38.57,16.20,62.25,0
642,3,89.33,98.57,79.03,38.57,15.13,63.11,0
642,4,86.31,98.70,79.02,37.87,16.02,60.59,0
642,5,88.19,98.88,78.15,37.31,15.91,61.74,0
642,6,88.38,99.07,81.92,38.98,16.11,59.96,0
642,7,87.46,98.93,80.47,37.76,15.77,62.39,0
642,8,85.81,98.46,83.23,38.01,15.03,63.04,0
642,9,88.74,98.75,80.23,37.10,16.09,63.10,0
642,10,96.68,97.12,75.36,37.54,15.50,67.98,0
642,11,95.85,96.50,73.20,37.38,15.28,68.74,0
642,12,100.59,96.12,65.97,37.30,15.51,71.86,1
642,13,96.17,96.48,71.53,38.04,15.52,71.19,0
642,14,93.62,97.25,73.50,37.42,15.43,67.39,0
642,15,84.64,98.87,81.70,38.67,15.17,60.17,0
642,16,86.03,98.54,77.70,38.80,15.21,63.63,0
642,17,87.93,99.11,81.47,38.41,15.68,60.61,0
642,18,87.50,98.98,82.67,38.93,15.81,60.82,0
642,19,86.03,98.73,79.74,38.73,15.03,61.50,0
643,0,78.02,97.71,83.79,36.89,11.95,44.19,0
643,1,77.48,98.17,83.74,37.46,11.63,44.48,0
643,2,77.52,97.85,83.10,37.64,12.10,42.42,0
643,3,79.32,98.10,83.63,37.86,12.37,44.09,0
643,4,76.40,98.21,84.83,36.59,12.30,43.28,0
643,5,78.58,97.66,81.70,37.14,12.17,44.08,0
643,6,79.32,98.10,83.41,36.64,12.47,44.00,0
643,7,78.09,98.24,84.25,37.18,12.74,45.15,0
643,8,85.12,96.11,73.49,36.57,12.60,51.23,0
643,9,87.09,95.81,72.66,37.00,11.83,52.52,0
643,10,89.55,94.86,67.26,37.30,12.73,56.24,1
643,11,85.70,95.90,74.22,36.61,12.59,53.59,0
643,12,84.24,96.12,77.39,36.77,11.85,51.78,0
643,13,77.12,98.10,82.78,36.56,12.51,46.20,0
643,14,75.28,97.98,79.25,37.47,11.58,44.79,0
643,15,78.50,97.96,80.41,36.42,12.26,44.04,0
643,16,75.96,97.63,83.13,37.89,11.86,46.22,0
643,17,78.50,97.75,83.02,36.70,12.48,43.14,0
643,18,78.56,97.73,82.46,37.41,12.43,44.69,0
643,19,78.43,97.96,82.01,36.48,11.95,44.30,0
644,0,82.40,98.61,80.95,34.94,12.10,48.93,0
644,1,84.75,98.85,83.47,33.56,12.57,49.55,0
644,2,85.58,99.12,84.85,34.55,12.87,52.66,0
644,3,83.52,99.14,83.84,33.70,12.00,52.39,0
644,4,82.82,99.12,81.13,33.15,12.64,48.76,0
644,5,84.96,98.56,81.43,34.66,12.39,49.32,0
644,6,83.72,98.75,81.78,34.14,12.92,49.65,0
644,7,85.67,98.73,84.52,34.91,12.26,51.92,0
644,8,84.73,99.25,79.57,33.47,12.76,51.44,0
644,9,83.87,98.56,84.17,34.10,12.69,50.70,0
644,10,83.94,99.20,82.57,34.67,12.43,51.11,0
644,11,84.12,98.71,79.54,34.77,12.18,51.13,0
644,12,82.76,99.27,82.82,34.21,12.24,52.35,0
644,13,84.42,98.80,79.88,34.14,12.12,51.88,0
644,14,83.89,99.01,79.11,34.47,12.01,50.53,0
644,15,81.25,99.32,80.92,34.98,12.80,49.10,0
644,16,82.58,98.71,82.22,33.74,11.93,49.33,0
644,17,82.90,99.32,81.53,34.15,12.61,52.19,0
644,18,84.33,98.63,82.29,33.16,12.45,50.29,0
644,19,81.72,98.72,81.90,34.95,12.94,52.40,0
645,0,73.75,96.79,95.42,35.85,11.47,41.83,0
645,1,74.28,96.90,92.54,37.71,11.64,41.94,0
645,2,73.22,97.45,93.77,37.45,11.38,44.25,0
645,3,72.71,97.07,92.56,37.39,12.02,43.25,0
645,4,74.46,96.94,96.69,37.71,12.42,41.54,0
645,5,75.11,96.98,93.43,36.70,11.35,44.22,0
645,6,72.48,96.75,95.02,37.50,12.32,41.77,0
645,7,75.55,96.90,93.38,37.23,11.99,45.15,0
645,8,75.56,96.96,91.40,35.82,11.86,44.65,0
645,9,75.06,97.35,94.20,36.20,11.86,44.53,0
645,10,72.55,97.28,92.76,36.01,11.59,44.92,0
645,11,74.60,97.42,95.96,37.00,12.20,45.16,0
645,12,71.60,96.96,94.08,37.76,12.40,42.56,0
645,13,71.45,97.40,94.63,37.42,11.32,43.60,0
645,14,70.86,97.29,95.49,36.57,11.99,42.10,0
645,15,71.55,97.42,93.82,37.18,11.95,41.67,0
645,16,73.99,97.35,90.40,36.49,12.29,43.86,0
645,17,71.26,96.99,93.97,35.79,12.29,41.70,0
645,18,72.12,97.44,96.15,36.10,12.52,43.53,0
645,19,71.80,97.13,95.22,37.19,11.36,43.18,0
646,0,78.19,98.32,83.38,37.28,12.19,53.66,0
646,1,75.47,97.97,86.99,38.37,11.83,50.54,0
646,2,79.19,98.52,83.75,38.37,12.19,50.56,0
646,3,79.27,97.93,86.64,37.07,12.30,50.72,0
646,4,78.84,98.33,85.02,37.66,12.21,51.99,0
646,5,79.76,98.51,86.84,37.66,12.20,53.29,0
646,6,78.72,98.56,88.09,37.35,12.45,50.44,0
646,7,78.78,97.96,87.01,38.99,12.50,51.45,0
646,8,76.87,98.46,84.69,37.64,12.93,51.80,0
646,9,86.80,96.55,76.86,37.16,12.21,59.55,0
646,10,87.05,96.02,77.44,37.64,12.59,59.45,0
646,11,88.48,95.42,72.40,37.83,12.88,62.41,1
646,12,85.42,96.02,75.53,38.16,12.04,59.75,0
646,13,84.06,96.56,81.15,37.08,12.90,58.99,0
646,14,74.68,98.48,86.24,37.51,12.25,52.47,0
646,15,77.07,98.48,84.28,37.07,12.51,53.43,0
646,16,75.77,98.33,84.00,37.81,12.39,54.11,0
646,17,78.16,98.71,86.43,38.63,11.84,51.06,0
646,18,78.53,98.22,85.61,38.43,12.52,52.43,0
646,19,78.71,98.35,87.35,37.10,12.00,54.13,0
647,0,74.28,97.20,95.94,36.50,11.56,45.93,0
647,1,73.83,97.32,97.93,36.32,11.85,45.67,0
647,2,75.11,97.60,95.89,36.68,10.74,45.86,0
647,3,74.04,97.15,98.02,36.28,10.79,45.83,0
647,4,75.40,97.34,95.18,37.79,11.02,44.85,0
647,5,74.29,97.32,95.96,37.47,11.67,42.16,0
647,6,75.09,97.21,97.91,37.47,11.36,42.92,0
647,7,77.71,97.42,97.82,36.26,11.73,43.20,0
647,8,77.48,97.84,93.65,37.83,11.51,42.46,0
647,9,74.21,97.20,92.58,37.47,11.76,43.43,0
647,10,75.51,97.25,92.08,36.54,10.79,44.49,0
647,11,74.50,97.59,96.73,37.13,10.75,45.34,0
647,12,73.13,97.34,94.65,37.40,10.88,44.48,0
647,13,72.93,97.28,94.11,36.28,11.79,43.16,0
647,14,74.53,97.22,94.98,36.90,11.30,44.49,0
647,15,76.42,97.54,92.97,37.09,10.83,43.20,0
647,16,73.45,97.67,93.51,36.58,11.54,42.75,0
647,17,74.66,97.43,97.03,36.84,11.62,43.27,0
647,18,75.41,97.52,91.85,36.99,11.43,44.41,0
647,19,76.91,97.48,93.95,37.57,11.57,45.44,0
648,0,72.34,97.23,88.55,35.49,13.06,55.71,0
648,1,73.92,97.27,89.91,35.60,13.20,52.85,0
648,2,73.60,97.29,91.25,36.57,13.48,54.39,0
648,3,76.00,97.59,90.14,35.87,13.93,54.14,0
648,4,72.26,97.44,88.05,36.06,12.80,53.23,0
648,5,75.77,97.42,91.52,34.97,12.85,53.70,0
648,6,72.51,97.54,87.64,36.17,12.80,54.75,0
648,7,75.45,97.74,88.54,35.84,13.28,55.10,0
648,8,72.47,97.22,89.83,34.72,13.30,55.81,0
648,9,71.55,97.56,87.38,36.66,13.19,55.41,0
648,10,81.70,95.75,81.06,35.49,13.41,61.94,0
648,11,82.29,94.77,77.68,35.62,13.75,64.29,0
648,12,84.18,94.24,76.97,36.67,13.60,62.80,1
648,13,81.09,94.90,76.35,35.76,13.35,63.64,0
648,14,81.12,95.75,79.11,36.55,12.90,60.09,0
648,15,71.08,97.13,86.56,35.48,12.89,52.98,0
648,16,72.29,97.42,87.02,35.57,13.04,52.94,0
648,17,72.91,97.61,87.61,35.90,13.54,53.17,0
648,18,72.20,97.06,91.18,34.91,13.79,56.00,0
648,19,74.39,97.11,88.13,35.47,13.66,55.03,0
649,0,80.48,97.01,92.83,35.31,14.09,58.36,0
649,1,79.62,97.07,95.67,34.18,14.75,56.93,0
649,2,77.29,97.08,95.38,35.45,13.92,57.16,0
649,3,77.37,97.10,92.73,35.42,13.84,58.27,0
649,4,81.44,97.47,94.65,35.19,14.82,55.10,0
649,5,80.43,97.20,94.77,35.80,14.65,55.46,0
649,6,80.65,97.25,94.92,34.68,14.04,57.98,0
649,7,80.70,96.95,94.19,35.95,14.68,56.96,0
649,8,77.49,97.49,90.79,34.57,14.21,57.05,0
649,9,78.53,97.15,90.73,35.40,14.52,57.26,0
649,10,77.33,97.01,92.06,35.85,14.15,56.80,0
649,11,79.59,97.05,92.70,35.49,14.83,57.82,0
649,12,79.46,97.48,89.71,35.29,14.75,59.06,0
649,13,76.82,96.97,95.18,34.40,14.31,55.60,0
649,14,79.72,97.31,89.43,34.39,14.29,56.76,0
649,15,75.99,97.04,94.26,34.36,13.90,55.37,0
649,16,77.55,97.70,93.95,34.39,13.91,57.31,0
649,17,80.14,97.25,94.83,34.82,14.26,57.58,0
649,18,78.32,97.59,92.89,34.26,14.30,57.20,0
649,19,79.06,96.95,94.39,34.53,14.88,58.25,0
650,0,85.97,98.63,82.10,36.45,14.57,58.50,0
650,1,83.66,98.91,79.06,36.36,13.62,58.57,0
650,2,85.99,98.22,79.19,37.38,14.29,61.19,0
650,3,87.52,98.72,78.75,37.11,13.64,58.98,0
650,4,84.54,98.19,82.85,37.48,14.10,60.67,0
650,5,87.53,98.73,78.13,36.99,14.41,61.48,0
650,6,85.87,98.63,81.24,37.67,14.02,59.70,0
650,7,84.40,98.84,81.11,37.90,13.97,60.19,0
650,8,83.58,98.14,77.89,36.31,14.48,61.34,0
650,9,85.57,98.27,80.07,37.18,13.65,60.39,0
650,10,84.17,98.41,79.63,37.24,13.91,58.52,0
650,11,83.15,98.22,78.68,36.80,13.80,61.24,0
650,12,83.44,98.22,78.09,37.48,14.03,58.06,0
650,13,85.08,98.31,80.27,36.57,14.44,59.08,0
650,14,84.71,98.74,75.70,36.41,14.68,59.44,0
650,15,83.93,98.88,79.16,37.95,14.22,61.47,0
650,16,86.39,98.59,79.52,36.89,14.59,58.24,0
650,17,83.54,98.64,81.02,36.53,14.69,59.93,0
650,18,85.19,98.82,81.08,36.93,14.68,60.73,0
650,19,86.95,98.16,80.37,36.36,14.80,59.42,0
651,0,75.35,98.83,99.09,34.91,12.11,46.57,0
651,1,74.82,98.98,95.18,33.45,12.16,46.99,0
651,2,76.91,98.84,98.84,33.40,12.30,49.37,0
651,3,73.77,99.14,95.38,34.31,11.91,48.85,0
651,4,76.03,98.64,96.60,35.15,12.66,46.64,0
651,5,76.38,99.02,100.88,34.60,11.51,46.34,0
651,6,74.18,98.55,101.02,34.64,11.99,47.06,0
651,7,77.51,99.01,98.96,34.64,12.23,48.91,0
651,8,74.55,98.68,96.77,33.41,11.72,47.85,0
651,9,74.14,98.62,95.06,35.18,11.74,47.03,0
651,10,81.02,96.92,92.21,34.89,11.96,55.26,0
651,11,84.35,96.22,87.64,34.19,12.57,56.09,0
651,12,84.39,95.83,84.28,34.62,12.07,58.49,1
651,13,83.01,96.77,88.12,34.06,12.21,56.64,0
651,14,84.06,97.02,90.51,34.01,11.92,55.11,0
651,15,72.76,98.69,98.93,34.49,12.20,49.18,0
651,16,75.32,98.70,95.37,34.74,11.73,47.04,0
651,17,74.24,99.23,96.02,34.67,11.52,48.73,0
651,18,73.52,99.03,98.32,33.98,12.35,46.63,0
651,19,76.31,99.08,100.19,35.04,12.45,48.58,0
652,0,72.49,99.04,87.97,35.38,13.79,57.88,0
652,1,73.02,98.99,86.42,35.47,14.33,57.72,0
652,2,72.50,98.88,89.57,33.89,14.35,56.81,0
652,3,74.71,98.79,89.29,35.11,14.55,59.82,0
652,4,75.15,98.74,88.78,34.05,13.57,57.75,0
652,5,75.24,98.88,89.69,35.37,14.18,59.78,0
652,6,74.39,99.00,88.26,35.26,13.73,57.93,0
652,7,73.97,99.02,87.04,34.39,14.05,56.41,0
652,8,74.43,99.19,86.64,34.17,14.02,56.56,0
652,9,71.71,98.95,90.84,34.58,14.64,59.12,0
652,10,70.70,98.63,89.10,35.01,14.67,56.17,0
652,11,73.71,98.76,85.03,34.97,13.96,59.63,0
652,12,73.50,98.41,86.39,33.74,13.57,56.24,0
652,13,73.09,98.82,90.24,34.30,13.94,56.14,0
652,14,71.08,98.92,85.44,34.52,14.27,59.32,0
652,15,70.18,98.60,89.25,34.79,14.42,59.45,0
652,16,73.43,99.17,89.34,33.90,14.13,55.90,0
652,17,70.64,98.52,88.34,34.11,14.00,57.54,0
652,18,73.99,98.52,88.77,35.29,14.32,57.55,0
652,19,74.16,98.95,90.80,34.85,13.97,57.14,0
653,0,78.03,98.42,80.94,36.08,10.27,43.95,0
653,1,79.78,98.23,84.51,36.13,10.40,44.64,0
653,2,77.65,98.41,83.54,36.79,10.73,43.70,0
653,3,78.53,98.68,81.48,37.11,10.24,46.65,0
653,4,78.66,98.69,82.18,36.12,10.31,43.58,0
653,5,81.42,98.67,82.18,35.86,10.34,43.47,0
653,6,79.54,98.99,82.52,36.73,10.21,44.46,0
653,7,81.09,98.60,83.45,35.94,10.57,43.10,0
653,8,77.89,98.89,80.86,37.55,10.61,45.00,0
653,9,80.08,98.66,79.68,36.53,11.33,44.81,0
653,10,80.04,98.56,83.64,37.17,10.54,45.35,0
653,11,80.49,98.99,78.66,36.82,10.28,44.88,0
653,12,79.08,98.78,81.05,37.58,11.15,45.19,0
653,13,77.17,98.30,79.20,36.46,10.26,43.92,0
653,14,79.62,99.00,78.79,37.50,10.57,45.19,0
653,15,80.17,98.25,83.61,35.74,11.02,45.30,0
653,16,78.45,98.33,78.78,35.82,10.34,44.33,0
653,17,80.44,98.67,82.49,37.27,10.47,45.51,0
653,18,76.84,98.86,82.58,36.80,10.39,46.30,0
653,19,78.06,98.55,80.56,36.85,11.22,44.13,0
654,0,72.03,98.61,90.09,36.33,10.62,52.77,0
654,1,70.36,98.58,90.10,36.31,10.41,53.15,0
654,2,70.20,98.40,88.21,37.27,10.45,54.52,0
654,3,71.83,98.50,85.99,37.03,10.16,52.15,0
654,4,74.01,98.03,90.40,36.72,9.89,54.07,0
654,5,72.25,98.61,89.59,36.01,10.52,53.79,0
654,6,70.73,98.13,85.60,35.73,9.83,54.72,0
654,7,71.70,97.83,90.23,35.59,10.78,53.45,0
654,8,73.69,97.97,85.52,36.69,9.98,51.87,0
654,9,71.37,98.53,88.86,36.69,10.36,52.73,0
654,10,71.84,98.26,89.74,35.64,10.88,53.10,0
654,11,72.52,98.47,84.98,37.07,10.69,51.64,0
654,12,72.30,98.07,89.00,35.81,10.21,52.19,0
654,13,70.61,98.55,86.57,35.88,10.57,54.61,0
654,14,71.47,98.55,88.92,36.39,10.76,53.90,0
654,15,68.83,98.26,89.41,36.65,10.37,52.90,0
654,16,69.11,98.10,84.66,36.07,10.01,51.02,0
654,17,71.04,97.97,86.82,37.30,10.67,54.35,0
654,18,70.88,98.06,87.70,36.22,9.93,53.26,0
654,19,69.54,98.18,90.19,37.39,10.23,50.98,0
655,0,78.37,97.27,84.47,36.67,10.64,46.07,0
655,1,78.25,97.18,85.26,37.87,11.20,47.17,0
655,2,80.94,96.74,88.90,36.58,11.26,46.03,0
655,3,80.60,96.95,85.18,37.64,10.69,47.55,0
655,4,78.53,97.39,83.84,37.68,11.55,45.26,0
655,5,78.57,96.95,84.61,37.79,11.18,45.31,0
655,6,78.30,96.78,86.41,36.81,11.76,48.64,0
655,7,80.19,97.22,85.69,37.43,11.32,48.55,0
655,8,80.47,96.91,85.83,36.86,10.73,48.35,0
655,9,81.05,97.18,87.35,38.00,11.78,45.31,0
655,10,77.55,97.09,88.12,37.32,11.29,45.37,0
655,11,77.90,96.74,86.45,38.43,11.78,46.41,0
655,12,79.31,97.03,84.88,37.47,11.81,46.31,0
655,13,77.07,97.14,84.28,37.03,11.68,46.73,0
655,14,78.49,97.38,83.83,37.38,11.50,48.14,0
655,15,77.39,96.88,83.33,37.53,10.68,46.51,0
655,16,80.15,96.76,83.20,37.30,10.87,46.80,0
655,17,77.20,97.21,84.65,36.90,11.25,47.42,0
655,18,78.15,96.97,86.77,37.54,11.36,46.34,0
655,19,79.67,97.30,87.00,37.68,11.71,47.53,0
656,0,87.00,97.90,95.91,37.55,13.98,40.86,0
656,1,89.62,97.89,95.26,36.68,13.18,44.44,0
656,2,88.13,97.87,100.17,36.67,13.36,44.60,0
656,3,89.90,98.10,101.43,38.19,13.25,42.98,0
656,4,88.37,97.75,99.50,37.80,13.48,44.43,0
656,5,87.61,97.53,100.60,36.70,13.45,40.88,0
656,6,87.52,98.20,101.39,37.30,14.06,43.88,0
656,7,89.24,98.07,99.24,37.65,13.73,41.13,0
656,8,90.24,98.05,96.35,36.39,13.06,44.12,0
656,9,86.66,97.71,96.93,37.57,13.38,42.56,0
656,10,87.82,97.54,95.41,36.54,13.09,40.98,0
656,11,86.42,97.63,95.18,37.88,13.09,42.27,0
656,12,85.80,97.71,99.64,36.73,13.44,42.50,0
656,13,89.38,98.04,98.54,37.43,14.04,43.36,0
656,14,88.57,97.59,94.16,38.30,13.18,41.00,0
656,15,88.49,97.92,97.60,37.36,13.12,43.89,0
656,16,88.44,97.90,98.25,37.48,13.67,42.29,0
656,17,89.87,97.61,98.27,37.95,14.24,43.68,0
656,18,89.99,98.20,100.19,38.11,13.83,43.09,0
656,19,89.33,98.21,96.14,37.26,13.44,44.38,0
657,0,69.78,96.75,78.46,36.82,15.24,51.94,0
657,1,69.85,96.94,78.94,36.55,14.33,54.25,0
657,2,69.94,96.89,81.97,35.64,14.49,53.82,0
657,3,73.11,97.46,80.72,35.52,15.02,51.35,0
657,4,70.45,97.27,79.22,35.88,14.74,54.22,0
657,5,70.21,96.77,82.10,36.10,14.97,53.88,0
657,6,71.22,96.75,76.71,35.68,14.85,52.01,0
657,7,70.95,97.08,78.57,35.87,15.28,53.58,0
657,8,78.00,95.32,75.14,35.48,15.10,59.74,0
657,9,82.15,94.18,69.56,35.66,15.10,58.54,0
657,10,84.43,94.30,69.14,36.30,15.02,64.01,1
657,11,82.58,94.69,70.31,35.40,15.35,58.64,0
657,12,79.50,95.15,72.00,35.86,15.31,56.75,0
657,13,71.55,97.32,80.33,36.54,14.55,52.64,0
657,14,68.51,97.43,77.42,35.42,15.16,52.58,0
657,15,69.75,96.77,77.30,35.24,14.74,53.10,0
657,16,70.10,97.29,80.31,36.17,14.74,51.10,0
657,17,68.91,96.70,80.60,36.79,14.77,50.66,0
657,18,70.05,97.00,76.31,35.96,14.82,53.81,0
657,19,69.47,96.84,78.97,35.96,14.90,53.00,0
658,0,89.98,98.63,83.18,38.30,13.98,53.38,0
658,1,88.56,98.80,82.91,37.67,14.11,55.21,0
658,2,88.58,98.89,80.94,38.09,14.27,54.17,0
658,3,91.62,99.00,82.23,38.34,14.10,53.09,0
658,4,87.95,98.67,80.45,36.59,14.50,53.70,0
658,5,91.59,98.68,80.00,36.83,14.68,56.03,0
658,6,89.68,98.84,79.50,36.92,14.04,54.33,0
658,7,89.04,98.93,81.11,38.01,14.18,53.08,0
658,8,87.66,98.49,82.17,38.03,14.82,52.91,0
658,9,87.40,99.09,78.62,37.95,14.96,55.83,0
658,10,90.56,98.65,83.64,37.47,14.69,56.20,0
658,11,88.45,98.51,83.13,37.57,14.30,55.95,0
658,12,87.50,99.04,80.98,36.79,14.60,54.93,0
658,13,89.10,98.65,77.64,36.78,15.09,54.46,0
658,14,88.81,98.57,80.45,36.71,14.05,56.08,0
658,15,89.37,99.04,81.02,37.11,14.27,56.12,0
658,16,88.27,99.13,83.11,37.51,14.28,53.30,0
658,17,87.38,98.86,81.97,38.06,14.52,52.76,0
658,18,88.74,99.17,79.23,37.47,13.94,55.15,0
658,19,90.06,99.05,79.72,37.47,14.93,54.70,0
659,0,79.07,98.86,80.30,38.02,13.85,46.66,0
659,1,76.27,99.26,81.59,38.56,13.56,47.07,0
659,2,79.16,99.02,79.50,37.92,13.25,46.68,0
659,3,77.05,99.07,82.62,37.79,13.64,46.57,0
659,4,79.94,99.31,79.38,36.96,14.17,44.96,0
659,5,76.68,99.10,77.53,37.82,13.66,46.48,0
659,6,79.07,98.68,79.72,38.40,14.01,46.87,0
659,7,79.30,99.15,81.25,38.19,12.99,47.62,0
659,8,79.09,99.06,80.77,37.48,13.58,47.74,0
659,9,76.27,98.81,81.49,36.87,13.85,47.06,0
659,10,75.89,98.53,81.56,38.02,13.95,47.12,0
659,11,77.31,98.72,76.04,38.49,14.03,44.21,0
659,12,75.21,98.83,80.47,37.27,13.84,47.12,0
659,13,77.83,98.67,81.19,37.78,13.34,45.35,0
659,14,76.35,99.09,76.65,37.09,13.42,44.93,0
659,15,77.25,99.03,78.17,38.19,13.80,47.48,0
659,16,77.54,98.65,81.33,36.72,13.18,47.17,0
659,17,77.99,99.26,80.44,38.09,13.33,44.57,0
659,18,75.26,99.24,79.75,36.95,13.33,46.25,0
659,19,78.26,99.01,80.41,37.95,13.24,44.47,0
660,0,77.82,98.95,92.68,34.60,11.39,53.41,0
660,1,79.78,98.41,94.27,34.98,11.17,52.36,0
660,2,79.85,98.73,93.92,33.78,11.29,52.56,0
660,3,79.17,98.67,99.07,33.51,10.81,50.85,0
660,4,77.45,99.14,98.88,34.51,11.68,53.88,0
660,5,80.83,98.94,96.95,33.83,11.85,51.99,0
660,6,77.25,98.63,94.04,34.25,11.34,52.38,0
660,7,78.95,99.06,95.39,33.78,11.31,52.98,0
660,8,78.18,98.54,95.51,34.12,11.59,53.88,0
660,9,78.71,98.64,96.62,35.25,11.35,52.78,0
660,10,79.53,98.57,93.94,34.18,11.77,53.05,0
660,11,79.53,98.81,95.27,34.93,10.91,51.01,0
660,12,77.42,98.47,97.12,34.39,11.38,51.27,0
660,13,78.57,99.10,94.72,33.99,10.96,52.75,0
660,14,77.33,98.83,97.74,34.89,11.51,52.87,0
660,15,78.56,98.48,96.66,34.49,11.44,51.47,0
660,16,76.68,98.48,97.89,34.86,11.08,54.15,0
660,17,76.41,98.86,92.51,33.99,11.86,52.80,0
660,18,76.18,98.44,97.05,34.31,10.95,52.90,0
660,19,76.85,98.81,93.00,34.77,11.86,51.60,0
661,0,74.91,98.82,96.68,32.58,10.02,47.64,0
661,1,71.73,98.88,96.66,32.41,10.21,48.82,0
661,2,72.51,98.90,95.99,33.55,10.21,50.07,0
661,3,73.25,99.15,94.92,32.94,9.57,47.56,0
661,4,74.44,98.54,98.08,32.20,9.68,46.90,0
661,5,73.07,98.87,94.16,33.98,9.59,47.01,0
661,6,73.77,99.06,96.02,32.54,9.71,46.78,0
661,7,74.21,98.70,96.59,32.41,10.46,49.41,0
661,8,72.83,98.74,95.41,32.25,10.38,47.07,0
661,9,72.11,98.76,96.14,32.89,10.33,47.68,0
661,10,73.33,99.17,95.83,33.12,10.65,50.71,0
661,11,72.88,98.56,96.14,32.77,9.90,49.73,0
661,12,72.64,98.45,97.19,32.46,10.56,49.41,0
661,13,73.51,98.72,94.78,32.17,10.46,49.58,0
661,14,73.44,98.50,97.52,34.03,10.47,49.18,0
661,15,72.93,98.40,93.28,32.37,10.36,47.54,0
661,16,72.85,98.43,95.09,33.09,10.34,49.05,0
661,17,71.30,99.14,93.31,33.26,10.26,49.37,0
661,18,72.36,99.16,96.41,33.75,10.34,47.82,0
661,19,74.74,98.78,94.24,33.65,10.48,49.98,0
662,0,78.62,99.01,94.19,35.47,13.17,47.37,0
662,1,80.32,99.20,96.16,35.54,13.62,47.02,0
662,2,79.74,98.71,94.75,35.49,12.93,49.51,0
662,3,79.14,99.25,92.76,34.27,12.92,49.51,0
662,4,78.89,99.05,93.29,34.19,13.09,47.00,0
662,5,78.62,99.18,97.01,34.41,13.25,49.34,0
662,6,79.09,99.15,94.57,34.77,13.55,50.49,0
662,7,79.88,98.80,91.90,35.18,13.24,50.11,0
662,8,80.85,99.00,96.31,33.85,14.08,49.29,0
662,9,85.33,96.65,87.80,35.65,13.61,54.86,0
662,10,90.34,96.47,85.13,35.48,13.73,57.66,0
662,11,89.27,95.72,83.43,35.76,13.54,57.51,1
662,12,87.14,96.72,82.73,34.46,13.73,57.26,0
662,13,86.67,96.99,85.61,34.79,13.33,54.80,0
662,14,77.03,98.66,94.40,34.44,13.24,47.06,0
662,15,76.91,98.85,90.56,33.86,13.67,50.49,0
662,16,77.77,99.11,93.39,34.62,13.56,46.70,0
662,17,80.56,99.23,90.08,35.23,13.95,46.99,0
662,18,78.30,99.10,92.78,35.61,13.32,46.59,0
662,19,78.12,98.82,91.44,34.04,13.69,48.64,0
663,0,86.66,98.69,93.07,39.02,11.41,41.50,0
663,1,87.08,98.53,93.04,38.05,10.83,43.37,0
663,2,88.50,98.75,95.68,38.95,10.94,44.00,0
663,3,87.77,98.55,92.59,38.59,10.59,44.50,0
663,4,87.77,98.56,92.33,37.90,11.12,41.66,0
663,5,87.62,98.54,97.20,38.30,11.13,44.90,0
663,6,90.81,99.07,94.62,38.70,10.47,41.32,0
663,7,90.41,99.18,95.78,38.20,10.48,42.27,0
663,8,87.50,99.20,93.58,37.27,10.97,41.71,0
663,9,89.86,98.79,96.65,38.13,11.20,44.95,0
663,10,89.77,99.10,92.53,37.46,10.67,43.12,0
663,11,88.16,99.18,93.86,38.64,11.43,44.82,0
663,12,86.25,98.83,95.50,37.34,11.29,43.10,0
663,13,85.75,99.02,95.40,38.74,10.48,44.75,0
663,14,88.18,98.55,92.72,38.64,11.14,42.86,0
663,15,89.24,98.86,95.63,38.19,11.32,43.09,0
663,16,88.34,99.08,93.22,37.54,11.43,42.75,0
663,17,88.43,98.87,95.76,38.02,11.38,42.10,0
663,18,86.88,99.11,93.61,37.99,10.82,41.95,0
663,19,86.35,98.58,94.21,37.88,10.86,42.50,0
664,0,72.01,97.26,94.59,35.62,16.36,55.22,0
664,1,72.82,97.34,93.20,36.81,16.38,52.74,0
664,2,70.89,97.12,95.81,37.30,16.29,53.83,0
664,3,74.49,97.53,95.82,36.93,16.29,53.03,0
664,4,71.54,97.08,94.09,35.68,15.53,54.00,0
664,5,73.16,97.19,95.89,36.00,16.04,55.21,0
664,6,71.88,97.19,95.77,36.59,15.83,54.04,0
664,7,74.20,97.56,95.18,35.91,15.44,55.06,0
664,8,71.25,97.00,93.80,36.03,15.92,52.79,0
664,9,70.31,97.48,95.05,35.64,16.36,54.99,0
664,10,80.20,95.29,87.17,36.61,15.40,60.50,0
664,11,82.28,95.03,85.73,36.80,16.06,62.23,0
664,12,85.21,94.18,80.65,35.33,16.29,62.39,1
664,13,82.56,95.14,88.11,36.20,16.36,60.62,0
664,14,78.25,95.11,89.52,35.94,15.56,61.91,0
664,15,70.49,97.03,93.31,36.82,15.27,52.17,0
664,16,70.51,97.13,95.00,36.92,15.96,53.68,0
664,17,70.53,97.31,93.73,36.66,15.69,53.03,0
664,18,73.73,96.96,96.43,36.08,15.61,52.20,0
664,19,73.14,97.04,94.89,35.43,15.67,55.63,0
665,0,76.67,97.73,86.76,36.00,13.69,46.29,0
665,1,76.22,97.73,89.35,34.97,13.50,47.50,0
665,2,78.71,98.18,89.02,35.22,13.22,45.14,0
665,3,80.26,98.14,88.21,36.53,14.01,46.61,0
665,4,77.58,98.21,90.74,36.36,13.25,48.26,0
665,5,79.51,97.56,91.37,35.50,13.17,44.40,0
665,6,79.92,97.78,87.41,36.36,13.30,47.57,0
665,7,77.35,98.27,86.42,35.10,13.88,44.75,0
665,8,78.05,97.55,87.40,35.24,13.52,47.54,0
665,9,79.68,97.70,88.01,35.75,13.50,47.42,0
665,10,78.91,97.62,91.55,35.70,13.51,46.06,0
665,11,79.46,97.62,89.10,35.45,13.51,48.02,0
665,12,75.49,97.55,87.97,35.53,13.82,48.18,0
665,13,77.39,98.29,85.45,35.75,13.45,45.27,0
665,14,78.18,97.82,88.30,36.55,13.57,48.24,0
665,15,77.77,97.71,90.09,35.32,13.04,45.07,0
665,16,78.53,98.05,87.88,35.72,13.24,47.02,0
665,17,77.37,97.53,88.59,35.13,13.25,46.17,0
665,18,77.01,97.87,88.41,35.35,12.95,46.38,0
665,19,78.74,97.69,89.95,36.07,13.87,44.76,0
666,0,70.88,98.53,89.40,37.92,11.01,43.66,0
666,1,72.38,98.33,90.35,36.81,11.41,44.41,0
666,2,70.63,97.85,88.76,37.91,11.01,43.66,0
666,3,69.94,97.95,90.38,37.95,11.97,43.63,0
666,4,69.25,98.47,90.60,37.99,11.22,41.98,0
666,5,72.36,97.97,90.29,37.02,11.61,43.73,0
666,6,69.14,98.41,90.77,38.38,10.94,44.89,0
666,7,69.99,97.87,89.89,36.72,11.25,41.67,0
666,8,71.70,98.06,91.08,36.87,11.49,41.75,0
666,9,71.28,97.79,88.17,38.17,11.59,42.49,0
666,10,68.64,98.02,90.22,37.22,11.19,42.34,0
666,11,69.36,98.01,90.39,37.74,11.60,42.82,0
666,12,68.04,98.09,88.27,37.64,11.32,44.72,0
666,13,68.36,97.80,90.48,37.29,11.97,45.24,0
666,14,69.73,98.35,91.49,37.14,11.44,43.92,0
666,15,69.27,98.01,88.31,36.95,11.77,44.54,0
666,16,69.01,97.79,92.31,36.78,11.68,45.62,0
666,17,69.69,97.96,91.91,37.01,10.91,41.98,0
666,18,71.30,97.97,91.54,37.18,11.55,43.80,0
666,19,70.73,98.43,90.24,37.68,11.75,43.71,0
667,0,74.93,98.84,96.48,32.81,11.57,45.10,0
667,1,71.99,98.60,97.47,34.21,11.96,42.02,0
667,2,73.20,98.87,98.22,33.38,11.41,45.11,0
667,3,72.56,98.90,98.47,33.61,12.24,42.76,0
667,4,75.27,98.54,96.59,33.87,11.77,42.09,0
667,5,74.17,98.41,97.38,32.79,11.23,43.13,0
667,6,73.37,98.38,96.45,33.30,11.62,42.14,0
667,7,71.91,99.09,98.79,33.35,11.54,44.70,0
667,8,74.48,98.87,97.94,32.61,12.24,43.65,0
667,9,72.80,98.63,98.52,32.83,11.51,41.61,0
667,10,73.17,98.69,98.80,33.41,11.49,43.56,0
667,11,73.32,98.52,97.30,33.06,11.21,41.87,0
667,12,72.77,98.95,95.34,33.58,11.74,45.14,0
667,13,72.64,98.65,98.94,33.64,12.26,44.63,0
667,14,72.34,98.72,94.38,34.42,12.04,44.01,0
667,15,72.85,98.49,97.88,33.16,12.15,45.07,0
667,16,71.62,98.79,97.35,33.01,12.06,41.64,0
667,17,71.20,98.69,97.37,33.64,11.72,41.82,0
667,18,71.56,99.00,99.15,34.28,11.86,44.87,0
667,19,71.28,98.30,97.19,32.72,12.28,44.45,0
668,0,83.97,97.06,89.05,38.50,11.26,46.51,0
668,1,83.04,97.44,90.40,37.64,11.14,49.00,0
668,2,80.77,96.80,92.78,38.50,11.85,48.20,0
668,3,83.33,97.46,89.99,38.43,11.41,45.98,0
668,4,83.57,97.45,94.22,36.86,11.61,45.58,0
668,5,84.23,97.38,90.14,37.20,11.14,47.94,0
668,6,83.31,96.74,92.45,37.28,11.21,45.47,0
668,7,82.96,96.79,94.20,38.73,11.83,45.61,0
668,8,84.15,97.23,90.14,38.55,11.19,46.35,0
668,9,84.06,96.81,88.73,36.85,11.22,46.05,0
668,10,89.34,95.20,84.33,37.41,11.71,52.01,0
668,11,92.32,94.86,78.69,36.95,11.28,55.57,0
668,12,91.73,94.01,80.02,37.19,11.30,55.86,1
668,13,90.10,94.75,79.76,38.50,11.13,56.38,0
668,14,90.21,95.46,85.37,38.76,11.29,54.86,0
668,15,81.37,97.16,92.45,37.71,12.07,47.16,0
668,16,81.78,96.90,90.49,38.36,11.38,48.42,0
668,17,79.69,97.36,90.07,38.29,11.98,48.06,0
668,18,81.66,97.30,93.09,38.77,12.01,46.92,0
668,19,83.70,97.09,91.11,38.13,11.70,47.54,0
669,0,85.70,98.31,79.98,36.49,14.15,55.83,0
669,1,85.17,98.22,81.23,36.93,13.28,54.74,0
669,2,87.69,98.02,78.67,36.33,13.54,57.38,0
669,3,86.05,98.50,81.62,36.38,13.44,57.17,0
669,4,87.72,98.45,84.70,35.94,13.73,54.15,0
669,5,87.55,98.13,84.05,35.45,13.22,54.17,0
669,6,84.48,98.02,84.70,36.08,13.49,53.46,0
669,7,85.45,98.43,80.62,35.99,13.69,55.09,0
669,8,85.28,98.01,79.53,35.63,13.02,56.72,0
669,9,84.05,97.94,79.22,36.10,13.81,54.36,0
669,10,85.47,97.95,82.84,35.94,14.13,57.10,0
669,11,84.59,98.61,77.64,37.00,13.47,54.48,0
669,12,86.54,97.99,79.72,36.27,13.17,56.10,0
669,13,84.81,98.34,78.19,36.45,14.09,55.17,0
669,14,86.32,98.45,79.06,35.42,14.09,53.85,0
669,15,86.41,98.46,80.36,36.83,13.96,54.66,0
669,16,83.23,97.95,81.94,36.15,14.09,56.04,0
669,17,84.35,98.33,82.27,37.17,13.23,56.88,0
669,18,84.69,98.43,83.46,36.34,13.99,53.76,0
669,19,83.52,97.89,79.25,36.10,13.42,54.31,0
670,0,77.30,96.93,93.72,37.81,13.34,58.28,0
670,1,77.33,97.19,96.52,37.52,13.69,57.26,0
670,2,77.10,97.07,96.41,38.43,13.55,55.30,0
670,3,78.99,97.37,96.54,38.56,14.21,55.09,0
670,4,80.28,97.24,97.28,38.82,13.92,57.20,0
670,5,79.21,97.21,94.83,37.57,14.46,56.69,0
670,6,78.53,96.94,99.39,38.42,14.09,56.27,0
670,7,79.26,97.32,99.04,38.69,13.66,57.44,0
670,8,77.39,97.24,98.44,38.68,13.77,57.63,0
670,9,77.71,97.05,96.88,39.14,13.97,55.83,0
670,10,77.66,96.90,94.03,38.93,14.12,57.14,0
670,11,78.04,97.31,96.14,39.07,13.65,58.06,0
670,12,76.79,97.31,94.13,37.27,13.47,58.36,0
670,13,76.58,97.44,95.15,38.90,14.12,57.78,0
670,14,78.89,97.23,94.32,37.98,14.40,56.54,0
670,15,79.28,96.92,97.27,38.42,13.64,56.04,0
670,16,76.70,97.18,93.53,37.70,13.62,56.56,0
670,17,76.48,96.79,95.45,39.11,13.92,56.92,0
670,18,78.12,96.83,95.18,38.53,14.22,56.95,0
670,19,79.81,97.02,97.07,37.95,13.39,58.51,0
671,0,90.49,97.54,81.07,38.62,10.48,55.92,0
671,1,91.47,97.58,80.82,38.67,9.96,55.48,0
671,2,89.63,97.41,82.18,39.04,9.69,53.01,0
671,3,91.27,96.99,81.56,39.31,10.41,55.45,0
671,4,91.46,96.97,82.78,38.03,10.23,52.24,0
671,5,89.62,97.20,82.56,39.51,9.58,54.34,0
671,6,90.64,97.52,82.43,39.33,10.58,55.52,0
671,7,91.79,96.91,77.16,38.15,10.47,54.20,0
671,8,97.29,94.99,70.51,39.35,10.02,61.26,0
671,9,101.63,94.89,68.58,39.68,10.63,62.27,0
671,10,103.99,94.24,66.59,39.11,10.01,65.36,1
671,11,101.45,94.54,71.29,38.44,9.91,60.90,0
671,12,96.82,95.40,71.99,39.58,9.68,60.33,0
671,13,90.54,97.09,78.20,38.61,9.60,53.34,0
671,14,87.56,97.04,76.12,38.00,9.71,53.20,0
671,15,88.81,97.12,75.50,38.48,10.61,53.23,0
671,16,89.27,96.81,80.14,38.23,9.99,53.90,0
671,17,90.84,97.42,81.43,39.32,10.24,54.60,0
671,18,89.53,97.48,79.79,39.04,9.88,54.16,0
671,19,88.57,97.19,79.37,37.96,10.42,52.38,0
672,0,87.60,97.69,85.80,33.42,14.69,46.31,0
672,1,86.22,96.99,85.41,33.76,14.89,44.59,0
672,2,85.35,97.58,88.57,33.92,14.91,45.71,0
672,3,87.31,97.10,88.75,33.01,15.05,46.19,0
672,4,85.91,97.23,90.05,33.54,15.35,44.26,0
672,5,85.87,97.56,86.34,33.64,15.41,46.15,0
672,6,85.69,97.23,89.18,34.16,15.54,45.21,0
672,7,84.75,97.61,87.35,33.94,15.21,44.50,0
672,8,85.02,97.73,90.95,34.10,15.10,46.10,0
672,9,86.74,97.42,88.24,33.14,14.94,46.26,0
672,10,84.09,97.68,87.22,33.89,15.16,45.29,0
672,11,84.60,97.42,85.07,33.92,15.29,47.00,0
672,12,83.57,97.56,86.64,32.39,14.98,45.57,0
672,13,85.04,97.35,89.12,33.15,15.15,45.97,0
672,14,84.51,97.28,86.03,33.11,14.63,43.70,0
672,15,84.07,97.64,84.40,34.00,15.65,46.85,0
672,16,83.76,97.18,86.24,33.92,15.29,47.05,0
672,17,84.50,97.26,86.68,34.33,15.63,45.97,0
672,18,85.15,97.47,86.17,34.23,15.78,46.49,0
672,19,87.83,97.49,87.53,33.78,15.17,43.60,0
673,0,83.18,98.93,92.65,36.61,15.13,46.56,0
673,1,83.57,99.24,88.33,36.68,15.20,45.26,0
673,2,82.29,99.05,87.83,37.29,15.87,44.99,0
673,3,83.79,98.72,93.04,36.95,15.39,45.47,0
673,4,83.63,98.73,91.34,37.92,15.32,45.02,0
673,5,83.54,99.04,88.36,37.80,15.80,47.40,0
673,6,83.12,98.69,91.86,37.16,15.92,44.27,0
673,7,82.14,98.81,90.01,36.79,15.50,46.26,0
673,8,83.26,98.65,87.95,37.20,15.90,46.72,0
673,9,81.05,99.05,87.13,37.64,15.15,44.10,0
673,10,87.75,96.69,83.53,38.34,15.23,52.80,0
673,11,90.19,96.74,82.50,36.91,15.70,54.78,0
673,12,93.35,95.96,76.26,38.15,15.74,54.61,1
673,13,92.81,96.55,81.25,36.55,15.93,53.15,0
673,14,87.54,96.87,84.49,37.33,15.24,50.72,0
673,15,82.33,98.62,91.63,37.82,15.16,46.93,0
673,16,81.55,98.97,92.26,37.91,15.94,46.81,0
673,17,82.25,99.01,88.92,37.30,15.77,45.54,0
673,18,80.96,98.93,91.99,38.19,15.56,46.59,0
673,19,81.19,98.56,88.60,36.81,15.74,47.75,0
674,0,89.19,97.82,91.27,34.60,13.52,56.53,0
674,1,86.89,98.20,93.84,34.75,13.64,59.42,0
674,2,89.12,98.13,90.28,34.28,14.29,57.10,0
674,3,90.27,98.02,89.98,34.80,13.57,57.75,0
674,4,88.24,98.25,88.86,35.63,13.40,56.59,0
674,5,86.85,97.82,93.13,35.40,14.32,56.48,0
674,6,89.49,97.85,92.34,35.55,13.68,59.66,0
674,7,87.77,98.22,93.91,34.72,13.26,57.17,0
674,8,88.58,98.24,92.04,34.84,13.68,56.52,0
674,9,87.90,98.11,93.65,34.40,14.14,57.72,0
674,10,85.94,98.06,91.03,35.75,13.45,56.32,0
674,11,85.75,97.75,91.63,34.54,13.56,58.28,0
674,12,87.70,97.89,87.84,34.79,14.34,58.02,0
674,13,87.06,97.79,91.54,35.63,13.33,57.39,0
674,14,86.96,98.26,92.11,35.37,13.33,57.14,0
674,15,85.63,98.18,90.14,34.52,13.92,59.23,0
674,16,86.51,98.13,90.48,35.80,13.41,59.38,0
674,17,87.64,98.01,90.22,34.27,14.03,56.10,0
674,18,85.62,97.83,91.56,35.02,13.92,58.10,0
674,19,88.52,97.95,90.51,34.55,13.54,57.45,0
675,0,72.45,97.59,100.22,36.16,11.08,52.94,0
675,1,69.94,98.07,95.59,36.76,10.98,51.96,0
675,2,70.45,98.01,98.43,37.22,10.69,53.09,0
675,3,70.59,98.15,98.12,35.89,10.38,50.79,0
675,4,71.70,97.51,98.79,36.75,10.88,50.92,0
675,5,72.21,98.09,101.26,35.86,10.28,53.15,0
675,6,71.47,97.67,98.08,37.21,10.51,53.37,0
675,7,71.22,98.05,96.99,37.06,10.24,51.86,0
675,8,73.84,97.56,99.49,35.97,10.48,50.49,0
675,9,77.76,95.84,94.05,36.99,11.04,59.27,0
675,10,80.06,95.24,85.91,37.29,10.05,58.02,0
675,11,83.20,95.15,85.18,37.05,10.52,61.16,1
675,12,80.19,95.10,87.82,36.77,10.96,60.22,0
675,13,80.39,95.86,93.25,35.72,10.62,58.31,0
675,14,70.65,97.60,96.38,37.22,10.04,52.97,0
675,15,72.37,97.86,96.44,36.79,10.68,50.23,0
675,16,71.96,97.71,98.34,36.11,10.18,51.27,0
675,17,72.96,97.58,98.53,36.44,10.96,50.79,0
675,18,71.93,97.72,98.63,36.18,10.87,51.35,0
675,19,73.26,97.46,99.84,36.51,10.36,53.41,0
676,0,86.09,98.80,92.08,38.67,15.48,60.85,0
676,1,86.05,98.59,93.36,37.21,15.35,60.94,0
676,2,83.93,98.60,91.49,37.34,15.75,57.68,0
676,3,86.32,98.92,90.85,38.38,15.58,58.32,0
676,4,85.24,98.32,95.66,38.38,15.56,59.37,0
676,5,85.05,98.62,95.27,38.15,15.13,59.73,0
676,6,85.08,98.77,91.81,37.96,15.13,61.33,0
676,7,85.32,99.09,93.27,38.24,15.33,59.32,0
676,8,85.14,98.71,91.02,38.38,15.21,58.00,0
676,9,86.55,98.31,90.35,37.38,15.56,59.18,0
676,10,87.02,99.05,94.62,37.19,15.94,61.22,0
676,11,83.14,98.67,90.63,38.31,16.00,57.83,0
676,12,85.93,98.39,92.83,37.24,15.30,59.67,0
676,13,85.36,98.84,93.19,37.81,15.29,57.51,0
676,14,83.72,98.74,89.99,38.34,15.85,58.07,0
676,15,84.39,98.36,89.38,38.62,15.52,58.37,0
676,16,83.08,98.51,89.97,38.13,15.58,60.92,0
676,17,83.76,98.87,93.04,37.15,15.96,57.92,0
676,18,85.07,98.83,93.76,38.09,15.49,60.83,0
676,19,86.18,98.75,93.61,38.68,15.85,58.60,0
677,0,77.05,98.50,78.83,35.04,14.25,41.88,0
677,1,77.85,98.11,81.76,33.36,14.91,41.80,0
677,2,78.45,98.56,77.36,33.36,14.33,42.03,0
677,3,81.40,98.49,78.52,33.21,15.31,42.61,0
677,4,78.89,98.40,82.44,34.65,14.38,40.94,0
677,5,78.45,98.44,82.22,33.16,15.23,42.20,0
677,6,78.15,98.55,81.27,33.33,14.60,43.07,0
677,7,81.07,98.34,77.43,33.97,14.85,42.60,0
677,8,80.09,98.20,80.44,34.32,14.50,41.04,0
677,9,80.21,98.75,80.88,34.68,15.07,42.38,0
677,10,78.93,98.28,76.35,34.41,15.41,40.37,0
677,11,78.76,98.15,81.21,34.23,14.27,41.92,0
677,12,79.38,98.63,77.61,34.13,14.46,42.25,0
677,13,78.27,98.66,81.57,33.64,14.36,43.82,0
677,14,78.40,98.42,77.56,34.33,14.55,43.92,0
677,15,79.23,98.23,81.52,33.37,14.96,44.19,0
677,16,79.06,98.16,78.40,33.15,15.32,41.65,0
677,17,79.37,98.07,77.24,33.44,15.28,42.06,0
677,18,80.31,98.19,80.64,33.51,14.59,43.85,0
677,19,79.19,98.18,77.87,33.30,14.37,42.12,0
678,0,90.23,98.58,96.04,38.75,13.90,48.90,0
678,1,89.96,99.16,98.21,38.20,13.93,51.36,0
678,2,89.79,98.95,99.86,38.54,13.94,49.35,0
678,3,90.63,99.22,95.29,38.28,14.36,51.65,0
678,4,90.86,98.49,100.76,37.74,13.91,50.37,0
678,5,91.70,98.63,97.67,38.57,14.25,49.72,0
678,6,90.86,98.74,99.23,37.39,14.92,52.59,0
678,7,92.05,98.95,95.93,37.95,14.82,51.91,0
678,8,91.52,98.55,99.76,38.61,14.28,51.74,0
678,9,89.37,99.21,99.00,38.20,14.26,52.43,0
678,10,88.02,98.52,99.35,37.47,14.88,51.76,0
678,11,88.30,98.91,95.82,38.27,14.12,51.28,0
678,12,89.00,98.71,94.31,37.25,14.76,51.61,0
678,13,89.25,98.51,95.15,37.38,14.53,52.12,0
678,14,89.24,99.21,98.92,38.43,14.40,49.97,0
678,15,88.95,99.22,93.83,38.63,14.02,51.65,0
678,16,87.53,98.98,98.44,37.91,14.20,49.39,0
678,17,89.22,98.60,99.43,37.50,14.32,52.57,0
678,18,90.16,98.62,95.41,37.17,13.96,49.50,0
678,19,90.46,99.16,97.62,37.11,14.71,52.07,0
679,0,81.88,97.15,77.95,32.97,10.64,54.99,0
679,1,79.97,97.64,76.58,34.35,10.99,54.97,0
679,2,81.06,97.46,81.87,33.05,10.81,51.65,0
679,3,81.58,97.71,81.53,33.23,10.84,52.03,0
679,4,80.26,96.97,82.27,34.12,11.48,55.38,0
679,5,81.82,97.00,80.97,34.24,11.45,54.29,0
679,6,81.00,97.13,77.67,33.25,11.74,52.80,0
679,7,81.97,97.11,77.71,33.20,11.04,52.28,0
679,8,83.16,97.32,76.00,34.84,11.51,52.44,0
679,9,82.20,97.34,76.00,33.38,11.79,51.46,0
679,10,82.84,97.35,76.14,33.16,10.95,52.46,0
679,11,79.45,97.48,80.67,33.39,11.60,55.21,0
679,12,82.09,97.14,80.90,33.97,11.37,51.40,0
679,13,82.20,97.68,78.75,34.43,11.48,52.52,0
679,14,82.48,97.33,76.58,33.92,11.77,52.29,0
679,15,81.26,96.96,76.21,33.33,10.90,53.21,0
679,16,79.61,97.28,80.35,34.89,10.61,54.22,0
679,17,80.11,97.46,78.86,33.02,10.75,53.47,0
679,18,80.21,97.09,80.44,33.01,10.99,51.73,0
679,19,80.84,97.09,80.20,34.59,10.76,54.69,0
680,0,84.46,98.76,91.89,35.94,14.61,54.91,0
680,1,85.84,98.68,94.63,36.26,14.44,57.14,0
680,2,86.16,98.24,93.87,35.81,15.29,56.02,0
680,3,85.11,98.51,90.26,37.04,14.43,57.28,0
680,4,84.30,98.18,89.95,35.40,14.78,54.60,0
680,5,85.21,98.02,94.33,36.02,14.90,56.63,0
680,6,85.64,98.67,93.06,37.25,14.81,55.28,0
680,7,84.20,98.54,93.27,35.71,14.55,56.42,0
680,8,83.06,98.29,94.37,35.97,15.44,55.05,0
680,9,84.34,98.61,94.25,37.03,15.39,58.40,0
680,10,81.87,98.69,91.65,37.20,15.31,54.61,0
680,11,84.94,98.46,93.50,35.85,14.89,58.19,0
680,12,84.42,98.52,89.76,37.26,14.81,55.97,0
680,13,81.30,98.15,88.43,36.56,15.31,58.36,0
680,14,81.69,98.22,88.77,36.69,15.22,57.21,0
680,15,83.66,98.70,93.92,36.62,15.42,56.51,0
680,16,83.99,98.38,93.45,36.63,14.70,56.81,0
680,17,83.91,98.73,93.88,37.28,14.95,55.45,0
680,18,85.14,98.47,90.87,36.44,15.28,57.11,0
680,19,85.55,98.31,89.27,36.46,15.25,56.48,0
681,0,72.95,98.96,83.35,36.19,13.80,60.46,0
681,1,74.20,99.07,81.96,37.61,13.76,58.69,0
681,2,73.59,98.97,84.63,37.26,12.86,59.70,0
681,3,73.40,98.43,81.43,37.11,13.30,60.24,0
681,4,73.67,98.93,81.90,37.15,12.86,61.42,0
681,5,74.86,98.61,81.81,35.72,13.17,60.41,0
681,6,73.44,98.63,82.46,35.79,13.20,61.52,0
681,7,74.54,98.70,80.62,36.69,13.42,61.36,0
681,8,76.64,98.65,83.59,37.47,13.34,60.31,0
681,9,74.81,98.67,80.65,36.37,12.88,59.17,0
681,10,72.47,98.85,83.37,37.23,13.38,60.64,0
681,11,74.52,98.46,80.87,36.55,13.57,61.56,0
681,12,74.86,98.36,82.43,36.86,13.11,58.64,0
681,13,72.39,98.83,78.95,37.06,13.64,61.43,0
681,14,75.39,98.75,82.90,37.56,13.25,62.36,0
681,15,72.20,98.92,79.39,36.37,13.92,61.55,0
681,16,75.44,98.83,83.54,37.07,13.77,60.26,0
681,17,72.97,98.76,82.42,35.67,12.87,60.49,0
681,18,74.98,99.12,79.12,36.23,12.91,60.59,0
681,19,76.33,98.63,84.10,35.83,13.71,58.64,0
682,0,85.05,98.07,90.42,35.06,16.05,50.59,0
682,1,85.58,98.64,89.28,34.59,15.48,50.26,0
682,2,87.66,98.36,87.17,34.20,15.75,53.53,0
682,3,87.50,98.50,89.65,34.46,15.96,53.58,0
682,4,87.52,98.68,90.71,33.76,15.42,52.98,0
682,5,87.32,98.24,89.73,34.72,16.04,51.93,0
682,6,87.03,98.29,87.72,34.09,16.00,53.18,0
682,7,84.91,98.79,89.16,33.86,16.25,52.62,0
682,8,85.06,98.41,86.53,35.00,15.71,51.71,0
682,9,86.55,98.09,87.19,33.97,16.18,53.78,0
682,10,84.04,98.42,87.90,33.80,15.97,54.06,0
682,11,84.13,98.41,88.43,35.55,15.80,50.70,0
682,12,84.49,98.59,89.48,35.69,15.35,52.90,0
682,13,83.35,98.67,89.42,34.29,16.02,53.00,0
682,14,84.30,98.16,88.78,34.41,16.07,52.70,0
682,15,82.67,98.53,86.85,34.73,16.37,50.90,0
682,16,83.39,98.21,85.76,35.12,16.13,51.78,0
682,17,86.50,98.38,89.93,33.99,15.45,53.06,0
682,18,85.00,98.67,90.01,35.20,16.33,50.26,0
682,19,87.27,98.78,89.42,35.47,15.92,52.07,0
683,0,87.21,97.33,97.50,39.06,13.61,60.74,0
683,1,84.66,97.17,95.18,37.74,14.05,60.00,0
683,2,88.63,96.84,98.38,39.10,13.99,59.93,0
683,3,87.73,97.13,96.53,37.31,13.62,59.99,0
683,4,87.53,97.41,96.79,38.86,13.96,62.09,0
683,5,87.28,96.82,96.50,37.77,14.36,61.71,0
683,6,89.00,96.78,95.54,38.12,13.16,60.54,0
683,7,87.12,97.19,94.03,37.82,13.78,58.88,0
683,8,85.03,97.40,95.34,38.43,13.39,59.34,0
683,9,86.05,97.31,94.88,38.24,13.51,60.95,0
683,10,95.90,94.92,91.72,38.33,14.01,67.35,0
683,11,97.12,94.81,83.96,37.51,14.28,69.39,0
683,12,99.44,93.95,82.96,37.42,13.73,72.10,1
683,13,94.27,94.51,84.81,38.30,14.02,70.15,0
683,14,93.30,95.51,91.33,37.96,14.18,65.95,0
683,15,85.08,97.14,96.35,38.86,13.76,61.89,0
683,16,85.96,96.76,97.10,38.21,13.74,62.03,0
683,17,87.50,97.52,97.51,38.70,13.95,62.51,0
683,18,86.73,97.01,93.82,38.28,13.55,62.64,0
683,19,85.28,97.08,95.73,37.28,13.27,61.77,0
684,0,78.30,98.90,95.53,37.48,12.57,62.27,0
684,1,80.84,98.97,94.56,37.68,12.94,62.18,0
684,2,81.18,98.53,97.66,37.86,12.66,58.60,0
684,3,81.96,98.44,96.63,37.61,12.14,59.45,0
684,4,80.81,99.04,92.67,37.95,12.08,62.20,0
684,5,78.99,98.47,94.79,38.08,12.67,59.07,0
684,6,82.37,98.95,96.71,37.52,12.78,58.84,0
684,7,81.33,98.94,96.37,36.57,12.48,60.15,0
684,8,81.23,98.90,93.62,37.96,13.08,59.38,0
684,9,78.49,98.74,95.42,37.30,13.17,60.44,0
684,10,81.21,99.06,95.99,37.52,12.64,60.50,0
684,11,79.48,99.03,95.53,38.03,12.91,61.17,0
684,12,78.37,98.57,94.03,37.75,13.03,59.46,0
684,13,79.20,98.70,93.91,37.74,13.20,59.48,0
684,14,79.59,98.58,92.59,36.83,12.83,62.23,0
684,15,79.13,98.73,95.77,36.96,12.79,61.02,0
684,16,78.45,98.47,92.44,36.86,12.67,60.16,0
684,17,80.09,99.08,90.96,37.68,12.57,60.44,0
684,18,80.42,98.70,95.42,37.22,13.09,60.09,0
684,19,81.73,98.50,97.21,37.49,13.08,58.95,0
685,0,76.27,98.88,82.08,34.38,15.66,42.30,0
685,1,77.60,98.26,86.13,35.13,14.80,41.12,0
685,2,77.54,98.83,83.47,33.46,14.78,41.54,0
685,3,76.76,98.52,82.48,33.90,15.31,44.21,0
685,4,75.57,98.29,86.95,33.52,14.72,44.55,0
685,5,77.13,98.84,85.55,33.94,15.46,44.30,0
685,6,74.91,98.26,83.23,34.23,15.03,44.47,0
685,7,75.24,98.96,82.18,34.81,14.78,42.50,0
685,8,77.30,98.25,83.75,33.36,15.10,42.62,0
685,9,84.65,96.44,75.34,34.14,14.81,50.37,0
685,10,84.64,96.31,76.32,33.24,14.80,50.74,0
685,11,86.15,95.58,73.72,34.40,15.64,51.59,1
685,12,85.87,95.77,76.34,33.92,14.56,51.86,0
685,13,83.00,96.58,78.71,34.36,14.85,47.46,0
685,14,74.10,98.67,81.17,33.83,15.23,42.94,0
685,15,75.32,98.73,84.30,34.20,14.72,43.69,0
685,16,76.78,98.39,83.74,34.72,15.14,44.00,0
685,17,74.56,98.38,80.35,33.89,14.89,42.60,0
685,18,75.04,98.49,81.46,34.03,15.58,44.08,0
685,19,77.38,98.76,82.98,34.65,15.29,43.60,0
686,0,90.70,97.81,96.73,35.41,11.49,47.66,0
686,1,91.12,97.69,95.91,33.93,11.48,48.47,0
686,2,88.61,98.30,100.18,34.26,11.75,45.37,0
686,3,90.77,97.62,98.38,34.74,11.73,45.48,0
686,4,90.13,97.62,98.98,35.01,12.53,48.12,0
686,5,88.97,98.24,95.35,34.02,12.07,45.24,0
686,6,91.75,97.94,97.64,34.05,12.46,47.95,0
686,7,89.69,97.90,99.35,35.17,11.94,45.57,0
686,8,87.63,98.09,96.23,35.28,12.11,45.76,0
686,9,89.86,97.93,94.78,34.08,11.76,48.45,0
686,10,95.50,95.85,89.55,34.40,12.42,51.36,0
686,11,100.49,95.20,87.23,35.18,11.77,55.78,0
686,12,101.62,95.08,82.94,35.18,12.63,57.89,1
686,13,98.35,95.79,88.45,34.53,12.15,53.61,0
686,14,96.87,96.01,89.19,35.22,12.01,50.86,0
686,15,86.82,98.26,94.67,34.66,12.66,46.57,0
686,16,88.95,97.75,97.18,34.82,12.35,45.59,0
686,17,90.15,97.86,96.06,34.64,12.62,48.22,0
686,18,87.29,98.36,96.82,34.19,12.24,46.04,0
686,19,88.48,98.20,98.89,35.67,12.26,45.66,0
687,0,74.47,98.45,84.99,35.61,12.90,53.73,0
687,1,77.28,98.06,83.36,36.46,12.25,56.32,0
687,2,74.45,98.39,83.44,36.70,12.56,55.23,0
687,3,77.45,98.10,86.34,35.68,12.24,55.72,0
687,4,76.60,98.38,83.41,36.65,12.58,55.04,0
687,5,76.26,98.56,87.27,37.08,12.71,53.91,0
687,6,75.52,98.67,85.60,37.37,12.77,53.68,0
687,7,77.56,98.17,84.52,35.55,12.51,55.60,0
687,8,75.83,98.45,82.33,36.78,12.76,53.66,0
687,9,76.55,98.15,83.29,37.32,12.43,53.68,0
687,10,76.82,98.26,84.42,37.04,13.05,54.58,0
687,11,76.61,98.28,86.03,35.55,12.19,55.07,0
687,12,76.38,98.73,83.32,36.57,12.12,56.51,0
687,13,73.36,98.47,80.60,36.60,13.16,56.24,0
687,14,73.93,98.70,80.66,36.85,13.13,54.21,0
687,15,76.03,98.35,83.13,36.31,13.14,53.81,0
687,16,74.99,98.10,82.44,35.55,12.04,52.83,0
687,17,75.86,98.39,82.98,36.64,12.79,55.45,0
687,18,75.82,98.18,81.30,36.33,12.78,55.67,0
687,19,73.83,98.28,83.24,36.92,12.41,56.54,0
688,0,76.59,98.27,87.23,34.53,14.68,44.23,0
688,1,75.49,97.95,86.37,34.22,14.09,43.72,0
688,2,78.17,97.69,88.81,34.60,14.38,42.97,0
688,3,77.04,98.14,91.08,33.19,14.24,45.45,0
688,4,78.79,98.13,89.07,34.02,14.48,44.26,0
688,5,76.22,97.83,91.09,33.68,13.71,44.69,0
688,6,77.14,97.78,87.60,34.38,14.11,42.55,0
688,7,75.49,98.00,92.09,33.23,14.21,44.73,0
688,8,78.62,97.75,90.77,33.24,14.30,45.36,0
688,9,75.85,97.73,88.47,33.37,13.56,42.39,0
688,10,74.97,97.92,90.57,33.58,14.15,41.93,0
688,11,76.88,97.75,86.20,34.11,14.08,43.15,0
688,12,74.21,98.01,87.41,33.87,13.69,45.58,0
688,13,77.45,98.00,86.70,34.08,14.38,43.61,0
688,14,76.95,98.28,89.95,34.43,13.74,45.17,0
688,15,74.77,97.62,87.25,32.77,14.34,45.53,0
688,16,75.17,98.04,86.13,34.55,14.20,42.76,0
688,17,76.29,97.70,90.77,33.57,13.75,45.73,0
688,18,76.21,98.09,86.81,33.68,14.01,43.33,0
688,19,77.89,97.88,91.05,33.45,14.27,43.89,0
689,0,71.94,97.55,84.64,34.46,16.10,41.53,0
689,1,72.60,97.23,84.12,34.46,15.81,43.04,0
689,2,75.73,97.87,85.91,34.41,15.92,44.61,0
689,3,75.78,97.99,84.97,33.92,15.24,45.36,0
689,4,73.06,97.71,88.41,34.97,15.22,42.60,0
689,5,76.12,97.70,86.93,33.79,16.32,41.69,0
689,6,74.75,97.81,88.30,34.31,15.48,44.72,0
689,7,74.10,97.54,88.88,33.99,15.98,42.82,0
689,8,74.30,97.82,87.65,34.83,15.73,45.28,0
689,9,75.64,97.87,85.71,34.09,15.57,41.92,0
689,10,80.99,95.53,83.12,35.21,15.86,51.07,0
689,11,85.24,95.29,79.24,34.18,16.22,52.86,0
689,12,83.66,94.55,75.09,34.29,16.08,53.93,1
689,13,81.78,95.41,79.37,34.35,15.38,50.48,0
689,14,81.64,95.38,77.42,34.62,15.39,47.85,0
689,15,73.89,97.42,85.12,34.78,15.22,44.75,0
689,16,74.59,97.67,87.76,35.45,15.48,45.16,0
689,17,73.29,97.37,88.23,35.21,15.80,41.50,0
689,18,72.63,97.64,83.61,35.12,15.27,43.17,0
689,19,72.58,97.94,84.80,35.07,15.37,42.77,0
690,0,79.32,98.02,96.06,36.64,13.13,51.70,0
690,1,78.50,98.20,91.13,37.44,14.09,50.06,0
690,2,81.12,98.27,91.95,36.17,13.70,48.68,0
690,3,81.70,97.85,97.29,36.48,13.07,50.96,0
690,4,78.49,98.04,94.53,35.95,13.95,50.16,0
690,5,80.82,98.19,93.32,36.36,12.97,51.08,0
690,6,79.38,97.73,96.99,37.58,13.97,51.83,0
690,7,78.38,97.71,92.95,36.35,13.35,51.11,0
690,8,80.18,97.82,96.54,37.15,13.75,50.18,0
690,9,79.18,97.75,92.53,36.24,13.44,51.51,0
690,10,78.21,97.75,95.27,36.91,13.22,49.99,0
690,11,77.13,98.06,94.36,36.64,14.07,50.93,0
690,12,77.06,98.45,92.07,35.99,13.31,48.97,0
690,13,77.79,98.28,90.44,37.39,13.59,51.36,0
690,14,78.40,98.43,95.48,37.45,14.06,52.43,0
690,15,77.86,97.72,93.69,36.03,13.81,51.78,0
690,16,76.73,98.08,94.71,37.49,13.31,52.16,0
690,17,80.64,97.79,91.46,36.29,13.75,51.54,0
690,18,77.32,97.90,95.00,36.02,12.95,51.34,0
690,19,79.92,98.00,93.86,35.82,13.15,49.90,0
691,0,74.53,97.81,92.76,33.46,15.89,60.25,0
691,1,72.74,97.97,90.96,35.00,15.40,60.94,0
691,2,72.04,97.82,91.23,34.84,15.71,59.80,0
691,3,72.18,97.65,95.88,34.25,15.31,60.09,0
691,4,75.43,97.87,93.04,34.17,15.10,60.51,0
691,5,72.68,98.37,92.08,33.89,15.85,61.06,0
691,6,73.80,97.70,95.81,34.90,15.66,60.08,0
691,7,73.36,97.98,90.69,34.36,14.94,59.39,0
691,8,72.21,97.85,94.87,34.18,14.96,62.60,0
691,9,71.13,97.89,94.86,33.66,15.20,61.15,0
691,10,74.26,98.31,90.82,34.76,15.76,61.02,0
691,11,71.35,98.23,91.72,34.50,15.30,61.43,0
691,12,71.48,97.82,91.19,34.48,15.04,62.69,0
691,13,70.95,97.86,90.32,33.84,15.27,62.61,0
691,14,72.38,98.18,93.91,33.91,15.35,60.95,0
691,15,72.80,97.83,93.68,33.90,14.94,62.20,0
691,16,70.45,98.13,93.11,34.31,15.42,60.18,0
691,17,73.19,98.05,94.66,33.57,15.20,62.33,0
691,18,72.85,97.89,90.47,35.02,15.01,62.89,0
691,19,72.15,98.02,92.70,33.80,15.23,59.15,0
692,0,88.84,97.49,97.49,33.62,10.58,56.53,0
692,1,87.90,98.02,100.05,33.71,10.94,59.54,0
692,2,87.10,97.68,94.70,34.06,10.05,56.83,0
692,3,88.76,97.45,99.77,32.54,10.65,56.77,0
692,4,88.83,97.61,98.81,34.22,10.76,59.38,0
692,5,88.98,97.71,99.81,33.19,10.44,58.24,0
692,6,89.81,97.86,98.90,33.79,10.61,56.15,0
692,7,87.16,97.96,98.92,33.06,11.14,58.10,0
692,8,88.11,98.06,96.20,33.63,10.42,59.48,0
692,9,89.19,97.94,97.91,32.92,11.16,56.31,0
692,10,87.34,97.83,95.06,32.38,11.17,57.01,0
692,11,85.45,98.03,93.85,33.10,11.12,57.27,0
692,12,87.10,98.09,97.11,33.77,10.95,58.77,0
692,13,86.79,97.58,95.51,32.44,10.41,58.64,0
692,14,87.01,97.37,93.81,34.07,10.59,58.19,0
692,15,84.59,97.84,97.33,33.39,10.23,59.33,0
692,16,88.34,97.55,98.09,33.09,10.28,56.05,0
692,17,87.13,97.50,99.30,34.12,10.07,57.36,0
692,18,86.44,97.49,99.48,34.03,10.89,58.39,0
692,19,88.50,97.71,95.56,33.23,10.49,59.46,0
693,0,78.96,98.00,87.76,34.98,14.86,41.62,0
693,1,76.47,97.66,86.13,34.22,14.62,43.83,0
693,2,80.41,97.98,86.67,34.53,14.50,41.56,0
693,3,80.14,97.43,88.09,35.38,14.47,42.79,0
693,4,80.17,98.11,84.60,33.92,14.56,41.58,0
693,5,80.04,97.94,84.81,33.96,14.50,43.48,0
693,6,78.25,97.76,88.86,35.12,14.44,42.97,0
693,7,80.45,97.51,87.53,35.34,14.84,43.18,0
693,8,87.12,95.47,81.64,34.41,14.23,49.82,0
693,9,87.26,94.93,74.26,34.65,14.51,49.53,0
693,10,91.83,94.47,74.04,34.62,14.10,51.53,1
693,11,87.66,95.70,73.46,35.78,14.80,50.03,0
693,12,84.44,95.64,78.53,34.45,14.60,49.22,0
693,13,78.32,97.54,87.39,35.14,14.07,43.68,0
693,14,76.84,97.88,83.20,34.89,14.57,43.69,0
693,15,77.52,97.44,86.46,35.41,14.41,43.30,0
693,16,79.10,97.92,86.73,35.01,13.92,41.02,0
693,17,77.72,98.03,83.14,34.87,14.87,41.74,0
693,18,77.08,97.45,84.07,34.90,14.41,43.18,0
693,19,77.05,97.73,87.27,35.68,14.82,44.12,0
694,0,70.68,97.57,86.35,34.82,15.09,53.83,0
694,1,69.75,97.80,87.03,34.30,15.58,52.81,0
694,2,72.85,97.50,82.06,34.47,15.76,52.36,0
694,3,69.62,97.37,83.30,35.14,15.18,54.01,0
694,4,69.62,97.58,88.14,35.37,15.11,53.76,0
694,5,70.30,97.36,83.58,36.05,15.47,52.74,0
694,6,71.45,97.60,82.78,35.53,15.37,53.05,0
694,7,70.73,97.29,83.13,34.82,14.92,51.46,0
694,8,72.75,97.74,84.96,35.94,15.24,52.66,0
694,9,70.14,97.06,84.23,36.07,15.24,52.56,0
694,10,71.80,97.53,86.01,34.33,15.93,51.27,0
694,11,69.59,97.84,81.72,35.11,15.67,50.72,0
694,12,69.41,97.36,81.06,35.30,15.04,54.29,0
694,13,70.59,97.62,84.73,35.68,15.71,51.81,0
694,14,68.93,97.31,81.45,35.55,15.62,52.43,0
694,15,68.26,97.50,83.25,35.36,15.93,53.73,0
694,16,71.32,97.28,83.64,34.17,16.10,50.72,0
694,17,68.61,97.42,82.49,35.13,15.56,54.16,0
694,18,70.36,97.67,86.76,35.18,15.24,52.84,0
694,19,71.99,97.10,87.23,35.10,15.88,52.72,0
695,0,78.73,98.08,86.94,34.03,13.62,57.65,0
695,1,79.76,98.39,86.68,32.79,13.14,58.12,0
695,2,80.21,98.08,84.28,34.02,13.72,57.31,0
695,3,78.43,98.58,87.81,33.96,14.07,56.42,0
695,4,79.28,98.64,89.07,33.09,13.83,56.83,0
695,5,77.73,98.03,88.56,33.98,13.49,55.94,0
695,6,77.47,97.96,83.57,33.59,14.06,55.76,0
695,7,78.85,98.48,85.55,32.43,13.96,58.21,0
695,8,78.68,98.35,83.48,33.96,13.99,57.97,0
695,9,88.61,96.49,79.10,33.13,13.47,63.06,0
695,10,89.27,95.69,79.35,32.75,13.21,66.53,0
695,11,91.85,95.68,75.43,34.32,14.00,66.80,1
695,12,88.11,95.94,73.10,33.52,13.50,63.34,0
695,13,87.66,96.26,76.92,32.68,14.17,61.22,0
695,14,77.26,98.13,84.13,32.63,14.05,57.35,0
695,15,79.15,98.42,86.24,33.44,14.14,56.76,0
695,16,76.74,98.08,85.61,33.42,13.19,57.99,0
695,17,79.83,98.26,86.81,33.66,13.37,55.29,0
695,18,79.25,98.22,84.62,33.01,13.57,58.48,0
695,19,77.97,98.34,85.32,34.25,14.04,58.23,0
696,0,85.57,97.57,84.20,33.53,10.21,56.13,0
696,1,87.55,97.22,83.58,33.24,10.60,55.33,0
696,2,88.95,96.97,83.12,33.59,10.55,55.08,0
696,3,88.28,97.14,86.60,33.18,10.46,58.20,0
696,4,87.39,97.28,86.32,32.84,10.43,56.59,0
696,5,88.90,97.20,85.61,34.65,10.36,55.39,0
696,6,86.84,96.97,83.02,34.48,11.24,56.33,0
696,7,89.73,97.21,81.36,34.12,10.16,57.34,0
696,8,86.60,97.26,85.64,32.94,10.80,57.67,0
696,9,89.03,97.59,83.59,33.97,10.18,57.03,0
696,10,88.06,97.27,80.88,34.48,10.76,54.70,0
696,11,87.50,97.58,85.09,32.85,10.37,55.71,0
696,12,88.73,97.48,81.75,33.48,10.41,58.22,0
696,13,88.72,97.42,82.04,32.85,11.08,57.86,0
696,14,88.06,97.39,84.25,34.44,10.16,55.97,0
696,15,88.09,97.38,85.62,33.92,10.27,56.49,0
696,16,86.77,96.98,84.63,34.58,10.15,55.36,0
696,17,89.00,97.05,81.13,33.57,10.21,57.99,0
696,18,87.66,97.34,83.66,33.72,10.79,56.19,0
696,19,87.00,97.45,84.14,33.08,10.08,54.29,0
697,0,86.45,98.44,86.48,34.93,13.87,49.44,0
697,1,85.53,98.47,82.86,33.28,14.44,51.54,0
697,2,87.17,98.39,87.42,33.65,14.29,52.12,0
697,3,87.06,98.80,85.63,33.60,14.23,48.50,0
697,4,87.00,98.07,87.48,34.18,13.95,50.75,0
697,5,88.19,98.80,85.71,35.11,14.48,50.24,0
697,6,89.15,98.54,84.75,33.64,14.21,52.29,0
697,7,86.67,98.51,87.96,33.95,14.28,50.78,0
697,8,87.73,98.46,83.40,34.09,14.59,51.49,0
697,9,88.90,98.18,88.16,34.60,14.25,49.22,0
697,10,86.72,98.51,83.51,34.18,14.10,51.52,0
697,11,85.77,98.42,86.03,33.88,14.02,52.32,0
697,12,86.74,98.15,84.23,34.20,14.69,52.25,0
697,13,84.74,98.79,84.35,33.53,14.65,51.57,0
697,14,85.83,98.17,82.15,34.58,14.79,50.75,0
697,15,86.01,98.17,81.95,33.42,14.47,52.19,0
697,16,87.10,98.67,82.58,33.39,13.67,48.87,0
697,17,87.94,98.25,82.82,33.54,14.61,51.25,0
697,18,85.95,98.41,83.58,33.24,14.27,50.90,0
697,19,87.76,98.29,86.51,34.13,13.67,49.55,0
698,0,83.51,97.88,80.79,38.88,10.66,60.58,0
698,1,81.97,98.26,80.30,37.89,11.26,59.86,0
698,2,83.06,97.81,80.82,38.05,11.16,58.70,0
698,3,83.97,98.05,81.30,38.11,11.02,58.36,0
698,4,83.28,98.14,83.94,38.22,11.06,59.95,0
698,5,85.29,97.87,84.47,37.89,10.95,58.62,0
698,6,85.51,98.09,79.33,37.80,11.15,60.39,0
698,7,83.41,97.57,78.86,39.04,11.50,61.28,0
698,8,82.74,97.75,83.78,38.95,11.05,59.81,0
698,9,83.24,97.62,83.76,37.87,11.19,59.05,0
698,10,84.87,98.02,80.12,38.82,11.20,58.41,0
698,11,83.57,98.32,83.07,37.58,11.21,60.98,0
698,12,81.58,97.70,77.61,38.79,10.63,59.12,0
698,13,81.32,97.85,82.47,39.20,10.83,58.37,0
698,14,83.43,98.28,82.59,38.10,11.61,58.64,0
698,15,81.98,97.97,77.57,38.79,10.99,61.32,0
698,16,82.11,98.00,79.76,39.00,10.85,60.97,0
698,17,85.06,97.60,81.20,37.43,11.33,58.56,0
698,18,83.33,98.07,83.37,38.44,10.71,58.31,0
698,19,83.51,98.29,79.60,37.69,10.64,60.16,0
699,0,71.98,98.03,94.74,33.48,15.19,49.14,0
699,1,69.42,97.97,98.08,32.81,14.71,50.45,0
699,2,70.22,98.48,97.98,32.93,14.41,50.95,0
699,3,70.90,98.65,94.36,33.36,14.82,48.47,0
699,4,71.42,98.56,96.23,32.55,15.03,49.37,0
699,5,70.45,98.41,94.63,32.94,14.61,49.58,0
699,6,70.30,98.28,96.46,34.19,14.18,49.81,0
699,7,73.18,98.01,96.43,33.40,14.57,50.52,0
699,8,78.33,96.55,88.52,32.65,14.89,57.59,0
699,9,79.46,95.68,85.95,33.10,14.15,56.81,0
699,10,83.46,95.73,81.14,33.67,14.04,61.97,1
699,11,79.61,96.19,83.79,33.46,14.14,59.59,0
699,12,76.64,96.29,90.03,34.07,14.68,56.31,0
699,13,69.94,98.69,93.27,34.31,14.99,48.33,0
699,14,71.91,97.99,96.46,33.24,14.21,48.79,0
699,15,71.70,98.60,93.27,33.26,14.28,48.58,0
699,16,69.07,98.18,91.89,33.71,14.29,50.06,0
699,17,70.04,98.53,95.63,33.34,14.07,49.15,0
699,18,69.05,98.16,96.36,34.21,15.11,48.67,0
699,19,72.28,98.52,93.25,32.68,14.84,51.81,0
700,0,86.63,97.15,91.26,34.04,13.24,56.52,0
700,1,88.84,97.30,91.06,33.66,13.14,55.30,0
700,2,86.31,97.12,89.91,35.28,13.17,57.32,0
700,3,90.06,96.78,91.70,34.50,13.78,53.63,0
700,4,88.94,96.76,91.67,34.24,13.50,54.93,0
700,5,86.94,96.97,93.91,34.28,12.70,55.20,0
700,6,89.03,97.05,90.90,33.75,13.17,53.40,0
700,7,86.99,96.75,92.67,33.92,13.74,55.33,0
700,8,88.24,97.39,91.49,34.82,13.06,54.77,0
700,9,86.10,97.25,91.94,34.65,13.40,54.61,0
700,10,94.45,94.94,82.22,33.85,13.78,63.21,0
700,11,97.50,94.68,81.61,35.25,12.91,64.92,0
700,12,99.27,94.30,79.54,34.69,13.01,66.45,1
700,13,96.16,94.49,79.34,33.68,13.62,64.35,0
700,14,96.05,95.03,81.29,34.70,13.01,60.33,0
700,15,87.89,96.73,92.22,33.80,13.70,53.44,0
700,16,88.51,96.67,88.20,35.14,13.41,54.20,0
700,17,88.87,97.20,91.50,34.96,12.76,55.29,0
700,18,87.79,97.05,90.27,35.43,12.95,53.99,0
700,19,85.93,96.78,91.17,34.33,13.09,55.08,0
701,0,91.54,98.18,86.05,33.95,10.19,62.00,0
701,1,92.15,98.06,82.11,32.86,10.01,59.82,0
701,2,90.70,97.73,85.72,34.54,10.82,62.78,0
701,3,93.74,98.10,86.75,32.70,10.73,61.47,0
701,4,92.55,97.95,87.08,34.41,10.66,63.03,0
701,5,92.96,97.88,86.32,34.00,10.68,61.80,0
701,6,93.93,98.06,83.87,33.33,10.77,61.09,0
701,7,90.46,97.42,85.29,33.31,10.20,59.84,0
701,8,91.25,97.40,85.78,33.72,10.25,60.57,0
701,9,90.88,97.69,83.50,33.20,10.15,61.91,0
701,10,92.75,97.88,82.67,33.02,10.57,61.64,0
701,11,90.85,97.70,85.85,32.77,10.07,63.49,0
701,12,91.19,97.75,82.00,33.40,9.96,62.34,0
701,13,92.69,97.49,83.57,34.10,10.69,62.22,0
701,14,89.74,97.41,82.79,33.48,10.47,60.83,0
701,15,89.88,97.82,84.62,34.01,10.63,60.20,0
701,16,89.67,98.03,83.85,32.68,9.92,63.20,0
701,17,90.31,97.53,86.40,33.98,10.00,63.13,0
701,18,89.73,98.06,83.36,33.88,10.40,60.06,0
701,19,90.18,97.40,87.37,33.75,9.96,61.91,0
702,0,91.46,97.66,94.42,36.08,11.40,59.01,0
702,1,88.83,98.09,96.10,36.53,12.09,57.50,0
702,2,92.37,98.01,95.69,36.87,12.33,57.81,0
702,3,89.29,98.06,97.19,36.77,11.39,57.74,0
702,4,91.91,98.38,98.96,35.78,12.34,58.51,0
702,5,90.06,97.84,95.91,36.18,11.21,59.50,0
702,6,91.01,97.69,96.39,36.69,12.36,57.55,0
702,7,90.65,98.01,98.38,36.71,11.92,58.17,0
702,8,90.46,97.84,96.52,36.24,11.77,58.56,0
702,9,88.80,97.82,98.24,37.08,11.80,56.43,0
702,10,99.73,95.63,90.43,37.16,11.43,63.41,0
702,11,98.03,95.63,86.22,36.46,11.33,66.98,0
702,12,99.76,95.08,83.66,35.87,11.33,68.26,1
702,13,100.13,95.28,85.06,36.12,11.93,66.28,0
702,14,95.95,96.39,90.77,36.90,11.39,64.60,0
702,15,87.65,98.26,95.50,36.15,11.94,59.37,0
702,16,90.85,98.18,93.85,36.37,11.79,59.39,0
702,17,88.29,97.67,93.25,37.04,11.53,59.16,0
702,18,88.50,97.62,93.37,36.05,11.28,56.76,0
702,19,91.61,98.16,95.22,37.53,11.96,56.48,0
703,0,80.45,98.36,93.50,34.75,11.71,46.59,0
703,1,78.77,98.16,92.27,34.36,11.89,47.13,0
703,2,79.55,98.14,95.62,35.16,11.42,47.53,0
703,3,81.37,98.18,92.10,34.99,12.35,47.24,0
703,4,81.60,97.64,90.85,35.65,11.30,46.94,0
703,5,79.84,98.14,95.60,35.10,11.82,48.80,0
703,6,80.08,98.15,94.86,35.88,12.15,47.42,0
703,7,79.76,98.04,95.43,35.08,11.47,47.22,0
703,8,80.61,98.32,92.05,34.41,11.86,47.36,0
703,9,81.26,97.88,89.99,34.38,11.74,46.40,0
703,10,78.36,98.03,93.43,36.03,12.04,48.47,0
703,11,79.50,98.36,90.50,36.14,12.43,46.87,0
703,12,80.14,98.37,94.92,35.60,12.38,46.51,0
703,13,79.24,97.91,94.16,35.25,11.25,45.64,0
703,14,76.99,97.83,89.94,34.75,11.85,45.57,0
703,15,80.09,97.90,90.58,35.01,11.91,45.92,0
703,16,80.36,98.01,94.39,34.22,12.22,46.02,0
703,17,78.13,98.18,94.73,35.96,11.56,47.23,0
703,18,79.43,97.77,91.90,35.53,11.77,45.13,0
703,19,79.14,98.19,92.91,35.20,12.22,46.57,0
704,0,77.41,97.84,81.55,34.23,13.48,44.92,0
704,1,78.48,97.98,81.04,33.09,13.30,43.95,0
704,2,77.04,97.53,81.29,34.06,13.31,45.92,0
704,3,77.14,98.27,79.24,34.59,13.95,45.77,0
704,4,78.05,98.07,80.86,33.38,13.54,46.23,0
704,5,77.37,98.01,79.67,34.12,13.98,43.56,0
704,6,79.62,97.85,83.58,33.11,13.94,44.76,0
704,7,79.44,97.92,79.08,33.26,13.69,44.44,0
704,8,76.06,98.01,78.29,33.42,14.07,45.68,0
704,9,79.29,97.86,80.66,32.86,13.45,45.95,0
704,10,79.20,97.71,77.49,34.38,12.98,45.65,0
704,11,78.79,97.88,77.69,33.72,14.07,46.46,0
704,12,77.90,98.27,77.16,34.37,13.19,44.25,0
704,13,76.51,97.57,76.80,33.04,13.42,46.45,0
704,14,77.30,98.17,80.44,34.01,14.02,44.64,0
704,15,76.91,98.05,76.37,33.20,13.36,45.29,0
704,16,76.16,98.24,79.38,33.90,13.50,43.62,0
704,17,75.73,97.87,80.77,33.31,13.80,46.92,0
704,18,77.43,97.51,78.29,33.29,13.84,44.36,0
704,19,78.12,98.07,82.29,33.22,13.29,43.79,0
705,0,73.83,98.32,95.00,33.41,11.03,58.91,0
705,1,75.43,98.33,97.55,32.39,11.81,56.31,0
705,2,73.70,97.93,96.54,32.63,11.75,56.32,0
705,3,73.49,98.58,96.46,33.61,11.45,58.48,0
705,4,76.87,98.34,94.30,33.69,11.02,57.97,0
705,5,74.17,98.15,95.22,33.32,11.03,57.13,0
705,6,76.43,98.15,92.22,33.38,11.87,58.52,0
705,7,75.18,98.32,97.91,32.61,11.92,55.97,0
705,8,73.03,98.60,96.21,33.66,11.76,56.89,0
705,9,72.49,98.40,91.71,34.14,11.43,58.26,0
705,10,73.59,97.84,93.66,33.16,11.64,57.81,0
705,11,74.14,98.39,96.31,33.17,11.08,57.64,0
705,12,71.90,98.29,90.83,32.38,10.80,59.74,0
705,13,74.03,98.45,94.64,32.91,11.43,56.90,0
705,14,74.45,98.29,93.93,32.75,11.30,57.97,0
705,15,72.48,98.56,95.59,33.08,10.92,59.60,0
705,16,72.50,97.93,96.00,33.26,11.42,56.96,0
705,17,72.21,98.35,95.07,32.84,11.46,56.94,0
705,18,72.88,98.60,95.20,32.38,11.07,59.04,0
705,19,75.89,97.86,94.06,32.54,11.54,56.54,0
706,0,78.32,97.44,82.79,34.75,12.67,52.59,0
706,1,76.50,97.26,84.94,33.51,12.69,54.50,0
706,2,78.04,97.88,84.55,33.13,12.17,55.63,0
706,3,77.14,97.61,83.21,34.10,11.70,54.20,0
706,4,76.84,97.47,87.37,34.28,11.86,52.34,0
706,5,79.51,97.48,85.07,34.49,12.71,55.57,0
706,6,77.02,97.23,87.61,35.08,11.75,54.53,0
706,7,78.35,97.78,85.98,34.28,11.82,52.96,0
706,8,78.54,97.36,87.19,34.15,12.75,55.10,0
706,9,78.05,97.23,84.42,34.29,12.43,53.98,0
706,10,76.98,97.54,88.05,33.85,12.09,54.00,0
706,11,76.19,97.72,82.15,34.03,12.59,53.52,0
706,12,75.38,97.27,84.74,34.04,12.73,53.17,0
706,13,78.80,97.51,83.19,34.18,12.72,55.85,0
706,14,75.93,97.29,84.56,34.33,11.72,55.32,0
706,15,76.88,97.55,84.31,33.76,12.31,54.54,0
706,16,77.35,97.22,84.30,33.26,11.99,53.92,0
706,17,75.73,97.23,84.79,33.97,12.09,55.25,0
706,18,76.26,97.18,83.39,33.31,12.31,52.98,0
706,19,76.34,97.76,86.05,33.27,11.69,52.95,0
707,0,84.88,98.43,85.97,39.48,11.97,60.38,0
707,1,85.70,98.08,85.76,38.52,11.95,58.86,0
707,2,85.70,98.60,85.42,38.53,11.03,59.42,0
707,3,84.12,98.71,82.72,38.05,11.94,61.05,0
707,4,84.66,98.00,82.74,38.01,11.88,60.21,0
707,5,86.11,98.11,82.52,38.87,11.82,57.75,0
707,6,83.69,98.13,83.67,38.34,11.87,57.23,0
707,7,83.68,98.30,86.03,39.07,11.32,58.63,0
707,8,82.91,98.12,84.74,39.17,11.68,58.43,0
707,9,84.29,98.42,85.61,39.67,11.45,60.08,0
707,10,83.81,98.55,83.05,37.93,11.65,59.42,0
707,11,82.20,98.16,80.92,38.97,11.16,60.28,0
707,12,81.75,98.02,81.31,38.27,12.03,58.49,0
707,13,81.56,98.61,84.59,39.54,12.17,59.15,0
707,14,81.39,98.06,83.61,39.56,12.20,57.47,0
707,15,82.21,98.19,84.90,39.14,11.95,61.00,0
707,16,83.33,98.11,85.29,38.31,11.59,61.12,0
707,17,82.18,98.38,80.60,39.52,11.72,59.03,0
707,18,81.82,98.19,84.75,38.79,12.04,59.27,0
707,19,85.46,98.44,85.24,39.70,11.03,58.69,0
708,0,75.80,97.44,78.63,35.47,14.98,59.38,0
708,1,77.68,97.47,82.14,35.42,14.72,59.29,0
708,2,75.37,97.63,78.58,35.73,15.04,59.00,0
708,3,77.81,97.54,79.66,35.63,14.40,58.39,0
708,4,77.11,97.34,80.90,34.82,14.47,60.55,0
708,5,75.35,97.35,79.44,34.02,14.43,58.31,0
708,6,77.83,97.64,78.38,34.27,14.26,58.37,0
708,7,74.89,97.92,79.76,35.22,15.21,61.01,0
708,8,77.16,97.51,80.88,35.59,14.92,59.17,0
708,9,76.33,97.67,78.01,34.32,14.44,59.44,0
708,10,77.33,97.51,77.69,34.32,14.94,58.52,0
708,11,73.98,97.32,78.82,34.18,14.37,58.15,0
708,12,74.14,97.68,78.84,34.45,15.14,58.67,0
708,13,76.38,97.93,78.42,35.51,15.11,60.92,0
708,14,73.60,97.43,79.88,35.93,14.81,59.99,0
708,15,77.13,97.65,78.47,35.47,14.57,60.20,0
708,16,77.35,97.89,78.15,34.44,14.88,60.32,0
708,17,75.25,97.65,78.17,35.07,14.98,61.60,0
708,18,77.50,97.42,81.72,35.94,14.71,58.71,0
708,19,74.22,97.25,80.97,34.79,14.33,58.87,0
709,0,72.04,98.28,97.14,33.30,13.56,57.21,0
709,1,72.73,98.34,96.93,33.50,12.70,55.57,0
709,2,72.99,98.57,96.77,32.92,12.72,56.43,0
709,3,74.93,98.16,93.84,34.23,12.75,57.32,0
709,4,73.42,98.66,93.26,34.17,13.04,57.36,0
709,5,73.29,98.38,97.61,34.50,12.75,56.11,0
709,6,71.30,98.06,98.78,32.96,13.56,56.94,0
709,7,71.92,98.61,95.92,34.63,13.16,55.97,0
709,8,74.04,98.05,95.68,33.13,12.70,54.98,0
709,9,72.45,98.59,93.10,34.66,13.31,53.88,0
709,10,73.45,98.70,97.81,34.48,13.48,56.45,0
709,11,72.68,98.57,94.68,32.97,13.71,54.11,0
709,12,72.52,98.74,93.45,33.53,13.06,55.45,0
709,13,71.07,98.55,93.00,33.78,13.52,55.22,0
709,14,71.08,98.32,93.13,33.72,12.93,55.58,0
709,15,71.40,98.13,93.73,34.68,12.83,53.69,0
709,16,73.03,98.35,97.12,34.50,12.78,57.03,0
709,17,70.17,98.62,91.96,33.66,13.07,54.64,0
709,18,70.11,98.13,93.48,34.21,13.18,57.64,0
709,19,73.48,98.28,92.26,33.98,13.05,55.34,0
710,0,76.29,97.84,77.30,36.75,14.56,56.24,0
710,1,75.61,97.68,78.24,36.54,14.62,55.56,0
710,2,77.59,98.06,76.24,36.62,14.75,55.07,0
710,3,76.96,97.79,78.48,36.03,15.63,58.17,0
710,4,75.03,98.10,79.31,36.62,15.70,56.15,0
710,5,74.27,97.43,77.38,37.14,15.35,56.60,0
710,6,76.70,97.82,77.51,36.12,14.54,56.41,0
710,7,75.20,98.06,81.59,36.23,15.10,56.22,0
710,8,74.92,97.95,76.74,37.33,15.55,55.29,0
710,9,74.58,97.80,79.86,36.38,14.83,54.46,0
710,10,76.99,97.38,78.02,37.62,14.94,58.00,0
710,11,73.36,97.52,76.33,36.65,15.44,56.49,0
710,12,76.54,97.77,78.18,37.43,15.49,58.22,0
710,13,72.68,98.12,77.60,35.77,14.66,55.01,0
710,14,73.69,97.52,76.27,37.59,15.01,54.59,0
710,15,75.92,97.60,76.81,36.07,14.78,58.01,0
710,16,72.91,97.63,78.18,37.71,14.66,55.15,0
710,17,73.87,98.01,75.07,36.92,15.51,55.40,0
710,18,75.80,97.68,79.95,37.18,14.86,55.28,0
710,19,75.54,98.08,81.16,36.26,15.28,54.62,0
711,0,75.56,98.57,81.43,37.18,12.36,45.66,0
711,1,72.82,98.99,79.54,37.13,12.17,44.65,0
711,2,75.69,98.63,84.12,36.10,13.01,45.13,0
711,3,73.55,98.35,78.99,36.85,12.19,47.92,0
711,4,76.36,98.90,81.33,36.29,12.97,45.50,0
711,5,73.69,98.50,82.18,36.43,11.89,47.77,0
711,6,73.37,98.83,80.73,36.24,12.14,45.50,0
711,7,74.13,98.45,82.45,35.83,12.97,46.67,0
711,8,75.41,99.06,83.41,37.32,12.43,45.33,0
711,9,72.83,98.45,78.25,36.90,13.02,46.59,0
711,10,75.98,98.87,83.27,37.39,12.60,43.98,0
711,11,74.17,98.54,79.67,35.70,12.06,45.09,0
711,12,75.37,98.95,82.12,37.07,12.23,44.25,0
711,13,72.77,98.86,81.97,37.23,12.65,47.82,0
711,14,73.52,98.53,81.62,36.17,12.23,47.29,0
711,15,75.09,98.65,81.18,37.08,12.29,46.01,0
711,16,73.41,98.63,80.56,37.02,12.51,46.41,0
711,17,73.01,98.80,82.02,36.85,12.99,46.54,0
711,18,74.14,98.59,82.82,35.63,12.27,44.98,0
711,19,75.66,98.41,78.13,37.61,12.33,45.24,0
712,0,69.97,97.99,79.92,38.08,13.42,46.02,0
712,1,69.04,97.91,81.55,36.36,13.04,47.16,0
712,2,70.03,97.84,83.28,38.18,13.97,47.13,0
712,3,69.17,98.09,84.29,36.74,13.37,45.38,0
712,4,69.03,97.94,81.82,36.83,13.57,46.50,0
712,5,70.81,97.79,79.19,37.82,13.05,44.33,0
712,6,69.17,97.73,82.02,37.80,12.94,46.01,0
712,7,71.19,97.76,83.70,37.32,13.99,43.91,0
712,8,78.54,95.79,76.28,36.88,13.58,50.10,0
712,9,79.31,95.43,74.59,38.02,13.85,52.49,0
712,10,80.43,95.46,69.74,37.92,13.49,53.98,1
712,11,81.10,95.71,74.61,37.50,13.85,55.35,0
712,12,76.92,96.01,73.79,36.94,13.54,51.22,0
712,13,69.81,98.16,79.30,37.13,13.72,45.76,0
712,14,67.68,97.88,80.14,38.15,13.42,47.28,0
712,15,68.51,97.92,78.43,36.92,13.58,44.31,0
712,16,71.35,98.39,80.56,37.79,13.62,45.03,0
712,17,68.03,98.47,79.09,37.70,13.95,44.66,0
712,18,70.87,98.50,82.01,37.28,13.12,44.83,0
712,19,71.76,98.30,79.28,36.49,13.69,45.01,0
713,0,88.79,97.45,77.34,34.43,13.95,58.82,0
713,1,92.35,97.57,82.17,34.38,14.02,56.46,0
713,2,90.69,97.07,77.85,34.10,13.67,56.20,0
713,3,92.49,96.86,82.04,34.56,14.13,59.22,0
713,4,92.92,96.96,77.88,33.98,13.91,56.13,0
713,5,89.53,97.36,80.67,35.62,14.10,57.32,0
713,6,91.50,97.36,82.42,34.94,13.48,56.88,0
713,7,92.93,97.18,78.95,35.33,13.41,55.55,0
713,8,90.64,97.47,80.19,35.40,13.63,57.67,0
713,9,92.25,97.38,81.28,34.17,13.58,57.75,0
713,10,91.37,97.47,77.06,35.24,13.37,55.93,0
713,11,90.91,97.24,78.13,35.13,13.79,58.78,0
713,12,89.23,97.04,79.42,34.69,13.59,57.21,0
713,13,90.33,96.94,80.37,33.93,13.87,59.02,0
713,14,90.21,97.03,76.27,33.79,13.09,56.10,0
713,15,90.54,97.13,76.52,34.36,14.07,57.58,0
713,16,88.85,97.02,76.38,34.16,13.16,58.53,0
713,17,90.83,97.45,76.62,35.22,13.65,56.27,0
713,18,92.19,97.20,77.15,34.45,13.74,56.56,0
713,19,91.81,97.38,76.74,34.23,13.20,55.40,0
714,0,79.22,97.01,96.33,34.09,13.98,42.11,0
714,1,78.05,96.97,97.63,35.47,14.51,43.92,0
714,2,81.10,97.68,95.77,34.80,13.58,41.76,0
714,3,81.47,97.65,98.62,33.98,14.15,40.40,0
714,4,78.82,97.05,96.82,34.45,14.02,42.40,0
714,5,81.50,97.67,95.97,34.56,14.62,44.00,0
714,6,79.28,97.73,101.67,33.90,13.94,43.57,0
714,7,79.32,97.09,98.20,34.09,13.95,40.89,0
714,8,80.57,97.63,96.34,34.91,14.16,43.73,0
714,9,79.93,97.11,98.49,34.05,13.76,41.36,0
714,10,86.56,95.44,92.58,35.40,13.79,50.00,0
714,11,90.70,94.65,85.66,33.90,14.04,48.62,0
714,12,90.49,94.46,85.65,35.01,14.69,51.75,1
714,13,89.21,95.13,89.94,33.71,14.53,50.55,0
714,14,86.24,95.03,90.52,34.00,14.71,49.19,0
714,15,78.28,97.75,98.94,35.11,14.65,43.28,0
714,16,77.73,97.25,100.11,34.68,14.04,40.73,0
714,17,77.68,97.34,97.18,33.82,13.94,43.92,0
714,18,78.63,97.62,96.22,34.06,14.36,41.73,0
714,19,79.58,97.12,99.73,33.77,14.25,40.80,0
715,0,84.50,97.73,86.33,37.99,12.58,46.78,0
715,1,82.47,97.50,85.86,38.81,12.28,45.66,0
715,2,83.51,97.78,84.94,38.75,12.05,47.10,0
715,3,83.23,97.41,84.80,37.52,12.74,49.03,0
715,4,83.23,97.79,87.34,36.98,12.79,48.51,0
715,5,86.09,97.68,82.36,38.61,12.75,45.96,0
715,6,84.70,97.38,86.09,38.63,12.67,48.88,0
715,7,85.72,97.35,84.66,38.90,12.30,46.59,0
715,8,86.50,97.74,82.56,38.64,12.74,45.70,0
715,9,85.48,97.38,81.49,38.70,12.44,48.47,0
715,10,84.02,97.94,85.28,38.71,12.08,48.02,0
715,11,81.99,97.45,81.28,37.60,12.44,48.74,0
715,12,84.68,97.35,84.72,38.03,12.55,47.18,0
715,13,83.33,97.22,83.23,37.99,11.93,45.42,0
715,14,84.01,97.89,86.18,38.77,11.93,47.05,0
715,15,82.04,97.61,85.50,38.65,12.31,47.99,0
715,16,82.38,97.84,81.17,38.45,13.00,49.22,0
715,17,82.78,97.68,82.49,37.46,11.98,47.19,0
715,18,83.69,97.35,85.54,37.97,12.38,46.83,0
715,19,83.63,97.93,87.06,38.20,12.16,46.27,0
716,0,74.52,97.96,93.15,33.75,15.63,42.51,0
716,1,73.98,97.37,90.20,33.61,15.25,44.00,0
716,2,72.92,97.92,90.49,34.05,15.74,43.75,0
716,3,74.09,97.37,90.50,34.10,15.25,43.85,0
716,4,73.95,97.74,93.00,33.11,15.75,43.55,0
716,5,74.30,97.63,90.23,33.53,14.99,43.27,0
716,6,73.42,97.98,88.13,33.33,15.62,41.88,0
716,7,75.08,97.81,91.13,34.82,15.80,42.55,0
716,8,72.39,97.77,90.77,34.88,15.43,43.90,0
716,9,73.44,97.57,90.35,33.58,15.70,41.28,0
716,10,72.98,97.81,89.13,34.66,15.51,44.58,0
716,11,72.08,97.38,90.84,34.82,14.82,44.49,0
716,12,72.98,97.66,89.35,33.46,15.50,43.69,0
716,13,70.84,97.81,91.11,33.92,15.66,41.57,0
716,14,70.58,97.86,92.03,34.32,15.52,43.99,0
716,15,70.44,97.42,87.34,34.95,15.46,40.95,0
716,16,73.81,97.35,87.11,34.35,15.35,43.65,0
716,17,73.36,97.59,90.45,34.35,15.05,41.05,0
716,18,71.80,97.59,91.82,34.69,14.87,41.15,0
716,19,72.19,97.37,93.05,33.43,15.58,44.33,0
717,0,88.17,98.45,95.70,37.31,14.93,57.33,0
717,1,87.63,97.88,93.81,38.10,14.72,57.12,0
717,2,87.66,98.12,98.91,37.39,14.58,58.78,0
717,3,86.99,97.80,94.22,37.96,14.85,55.10,0
717,4,88.86,98.05,95.22,38.03,15.17,55.47,0
717,5,89.35,98.19,98.55,38.51,14.92,55.26,0
717,6,89.31,97.79,95.65,37.13,14.98,58.22,0
717,7,86.71,98.06,97.48,37.98,14.55,56.19,0
717,8,85.90,98.05,95.50,38.60,14.96,57.67,0
717,9,87.95,97.79,96.29,37.53,15.03,55.05,0
717,10,86.52,98.40,96.13,38.63,15.36,57.66,0
717,11,87.85,98.17,92.92,38.35,14.93,55.17,0
717,12,87.19,97.75,96.05,37.25,14.80,58.76,0
717,13,86.05,97.77,93.94,38.56,15.03,55.87,0
717,14,87.54,98.41,92.94,36.92,14.62,56.33,0
717,15,86.68,98.05,95.59,37.29,15.34,57.48,0
717,16,85.68,97.92,96.04,38.65,15.38,57.21,0
717,17,85.82,97.91,98.35,37.30,14.69,56.65,0
717,18,85.32,98.01,97.27,37.85,14.35,56.83,0
717,19,88.26,98.05,94.99,37.34,14.54,58.69,0
718,0,84.07,97.53,94.71,35.45,9.77,51.57,0
718,1,84.62,97.52,93.40,34.79,10.01,51.27,0
718,2,85.09,97.82,93.52,33.52,10.66,52.61,0
718,3,87.28,97.69,90.06,34.55,10.11,51.45,0
718,4,87.29,97.43,93.70,34.28,9.90,51.01,0
718,5,85.70,97.35,95.24,35.05,10.76,50.95,0
718,6,83.82,97.67,93.53,33.92,10.33,51.17,0
718,7,83.40,97.98,89.65,33.56,10.46,51.49,0
718,8,86.51,97.85,92.46,33.67,9.96,52.57,0
718,9,84.45,98.00,94.19,34.78,9.66,54.09,0
718,10,85.18,97.37,88.94,34.48,9.74,51.26,0
718,11,83.62,97.91,92.69,34.48,10.73,51.86,0
718,12,85.85,97.96,93.59,35.15,10.22,52.48,0
718,13,83.04,98.09,90.90,34.17,10.27,52.38,0
718,14,84.53,97.72,92.76,34.14,10.07,50.51,0
718,15,83.17,97.71,90.64,34.83,10.29,52.25,0
718,16,82.84,97.78,92.66,35.00,10.47,53.97,0
718,17,84.68,97.64,93.00,33.71,9.81,52.04,0
718,18,85.27,97.81,90.88,34.06,10.08,50.40,0
718,19,84.75,97.61,92.16,34.45,10.63,52.52,0
719,0,69.86,97.54,89.40,34.17,13.00,43.49,0
719,1,71.11,97.56,90.54,34.36,12.05,43.28,0
719,2,71.46,97.63,89.59,34.16,12.80,42.99,0
719,3,69.56,97.44,90.07,33.24,12.13,44.05,0
719,4,72.43,97.94,88.90,33.47,12.68,42.42,0
719,5,69.57,97.53,90.08,33.16,12.90,40.96,0
719,6,70.86,98.14,90.67,33.83,12.88,43.26,0
719,7,69.34,97.85,90.30,34.33,12.20,41.01,0
719,8,69.81,97.69,91.36,34.74,12.04,41.28,0
719,9,71.38,97.46,87.74,33.70,12.94,40.79,0
719,10,71.33,97.57,90.82,34.81,12.73,43.66,0
719,11,70.09,97.72,90.02,33.15,12.19,43.11,0
719,12,69.16,97.83,88.53,34.10,12.06,42.31,0
719,13,70.23,97.39,89.51,34.80,11.99,40.98,0
719,14,71.69,97.44,87.18,33.05,12.45,42.84,0
719,15,68.51,98.13,87.25,33.52,12.79,42.21,0
719,16,68.69,97.41,92.32,34.00,12.19,43.21,0
719,17,71.00,97.42,87.92,34.70,12.65,42.09,0
719,18,72.36,97.40,87.16,33.98,12.87,43.34,0
719,19,71.39,97.96,88.59,33.76,13.08,42.33,0
720,0,80.86,97.32,96.69,38.49,10.96,54.80,0
720,1,77.36,97.28,96.56,38.14,12.08,52.52,0
720,2,77.70,97.03,96.21,37.82,11.37,55.05,0
720,3,80.12,96.77,94.54,38.91,12.07,53.64,0
720,4,80.72,96.71,95.11,39.20,11.91,55.48,0
720,5,81.09,96.74,98.36,38.19,11.68,54.89,0
720,6,78.37,97.16,98.61,39.51,11.82,56.35,0
720,7,81.24,97.06,93.98,38.44,12.00,52.62,0
720,8,77.81,96.89,96.08,38.05,11.29,52.68,0
720,9,78.21,96.92,97.53,38.65,11.69,56.09,0
720,10,77.54,96.85,97.76,39.60,11.37,55.72,0
720,11,76.86,97.28,96.75,37.70,11.98,55.27,0
720,12,78.97,97.20,93.93,38.35,11.72,54.07,0
720,13,76.41,96.93,92.48,38.38,11.66,54.40,0
720,14,76.65,97.15,96.16,39.42,12.06,53.46,0
720,15,78.96,97.18,91.31,37.82,11.78,54.28,0
720,16,80.21,97.40,92.29,38.51,11.26,52.73,0
720,17,77.16,96.72,94.15,39.51,11.54,54.78,0
720,18,79.21,97.39,95.92,38.68,11.42,53.47,0
720,19,79.76,97.30,95.95,38.68,11.91,55.30,0
721,0,75.18,99.13,92.99,34.52,11.37,54.77,0
721,1,75.62,98.41,88.27,34.16,11.14,53.98,0
721,2,74.15,98.45,89.17,34.30,11.73,56.02,0
721,3,74.28,98.55,92.42,34.56,11.59,57.00,0
721,4,75.52,98.45,90.64,34.68,10.63,54.63,0
721,5,75.87,98.99,89.53,34.28,11.64,56.15,0
721,6,76.18,98.83,87.94,34.33,11.48,54.47,0
721,7,75.64,98.88,88.76,34.72,11.27,56.10,0
721,8,76.12,99.12,92.81,33.92,10.66,57.45,0
721,9,76.62,98.52,88.06,34.15,11.57,55.97,0
721,10,75.84,98.51,87.16,35.67,11.26,56.49,0
721,11,75.56,99.13,88.12,35.13,11.22,55.29,0
721,12,74.40,99.10,89.54,35.00,11.50,54.56,0
721,13,74.60,98.36,89.70,35.55,11.36,54.15,0
721,14,73.33,98.75,90.74,34.50,10.90,56.54,0
721,15,73.88,98.74,90.96,34.74,11.08,56.04,0
721,16,72.74,98.85,87.03,34.80,11.33,56.26,0
721,17,73.76,98.40,89.18,34.82,11.13,54.36,0
721,18,74.26,98.61,89.57,35.68,11.17,57.06,0
721,19,72.84,99.08,90.42,35.68,11.24,54.09,0
722,0,78.40,98.39,91.20,34.01,9.99,52.89,0
722,1,78.88,98.29,91.43,34.14,10.52,55.17,0
722,2,81.87,98.00,89.62,34.96,10.95,53.46,0
722,3,80.83,98.77,91.92,34.04,10.42,52.57,0
722,4,79.68,98.03,86.44,34.21,10.05,56.14,0
722,5,82.12,98.70,88.47,34.88,10.28,54.99,0
722,6,80.73,98.71,88.04,34.76,10.25,54.18,0
722,7,78.92,98.33,91.83,33.62,10.70,52.64,0
722,8,79.86,98.42,90.41,33.68,10.59,52.79,0
722,9,80.87,98.50,91.70,34.92,10.06,52.82,0
722,10,78.30,98.47,86.57,35.12,10.62,55.21,0
722,11,78.99,98.75,89.01,35.01,10.31,52.64,0
722,12,81.31,98.56,88.67,34.13,10.25,52.75,0
722,13,77.66,98.77,86.75,35.04,10.01,55.08,0
722,14,77.98,98.42,86.32,33.64,10.03,55.44,0
722,15,79.84,98.47,89.02,33.50,10.65,55.48,0
722,16,78.39,98.05,89.53,33.61,10.88,55.57,0
722,17,79.24,98.33,85.92,34.50,10.17,56.16,0
722,18,79.72,98.13,87.06,34.96,10.76,53.37,0
722,19,81.20,98.11,88.35,34.17,10.77,52.93,0
723,0,73.20,98.16,97.63,34.24,14.61,48.51,0
723,1,73.72,98.22,95.97,34.82,15.16,49.36,0
723,2,72.57,98.35,94.95,35.30,14.28,49.12,0
723,3,73.65,98.80,95.98,34.55,14.93,48.48,0
723,4,73.75,98.38,97.12,35.35,15.24,47.25,0
723,5,73.01,98.26,95.22,34.40,14.89,50.88,0
723,6,73.31,98.91,99.23,34.94,15.40,47.82,0
723,7,71.66,98.65,97.37,35.73,14.62,50.72,0
723,8,70.92,98.41,97.56,34.56,14.94,47.24,0
723,9,73.76,98.47,95.49,34.82,14.88,51.21,0
723,10,72.64,98.20,94.06,34.79,15.46,49.63,0
723,11,70.53,98.30,96.60,34.56,14.43,47.44,0
723,12,71.37,98.27,97.16,34.37,14.43,50.89,0
723,13,71.72,98.75,97.77,35.27,15.07,49.15,0
723,14,70.17,98.27,95.23,34.37,14.78,47.67,0
723,15,71.05,98.24,94.43,35.74,15.35,50.73,0
723,16,72.88,98.75,95.75,33.96,15.19,47.63,0
723,17,70.10,98.73,93.23,35.20,15.37,48.86,0
723,18,70.35,98.63,93.92,34.86,15.38,50.24,0
723,19,70.09,98.90,94.99,35.34,14.62,50.59,0
724,0,85.94,98.65,96.73,32.94,13.41,51.87,0
724,1,89.18,98.57,98.15,34.03,13.43,51.90,0
724,2,86.36,97.99,95.66,33.81,14.10,53.42,0
724,3,86.36,98.41,100.74,34.10,13.65,50.18,0
724,4,87.57,98.50,95.38,33.84,13.48,51.86,0
724,5,88.84,97.99,95.57,33.01,13.28,50.43,0
724,6,86.33,98.56,96.51,33.00,14.00,50.30,0
724,7,86.76,98.23,97.71,33.70,13.82,53.28,0
724,8,88.31,98.62,99.20,32.29,14.09,53.56,0
724,9,87.08,98.08,97.33,32.86,14.19,51.76,0
724,10,94.50,95.98,91.35,32.41,13.27,56.37,0
724,11,96.18,96.00,84.76,32.21,13.88,61.73,0
724,12,98.83,95.47,87.06,33.91,13.88,59.89,1
724,13,96.54,95.91,85.50,32.60,13.20,59.39,0
724,14,95.03,96.43,89.25,32.52,14.18,59.40,0
724,15,86.71,98.51,99.07,33.75,14.27,52.30,0
724,16,86.51,98.01,95.33,32.90,13.52,53.09,0
724,17,87.90,98.44,95.38,33.79,13.61,50.17,0
724,18,84.76,98.36,97.60,33.17,14.00,50.80,0
724,19,86.16,98.02,94.51,32.51,13.56,51.65,0
725,0,76.33,98.99,79.18,35.02,15.08,43.20,0
725,1,74.15,98.63,79.84,35.11,14.95,40.79,0
725,2,77.16,98.58,79.26,34.72,14.85,41.48,0
725,3,74.22,98.40,82.28,35.38,15.45,42.63,0
725,4,75.32,99.00,83.25,35.49,14.66,44.10,0
725,5,76.78,98.63,80.74,35.96,15.25,41.64,0
725,6,76.56,98.61,78.88,35.98,15.17,44.04,0
725,7,77.29,99.04,81.99,34.53,15.10,41.13,0
725,8,75.69,98.42,81.27,36.06,14.83,43.63,0
725,9,74.38,98.62,83.33,35.87,15.64,43.18,0
725,10,76.27,98.89,78.33,35.27,15.26,40.59,0
725,11,75.29,98.46,80.79,36.23,15.07,44.34,0
725,12,72.98,98.63,79.63,35.98,15.21,44.22,0
725,13,75.81,98.61,78.30,35.72,15.69,40.70,0
725,14,73.56,99.08,76.86,35.63,15.09,41.61,0
725,15,73.59,99.13,78.70,35.25,15.65,44.01,0
725,16,75.26,98.74,77.89,35.64,15.00,41.93,0
725,17,74.74,98.89,80.37,35.59,15.35,44.18,0
725,18,74.11,98.77,81.49,34.43,15.55,43.00,0
725,19,74.73,98.51,81.36,34.61,14.65,43.36,0
726,0,71.59,98.15,85.28,35.77,12.69,55.58,0
726,1,70.06,98.56,87.47,35.86,12.96,54.53,0
726,2,72.18,98.00,82.94,36.21,13.72,54.86,0
726,3,70.70,97.91,86.70,35.65,13.49,53.52,0
726,4,71.99,98.13,85.34,36.87,13.00,55.59,0
726,5,70.41,97.89,82.95,37.56,12.56,54.88,0
726,6,72.51,98.19,86.19,36.14,13.30,55.64,0
726,7,71.43,97.89,84.31,36.85,13.03,54.79,0
726,8,72.72,98.44,86.02,37.13,12.90,54.35,0
726,9,72.62,98.39,85.40,36.28,13.13,55.65,0
726,10,69.83,98.34,84.68,35.89,13.66,53.77,0
726,11,70.14,98.44,82.42,36.66,13.22,54.83,0
726,12,72.06,97.88,83.90,37.47,13.17,55.54,0
726,13,71.74,98.63,86.74,37.41,13.45,55.14,0
726,14,68.47,98.20,85.48,36.82,12.62,53.94,0
726,15,72.03,98.17,86.63,37.28,13.72,52.62,0
726,16,69.21,98.14,81.80,35.64,12.78,55.22,0
726,17,69.90,98.14,82.37,35.75,13.51,53.62,0
726,18,72.57,98.64,82.48,37.28,13.06,54.59,0
726,19,72.14,98.16,87.00,37.32,12.58,54.55,0
727,0,86.52,98.00,94.14,36.54,10.55,55.17,0
727,1,89.87,98.58,93.49,36.22,10.84,54.52,0
727,2,86.66,98.46,94.91,36.42,10.45,53.41,0
727,3,87.34,98.74,94.75,35.22,11.08,53.26,0
727,4,88.40,98.22,95.98,36.12,10.81,56.58,0
727,5,89.07,98.62,92.38,36.08,11.18,53.49,0
727,6,88.99,98.20,92.25,35.60,11.00,55.52,0
727,7,88.76,98.65,94.89,35.97,11.56,56.09,0
727,8,86.67,98.12,95.51,36.46,10.81,53.38,0
727,9,86.96,98.04,94.39,35.75,10.70,55.91,0
727,10,85.96,98.30,93.85,35.79,11.51,54.91,0
727,11,87.47,98.43,96.84,35.73,10.43,55.69,0
727,12,86.19,98.72,93.59,36.60,10.94,55.52,0
727,13,88.04,97.96,92.81,36.69,10.84,53.32,0
727,14,86.75,98.70,93.44,36.84,10.65,54.92,0
727,15,88.28,98.18,90.95,35.55,10.59,53.04,0
727,16,86.61,98.15,96.36,36.98,11.48,54.26,0
727,17,89.20,98.60,91.92,36.87,10.89,54.31,0
727,18,88.76,98.36,95.08,36.66,11.08,53.71,0
727,19,87.98,98.17,91.74,35.68,11.47,52.75,0
728,0,78.74,97.64,87.67,37.17,14.75,43.36,0
728,1,76.25,98.11,90.59,37.89,13.81,42.35,0
728,2,78.11,97.39,86.30,38.17,14.91,40.26,0
728,3,79.08,97.98,90.19,38.52,13.87,40.45,0
728,4,77.73,98.08,90.76,37.28,13.85,42.30,0
728,5,77.61,97.66,86.75,37.55,14.56,41.78,0
728,6,76.81,97.68,91.62,38.30,14.00,42.38,0
728,7,77.97,97.71,87.18,37.45,14.43,40.52,0
728,8,78.23,97.85,88.31,37.69,13.90,44.05,0
728,9,85.00,96.05,81.04,37.36,14.88,49.86,0
728,10,85.56,95.49,81.38,37.32,14.15,50.85,0
728,11,88.98,94.41,75.20,38.07,14.54,52.39,1
728,12,85.40,95.57,79.16,37.01,14.36,50.75,0
728,13,86.31,96.12,80.63,38.09,14.67,47.99,0
728,14,75.20,98.00,86.07,36.99,13.93,43.38,0
728,15,75.39,97.98,87.36,36.72,14.73,41.80,0
728,16,77.71,97.46,85.38,37.80,14.92,42.14,0
728,17,77.99,98.05,90.68,38.48,14.28,41.06,0
728,18,76.98,97.49,87.29,37.96,14.37,44.11,0
728,19,77.99,97.61,85.57,37.54,14.06,42.28,0
729,0,74.45,98.53,87.85,36.38,15.02,43.58,0
729,1,75.61,99.25,92.22,35.41,15.65,43.41,0
729,2,75.43,98.76,87.56,36.93,15.76,43.21,0
729,3,76.81,98.69,90.43,36.30,15.16,42.97,0
729,4,75.95,99.17,91.18,35.71,15.39,43.73,0
729,5,75.40,98.69,88.26,37.04,15.00,42.02,0
729,6,75.74,98.99,87.54,35.64,14.82,45.47,0
729,7,77.59,98.71,88.28,37.31,14.63,42.11,0
729,8,75.97,98.88,92.88,35.74,14.68,43.84,0
729,9,76.62,98.96,90.55,37.03,14.87,43.43,0
729,10,77.69,98.57,88.55,36.02,15.66,43.91,0
729,11,75.23,98.76,86.54,37.24,15.25,42.76,0
729,12,75.26,98.76,86.69,36.42,15.47,42.22,0
729,13,74.28,98.70,91.13,36.31,15.54,42.12,0
729,14,75.79,99.21,87.26,36.47,14.87,44.42,0
729,15,75.49,98.78,88.59,36.46,14.83,41.74,0
729,16,76.21,98.78,88.60,36.51,15.29,44.19,0
729,17,74.21,98.81,92.11,36.69,15.48,44.33,0
729,18,75.95,98.52,91.87,36.27,15.31,45.28,0
729,19,76.75,98.83,88.91,35.74,15.43,45.33,0
730,0,89.92,97.01,81.14,36.05,10.76,60.76,0
730,1,89.23,97.43,82.31,35.04,10.79,58.46,0
730,2,90.67,97.03,84.50,34.45,10.55,61.07,0
730,3,87.36,97.50,84.56,36.17,11.25,60.54,0
730,4,89.13,97.43,84.48,34.72,11.27,59.83,0
730,5,90.43,96.90,86.58,35.90,11.38,59.83,0
730,6,88.94,97.06,84.99,35.72,11.49,58.64,0
730,7,88.72,96.98,87.49,36.34,11.26,60.73,0
730,8,90.21,97.51,87.18,35.30,10.73,59.17,0
730,9,88.04,96.87,83.68,35.02,10.76,60.26,0
730,10,87.42,97.26,86.50,35.68,10.97,58.96,0
730,11,87.47,97.03,82.67,36.33,11.03,61.38,0
730,12,86.90,97.21,85.46,34.89,10.89,60.12,0
730,13,88.47,97.29,85.93,35.78,10.70,61.52,0
730,14,87.77,97.16,84.56,35.26,10.79,61.07,0
730,15,85.96,96.99,85.68,36.20,10.79,59.51,0
730,16,86.83,97.52,84.10,35.74,11.07,59.86,0
730,17,87.49,97.60,81.95,34.50,10.55,61.25,0
730,18,88.17,96.99,84.14,36.04,11.08,60.90,0
730,19,89.13,97.36,82.24,36.37,10.46,58.24,0
731,0,90.46,98.35,87.53,39.16,12.62,44.02,0
731,1,89.36,99.05,87.86,37.82,12.31,42.98,0
731,2,91.43,98.46,90.71,39.07,12.11,41.23,0
731,3,90.68,98.74,86.49,37.67,12.75,41.11,0
731,4,90.87,98.87,88.90,37.42,12.62,42.90,0
731,5,93.31,98.32,90.93,37.33,12.79,43.40,0
731,6,90.12,98.44,91.48,38.94,12.52,43.58,0
731,7,90.61,98.55,90.67,37.79,12.56,43.83,0
731,8,92.23,98.32,89.34,37.70,12.58,43.55,0
731,9,92.60,98.43,87.19,37.54,12.66,43.77,0
731,10,90.67,99.06,86.78,38.67,12.33,41.51,0
731,11,92.04,98.66,87.33,37.29,12.82,40.22,0
731,12,89.67,98.63,84.54,37.73,12.98,41.82,0
731,13,89.85,98.31,85.23,38.37,12.28,42.55,0
731,14,88.34,98.83,86.95,39.19,12.04,42.56,0
731,15,90.13,99.07,87.48,37.28,12.31,42.52,0
731,16,90.52,98.75,90.06,38.19,12.33,40.62,0
731,17,90.43,98.86,86.07,38.46,12.93,40.86,0
731,18,92.11,98.81,86.30,39.03,12.74,42.74,0
731,19,92.05,99.02,88.78,38.62,12.65,43.02,0
732,0,89.22,97.24,93.88,36.55,14.85,52.14,0
732,1,91.97,97.70,91.82,35.33,15.17,51.65,0
732,2,90.21,97.83,93.47,35.42,15.01,51.66,0
732,3,91.01,97.39,97.33,35.68,14.97,50.15,0
732,4,92.22,97.93,93.48,36.32,14.99,53.44,0
732,5,91.43,97.35,94.66,35.39,15.09,50.72,0
732,6,90.50,97.97,97.34,35.98,15.35,50.29,0
732,7,91.56,97.87,97.80,35.81,14.67,53.92,0
732,8,90.96,97.83,96.60,36.07,15.52,52.54,0
732,9,90.64,97.26,95.01,35.98,15.38,52.03,0
732,10,88.97,97.50,92.09,35.56,14.89,51.98,0
732,11,91.46,97.47,92.32,35.39,15.20,52.34,0
732,12,89.43,97.36,93.53,36.84,14.99,52.69,0
732,13,87.38,97.65,94.84,35.70,15.49,52.96,0
732,14,87.27,97.39,92.18,36.78,14.96,52.16,0
732,15,89.48,97.25,91.61,35.95,14.53,51.82,0
732,16,90.93,97.66,93.41,36.18,14.81,53.68,0
732,17,90.43,97.65,91.76,35.67,15.51,53.08,0
732,18,88.35,97.86,94.71,37.05,14.83,51.16,0
732,19,91.14,97.23,94.30,36.03,14.60,50.86,0
733,0,87.55,98.02,91.12,37.49,12.03,44.91,0
733,1,88.33,98.64,89.01,36.34,12.48,45.86,0
733,2,88.89,98.42,89.95,36.94,12.90,45.29,0
733,3,90.66,98.72,89.87,35.79,12.93,44.67,0
733,4,89.59,98.21,88.11,35.96,11.80,42.86,0
733,5,88.09,98.42,91.48,37.22,12.56,43.26,0
733,6,91.50,98.53,90.71,37.26,11.83,46.68,0
733,7,89.80,98.10,91.24,36.40,12.84,45.50,0
733,8,97.70,96.18,84.61,37.42,12.87,50.73,0
733,9,99.45,95.52,77.12,36.51,12.41,54.53,0
733,10,100.06,95.05,78.17,36.62,12.18,52.98,1
733,11,100.53,95.92,81.44,36.66,12.69,51.83,0
733,12,98.22,96.72,84.18,36.86,12.47,52.09,0
733,13,89.00,98.03,87.12,36.83,12.54,45.88,0
733,14,87.43,98.11,88.46,36.34,12.09,45.23,0
733,15,86.67,98.37,85.66,37.20,12.45,46.62,0
733,16,87.34,98.02,89.68,37.20,12.32,44.17,0
733,17,90.01,98.03,87.98,36.64,12.96,42.80,0
733,18,89.51,98.75,88.08,36.09,12.74,44.67,0
733,19,89.52,98.54,88.26,37.64,12.06,43.48,0
734,0,81.47,97.40,85.27,35.49,11.80,42.97,0
734,1,84.65,97.60,80.27,36.22,11.85,44.01,0
734,2,84.49,97.25,83.97,36.10,11.53,43.46,0
734,3,84.97,97.66,84.50,35.09,12.21,44.90,0
734,4,82.53,97.76,84.30,35.33,12.16,43.15,0
734,5,84.04,97.59,81.82,35.39,12.16,45.49,0
734,6,84.65,97.54,86.06,35.02,12.26,46.36,0
734,7,83.76,97.84,85.54,36.04,11.70,42.87,0
734,8,84.75,97.83,85.93,34.81,11.87,45.24,0
734,9,83.01,97.87,82.68,35.39,11.39,45.80,0
734,10,82.60,97.55,84.16,36.51,11.38,42.82,0
734,11,81.07,97.45,81.38,36.49,12.30,45.99,0
734,12,81.44,97.66,83.72,36.17,11.92,42.77,0
734,13,82.98,97.54,81.09,35.82,11.70,46.66,0
734,14,80.78,97.53,84.96,35.80,12.19,46.45,0
734,15,81.15,97.44,80.99,34.96,12.00,44.37,0
734,16,80.97,97.64,83.42,36.32,11.80,43.03,0
734,17,83.36,97.89,84.92,34.94,12.09,46.54,0
734,18,84.28,97.72,81.35,35.55,11.93,45.52,0
734,19,82.75,97.83,80.33,36.19,12.05,45.52,0
735,0,83.36,97.64,91.84,35.49,12.78,46.13,0
735,1,83.71,97.58,93.72,36.52,12.49,42.75,0
735,2,82.93,97.40,92.88,35.75,13.18,45.87,0
735,3,83.17,97.87,93.22,37.16,12.82,44.30,0
735,4,83.89,98.18,93.82,37.45,13.06,43.97,0
735,5,81.52,97.64,92.93,36.80,12.41,44.88,0
735,6,80.93,97.59,89.83,37.06,13.28,43.42,0
735,7,80.28,97.81,93.06,36.95,13.58,42.71,0
735,8,83.54,97.69,93.16,37.20,13.43,46.19,0
735,9,89.43,95.46,88.40,35.82,12.56,49.90,0
735,10,89.78,95.66,83.45,36.52,12.69,53.59,0
735,11,92.77,94.42,76.08,35.71,13.59,54.16,1
735,12,91.70,95.62,84.07,36.49,13.38,53.85,0
735,13,89.73,95.49,81.72,37.01,12.51,49.26,0
735,14,81.14,97.71,90.41,36.97,12.68,46.27,0
735,15,81.09,98.16,88.41,37.10,13.25,45.64,0
735,16,80.87,97.78,89.51,37.39,12.82,46.38,0
735,17,83.10,98.00,90.31,36.20,12.63,46.33,0
735,18,83.35,98.12,89.85,35.85,12.95,46.59,0
735,19,80.80,97.63,93.73,36.59,13.53,45.93,0
736,0,86.92,96.95,86.13,32.64,11.43,60.39,0
736,1,89.48,96.91,90.89,32.64,11.73,58.22,0
736,2,87.45,97.28,90.97,32.63,11.58,58.83,0
736,3,88.81,96.96,89.77,32.80,11.87,61.02,0
736,4,89.07,97.23,90.93,33.41,10.97,60.81,0
736,5,87.73,97.16,87.52,32.65,11.67,60.74,0
736,6,90.33,97.62,90.85,33.39,11.06,58.15,0
736,7,88.76,97.30,91.40,33.44,11.53,60.12,0
736,8,89.97,97.25,89.36,32.36,11.40,57.66,0
736,9,95.51,95.51,81.78,32.22,11.72,63.38,0
736,10,96.14,94.43,82.66,33.82,10.93,66.71,0
736,11,98.01,94.57,78.76,33.81,11.33,69.86,1
736,12,98.15,95.02,82.19,32.65,11.85,66.42,0
736,13,93.73,95.53,84.64,34.01,11.79,65.72,0
736,14,86.69,96.89,90.75,32.10,12.00,60.73,0
736,15,87.54,97.48,86.68,33.38,11.57,57.62,0
736,16,86.30,97.35,88.34,32.94,11.57,59.97,0
736,17,88.89,96.84,86.15,33.76,11.42,59.82,0
736,18,86.25,96.86,91.73,32.03,12.02,60.82,0
736,19,86.50,96.90,87.89,32.76,11.48,57.39,0
737,0,69.37,98.69,80.61,34.08,13.30,50.88,0
737,1,72.21,98.70,76.94,34.25,14.01,49.76,0
737,2,71.83,98.96,77.55,35.77,14.18,51.21,0
737,3,72.27,99.15,78.12,35.05,13.71,50.83,0
737,4,73.56,98.59,78.92,34.01,13.72,50.63,0
737,5,73.42,99.04,79.00,34.88,13.62,49.34,0
737,6,70.93,99.26,80.73,34.39,13.45,50.29,0
737,7,73.39,99.23,78.93,35.68,13.10,49.54,0
737,8,70.15,98.61,75.66,34.24,13.96,50.97,0
737,9,69.52,98.85,79.52,34.19,13.32,48.15,0
737,10,70.33,98.99,79.26,34.98,13.46,48.22,0
737,11,72.92,98.51,75.47,35.76,13.90,51.73,0
737,12,68.97,98.76,77.54,35.41,13.89,50.29,0
737,13,69.55,99.29,74.96,34.02,14.17,49.44,0
737,14,71.34,99.03,80.00,35.33,13.61,47.89,0
737,15,71.33,98.57,78.88,35.33,14.19,50.64,0
737,16,72.40,98.77,78.05,34.75,14.11,47.83,0
737,17,70.20,98.66,77.36,33.97,13.17,49.47,0
737,18,70.34,98.72,79.52,34.07,14.13,48.71,0
737,19,69.42,98.69,79.38,34.49,14.05,50.45,0
738,0,81.88,97.38,84.33,36.42,10.95,50.50,0
738,1,81.02,96.81,83.99,37.18,12.08,49.89,0
738,2,83.13,97.16,82.29,36.09,11.23,49.67,0
738,3,81.77,97.16,84.26,37.13,10.93,49.76,0
738,4,83.18,97.49,81.61,36.88,11.44,48.19,0
738,5,85.03,97.41,84.89,37.19,10.94,49.33,0
738,6,82.92,97.08,80.31,35.85,11.05,50.95,0
738,7,83.03,97.53,81.84,36.02,11.01,49.88,0
738,8,92.33,95.06,78.65,36.92,11.41,56.15,0
738,9,93.12,94.80,75.02,36.06,11.90,55.71,0
738,10,94.58,94.18,71.01,36.64,11.80,57.85,1
738,11,93.54,94.93,72.87,37.43,11.76,58.67,0
738,12,90.13,94.86,75.13,37.21,11.11,53.46,0
738,13,80.97,97.05,83.65,36.83,11.70,47.47,0
738,14,81.32,97.06,80.95,35.78,10.98,48.60,0
738,15,82.75,97.00,82.08,37.50,11.45,49.56,0
738,16,80.99,96.82,80.03,35.99,11.19,48.17,0
738,17,80.69,96.80,82.93,37.59,12.10,48.38,0
738,18,81.56,97.50,82.26,37.06,11.88,49.04,0
738,19,81.62,96.80,84.62,36.81,10.91,48.68,0
739,0,90.06,98.68,82.00,33.18,12.06,49.60,0
739,1,88.32,98.25,81.00,33.04,12.68,47.79,0
739,2,89.76,98.45,78.27,33.67,12.11,49.53,0
739,3,88.38,98.53,78.56,33.49,12.43,49.09,0
739,4,91.10,98.20,83.04,33.03,12.38,48.02,0
739,5,88.37,98.95,79.49,33.59,12.28,48.67,0
739,6,90.24,98.55,80.42,33.94,12.67,47.51,0
739,7,90.73,98.71,79.29,32.60,12.53,50.12,0
739,8,90.40,98.32,81.45,32.87,13.05,49.92,0
739,9,88.14,98.26,78.91,32.43,12.70,46.32,0
739,10,87.21,98.84,81.64,32.54,12.25,48.60,0
739,11,87.53,98.86,77.44,33.23,12.04,48.68,0
739,12,88.40,98.41,81.87,33.85,12.94,49.00,0
739,13,88.47,98.67,79.92,34.00,12.70,46.80,0
739,14,89.76,98.81,76.90,32.91,12.44,46.73,0
739,15,87.97,98.58,81.71,33.04,12.85,49.10,0
739,16,88.93,98.66,79.27,33.58,13.08,48.56,0
739,17,90.36,98.36,77.52,34.33,12.91,48.56,0
739,18,87.31,98.51,78.83,33.40,12.59,50.09,0
739,19,89.18,98.32,78.69,33.51,12.25,47.86,0
740,0,88.03,97.99,94.55,32.70,12.99,56.58,0
740,1,91.45,98.10,99.82,34.23,13.20,55.66,0
740,2,91.52,97.55,97.08,32.79,13.90,58.88,0
740,3,91.73,98.33,99.74,34.11,13.41,57.52,0
740,4,88.47,97.83,94.64,32.52,12.81,56.01,0
740,5,92.30,97.70,97.98,32.82,13.60,55.64,0
740,6,92.22,97.77,95.07,32.88,13.53,56.63,0
740,7,90.34,97.76,99.48,33.44,13.24,57.14,0
740,8,88.37,98.09,97.19,32.55,12.99,57.72,0
740,9,91.36,97.72,93.95,33.59,12.92,58.81,0
740,10,88.58,98.19,97.51,34.01,13.89,56.19,0
740,11,89.21,98.04,95.16,33.21,13.03,58.19,0
740,12,90.12,98.02,95.21,33.54,13.15,56.57,0
740,13,89.58,97.92,98.77,33.55,13.92,56.93,0
740,14,89.40,98.24,98.93,34.37,13.13,57.43,0
740,15,87.06,97.82,93.86,32.87,13.92,58.84,0
740,16,89.60,98.11,95.07,33.70,12.79,58.66,0
740,17,87.71,98.08,96.02,34.01,13.12,57.92,0
740,18,88.36,97.79,98.91,33.83,13.86,58.17,0
740,19,91.25,98.09,98.85,32.92,12.96,55.79,0
741,0,76.98,98.59,88.04,38.60,13.84,50.44,0
741,1,76.52,98.32,85.45,37.96,13.80,53.70,0
741,2,77.28,98.49,87.51,37.36,13.41,51.69,0
741,3,76.86,98.56,85.27,37.94,12.70,51.94,0
741,4,77.41,98.38,86.02,38.44,13.29,51.75,0
741,5,76.52,98.64,84.87,38.93,12.69,53.41,0
741,6,76.78,98.40,87.77,39.21,12.98,53.39,0
741,7,76.02,98.61,85.12,38.07,13.31,53.74,0
741,8,77.83,98.43,83.97,37.45,13.25,50.78,0
741,9,83.29,96.45,79.41,38.45,12.81,59.33,0
741,10,86.53,96.40,77.18,37.59,12.70,59.90,0
741,11,88.32,95.81,72.25,37.37,13.44,61.83,1
741,12,86.13,96.08,74.12,38.58,12.77,60.39,0
741,13,81.90,96.33,79.99,38.61,13.66,57.29,0
741,14,74.29,98.39,82.13,37.70,13.44,53.16,0
741,15,74.85,98.86,82.59,37.42,13.16,51.87,0
741,16,74.25,98.28,84.88,39.30,13.66,53.42,0
741,17,75.91,98.77,85.95,39.02,13.29,54.39,0
741,18,77.81,98.63,83.70,39.31,13.32,54.19,0
741,19,74.61,98.92,82.90,38.20,13.87,53.48,0
742,0,71.42,98.65,93.03,38.73,11.77,50.44,0
742,1,72.72,98.74,91.20,36.99,11.26,51.43,0
742,2,74.52,98.04,92.21,36.97,11.12,51.39,0
742,3,72.95,98.13,90.73,37.78,10.95,52.88,0
742,4,72.31,98.56,94.80,37.69,11.33,53.35,0
742,5,75.75,98.65,94.54,38.78,11.68,50.33,0
742,6,71.88,98.19,90.65,37.74,11.31,50.41,0
742,7,74.55,98.74,95.72,38.17,10.63,51.03,0
742,8,71.69,98.01,91.72,37.71,11.19,54.19,0
742,9,81.11,96.44,87.35,38.52,11.62,57.15,0
742,10,82.36,96.19,82.88,37.59,10.75,61.01,0
742,11,85.29,95.56,78.60,37.35,10.68,60.87,1
742,12,81.59,96.13,84.00,38.76,11.52,59.52,0
742,13,81.47,96.31,87.49,37.77,11.06,58.46,0
742,14,72.40,98.38,91.27,38.10,11.21,51.47,0
742,15,72.17,98.09,91.68,38.35,10.73,52.99,0
742,16,73.16,98.23,94.32,37.16,10.63,51.34,0
742,17,70.66,98.59,95.35,36.97,10.81,52.90,0
742,18,72.32,98.37,94.63,37.27,10.69,51.93,0
742,19,73.12,98.67,93.05,38.40,11.63,52.66,0
743,0,70.09,97.65,98.10,37.46,15.36,56.56,0
743,1,70.76,97.39,95.47,37.81,15.55,56.93,0
743,2,70.37,97.35,97.20,37.43,14.84,56.59,0
743,3,69.67,97.14,93.23,37.41,15.12,55.34,0
743,4,72.39,97.45,94.74,38.57,14.87,54.81,0
743,5,69.42,97.86,93.82,37.57,15.64,58.45,0
743,6,70.57,97.24,95.60,38.38,15.40,54.76,0
743,7,68.88,97.40,98.65,37.33,15.33,55.71,0
743,8,70.98,97.65,94.28,37.66,15.53,57.94,0
743,9,71.10,97.26,95.55,38.38,15.33,58.53,0
743,10,68.87,97.68,94.59,37.68,15.24,57.14,0
743,11,69.61,97.16,96.17,38.36,15.84,57.87,0
743,12,67.83,97.46,95.62,38.82,15.09,57.99,0
743,13,68.32,97.60,92.12,38.82,15.09,55.89,0
743,14,70.51,97.67,94.11,37.39,15.58,56.40,0
743,15,69.16,97.62,96.53,37.71,15.46,57.50,0
743,16,70.05,97.60,92.27,37.47,15.73,55.91,0
743,17,69.97,97.79,97.34,37.72,15.20,55.08,0
743,18,68.66,97.68,92.41,38.17,15.45,57.69,0
743,19,71.76,97.29,95.82,36.99,15.56,57.02,0
744,0,82.27,97.80,82.62,34.07,10.37,57.20,0
744,1,82.35,97.67,83.26,33.59,9.96,54.93,0
744,2,80.73,97.31,81.53,34.68,9.95,56.66,0
744,3,79.84,97.10,84.42,33.46,9.65,55.80,0
744,4,79.44,97.45,81.93,33.98,10.45,54.82,0
744,5,81.67,97.65,84.01,34.20,9.63,54.61,0
744,6,80.92,97.44,86.72,34.06,10.47,54.09,0
744,7,82.55,97.25,85.07,33.38,9.63,57.15,0
744,8,87.50,95.56,79.97,33.88,10.63,63.29,0
744,9,89.23,95.13,76.22,34.38,10.07,62.58,0
744,10,93.80,94.38,73.97,33.00,10.32,66.23,1
744,11,91.91,95.22,72.12,34.45,9.98,65.28,0
744,12,89.58,95.56,75.20,33.62,9.91,63.23,0
744,13,81.58,97.74,81.90,33.22,9.87,54.34,0
744,14,79.81,97.18,84.35,33.83,10.01,55.26,0
744,15,79.96,97.64,85.52,34.12,10.28,55.29,0
744,16,78.87,97.75,82.99,34.79,9.76,54.77,0
744,17,81.19,97.40,81.22,34.64,10.10,54.88,0
744,18,81.39,97.73,82.32,34.50,10.36,56.17,0
744,19,82.38,97.66,80.90,34.28,10.04,55.79,0
745,0,80.66,98.01,92.80,33.31,14.44,42.56,0
745,1,79.71,97.74,94.68,33.84,14.92,40.99,0
745,2,82.53,97.75,91.25,34.48,14.57,41.32,0
745,3,83.11,98.04,90.65,34.40,14.94,42.48,0
745,4,82.44,97.56,94.67,35.08,14.68,40.71,0
745,5,80.58,97.45,91.91,34.79,14.03,42.50,0
745,6,80.32,97.88,93.87,33.79,14.65,41.19,0
745,7,83.82,97.59,89.60,34.36,14.77,40.74,0
745,8,82.02,97.96,93.03,34.20,14.28,43.83,0
745,9,82.58,97.85,94.39,33.70,14.37,41.46,0
745,10,81.42,97.34,93.33,35.12,14.06,43.62,0
745,11,81.45,97.97,90.43,35.01,14.50,44.32,0
745,12,80.23,97.65,89.30,33.40,14.55,43.01,0
745,13,80.00,98.07,91.00,34.93,14.24,44.28,0
745,14,79.74,97.76,92.57,34.46,13.82,42.64,0
745,15,80.49,97.92,89.33,34.32,14.69,43.29,0
745,16,79.81,97.28,88.85,33.87,14.95,44.49,0
745,17,81.32,97.81,89.63,34.73,13.96,44.48,0
745,18,81.27,97.81,88.81,33.93,14.88,42.68,0
745,19,81.94,97.82,92.76,35.03,14.60,43.20,0
746,0,92.90,98.87,96.60,36.28,14.87,54.43,0
746,1,89.97,98.31,96.90,35.15,14.96,55.30,0
746,2,92.28,98.66,98.78,34.82,14.53,54.37,0
746,3,90.79,99.01,98.38,36.48,14.19,56.56,0
746,4,91.90,98.56,97.10,35.49,15.29,53.18,0
746,5,93.36,98.48,96.74,34.91,14.52,53.67,0
746,6,94.28,98.96,96.53,36.56,15.20,54.65,0
746,7,90.51,98.62,99.61,35.22,14.29,53.44,0
746,8,90.27,99.00,96.41,35.63,14.51,56.35,0
746,9,93.29,98.99,97.10,35.90,14.68,53.99,0
746,10,93.03,98.74,93.21,35.60,14.77,54.70,0
746,11,89.90,98.59,93.41,35.90,14.28,54.84,0
746,12,92.86,98.40,98.41,35.22,15.16,55.41,0
746,13,92.77,98.33,93.43,35.37,14.58,53.16,0
746,14,91.31,98.46,97.67,35.79,14.45,54.66,0
746,15,91.22,98.55,94.51,34.92,14.23,54.14,0
746,16,90.73,98.74,97.60,35.64,14.30,55.88,0
746,17,89.40,98.62,97.09,36.58,14.79,53.58,0
746,18,93.08,98.75,98.82,36.60,14.94,54.47,0
746,19,90.21,98.69,94.19,36.52,15.18,54.15,0
747,0,83.59,96.81,91.94,34.20,14.68,46.13,0
747,1,82.46,97.51,90.76,33.11,15.48,44.35,0
747,2,83.42,97.30,92.73,33.81,15.16,44.86,0
747,3,83.41,97.30,94.38,32.51,15.03,43.60,0
747,4,83.08,97.33,91.94,34.30,15.01,45.67,0
747,5,82.79,97.06,94.41,34.11,15.23,43.64,0
747,6,82.18,97.34,92.87,32.84,14.60,45.05,0
747,7,83.85,96.92,89.80,33.64,14.62,45.74,0
747,8,84.33,97.49,90.69,32.79,14.90,43.68,0
747,9,81.36,97.39,90.69,33.41,14.80,45.51,0
747,10,81.38,97.20,89.75,33.89,15.44,45.55,0
747,11,81.72,97.42,92.87,33.49,14.82,43.07,0
747,12,83.00,97.09,89.78,33.28,14.69,44.74,0
747,13,83.55,97.48,89.73,34.09,14.36,45.78,0
747,14,80.83,96.96,92.27,33.93,15.06,43.02,0
747,15,82.66,97.40,88.89,32.52,15.41,45.89,0
747,16,80.64,97.57,88.68,33.53,14.52,44.87,0
747,17,83.27,97.07,90.29,33.14,14.76,43.43,0
747,18,83.37,97.42,90.41,34.39,14.93,45.15,0
747,19,81.41,97.15,90.86,33.64,14.82,45.88,0
748,0,85.85,97.28,96.01,37.08,13.78,56.17,0
748,1,84.78,97.47,97.88,38.67,14.21,56.26,0
748,2,87.14,97.58,96.86,38.58,14.39,57.59,0
748,3,86.62,97.12,97.05,38.28,13.94,56.33,0
748,4,86.07,97.36,95.73,38.14,13.98,56.52,0
748,5,87.53,97.38,97.60,37.84,14.13,57.91,0
748,6,84.11,97.38,93.32,38.15,13.49,58.71,0
748,7,84.66,97.28,97.25,37.36,13.95,58.85,0
748,8,83.59,97.49,94.32,37.20,13.38,56.90,0
748,9,83.13,97.67,98.03,37.44,14.09,58.40,0
748,10,85.70,97.47,92.96,37.88,13.41,55.71,0
748,11,84.31,97.21,92.86,36.76,14.36,56.31,0
748,12,84.23,96.95,92.34,38.37,13.97,55.34,0
748,13,84.12,97.13,91.78,37.82,14.14,58.39,0
748,14,82.06,97.48,94.71,37.42,14.03,57.99,0
748,15,84.85,97.52,97.20,37.27,14.56,56.91,0
748,16,84.96,97.48,93.95,37.97,14.43,55.70,0
748,17,85.20,96.96,96.99,36.76,14.29,59.11,0
748,18,83.69,97.07,94.52,38.57,14.43,56.56,0
748,19,85.74,97.06,92.36,37.44,14.09,56.53,0
749,0,70.84,98.28,89.58,34.45,10.79,48.09,0
749,1,73.71,98.55,91.23,35.88,10.55,49.25,0
749,2,74.37,98.99,89.35,34.35,10.25,46.66,0
749,3,73.68,98.93,89.80,35.30,10.81,47.19,0
749,4,72.04,98.32,86.58,34.35,10.78,46.87,0
749,5,71.61,98.79,90.96,35.66,10.51,49.36,0
749,6,72.92,98.26,89.85,34.83,9.87,49.46,0
749,7,73.63,98.48,88.47,35.12,10.61,47.23,0
749,8,74.15,99.03,88.38,34.67,10.57,46.50,0
749,9,72.67,98.73,86.74,34.84,10.86,48.45,0
749,10,71.90,98.83,88.66,35.46,10.65,49.30,0
749,11,69.90,98.39,87.03,35.51,10.51,46.95,0
749,12,71.80,98.55,89.66,35.55,10.83,47.73,0
749,13,73.01,98.89,87.22,35.56,10.04,48.89,0
749,14,72.56,98.98,84.87,35.38,9.99,49.49,0
749,15,72.00,98.39,85.54,36.06,10.85,46.81,0
749,16,70.76,98.31,88.28,35.22,10.35,47.48,0
749,17,69.63,98.43,87.26,34.44,10.65,46.56,0
749,18,71.26,98.97,89.68,35.59,10.34,45.85,0
749,19,71.01,98.87,88.68,35.73,10.83,48.70,0
750,0,80.29,97.16,86.73,32.78,12.57,46.22,0
750,1,79.58,97.03,83.69,33.44,12.80,44.19,0
750,2,80.98,96.92,89.00,32.56,11.94,43.35,0
750,3,82.27,97.34,84.89,33.50,11.75,45.51,0
750,4,80.72,96.93,89.34,33.47,12.87,44.21,0
750,5,80.95,96.92,84.39,32.08,11.74,45.36,0
750,6,81.70,97.17,84.33,33.71,11.73,45.31,0
750,7,79.23,96.80,87.81,32.88,11.87,44.69,0
750,8,82.02,96.87,88.84,32.54,11.75,45.14,0
750,9,81.85,97.45,86.43,33.74,12.67,44.61,0
750,10,77.72,97.26,85.59,33.29,11.81,45.42,0
750,11,78.74,97.25,84.18,32.41,12.24,45.30,0
750,12,77.69,96.82,87.12,33.00,12.30,46.53,0
750,13,77.30,96.83,83.24,32.76,12.58,45.87,0
750,14,79.11,97.00,83.70,32.88,11.72,43.25,0
750,15,77.73,97.49,86.97,33.15,12.66,44.12,0
750,16,78.18,97.20,88.63,33.95,11.77,44.64,0
750,17,78.53,97.35,87.23,32.42,11.83,46.39,0
750,18,81.11,97.14,85.49,33.09,12.62,45.46,0
750,19,79.35,97.26,88.97,33.23,11.79,45.69,0
751,0,90.61,98.12,78.26,32.45,13.56,62.53,0
751,1,89.01,97.91,79.99,32.13,13.61,58.94,0
751,2,90.17,98.05,78.11,33.08,13.07,61.64,0
751,3,91.61,98.01,76.94,32.36,12.64,60.36,0
751,4,91.77,98.27,78.25,32.93,12.64,62.05,0
751,5,90.10,98.50,78.15,32.54,13.11,61.12,0
751,6,91.15,98.11,79.67,33.11,13.26,61.21,0
751,7,91.99,98.36,82.48,33.04,13.35,60.71,0
751,8,89.65,98.19,77.18,32.61,12.87,59.98,0
751,9,92.02,98.19,77.15,33.87,13.11,60.25,0
751,10,91.15,98.39,81.32,33.51,13.42,59.31,0
751,11,91.38,97.94,79.82,33.28,13.66,59.48,0
751,12,88.82,97.96,78.46,32.78,12.93,60.77,0
751,13,89.43,98.00,79.88,33.43,12.71,61.65,0
751,14,90.45,98.63,77.91,33.76,12.89,59.16,0
751,15,89.41,98.35,79.84,32.15,13.41,58.68,0
751,16,90.66,97.89,80.26,33.61,13.23,61.27,0
751,17,91.18,98.36,77.98,33.83,12.48,59.55,0
751,18,91.46,98.29,75.92,33.26,13.01,60.15,0
751,19,90.95,97.90,78.78,32.30,12.47,62.02,0
752,0,90.80,98.30,88.93,34.24,12.22,52.15,0
752,1,92.89,98.46,86.88,34.72,12.49,50.68,0
752,2,93.76,98.80,87.77,33.03,12.79,49.73,0
752,3,94.01,98.16,88.95,33.81,12.68,51.52,0
752,4,93.17,98.06,92.54,33.09,12.55,52.98,0
752,5,91.87,98.41,92.83,33.87,12.74,52.88,0
752,6,92.13,98.76,90.62,34.75,12.72,52.70,0
752,7,92.76,98.18,91.69,34.53,11.99,52.89,0
752,8,92.44,98.82,91.71,33.83,12.16,50.22,0
752,9,90.42,98.69,89.56,34.79,11.80,50.63,0
752,10,92.92,98.54,91.11,33.28,12.48,49.81,0
752,11,91.01,98.36,86.43,33.55,12.57,53.03,0
752,12,91.28,98.82,87.59,33.98,12.80,51.54,0
752,13,92.13,98.72,90.32,33.05,12.41,51.92,0
752,14,89.38,98.73,86.07,34.47,12.20,49.25,0
752,15,90.58,98.41,90.50,33.55,11.90,49.91,0
752,16,89.30,98.37,88.91,34.37,12.27,52.40,0
752,17,92.63,98.24,87.43,34.84,12.90,50.64,0
752,18,93.29,98.52,91.48,34.95,11.98,49.95,0
752,19,92.06,98.64,86.63,33.36,11.89,52.14,0
753,0,72.10,96.99,96.77,34.12,11.10,44.10,0
753,1,70.65,96.88,95.52,33.78,10.35,44.47,0
753,2,72.84,97.47,99.38,34.75,9.98,45.42,0
753,3,70.50,97.40,99.06,33.93,10.00,47.20,0
753,4,70.69,97.53,98.66,34.79,10.82,46.62,0
753,5,70.70,96.93,99.64,34.70,10.50,46.80,0
753,6,69.76,97.24,100.43,33.50,10.81,45.88,0
753,7,71.25,97.49,99.28,35.16,10.88,44.89,0
753,8,72.11,97.06,94.48,34.37,11.00,45.56,0
753,9,78.50,95.24,88.49,34.60,10.08,50.53,0
753,10,79.92,94.86,86.27,34.39,11.07,53.02,0
753,11,81.40,93.99,83.05,33.51,10.72,56.27,1
753,12,79.57,94.46,89.75,33.80,10.93,53.05,0
753,13,79.88,95.12,87.27,34.13,9.93,51.96,0
753,14,70.30,97.43,94.10,34.11,10.28,43.97,0
753,15,70.34,97.17,95.07,34.91,10.85,44.42,0
753,16,68.84,97.58,98.14,34.34,10.73,46.51,0
753,17,72.02,97.34,96.83,34.18,10.14,47.04,0
753,18,70.32,96.96,97.38,34.88,10.75,47.18,0
753,19,69.12,97.56,97.53,34.77,11.08,44.92,0
754,0,88.43,97.81,86.30,35.56,11.31,52.29,0
754,1,89.87,97.48,89.06,34.47,11.88,51.07,0
754,2,89.64,97.49,92.15,34.02,11.22,53.68,0
754,3,90.47,97.59,90.92,35.47,11.38,52.28,0
754,4,91.53,97.64,89.44,35.38,11.71,53.26,0
754,5,88.14,97.41,88.07,35.01,11.28,53.17,0
754,6,87.94,97.71,88.86,34.22,10.97,53.36,0
754,7,89.14,97.34,91.54,35.38,11.63,53.21,0
754,8,90.78,97.71,91.63,35.19,11.48,53.34,0
754,9,90.25,97.52,87.83,34.99,10.80,53.93,0
754,10,98.64,95.80,83.42,35.34,11.16,58.98,0
754,11,100.10,95.35,76.40,34.33,10.93,61.25,0
754,12,99.94,94.50,75.48,33.77,11.40,61.66,1
754,13,98.51,94.72,81.38,35.32,10.79,58.90,0
754,14,97.23,95.42,83.33,34.79,11.85,60.40,0
754,15,87.54,97.47,89.11,34.78,11.18,52.00,0
754,16,86.61,97.60,90.55,34.19,11.96,53.93,0
754,17,89.16,97.57,88.70,34.16,11.24,51.22,0
754,18,88.01,97.74,91.23,33.77,10.91,54.29,0
754,19,90.83,97.26,90.58,34.77,10.88,54.55,0
755,0,78.23,98.63,76.16,34.02,14.96,61.17,0
755,1,76.38,98.64,76.57,32.39,14.39,61.77,0
755,2,77.44,99.31,79.89,32.55,14.00,59.74,0
755,3,76.68,98.79,81.20,33.26,14.06,61.96,0
755,4,77.74,98.94,82.25,32.82,14.61,63.15,0
755,5,78.13,98.97,81.78,32.57,14.47,59.97,0
755,6,76.76,99.15,82.67,33.42,14.77,63.01,0
755,7,79.07,99.32,78.46,32.12,14.50,59.90,0
755,8,76.52,98.61,81.31,32.13,14.69,61.49,0
755,9,75.95,98.73,81.45,32.98,14.38,61.62,0
755,10,76.58,99.29,78.46,32.43,14.49,63.58,0
755,11,77.26,98.75,77.97,33.05,14.98,61.35,0
755,12,74.38,99.03,78.32,33.90,14.67,60.71,0
755,13,75.17,98.94,80.69,33.78,13.91,62.13,0
755,14,74.26,99.01,79.86,32.81,13.85,61.03,0
755,15,74.86,99.21,76.83,33.07,14.09,63.26,0
755,16,75.83,99.12,77.66,32.74,14.23,61.01,0
755,17,77.06,99.21,76.04,32.87,13.84,60.31,0
755,18,78.53,98.80,78.80,33.33,14.07,59.71,0
755,19,77.26,99.03,81.05,33.71,14.00,59.73,0
756,0,74.10,97.21,84.71,33.01,11.30,53.74,0
756,1,73.46,97.20,83.02,33.52,10.89,52.61,0
756,2,75.33,97.23,84.52,34.44,11.26,52.27,0
756,3,75.75,96.94,87.77,34.27,10.33,52.36,0
756,4,75.65,97.04,83.18,33.07,10.40,52.47,0
756,5,75.42,97.47,83.89,34.02,11.22,51.56,0
756,6,76.46,97.12,86.86,33.61,11.31,54.10,0
756,7,74.77,97.18,83.92,34.05,10.83,52.38,0
756,8,84.56,95.12,77.28,34.56,10.94,59.64,0
756,9,85.08,94.80,75.87,34.94,10.83,60.06,0
756,10,87.53,93.80,72.13,34.23,11.21,62.53,1
756,11,83.70,94.25,77.05,33.11,11.43,59.47,0
756,12,83.13,94.96,77.23,34.86,10.59,58.08,0
756,13,72.94,96.74,86.21,34.16,10.47,52.65,0
756,14,73.27,97.29,82.81,33.76,11.40,50.48,0
756,15,75.17,97.36,80.85,33.56,10.94,53.30,0
756,16,74.14,97.33,85.51,34.40,10.48,51.92,0
756,17,75.17,97.38,84.08,34.79,10.30,51.25,0
756,18,74.41,97.23,83.90,33.10,11.14,51.95,0
756,19,75.02,96.86,86.98,34.65,10.60,50.48,0
757,0,72.46,98.56,82.51,34.17,12.13,51.58,0
757,1,73.15,98.45,85.41,33.84,11.42,51.19,0
757,2,72.75,98.14,85.95,33.77,12.06,52.44,0
757,3,70.45,98.53,85.00,33.94,12.34,52.18,0
757,4,72.23,98.63,83.57,33.57,11.73,53.41,0
757,5,72.62,98.34,84.36,34.24,11.95,52.98,0
757,6,71.15,98.82,82.86,33.51,12.03,49.86,0
757,7,71.37,98.52,84.90,34.81,11.78,50.12,0
757,8,70.16,98.68,80.93,34.12,11.44,52.41,0
757,9,72.70,98.33,84.42,34.58,11.34,49.48,0
757,10,77.73,96.56,74.39,34.85,12.23,58.61,0
757,11,82.58,95.67,73.69,33.16,11.41,60.33,0
757,12,82.58,95.77,73.04,34.35,11.40,60.74,1
757,13,82.72,96.08,71.94,33.71,11.48,59.93,0
757,14,80.40,96.13,74.34,34.82,12.24,56.40,0
757,15,69.51,98.47,84.49,33.80,11.41,49.51,0
757,16,69.01,98.44,83.93,34.97,12.46,50.62,0
757,17,71.76,98.11,83.42,33.86,11.39,50.53,0
757,18,72.59,98.19,81.10,33.90,12.18,51.10,0
757,19,72.57,98.71,82.70,34.05,12.42,52.33,0
758,0,68.45,97.83,85.85,38.22,13.90,59.39,0
758,1,68.66,97.74,86.47,38.30,13.27,61.03,0
758,2,70.85,98.01,86.30,37.11,13.90,57.22,0
758,3,72.02,97.82,83.75,38.24,13.50,59.43,0
758,4,71.21,97.62,81.32,37.66,14.29,61.05,0
758,5,70.55,97.39,81.30,38.06,13.14,59.22,0
758,6,72.49,97.68,84.45,38.67,13.95,60.21,0
758,7,71.81,97.36,82.80,38.00,13.60,60.12,0
758,8,71.36,98.01,84.66,37.53,13.17,60.63,0
758,9,69.90,97.61,83.02,37.71,13.14,57.75,0
758,10,70.18,97.83,84.18,39.03,13.39,60.83,0
758,11,71.61,97.26,85.65,37.81,13.28,57.50,0
758,12,69.44,98.01,79.99,38.40,14.11,57.74,0
758,13,68.52,97.30,80.12,37.60,13.84,57.12,0
758,14,68.69,97.35,80.44,37.33,13.24,59.32,0
758,15,67.83,97.68,82.81,37.85,13.44,60.90,0
758,16,67.98,97.85,85.29,37.81,13.74,58.59,0
758,17,70.93,97.49,84.92,38.17,14.04,57.38,0
758,18,71.32,97.81,83.96,37.58,13.19,60.85,0
758,19,68.52,97.44,81.25,38.37,13.91,57.41,0
759,0,86.15,99.03,83.50,34.79,12.93,52.11,0
759,1,89.72,98.91,87.49,34.61,13.19,51.86,0
759,2,89.46,98.77,83.92,34.27,13.31,54.86,0
759,3,89.92,98.86,87.23,34.31,12.87,54.43,0
759,4,88.48,98.55,88.86,34.85,13.70,52.97,0
759,5,88.32,98.50,85.32,35.66,13.71,52.66,0
759,6,89.62,98.59,87.14,33.74,13.06,52.69,0
759,7,87.93,99.09,88.70,34.65,13.93,53.99,0
759,8,89.08,98.87,86.62,34.63,13.38,51.51,0
759,9,89.85,99.05,87.20,34.23,12.99,55.00,0
759,10,87.24,98.70,87.94,34.20,12.93,52.14,0
759,11,89.11,99.08,86.57,35.09,13.52,52.09,0
759,12,86.64,99.10,84.32,34.12,14.01,52.11,0
759,13,88.94,99.23,83.51,33.98,13.92,51.99,0
759,14,88.66,99.20,85.79,34.03,12.90,55.09,0
759,15,87.83,98.84,82.45,34.92,13.65,54.70,0
759,16,87.31,98.54,86.62,34.91,13.56,51.70,0
759,17,85.53,99.26,88.24,34.32,13.03,53.75,0
759,18,88.66,99.05,87.38,34.59,13.26,51.83,0
759,19,88.86,98.63,85.41,34.98,13.31,51.77,0
760,0,86.61,98.16,91.70,33.66,10.96,45.61,0
760,1,85.31,98.35,89.80,32.50,11.00,44.53,0
760,2,86.52,98.68,95.29,33.11,10.29,44.37,0
760,3,85.29,98.16,94.97,34.02,10.46,45.47,0
760,4,87.97,98.62,93.22,34.23,10.97,45.17,0
760,5,85.87,98.82,95.00,32.53,10.44,45.59,0
760,6,85.67,98.07,95.12,34.14,9.94,46.75,0
760,7,86.90,98.12,92.57,33.07,10.90,45.03,0
760,8,86.77,98.28,91.85,33.24,10.91,47.41,0
760,9,85.05,98.71,93.21,34.19,10.94,44.22,0
760,10,87.33,98.31,91.77,33.62,10.89,47.37,0
760,11,84.83,98.39,90.65,33.17,10.09,44.74,0
760,12,84.34,98.26,89.03,32.42,10.23,45.05,0
760,13,86.90,98.40,93.60,32.66,10.32,45.97,0
760,14,86.88,98.72,88.93,34.06,10.94,46.05,0
760,15,86.26,98.31,89.18,33.72,9.95,46.36,0
760,16,84.33,98.81,89.98,33.34,9.98,45.18,0
760,17,83.37,98.21,89.31,32.49,10.17,45.86,0
760,18,86.93,98.21,92.10,32.87,9.93,45.26,0
760,19,84.87,98.63,94.91,34.02,10.78,47.51,0
761,0,80.16,97.90,92.04,37.49,14.77,42.94,0
761,1,79.88,98.02,92.77,36.31,14.57,44.43,0
761,2,81.85,98.21,93.37,36.04,15.18,42.82,0
761,3,80.61,97.96,94.67,36.86,14.76,45.43,0
761,4,80.37,97.90,92.09,37.37,15.11,45.94,0
761,5,79.91,98.15,92.15,37.91,15.18,43.94,0
761,6,80.41,98.05,91.73,36.36,15.10,42.74,0
761,7,81.63,98.13,95.14,36.77,15.43,44.03,0
761,8,79.39,98.03,95.33,37.24,14.58,44.69,0
761,9,79.62,97.78,95.16,37.31,14.85,42.94,0
761,10,81.00,98.27,94.07,37.21,15.48,45.00,0
761,11,78.21,98.40,94.91,36.34,15.15,43.58,0
761,12,80.62,97.94,93.18,37.31,15.23,45.76,0
761,13,80.72,98.50,90.95,37.77,14.95,43.44,0
761,14,80.91,98.22,91.06,37.45,15.12,44.90,0
761,15,78.88,98.31,88.92,36.21,14.90,46.22,0
761,16,78.35,97.82,92.54,36.37,14.71,42.63,0
761,17,79.11,97.76,93.59,37.21,15.41,46.12,0
761,18,81.02,98.27,91.56,36.15,15.38,44.18,0
761,19,80.92,98.42,90.91,37.03,15.25,43.72,0
762,0,76.68,97.99,93.41,38.58,11.00,55.94,0
762,1,76.44,97.63,94.18,38.24,11.33,54.50,0
762,2,76.91,97.76,96.97,39.27,11.02,54.57,0
762,3,77.61,97.85,93.96,38.53,11.60,56.15,0
762,4,75.72,97.61,91.59,39.17,11.70,53.46,0
762,5,75.17,98.03,94.11,37.78,10.82,53.46,0
762,6,75.03,97.99,97.07,37.77,11.59,54.90,0
762,7,75.28,98.01,91.92,38.27,11.38,56.24,0
762,8,75.44,97.61,92.16,38.39,11.96,55.78,0
762,9,82.42,95.59,85.50,38.90,10.97,62.83,0
762,10,85.72,95.53,85.05,38.42,10.94,63.83,0
762,11,88.36,94.83,81.11,39.27,11.58,65.01,1
762,12,84.21,95.44,86.77,37.48,11.02,64.87,0
762,13,82.98,96.14,88.89,37.99,11.29,61.17,0
762,14,75.93,97.98,95.08,39.05,11.89,56.37,0
762,15,76.24,97.76,93.74,37.54,11.41,56.72,0
762,16,75.93,98.04,94.13,38.37,11.44,57.01,0
762,17,73.91,97.77,94.15,38.93,10.90,54.41,0
762,18,75.78,97.53,91.01,37.86,10.93,54.11,0
762,19,73.59,97.64,93.28,37.65,11.54,54.79,0
763,0,70.29,98.09,89.58,38.42,10.84,56.70,0
763,1,69.79,98.27,94.67,38.03,11.50,59.11,0
763,2,69.92,98.47,93.04,38.28,11.26,58.56,0
763,3,72.50,98.23,92.31,39.98,10.62,57.58,0
763,4,72.60,98.10,91.66,39.40,11.03,56.84,0
763,5,72.07,98.35,92.66,39.91,11.35,56.13,0
763,6,72.07,97.93,94.07,38.01,10.41,58.93,0
763,7,70.25,98.20,92.60,38.59,11.05,58.59,0
763,8,70.12,98.65,95.11,38.04,10.76,59.02,0
763,9,70.56,98.19,89.23,39.31,11.02,56.46,0
763,10,72.48,98.27,94.28,39.28,10.95,57.42,0
763,11,69.98,98.04,93.94,39.02,11.08,58.68,0
763,12,72.25,98.49,90.63,39.31,11.41,59.23,0
763,13,72.01,98.25,92.29,39.23,11.03,58.31,0
763,14,69.40,98.36,89.58,39.35,11.13,57.73,0
763,15,68.47,98.67,91.21,39.12,10.53,58.19,0
763,16,71.85,98.34,93.66,38.20,11.56,57.46,0
763,17,71.75,98.47,90.61,38.48,10.48,58.26,0
763,18,70.49,98.49,91.73,38.33,11.28,56.30,0
763,19,70.99,98.16,94.45,38.56,10.83,59.51,0
764,0,82.11,98.06,88.92,36.47,11.86,51.18,0
764,1,81.79,97.64,89.37,37.55,11.04,48.08,0
764,2,82.16,97.93,86.19,37.65,11.89,51.42,0
764,3,81.22,97.73,85.33,37.48,11.53,50.22,0
764,4,81.20,98.20,90.59,36.43,11.75,49.42,0
764,5,81.40,97.99,85.12,37.18,10.72,50.45,0
764,6,84.11,97.57,86.14,37.63,11.51,48.75,0
764,7,82.18,97.46,84.80,36.44,11.23,50.05,0
764,8,81.76,97.93,87.13,36.98,11.24,51.23,0
764,9,89.12,96.04,78.84,36.25,10.89,57.87,0
764,10,93.15,95.05,77.41,36.71,11.48,58.18,0
764,11,91.46,95.07,75.42,37.06,10.71,61.13,1
764,12,91.87,95.17,78.82,37.56,11.14,58.47,0
764,13,89.33,96.12,80.59,36.63,11.77,54.84,0
764,14,82.77,97.94,84.92,36.21,11.14,48.87,0
764,15,81.20,97.99,83.52,36.26,10.72,49.97,0
764,16,82.39,97.45,85.90,36.71,11.03,50.41,0
764,17,83.04,98.07,87.45,37.08,11.78,48.45,0
764,18,80.06,97.79,86.36,36.73,11.46,49.02,0
764,19,81.69,97.82,85.76,36.15,11.29,47.90,0
765,0,88.33,97.73,83.30,32.44,11.63,56.89,0
765,1,87.29,97.97,87.82,33.28,11.33,58.35,0
765,2,88.28,98.09,83.38,32.47,12.31,59.26,0
765,3,87.55,97.55,87.26,33.83,11.85,56.94,0
765,4,89.88,97.93,85.31,32.59,11.74,56.62,0
765,5,89.55,98.09,84.91,34.01,11.73,59.30,0
765,6,90.97,97.82,83.29,32.74,11.80,58.67,0
765,7,89.34,97.52,83.78,33.44,11.40,56.94,0
765,8,87.63,98.12,85.80,33.39,12.36,56.80,0
765,9,86.81,98.08,86.91,34.20,11.67,59.09,0
765,10,89.75,97.52,82.97,33.78,12.28,57.29,0
765,11,87.24,97.90,83.70,32.88,11.35,57.88,0
765,12,88.98,98.23,85.14,32.43,11.41,57.84,0
765,13,86.10,97.59,83.79,32.61,12.32,58.49,0
765,14,88.23,97.55,86.10,32.54,12.14,58.65,0
765,15,86.04,97.52,81.61,32.88,11.62,57.69,0
765,16,87.97,98.19,82.42,33.99,11.51,58.44,0
765,17,89.78,98.25,85.77,32.44,12.10,56.03,0
765,18,88.78,97.52,85.42,32.91,12.20,56.90,0
765,19,88.14,98.09,82.93,33.36,11.30,59.17,0
766,0,74.66,98.56,88.34,34.01,10.23,50.80,0
766,1,73.96,98.80,92.26,33.38,11.05,53.34,0
766,2,75.48,98.36,92.47,33.93,10.76,49.88,0
766,3,76.48,98.26,92.83,34.72,10.59,50.76,0
766,4,73.50,98.74,90.22,33.52,9.93,52.99,0
766,5,74.65,98.71,91.85,34.16,10.13,51.23,0
766,6,75.29,98.52,89.96,34.89,10.53,50.91,0
766,7,75.80,98.54,88.96,34.07,10.43,51.37,0
766,8,76.22,98.70,87.95,34.04,10.31,52.90,0
766,9,75.46,98.64,93.58,34.63,10.43,51.33,0
766,10,72.50,98.12,92.43,34.74,10.91,50.20,0
766,11,73.72,98.12,87.88,33.61,11.02,50.21,0
766,12,75.28,98.80,90.94,33.83,10.10,49.54,0
766,13,72.58,98.51,88.88,34.69,10.39,50.53,0
766,14,75.29,98.74,89.18,34.47,10.93,51.51,0
766,15,73.64,98.65,87.24,34.64,10.97,51.42,0
766,16,74.02,98.74,91.09,34.93,10.04,51.08,0
766,17,73.54,98.52,91.87,34.65,10.70,51.34,0
766,18,73.13,98.33,90.26,34.95,10.62,53.14,0
766,19,73.11,98.24,91.23,34.16,11.05,49.58,0
767,0,82.80,97.71,88.14,38.74,11.37,43.60,0
767,1,83.94,97.24,92.98,37.94,11.98,44.20,0
767,2,83.48,97.04,93.19,38.03,11.61,42.42,0
767,3,85.38,97.00,88.69,38.35,11.78,45.85,0
767,4,87.34,97.60,91.87,37.32,11.47,43.31,0
767,5,86.53,97.49,91.22,38.38,11.70,44.35,0
767,6,83.54,97.27,88.56,38.27,11.36,44.47,0
767,7,84.06,97.50,92.02,37.17,12.00,45.93,0
767,8,86.49,97.05,90.99,38.14,11.32,42.97,0
767,9,86.68,97.20,88.70,37.56,12.01,44.48,0
767,10,85.19,96.99,92.52,38.36,11.78,43.07,0
767,11,86.00,97.23,89.58,37.83,11.51,42.94,0
767,12,85.74,97.62,90.81,38.21,11.50,42.34,0
767,13,82.62,97.63,91.92,38.51,11.29,43.57,0
767,14,84.57,97.07,88.50,37.76,11.80,43.58,0
767,15,83.00,97.52,89.38,38.14,12.09,43.47,0
767,16,84.52,97.34,92.41,38.05,11.12,44.46,0
767,17,83.96,97.28,90.52,37.84,11.72,44.21,0
767,18,84.27,97.21,91.97,37.47,11.06,42.48,0
767,19,85.22,97.65,91.75,38.21,10.94,44.48,0
768,0,81.06,98.57,80.80,34.93,15.15,53.10,0
768,1,82.52,98.43,80.83,33.60,15.02,55.72,0
768,2,81.19,98.28,84.07,34.82,14.43,54.92,0
768,3,80.52,98.36,81.69,34.85,14.07,55.14,0
768,4,80.52,98.26,81.72,34.35,14.74,56.65,0
768,5,81.60,98.09,84.34,34.48,14.38,55.44,0
768,6,80.54,98.16,84.16,33.38,14.56,54.43,0
768,7,81.23,98.32,84.16,34.82,14.91,53.18,0
768,8,83.85,98.34,80.12,34.32,14.13,53.64,0
768,9,80.61,98.17,83.11,34.74,15.17,55.02,0
768,10,81.84,98.61,78.45,33.91,14.05,55.43,0
768,11,82.48,98.24,78.86,33.51,15.08,53.15,0
768,12,81.55,98.51,78.34,33.17,14.85,55.12,0
768,13,81.53,97.92,81.73,33.77,14.90,53.22,0
768,14,81.53,98.33,78.33,34.40,14.67,56.92,0
768,15,82.21,97.96,79.62,33.67,14.76,55.33,0
768,16,80.23,98.46,80.55,33.52,14.16,54.32,0
768,17,82.73,98.39,81.79,33.39,14.08,54.36,0
768,18,79.64,97.93,81.82,33.48,14.29,56.80,0
768,19,82.93,97.99,79.17,32.96,14.98,55.04,0
769,0,70.00,98.46,82.27,36.55,15.44,53.45,0
769,1,70.70,99.07,81.58,35.99,14.40,54.85,0
769,2,71.25,98.73,84.40,36.30,14.87,54.69,0
769,3,71.89,99.03,82.18,36.05,14.87,55.04,0
769,4,70.94,99.07,85.74,36.57,14.38,55.12,0
769,5,72.53,98.48,84.95,36.01,15.28,54.10,0
769,6,71.74,98.54,83.57,35.38,15.37,53.50,0
769,7,71.26,98.83,79.70,36.16,14.75,53.43,0
769,8,71.97,98.63,81.52,36.61,15.38,57.20,0
769,9,70.18,98.87,82.86,35.13,14.92,53.71,0
769,10,69.05,98.75,83.59,36.77,15.32,57.19,0
769,11,70.74,99.04,82.31,36.15,14.52,54.44,0
769,12,71.25,98.58,83.87,35.65,14.47,57.03,0
769,13,69.94,98.86,81.14,36.84,14.51,56.41,0
769,14,68.61,98.99,79.51,36.68,14.62,54.20,0
769,15,70.56,98.64,82.30,35.99,14.51,55.08,0
769,16,69.42,98.72,82.56,35.01,14.40,55.58,0
769,17,70.21,99.15,79.26,35.06,14.45,55.98,0
769,18,69.05,99.04,81.56,36.29,15.11,57.06,0
769,19,71.55,98.40,80.73,34.94,15.28,53.71,0
770,0,82.20,97.75,86.04,32.67,15.44,52.77,0
770,1,83.26,98.10,88.96,33.55,14.82,54.47,0
770,2,86.11,98.20,87.02,34.10,15.10,54.88,0
770,3,85.74,98.21,88.33,34.29,14.75,52.50,0
770,4,83.30,98.17,87.61,33.04,15.17,51.94,0
770,5,86.40,98.44,85.52,33.39,14.60,54.23,0
770,6,84.63,98.28,88.32,33.37,15.02,53.57,0
770,7,84.95,98.08,84.15,33.17,15.60,53.74,0
770,8,82.72,98.31,84.13,33.72,14.82,52.78,0
770,9,85.12,97.85,88.76,33.06,15.66,52.41,0
770,10,83.91,97.71,83.05,34.23,15.27,53.02,0
770,11,82.76,98.10,86.37,34.36,14.90,54.74,0
770,12,81.06,97.99,84.11,33.06,14.87,54.60,0
770,13,81.21,98.37,86.82,32.71,14.73,54.82,0
770,14,84.47,97.96,86.70,32.48,15.34,55.20,0
770,15,83.54,97.88,87.34,33.63,15.62,53.32,0
770,16,82.63,98.31,87.90,33.98,15.76,53.33,0
770,17,84.60,97.86,85.66,33.18,15.35,55.23,0
770,18,85.25,98.11,88.59,32.88,14.86,52.17,0
770,19,83.24,98.06,88.52,32.96,14.57,52.90,0
771,0,77.14,98.71,95.93,35.69,10.22,60.83,0
771,1,76.98,98.99,93.02,34.44,10.76,58.67,0
771,2,78.13,98.86,96.33,34.01,9.80,61.26,0
771,3,77.94,99.10,95.71,34.29,10.15,59.60,0
771,4,76.87,98.93,95.16,34.32,10.43,59.73,0
771,5,76.68,99.03,94.02,34.86,9.95,59.09,0
771,6,76.50,98.79,93.99,34.78,10.79,58.63,0
771,7,76.20,98.44,96.81,33.93,10.22,60.01,0
771,8,78.59,98.53,95.21,35.63,10.70,57.93,0
771,9,76.19,98.46,91.03,34.73,10.58,60.57,0
771,10,75.92,98.36,91.47,35.60,9.90,57.88,0
771,11,78.28,98.33,92.65,34.95,9.67,59.88,0
771,12,76.65,99.09,90.08,34.91,9.89,58.78,0
771,13,76.87,98.39,91.51,34.00,10.32,59.29,0
771,14,77.87,98.47,89.79,34.65,10.09,58.03,0
771,15,75.87,98.81,94.60,35.35,10.04,61.32,0
771,16,75.06,98.43,95.54,35.68,9.95,59.59,0
771,17,75.68,98.41,91.48,34.22,10.20,61.38,0
771,18,75.42,98.80,96.14,35.46,10.75,60.49,0
771,19,77.27,98.36,93.52,35.44,9.76,57.80,0
772,0,84.65,97.40,83.49,34.55,14.15,55.93,0
772,1,85.72,97.96,86.38,35.32,13.95,55.92,0
772,2,85.51,97.38,83.32,35.97,13.89,55.41,0
772,3,85.57,97.39,83.19,34.97,14.26,54.52,0
772,4,83.07,98.04,86.69,36.18,14.76,56.74,0
772,5,86.27,97.97,84.08,36.01,14.11,57.10,0
772,6,83.29,98.03,84.21,35.07,14.80,55.92,0
772,7,83.21,97.34,85.00,35.43,14.13,57.23,0
772,8,82.49,97.99,82.41,36.05,14.62,55.98,0
772,9,91.62,95.59,79.04,34.92,13.79,61.09,0
772,10,94.78,95.57,77.40,34.68,14.50,62.80,0
772,11,94.27,95.05,73.09,35.40,14.56,64.28,1
772,12,95.42,95.10,72.54,35.89,13.94,62.96,0
772,13,91.76,95.73,77.61,36.37,14.82,63.36,0
772,14,83.51,97.32,80.53,36.12,14.30,57.21,0
772,15,82.00,97.99,85.19,34.62,14.51,57.12,0
772,16,83.84,97.30,82.57,35.09,14.21,54.98,0
772,17,82.05,97.71,81.35,34.56,14.77,54.88,0
772,18,83.27,97.79,81.64,35.17,14.55,55.43,0
772,19,85.17,97.88,81.13,34.51,14.46,55.84,0
773,0,81.94,98.71,82.31,37.03,12.20,58.68,0
773,1,79.90,98.63,87.00,37.47,12.00,59.54,0
773,2,80.20,99.05,85.01,38.40,11.95,60.75,0
773,3,80.48,98.75,84.24,38.52,12.07,59.81,0
773,4,81.41,99.11,83.14,36.89,12.14,58.37,0
773,5,80.48,98.74,86.98,38.66,11.80,61.49,0
773,6,81.58,98.47,85.02,37.51,11.46,59.52,0
773,7,82.95,99.00,83.87,36.94,11.56,59.16,0
773,8,90.45,96.95,77.10,37.83,11.79,67.03,0
773,9,91.18,96.61,76.01,37.92,11.96,65.76,0
773,10,91.28,95.50,71.82,38.11,11.31,68.91,1
773,11,91.34,96.11,73.40,37.81,11.51,68.08,0
773,12,87.61,97.09,75.71,38.48,11.13,63.89,0
773,13,79.19,98.68,83.71,38.26,11.44,58.35,0
773,14,82.08,98.93,85.78,38.60,11.61,60.42,0
773,15,79.79,99.13,82.94,37.60,11.40,58.33,0
773,16,78.54,98.56,84.24,38.69,11.57,58.13,0
773,17,79.16,98.62,83.07,37.92,11.36,60.50,0
773,18,81.59,98.95,86.39,37.74,11.50,59.10,0
773,19,81.15,98.71,86.54,37.20,11.93,59.65,0
774,0,88.82,98.73,90.92,34.30,13.02,47.11,0
774,1,86.63,99.02,87.62,33.86,12.04,48.47,0
774,2,87.33,98.61,86.43,33.11,12.91,48.49,0
774,3,89.57,98.71,91.83,34.46,13.06,46.47,0
774,4,89.37,98.65,86.29,33.68,12.74,46.30,0
774,5,88.68,98.37,91.41,33.37,12.39,45.58,0
774,6,89.03,98.96,86.03,34.67,12.07,46.77,0
774,7,86.56,98.90,90.69,33.46,12.36,45.35,0
774,8,87.03,98.72,86.08,34.02,12.26,48.53,0
774,9,86.38,98.27,89.67,33.91,13.16,46.43,0
774,10,86.90,98.90,87.15,32.81,13.11,48.55,0
774,11,88.61,98.31,85.59,34.70,12.53,48.54,0
774,12,87.97,99.01,87.78,33.85,12.84,45.36,0
774,13,86.61,98.63,85.73,34.67,12.17,45.15,0
774,14,85.31,98.26,90.08,32.79,12.10,46.23,0
774,15,86.06,98.39,89.99,34.07,12.65,46.04,0
774,16,84.87,98.37,89.90,34.61,12.53,45.93,0
774,17,88.52,98.55,85.66,33.15,13.00,46.13,0
774,18,86.34,98.81,86.99,34.02,12.10,47.01,0
774,19,85.77,98.64,89.30,33.37,13.02,48.68,0
775,0,88.64,96.94,93.55,36.55,11.63,59.53,0
775,1,90.59,96.63,98.07,35.64,11.88,62.27,0
775,2,88.51,96.76,96.42,36.97,11.42,62.62,0
775,3,91.66,96.68,95.15,36.66,11.03,61.07,0
775,4,91.76,96.85,98.54,35.62,11.60,59.65,0
775,5,89.19,97.22,97.97,36.12,11.76,62.20,0
775,6,88.92,96.77,97.26,36.51,11.56,60.60,0
775,7,89.10,96.95,97.91,36.49,11.96,61.64,0
775,8,89.32,96.77,95.96,37.33,11.99,59.46,0
775,9,90.11,97.09,94.15,37.00,11.87,59.78,0
775,10,88.62,97.05,94.77,37.13,12.10,62.75,0
775,11,91.50,97.19,94.65,37.23,11.76,59.50,0
775,12,88.08,96.82,94.89,37.54,11.48,61.24,0
775,13,89.86,96.83,93.96,36.12,11.92,60.06,0
775,14,89.54,96.77,96.59,37.02,11.90,58.99,0
775,15,89.16,96.87,93.77,36.64,11.31,62.53,0
775,16,91.08,96.88,94.14,37.43,11.56,59.21,0
775,17,88.23,96.93,94.67,36.47,11.83,61.11,0
775,18,89.98,97.01,92.75,37.08,11.05,60.67,0
775,19,91.10,97.33,96.47,35.96,11.21,61.73,0
776,0,92.83,98.13,82.39,34.12,13.88,55.51,0
776,1,92.31,97.88,82.95,34.73,14.65,53.17,0
776,2,91.35,97.86,83.59,34.50,14.76,55.53,0
776,3,90.58,98.37,87.35,34.71,13.93,55.57,0
776,4,90.22,98.19,88.05,34.44,13.92,55.37,0
776,5,89.88,97.76,87.21,34.13,14.44,56.13,0
776,6,91.39,97.67,86.63,34.67,14.54,54.19,0
776,7,92.66,97.89,85.24,34.10,14.02,55.47,0
776,8,97.53,96.12,80.22,35.22,13.82,61.59,0
776,9,102.42,95.58,76.24,34.62,14.86,62.05,0
776,10,104.10,95.03,71.24,34.82,14.13,64.81,1
776,11,100.08,95.41,77.23,34.57,14.72,63.60,0
776,12,96.58,96.31,77.31,34.74,14.42,61.75,0
776,13,89.30,97.64,84.46,34.29,13.93,54.53,0
776,14,88.25,97.92,82.16,35.95,14.01,56.50,0
776,15,89.53,97.68,82.37,34.55,14.35,53.10,0
776,16,88.86,97.88,81.74,35.75,14.54,55.93,0
776,17,92.17,98.20,86.73,35.76,14.40,53.29,0
776,18,90.35,97.96,82.13,35.44,13.78,56.08,0
776,19,92.21,98.13,84.43,35.47,14.19,56.25,0
777,0,80.21,97.29,92.20,38.13,13.83,54.02,0
777,1,78.91,97.30,95.50,38.12,14.07,53.60,0
777,2,78.15,97.67,97.47,38.81,14.50,54.79,0
777,3,80.21,97.04,93.64,38.61,14.59,54.04,0
777,4,79.46,97.77,92.74,38.69,13.91,53.69,0
777,5,78.41,97.63,92.77,38.36,14.51,54.19,0
777,6,78.70,97.17,96.93,37.71,14.36,52.95,0
777,7,78.12,97.34,97.59,37.95,13.87,51.25,0
777,8,79.00,97.65,94.00,39.46,13.99,53.59,0
777,9,78.10,97.23,94.58,38.62,14.58,51.91,0
777,10,79.16,97.69,91.77,37.81,13.70,53.42,0
777,11,78.48,97.62,91.29,38.14,14.00,53.15,0
777,12,76.64,97.46,93.14,39.42,14.01,52.62,0
777,13,79.21,97.19,94.89,37.93,13.73,52.78,0
777,14,77.06,97.18,93.21,38.77,13.72,52.90,0
777,15,77.04,97.58,92.85,39.02,14.14,54.11,0
777,16,77.61,97.02,92.63,38.53,14.42,52.81,0
777,17,80.26,97.10,93.62,39.54,14.61,54.03,0
777,18,77.46,97.26,96.67,38.09,14.50,53.33,0
777,19,78.79,97.32,95.74,39.16,14.64,54.46,0
778,0,84.17,98.51,79.29,36.05,11.02,48.71,0
778,1,86.19,98.22,77.41,37.37,10.91,48.60,0
778,2,85.70,98.56,78.70,36.96,10.38,51.45,0
778,3,84.28,98.65,78.04,35.51,10.98,49.76,0
778,4,85.10,98.38,78.79,37.01,10.68,48.51,0
778,5,84.84,98.69,81.84,36.40,10.51,49.31,0
778,6,87.47,98.49,77.88,36.37,10.98,47.81,0
778,7,85.05,98.61,81.52,36.66,10.33,48.72,0
778,8,86.02,98.71,77.50,35.60,10.51,48.26,0
778,9,84.20,98.05,80.50,35.49,9.95,49.31,0
778,10,95.19,96.60,73.58,37.40,10.82,57.39,0
778,11,94.80,96.20,67.69,37.36,10.97,58.61,0
778,12,98.04,95.39,68.85,35.82,10.77,58.04,1
778,13,95.69,95.92,66.90,35.59,10.13,58.50,0
778,14,90.92,95.99,71.26,36.82,10.23,55.27,0
778,15,85.58,98.57,78.66,37.01,10.43,48.08,0
778,16,84.64,98.15,75.25,37.23,10.05,49.42,0
778,17,83.49,98.41,75.52,36.35,10.18,47.56,0
778,18,84.37,98.71,77.73,36.72,10.18,49.54,0
778,19,84.88,98.65,79.34,37.27,10.94,50.60,0
779,0,84.16,97.86,95.04,34.97,11.01,44.11,0
779,1,87.77,98.14,94.48,35.40,11.18,46.51,0
779,2,87.04,98.43,92.92,34.32,10.83,43.97,0
779,3,85.12,98.21,91.49,34.38,11.12,45.87,0
779,4,87.06,98.08,92.47,34.03,10.92,47.06,0
779,5,86.27,98.08,96.22,34.00,10.72,47.42,0
779,6,86.74,97.99,95.93,34.47,10.91,43.99,0
779,7,87.39,98.56,96.29,33.83,10.77,43.62,0
779,8,85.52,98.07,92.02,34.83,10.58,46.27,0
779,9,84.64,98.26,93.02,33.93,10.63,44.37,0
779,10,87.57,98.27,95.88,35.06,11.13,44.94,0
779,11,87.24,98.09,92.77,34.28,11.52,44.28,0
779,12,84.64,98.28,89.97,35.46,11.31,46.37,0
779,13,86.07,98.11,89.59,33.94,10.40,44.15,0
779,14,85.91,98.34,90.46,33.86,10.57,46.52,0
779,15,85.46,98.01,95.53,34.73,11.09,47.12,0
779,16,84.06,98.52,91.43,34.62,10.73,47.55,0
779,17,85.79,98.50,92.01,33.59,10.85,45.98,0
779,18,86.41,97.90,94.73,34.97,11.04,47.00,0
779,19,84.94,98.35,93.62,35.12,10.55,47.48,0
780,0,75.78,98.23,97.68,38.05,10.91,53.43,0
780,1,72.38,98.11,97.07,36.59,11.36,55.37,0
780,2,73.40,98.55,96.48,36.37,11.58,56.15,0
780,3,75.30,98.22,95.87,38.11,10.83,54.32,0
780,4,75.56,98.36,95.72,37.47,11.41,56.14,0
780,5,76.55,98.62,98.68,37.74,11.17,54.85,0
780,6,73.62,98.79,95.38,37.16,11.38,53.72,0
780,7,76.29,98.40,93.42,37.37,11.28,55.47,0
780,8,72.71,98.19,97.71,36.45,10.45,53.12,0
780,9,72.84,98.13,97.70,37.30,10.64,53.30,0
780,10,82.54,96.46,87.66,38.10,10.67,59.52,0
780,11,84.27,96.01,88.88,36.47,11.40,61.36,0
780,12,85.00,95.29,82.15,36.77,11.60,66.85,1
780,13,82.24,95.73,86.56,37.81,11.02,63.82,0
780,14,83.00,96.79,89.61,37.97,11.07,61.31,0
780,15,73.58,98.68,96.01,36.80,11.33,54.38,0
780,16,75.08,98.13,93.00,38.09,11.46,53.81,0
780,17,74.04,98.10,93.99,37.67,11.23,56.15,0
780,18,74.28,98.86,92.81,38.00,10.73,53.06,0
780,19,73.70,98.84,98.36,37.26,11.56,54.34,0
781,0,87.13,98.96,82.75,35.53,10.97,50.79,0
781,1,88.19,98.81,85.41,35.18,10.43,49.23,0
781,2,88.09,98.74,88.24,35.34,10.54,49.67,0
781,3,90.15,98.96,87.42,36.59,10.84,49.21,0
781,4,89.12,98.65,88.48,35.82,9.87,48.52,0
781,5,88.42,98.98,84.80,35.59,10.46,48.85,0
781,6,89.77,99.09,84.16,35.14,10.92,50.49,0
781,7,87.18,99.21,85.99,35.18,10.65,48.16,0
781,8,89.37,99.08,85.41,36.71,10.74,50.05,0
781,9,89.38,98.83,86.68,36.23,10.85,51.04,0
781,10,90.05,99.30,84.15,35.37,10.86,51.55,0
781,11,86.71,99.33,86.39,36.07,10.53,51.37,0
781,12,87.33,99.08,85.54,36.92,10.81,47.78,0
781,13,89.41,98.84,84.40,36.40,10.83,49.20,0
781,14,88.91,98.89,86.43,36.22,10.61,48.40,0
781,15,88.26,99.36,86.74,35.54,10.06,51.58,0
781,16,87.52,99.22,87.69,35.94,11.01,50.57,0
781,17,87.73,98.62,82.57,35.91,10.48,48.09,0
781,18,86.28,99.13,85.52,36.21,10.73,49.66,0
781,19,88.20,98.73,83.25,36.75,10.35,49.47,0
782,0,76.76,98.14,97.14,37.45,10.10,42.79,0
782,1,76.64,98.20,95.82,36.96,10.39,42.41,0
782,2,78.86,98.18,98.05,37.32,10.80,45.12,0
782,3,76.59,97.90,99.68,37.42,11.06,43.20,0
782,4,77.24,98.05,96.31,36.37,10.51,44.75,0
782,5,76.18,98.04,96.79,36.39,10.78,42.68,0
782,6,76.12,98.06,97.83,36.10,10.17,44.00,0
782,7,79.00,97.92,97.86,35.65,10.71,43.25,0
782,8,78.71,97.94,99.27,37.34,10.40,44.27,0
782,9,83.69,96.03,92.30,35.58,10.74,49.38,0
782,10,85.15,95.87,86.31,36.27,10.77,52.39,0
782,11,90.22,94.96,81.53,35.98,10.99,51.64,1
782,12,85.98,95.89,85.30,35.80,10.13,51.24,0
782,13,85.80,95.88,92.55,37.02,10.73,47.27,0
782,14,74.22,97.79,93.98,36.66,10.37,41.72,0
782,15,76.66,97.69,98.51,35.47,10.28,41.98,0
782,16,75.90,98.02,97.36,37.03,10.22,41.86,0
782,17,76.37,98.12,96.67,36.94,10.64,42.68,0
782,18,76.98,97.64,95.84,35.91,10.19,42.36,0
782,19,77.43,97.90,95.66,35.99,10.47,42.93,0
783,0,76.92,97.38,98.85,37.27,14.59,47.07,0
783,1,76.03,96.91,97.70,36.35,15.03,45.68,0
783,2,76.91,97.34,98.19,35.81,14.20,46.85,0
783,3,77.57,97.54,97.33,36.53,14.92,47.41,0
783,4,76.64,96.89,95.32,36.08,14.85,44.14,0
783,5,78.42,97.59,98.69,36.86,13.97,46.51,0
783,6,78.34,97.00,98.27,36.60,13.87,44.54,0
783,7,79.31,96.83,95.47,37.38,13.95,46.97,0
783,8,78.95,97.05,98.12,36.05,14.11,47.14,0
783,9,77.63,96.83,97.94,35.97,14.57,45.92,0
783,10,77.23,97.59,94.53,37.13,14.69,43.90,0
783,11,77.35,97.40,95.91,36.03,14.37,44.05,0
783,12,78.55,97.60,97.70,36.67,14.47,47.33,0
783,13,76.75,97.08,92.26,36.75,14.24,45.97,0
783,14,75.51,97.17,96.66,35.78,15.03,44.13,0
783,15,77.87,97.20,95.97,36.28,14.92,44.04,0
783,16,78.11,96.96,94.20,36.40,14.07,45.24,0
783,17,75.64,97.37,97.66,37.28,14.05,44.78,0
783,18,78.72,96.90,95.77,37.66,14.50,44.91,0
783,19,77.30,96.84,96.81,37.30,14.35,44.88,0
784,0,84.94,98.28,84.27,38.37,12.51,55.32,0
784,1,85.43,98.14,82.76,38.97,12.65,56.38,0
784,2,86.15,98.02,81.82,39.46,12.52,57.94,0
784,3,88.98,97.90,86.01,39.42,12.34,54.80,0
784,4,88.39,97.65,81.97,38.86,12.57,57.21,0
784,5,86.98,98.33,83.68,38.61,12.02,54.63,0
784,6,87.41,97.75,83.96,38.32,11.99,57.68,0
784,7,88.14,97.61,82.02,39.54,13.04,57.26,0
784,8,87.02,98.30,86.84,38.50,11.88,54.51,0
784,9,96.51,95.79,77.62,38.65,12.54,62.27,0
784,10,95.08,95.56,72.10,38.86,12.13,65.33,0
784,11,96.78,95.26,70.75,37.76,12.27,65.83,1
784,12,95.89,95.60,72.78,39.57,11.99,63.90,0
784,13,95.81,96.28,74.57,38.40,11.92,63.23,0
784,14,86.81,97.61,85.43,38.34,12.45,57.94,0
784,15,86.24,97.65,83.75,39.57,12.03,56.49,0
784,16,86.91,97.74,84.92,38.45,12.77,54.99,0
784,17,85.41,98.00,83.53,38.87,12.95,55.89,0
784,18,87.41,97.63,81.40,37.85,12.43,57.23,0
784,19,86.15,98.26,84.02,38.43,12.83,55.20,0
785,0,88.72,97.66,89.43,34.82,12.22,57.28,0
785,1,89.29,97.34,90.86,34.50,11.77,55.66,0
785,2,87.74,97.35,88.65,35.56,11.66,57.95,0
785,3,89.36,97.74,91.11,35.55,11.48,58.92,0
785,4,88.85,97.56,89.31,35.54,12.21,58.22,0
785,5,90.62,97.34,87.30,36.13,11.54,58.48,0
785,6,87.37,97.95,87.01,35.43,12.12,57.44,0
785,7,88.92,97.92,91.49,34.82,11.86,55.37,0
785,8,88.11,97.50,90.64,35.96,12.15,57.72,0
785,9,89.99,97.27,86.22,35.94,12.05,57.17,0
785,10,86.36,97.34,85.88,34.68,11.33,56.77,0
785,11,89.85,97.55,89.06,35.74,11.72,57.33,0
785,12,88.08,97.32,88.88,35.02,11.21,56.93,0
785,13,85.83,97.44,88.70,35.42,11.38,57.42,0
785,14,89.50,97.33,85.54,35.57,12.30,56.32,0
785,15,88.56,97.50,84.66,35.77,11.69,57.91,0
785,16,87.70,97.55,88.12,35.51,11.40,56.04,0
785,17,87.52,97.81,89.26,35.02,11.35,58.15,0
785,18,90.10,97.72,90.34,35.83,11.98,57.23,0
785,19,89.84,97.69,90.28,35.56,11.30,55.34,0
786,0,78.23,98.18,98.55,34.75,13.63,59.84,0
786,1,80.03,97.75,94.57,34.39,13.59,60.55,0
786,2,79.92,97.72,97.73,34.13,13.09,57.96,0
786,3,78.87,97.78,99.30,35.20,13.64,61.52,0
786,4,77.44,97.80,96.13,35.01,13.69,61.78,0
786,5,79.66,97.84,98.92,33.90,12.85,61.69,0
786,6,79.63,97.54,99.24,33.74,13.31,59.31,0
786,7,78.14,97.64,98.49,34.26,12.85,61.16,0
786,8,79.41,98.13,99.82,35.11,13.35,58.02,0
786,9,84.27,95.88,88.51,35.09,13.24,65.27,0
786,10,86.59,94.97,87.77,33.55,13.56,66.93,0
786,11,91.20,94.84,82.40,34.57,13.39,68.81,1
786,12,86.14,95.16,89.37,34.23,13.24,68.10,0
786,13,83.97,95.95,88.73,34.21,12.67,67.80,0
786,14,75.14,98.05,98.45,34.70,12.88,60.27,0
786,15,78.46,98.06,96.78,34.20,12.61,59.87,0
786,16,78.51,97.61,96.03,34.18,13.26,60.46,0
786,17,77.97,97.50,94.77,34.75,13.42,59.04,0
786,18,76.27,97.86,93.92,34.42,13.43,61.23,0
786,19,76.13,97.98,93.90,34.41,12.73,61.81,0
787,0,75.77,97.52,89.14,38.18,14.66,51.92,0
787,1,76.05,97.37,91.02,38.53,15.47,54.58,0
787,2,74.36,97.36,91.14,37.99,15.13,53.78,0
787,3,74.49,97.38,92.34,37.70,14.67,53.57,0
787,4,74.54,97.39,90.71,37.09,14.77,52.97,0
787,5,73.72,97.53,90.24,37.17,15.48,55.57,0
787,6,76.53,98.01,92.47,37.90,15.48,54.51,0
787,7,74.89,98.00,88.02,38.56,15.36,55.13,0
787,8,75.90,97.79,91.28,37.02,15.01,54.42,0
787,9,75.98,97.53,87.28,38.72,14.83,52.10,0
787,10,74.74,97.78,91.41,37.55,15.29,54.10,0
787,11,73.48,97.36,87.52,38.22,15.31,54.54,0
787,12,74.94,97.86,87.42,37.09,14.38,53.10,0
787,13,73.46,97.59,87.97,38.20,14.85,54.48,0
787,14,74.49,98.04,90.72,38.39,14.80,54.13,0
787,15,75.62,97.93,89.27,38.32,15.52,52.90,0
787,16,75.75,97.30,86.97,37.88,15.02,54.57,0
787,17,74.98,97.28,91.48,38.82,14.80,54.88,0
787,18,74.44,97.80,88.49,38.29,15.02,55.68,0
787,19,75.93,97.96,88.24,37.07,15.20,54.97,0
788,0,83.38,98.74,92.01,36.99,16.35,44.24,0
788,1,83.17,98.79,90.44,38.58,15.65,46.74,0
788,2,82.61,98.59,93.02,37.16,16.02,44.54,0
788,3,80.94,98.34,90.51,38.48,15.31,43.66,0
788,4,83.51,98.39,89.26,37.98,15.23,47.22,0
788,5,80.65,98.32,92.72,38.21,15.66,43.46,0
788,6,82.49,98.49,89.35,37.59,16.02,43.98,0
788,7,80.79,98.82,92.17,37.12,15.24,44.27,0
788,8,83.14,98.31,87.28,37.18,15.86,46.14,0
788,9,82.10,98.14,90.69,38.28,15.64,45.93,0
788,10,82.91,98.25,91.26,37.88,16.26,43.95,0
788,11,82.86,98.80,87.36,38.54,16.03,44.30,0
788,12,82.66,98.68,89.39,37.39,16.09,44.32,0
788,13,79.66,98.56,87.59,36.79,16.22,46.59,0
788,14,82.28,98.76,89.89,37.01,15.39,44.84,0
788,15,80.12,98.70,86.33,38.01,15.90,45.56,0
788,16,80.19,98.55,91.79,37.99,15.56,44.17,0
788,17,79.11,98.80,89.27,38.25,15.59,46.87,0
788,18,79.73,98.30,88.02,37.47,15.91,46.73,0
788,19,80.89,98.75,88.38,36.61,16.07,43.78,0
789,0,85.23,98.02,91.84,35.85,15.55,43.84,0
789,1,86.68,98.13,92.51,35.89,15.31,43.92,0
789,2,85.06,98.31,97.06,35.92,16.43,43.16,0
789,3,88.61,98.04,93.86,36.47,16.25,43.81,0
789,4,86.40,98.58,97.73,36.23,15.98,44.91,0
789,5,85.83,98.13,95.75,37.11,15.41,45.91,0
789,6,85.36,98.08,92.75,36.10,15.37,45.23,0
789,7,85.84,98.52,93.89,37.20,16.09,45.38,0
789,8,87.19,98.47,96.36,37.23,16.13,46.25,0
789,9,87.94,98.64,93.54,37.30,16.15,44.51,0
789,10,85.62,98.18,95.46,36.89,16.34,46.01,0
789,11,86.79,98.25,93.37,35.83,16.48,45.94,0
789,12,83.78,98.53,91.36,37.04,15.43,43.14,0
789,13,87.43,98.43,91.68,36.22,16.01,46.52,0
789,14,86.69,98.30,93.98,37.12,16.24,43.76,0
789,15,85.43,98.19,93.61,37.01,16.25,45.95,0
789,16,87.41,98.48,96.06,36.69,15.29,43.96,0
789,17,84.97,98.42,95.12,37.62,16.15,46.71,0
789,18,87.29,98.13,95.95,36.16,16.26,43.28,0
789,19,85.51,98.05,95.82,37.20,16.21,44.59,0
790,0,84.61,97.04,90.51,37.06,11.66,49.82,0
790,1,83.57,97.50,92.24,36.19,11.70,51.28,0
790,2,84.29,97.27,92.04,37.28,11.95,48.91,0
790,3,83.56,97.10,88.98,37.51,11.49,48.69,0
790,4,85.28,97.15,88.23,38.09,12.21,48.53,0
790,5,81.82,97.60,90.74,36.82,11.42,50.01,0
790,6,83.75,97.07,92.82,36.79,11.99,49.66,0
790,7,82.21,97.37,89.60,37.98,12.23,50.78,0
790,8,89.91,94.85,84.42,36.75,11.60,57.81,0
790,9,91.23,94.53,78.38,37.15,12.03,59.20,0
790,10,93.94,94.34,74.98,37.71,12.55,59.09,1
790,11,91.49,94.65,79.85,36.83,11.41,56.57,0
790,12,89.49,94.98,84.59,37.93,11.96,55.55,0
790,13,83.17,97.62,89.61,37.08,12.33,50.53,0
790,14,82.27,97.42,90.05,37.40,11.70,51.01,0
790,15,81.65,96.86,89.99,36.42,11.39,51.34,0
790,16,81.50,97.16,89.74,36.45,12.16,49.13,0
790,17,81.39,97.49,91.76,37.05,12.57,47.89,0
790,18,81.37,96.97,90.61,37.63,12.26,50.09,0
790,19,81.59,97.50,91.32,37.10,11.65,48.83,0
791,0,82.48,96.97,94.73,38.90,15.48,51.69,0
791,1,84.49,97.10,91.45,38.20,16.56,51.46,0
791,2,82.68,97.43,94.05,38.65,15.51,48.86,0
791,3,85.04,97.07,90.85,39.69,15.60,48.89,0
791,4,85.95,96.97,92.47,38.95,15.42,49.55,0
791,5,84.74,97.53,95.83,37.78,16.37,52.11,0
791,6,83.44,97.32,93.83,39.75,15.54,49.68,0
791,7,85.61,97.33,94.76,39.33,15.55,50.77,0
791,8,85.37,96.98,89.50,39.10,15.76,51.53,0
791,9,82.92,97.00,95.09,39.56,16.25,52.40,0
791,10,82.86,96.85,90.65,38.05,16.21,49.20,0
791,11,84.15,96.91,94.11,39.56,15.65,50.76,0
791,12,82.64,97.35,89.43,39.65,15.57,51.00,0
791,13,81.81,96.88,88.50,39.61,16.34,52.15,0
791,14,81.78,97.53,91.52,38.34,16.29,51.23,0
791,15,84.48,97.09,93.52,39.27,16.21,49.21,0
791,16,84.94,97.36,93.95,39.23,15.50,48.94,0
791,17,83.75,97.55,94.33,38.77,15.75,51.43,0
791,18,83.73,97.08,89.10,38.59,16.24,51.41,0
791,19,85.39,97.14,90.39,38.62,16.53,52.02,0
792,0,79.08,98.01,80.88,34.25,15.41,55.33,0
792,1,78.73,98.02,86.76,32.90,15.88,56.35,0
792,2,79.92,97.70,86.34,33.76,15.35,55.08,0
792,3,79.11,97.74,82.51,33.99,15.19,56.37,0
792,4,79.50,97.82,82.03,32.58,15.65,55.65,0
792,5,78.75,97.94,81.77,33.99,15.65,55.65,0
792,6,79.38,97.50,84.63,33.80,15.12,55.60,0
792,7,80.89,97.29,83.12,33.32,15.12,53.81,0
792,8,79.85,97.76,86.23,33.65,15.52,53.93,0
792,9,78.53,97.84,84.53,32.52,15.39,55.93,0
792,10,78.69,97.48,82.01,32.75,14.81,52.92,0
792,11,79.65,97.91,85.35,32.53,15.11,53.36,0
792,12,76.22,97.79,82.07,33.23,15.95,53.82,0
792,13,78.29,98.04,82.54,33.92,15.35,53.01,0
792,14,79.29,97.75,81.38,33.77,15.32,56.62,0
792,15,76.29,97.54,84.78,33.75,15.08,56.66,0
792,16,77.85,97.78,80.28,32.80,15.63,54.51,0
792,17,77.85,97.71,82.46,33.69,15.60,56.45,0
792,18,80.26,98.01,85.09,32.98,15.46,54.75,0
792,19,78.13,97.82,85.67,32.63,15.27,54.27,0
793,0,71.07,97.74,94.87,32.31,15.11,47.59,0
793,1,71.44,97.62,98.94,33.10,15.82,49.45,0
793,2,70.96,98.16,95.17,33.87,15.33,47.46,0
793,3,73.52,98.04,95.27,33.04,15.38,47.29,0
793,4,71.78,97.60,97.47,33.23,15.47,46.90,0
793,5,72.82,97.80,96.42,33.02,15.20,48.64,0
793,6,73.01,98.13,96.33,32.54,15.02,47.52,0
793,7,71.91,97.61,98.91,33.26,15.06,48.38,0
793,8,72.10,97.61,98.54,33.65,15.12,46.98,0
793,9,70.09,98.11,98.35,32.69,15.66,46.80,0
793,10,71.97,98.05,96.74,34.16,15.83,48.18,0
793,11,70.29,97.99,95.86,33.95,15.01,48.93,0
793,12,72.12,97.86,95.68,32.48,14.80,47.65,0
793,13,69.99,98.00,92.07,32.75,14.79,47.97,0
793,14,69.65,98.05,93.18,33.10,15.19,48.58,0
793,15,71.38,97.69,92.95,33.18,15.46,48.28,0
793,16,71.27,97.71,94.38,33.40,15.12,48.67,0
793,17,72.74,97.87,92.67,32.98,15.95,49.56,0
793,18,71.57,98.11,97.65,33.64,14.76,50.63,0
793,19,69.96,97.63,97.54,33.03,15.73,46.96,0
794,0,76.74,97.02,84.43,38.25,12.72,47.38,0
794,1,78.85,97.27,83.57,37.83,12.00,47.94,0
794,2,80.56,97.25,86.95,37.91,12.43,48.32,0
794,3,78.87,97.00,84.19,37.55,12.42,45.32,0
794,4,79.86,97.11,84.06,38.04,11.82,47.64,0
794,5,78.79,97.04,87.42,38.49,12.56,45.91,0
794,6,78.62,97.04,86.56,37.74,12.32,46.75,0
794,7,80.82,97.15,82.19,37.07,11.98,47.45,0
794,8,80.40,97.60,84.26,37.83,12.26,45.62,0
794,9,79.97,97.43,84.56,37.97,11.75,46.92,0
794,10,85.43,95.60,77.21,38.44,11.83,50.85,0
794,11,89.52,94.42,76.12,38.35,11.90,54.32,0
794,12,88.22,94.65,72.23,38.95,12.19,55.70,1
794,13,89.89,94.79,71.64,38.52,12.54,53.47,0
794,14,84.63,95.57,78.65,38.55,12.87,54.78,0
794,15,78.56,97.50,81.21,37.64,11.89,47.13,0
794,16,76.24,96.98,81.77,37.27,11.99,45.39,0
794,17,79.70,96.97,84.97,37.29,12.18,46.70,0
794,18,78.56,97.49,82.50,37.79,12.32,46.77,0
794,19,78.42,97.21,82.28,37.54,12.36,45.65,0
795,0,74.06,98.30,81.19,34.61,11.53,57.41,0
795,1,72.21,98.98,81.27,35.23,10.86,54.16,0
795,2,73.23,98.46,77.65,34.46,11.20,55.07,0
795,3,72.55,98.79,81.69,35.54,10.80,57.14,0
795,4,73.93,98.27,81.86,34.57,10.42,54.27,0
795,5,71.97,98.55,82.28,35.51,11.15,55.69,0
795,6,74.90,98.28,79.07,35.47,10.61,55.86,0
795,7,73.45,98.77,81.52,35.17,11.24,57.67,0
795,8,82.09,96.98,70.81,35.68,10.48,61.85,0
795,9,83.99,95.82,71.38,34.46,11.16,65.51,0
795,10,86.23,95.29,69.14,35.83,10.92,67.89,1
795,11,80.46,96.37,70.35,35.84,10.76,64.36,0
795,12,81.26,96.71,72.29,35.04,10.60,62.57,0
795,13,73.46,98.29,77.13,34.16,10.96,54.26,0
795,14,73.54,98.49,76.95,35.20,11.48,55.99,0
795,15,72.45,98.78,77.57,35.33,11.30,54.33,0
795,16,72.05,98.77,76.54,36.00,10.98,57.54,0
795,17,71.07,98.94,79.14,35.27,11.58,55.78,0
795,18,74.06,98.48,81.22,34.44,10.75,56.17,0
795,19,72.66,98.94,79.45,35.93,11.53,54.39,0
796,0,79.94,99.16,82.07,35.24,13.47,43.79,0
796,1,83.20,98.95,82.51,34.94,13.58,43.88,0
796,2,81.01,98.74,85.25,34.61,13.58,44.38,0
796,3,81.74,98.79,85.42,33.56,13.92,44.07,0
796,4,82.34,99.06,81.05,34.00,14.08,46.12,0
796,5,79.95,99.00,80.47,34.24,13.86,44.54,0
796,6,81.54,98.77,82.98,34.91,13.32,45.99,0
796,7,83.61,98.54,80.25,34.37,13.63,45.24,0
796,8,82.19,99.15,81.80,34.73,13.81,43.01,0
796,9,80.02,98.52,79.58,33.44,13.34,45.16,0
796,10,79.71,98.94,82.92,34.47,13.88,45.83,0
796,11,79.94,99.17,82.24,34.10,13.18,43.00,0
796,12,82.53,99.01,79.05,33.37,13.09,45.24,0
796,13,79.80,98.52,79.41,34.26,13.72,42.75,0
796,14,80.62,98.70,84.01,35.17,13.23,45.15,0
796,15,80.39,98.75,78.63,34.95,13.65,45.26,0
796,16,79.54,98.78,80.39,33.76,13.18,45.16,0
796,17,79.27,98.68,82.59,33.76,13.76,42.56,0
796,18,79.27,98.59,84.58,33.99,13.76,43.41,0
796,19,81.35,99.03,84.89,34.43,12.92,44.33,0
797,0,77.14,97.92,94.62,38.80,15.44,44.17,0
797,1,77.20,98.55,95.53,37.91,15.01,44.35,0
797,2,78.31,98.34,98.32,38.95,14.66,45.58,0
797,3,77.77,98.39,97.82,37.82,15.62,45.66,0
797,4,80.02,98.18,98.18,37.84,15.55,42.83,0
797,5,78.27,98.18,98.03,37.46,15.17,46.43,0
797,6,80.06,98.19,94.42,39.11,15.23,44.11,0
797,7,77.30,98.18,96.48,37.47,15.33,46.11,0
797,8,76.95,98.30,96.10,37.51,15.40,43.31,0
797,9,77.92,98.59,93.74,38.42,14.60,43.89,0
797,10,78.63,98.54,92.56,38.05,14.60,46.42,0
797,11,78.67,98.07,92.61,39.10,14.67,45.23,0
797,12,78.06,98.07,92.48,38.04,14.77,44.48,0
797,13,76.52,98.35,96.31,39.12,14.83,43.66,0
797,14,77.75,97.98,95.91,38.47,15.43,44.91,0
797,15,78.78,97.99,93.97,39.00,14.93,45.35,0
797,16,77.19,98.42,94.02,38.46,15.06,44.03,0
797,17,79.19,97.97,94.79,39.01,15.21,44.30,0
797,18,76.57,98.64,96.69,38.68,14.97,44.22,0
797,19,78.77,98.40,96.32,38.78,15.57,46.07,0
798,0,83.58,97.88,77.50,38.54,11.38,56.75,0
798,1,80.83,97.87,78.30,37.75,12.22,56.94,0
798,2,82.74,97.78,80.85,39.08,12.26,54.60,0
798,3,83.74,98.33,79.72,38.84,11.32,56.69,0
798,4,83.99,97.95,80.08,38.26,12.23,55.55,0
798,5,80.67,97.99,81.56,39.23,11.82,57.08,0
798,6,84.38,97.77,81.56,39.01,11.50,55.05,0
798,7,82.69,98.00,83.52,37.91,11.56,54.31,0
798,8,90.52,96.20,75.51,37.63,11.36,61.66,0
798,9,91.68,95.32,70.39,38.37,11.99,64.86,0
798,10,92.90,95.25,68.50,39.11,11.31,65.43,1
798,11,89.87,95.69,72.56,39.13,12.17,64.71,0
798,12,89.28,95.65,75.10,37.70,11.30,62.40,0
798,13,81.83,98.12,77.86,38.16,12.14,54.47,0
798,14,81.83,98.36,79.12,37.97,11.70,54.99,0
798,15,80.64,98.02,80.32,39.39,11.72,55.78,0
798,16,81.81,98.21,79.54,38.81,11.29,56.22,0
798,17,80.38,98.22,82.90,37.57,11.83,54.30,0
798,18,82.15,97.87,78.68,39.10,12.08,58.05,0
798,19,81.68,97.59,77.97,38.53,11.30,54.58,0
799,0,90.64,97.92,88.33,35.07,11.07,40.47,0
799,1,88.74,97.88,90.83,34.34,11.91,40.42,0
799,2,91.51,97.76,89.25,35.38,10.79,43.92,0
799,3,91.40,98.06,90.97,35.17,11.23,41.35,0
799,4,89.71,97.96,89.38,35.75,10.93,40.59,0
799,5,91.76,97.72,91.74,36.26,11.84,41.47,0
799,6,90.18,98.15,93.03,35.64,11.53,41.45,0
799,7,91.80,98.16,87.74,35.09,11.20,42.57,0
799,8,90.48,97.66,88.93,35.52,11.66,41.64,0
799,9,89.70,97.50,88.25,34.32,11.02,42.23,0
799,10,90.86,97.64,89.17,35.45,11.17,42.23,0
799,11,89.01,97.94,89.46,34.41,11.06,40.33,0
799,12,91.39,98.13,87.06,34.93,11.60,41.77,0
799,13,88.12,97.99,87.88,35.81,11.07,43.25,0
799,14,90.36,97.43,89.67,35.05,11.54,43.09,0
799,15,87.56,97.60,90.13,35.21,11.94,41.37,0
799,16,90.87,97.51,89.56,35.49,10.90,42.75,0
799,17,87.82,97.70,86.60,34.91,11.57,43.35,0
799,18,88.59,97.39,88.94,36.05,11.79,41.93,0
799,19,88.80,98.12,86.84,35.71,11.78,41.24,0
800,0,90.00,97.50,97.44,33.22,15.76,48.80,0
800,1,90.56,97.26,96.60,33.71,16.14,48.37,0
800,2,90.25,97.04,97.79,32.69,15.88,46.82,0
800,3,89.32,97.07,94.52,32.88,15.18,46.68,0
800,4,89.31,96.98,94.96,33.77,15.36,48.09,0
800,5,89.57,97.03,93.76,32.29,15.36,49.09,0
800,6,89.78,97.14,98.35,32.48,15.49,48.88,0
800,7,90.32,96.88,93.93,32.35,15.64,49.27,0
800,8,92.24,97.27,94.96,33.38,16.20,47.85,0
800,9,92.09,96.85,97.60,33.58,15.59,46.58,0
800,10,89.51,97.35,94.61,32.50,15.81,47.63,0
800,11,89.65,97.03,92.79,32.32,16.32,46.19,0
800,12,88.78,96.74,92.13,33.28,16.22,49.16,0
800,13,87.35,96.77,96.55,33.20,16.12,47.83,0
800,14,87.88,97.20,94.06,33.50,15.20,45.91,0
800,15,90.98,97.18,91.98,33.69,16.00,47.84,0
800,16,88.70,96.95,95.03,33.74,15.81,45.94,0
800,17,90.33,97.45,95.62,32.87,15.43,49.27,0
800,18,89.45,97.09,93.19,32.35,15.94,47.10,0
800,19,89.41,97.45,97.73,34.11,16.32,49.67,0
801,0,89.15,97.47,81.87,33.21,12.73,60.58,0
801,1,88.02,97.63,83.54,34.42,13.08,62.98,0
801,2,90.56,97.52,82.35,33.28,12.70,62.83,0
801,3,90.86,97.96,83.67,33.62,12.95,61.91,0
801,4,89.05,97.47,82.84,34.33,12.82,62.54,0
801,5,89.63,97.86,80.59,33.48,12.76,62.02,0
801,6,90.68,97.44,82.59,34.45,12.48,63.07,0
801,7,89.29,97.32,78.99,33.01,12.17,62.20,0
801,8,88.70,97.73,82.87,33.52,12.30,61.78,0
801,9,87.65,97.39,81.12,32.86,12.97,61.04,0
801,10,89.03,97.63,82.67,33.02,12.32,60.27,0
801,11,88.69,97.63,81.93,32.80,12.50,61.13,0
801,12,86.96,97.27,80.40,34.66,13.08,62.54,0
801,13,88.21,97.46,78.21,34.78,12.42,60.05,0
801,14,86.04,97.37,80.38,34.23,12.15,61.54,0
801,15,86.55,97.85,79.90,33.29,12.23,63.45,0
801,16,86.51,97.54,82.41,34.53,12.60,62.39,0
801,17,90.16,97.55,78.79,33.46,12.16,60.64,0
801,18,86.87,97.45,79.55,34.26,12.55,61.91,0
801,19,87.76,97.73,78.89,34.11,12.08,60.20,0
802,0,90.74,97.89,82.06,38.88,14.18,63.13,0
802,1,89.91,97.84,81.85,37.27,14.70,63.18,0
802,2,90.16,98.04,80.94,38.49,14.58,60.33,0
802,3,89.22,97.47,84.70,37.24,14.25,62.85,0
802,4,89.48,97.47,83.76,37.60,14.31,60.89,0
802,5,90.78,97.66,82.71,37.94,13.77,61.23,0
802,6,89.96,97.59,83.94,38.83,14.48,62.76,0
802,7,90.75,97.71,80.24,38.65,14.01,60.05,0
802,8,89.04,97.43,81.98,39.17,14.07,61.08,0
802,9,87.61,98.00,80.25,38.51,13.98,60.56,0
802,10,87.85,97.63,79.29,37.34,13.83,61.34,0
802,11,88.36,97.50,83.27,38.78,13.59,61.30,0
802,12,88.44,97.72,81.17,37.21,13.75,59.59,0
802,13,89.19,97.83,83.45,38.22,14.42,61.22,0
802,14,89.87,97.88,78.53,37.35,13.78,60.54,0
802,15,87.23,97.99,78.45,38.04,14.16,60.76,0
802,16,89.34,97.85,80.21,38.47,13.83,59.82,0
802,17,88.00,97.77,79.50,39.14,14.05,62.92,0
802,18,90.54,97.36,83.20,37.50,14.59,62.13,0
802,19,88.66,97.86,83.37,38.46,13.66,61.38,0
803,0,76.94,96.83,85.67,35.62,10.80,51.66,0
803,1,77.23,97.15,89.77,35.39,10.39,49.89,0
803,2,80.87,97.05,86.48,35.37,10.36,50.91,0
803,3,77.64,96.80,87.72,37.13,11.19,51.19,0
803,4,77.84,97.28,90.62,35.55,11.30,48.74,0
803,5,80.84,96.89,85.80,36.19,10.66,52.02,0
803,6,80.54,97.51,87.29,35.97,11.19,49.61,0
803,7,79.70,97.30,89.11,35.81,10.44,49.34,0
803,8,77.86,97.00,85.31,37.04,10.74,49.21,0
803,9,76.94,96.88,86.62,36.16,10.37,52.11,0
803,10,80.00,97.52,88.22,36.66,10.54,52.69,0
803,11,77.20,97.14,90.48,35.85,10.59,49.49,0
803,12,76.98,97.35,85.73,35.41,10.66,49.32,0
803,13,75.81,97.43,86.89,36.48,11.40,51.15,0
803,14,79.69,97.53,88.43,36.93,10.79,49.62,0
803,15,77.97,97.04,88.96,36.00,10.85,52.21,0
803,16,78.43,97.50,86.65,36.36,10.32,51.61,0
803,17,76.67,97.50,90.37,36.77,11.07,51.53,0
803,18,79.81,97.54,89.34,35.38,10.85,49.89,0
803,19,78.11,96.98,90.69,37.08,11.17,49.95,0
804,0,90.70,98.43,93.82,38.69,12.63,58.45,0
804,1,93.15,98.73,94.22,37.93,12.47,57.57,0
804,2,91.40,98.15,91.45,38.80,12.27,58.60,0
804,3,93.85,98.55,91.80,38.31,12.83,59.55,0
804,4,91.18,98.21,93.70,39.15,12.60,58.40,0
804,5,91.08,98.15,94.26,39.47,12.32,58.92,0
804,6,92.45,98.40,93.83,37.99,12.37,59.48,0
804,7,93.40,98.85,93.57,38.96,11.79,57.87,0
804,8,91.73,98.54,93.18,38.51,11.90,60.34,0
804,9,101.22,96.90,87.70,39.42,12.11,65.47,0
804,10,99.99,95.70,81.79,38.04,12.88,67.24,0
804,11,104.51,95.47,81.60,38.78,11.77,67.33,1
804,12,99.57,96.22,87.12,38.56,12.35,64.93,0
804,13,98.45,96.58,84.40,37.96,12.10,63.76,0
804,14,89.36,98.74,95.35,38.90,11.77,59.05,0
804,15,89.40,98.66,90.17,39.22,11.76,58.72,0
804,16,91.84,98.63,95.82,39.30,12.72,59.38,0
804,17,92.38,98.84,93.17,38.20,12.06,58.51,0
804,18,93.28,98.48,93.22,38.65,12.31,59.94,0
804,19,92.39,98.92,95.52,39.35,11.79,57.71,0
805,0,73.93,97.92,97.34,35.97,12.84,42.67,0
805,1,75.06,97.94,97.02,35.20,12.26,45.39,0
805,2,76.46,97.74,97.56,35.81,12.48,42.80,0
805,3,75.74,97.50,96.39,34.70,11.81,45.11,0
805,4,76.76,97.82,99.36,34.56,12.50,43.30,0
805,5,76.37,97.74,95.50,34.68,12.85,45.19,0
805,6,74.81,97.93,98.15,35.17,12.83,42.51,0
805,7,73.90,97.88,96.92,34.52,11.97,45.32,0
805,8,73.92,97.81,99.34,36.19,12.68,43.20,0
805,9,76.12,97.58,98.30,36.11,12.77,43.67,0
805,10,73.87,97.81,94.75,34.83,12.43,46.16,0
805,11,74.92,98.00,97.18,35.98,12.05,45.93,0
805,12,74.31,97.62,95.28,34.87,12.81,43.94,0
805,13,73.21,98.06,95.87,36.42,12.66,42.56,0
805,14,73.58,98.11,97.65,36.19,11.99,44.90,0
805,15,72.03,97.85,98.63,34.86,12.88,43.69,0
805,16,75.66,97.41,94.09,35.25,12.10,43.87,0
805,17,72.87,97.79,95.71,36.25,12.02,44.12,0
805,18,76.12,97.93,96.40,34.98,12.26,46.22,0
805,19,76.37,97.71,99.15,34.57,12.57,44.84,0
806,0,82.35,99.11,89.43,37.53,10.18,52.72,0
806,1,83.44,99.17,92.81,36.31,10.69,51.15,0
806,2,84.18,98.57,93.83,36.86,10.10,52.11,0
806,3,82.23,99.07,90.04,36.90,10.44,52.43,0
806,4,83.13,98.73,89.43,36.71,10.75,50.01,0
806,5,85.18,98.92,93.73,37.45,9.88,48.94,0
806,6,83.52,98.83,94.18,36.72,10.26,52.62,0
806,7,84.19,98.84,90.31,36.02,10.89,48.90,0
806,8,85.23,98.45,92.22,37.48,10.34,49.52,0
806,9,81.88,99.07,90.37,36.45,10.33,52.35,0
806,10,92.34,96.51,83.02,36.71,10.19,55.10,0
806,11,93.67,96.61,79.59,37.50,9.80,59.57,0
806,12,96.07,95.98,78.24,36.34,10.77,62.63,1
806,13,92.74,96.12,81.38,35.96,10.28,59.62,0
806,14,90.85,96.44,82.47,37.08,10.46,55.64,0
806,15,82.87,98.53,87.90,37.84,10.40,49.72,0
806,16,83.39,98.60,88.83,36.22,10.11,48.80,0
806,17,83.98,98.53,88.04,37.69,10.80,51.63,0
806,18,83.60,99.17,88.04,36.63,10.54,49.39,0
806,19,82.51,99.07,92.54,36.77,10.65,49.83,0
807,0,76.16,97.46,94.68,33.64,15.07,55.34,0
807,1,74.45,97.30,96.60,33.06,14.69,54.99,0
807,2,75.91,97.46,96.72,34.48,15.09,53.16,0
807,3,74.20,97.72,99.67,33.93,15.19,54.42,0
807,4,74.43,97.72,99.93,33.31,14.49,55.06,0
807,5,76.98,97.33,95.62,33.34,15.46,54.39,0
807,6,75.14,97.72,96.95,34.03,14.59,52.94,0
807,7,76.53,97.85,96.95,34.35,15.53,52.61,0
807,8,74.38,97.55,98.36,34.20,15.38,53.51,0
807,9,75.16,97.59,96.88,34.14,14.52,52.44,0
807,10,75.30,97.44,98.91,34.37,14.61,53.11,0
807,11,73.58,97.68,94.97,34.67,14.80,52.50,0
807,12,74.61,97.82,95.11,34.32,15.20,56.18,0
807,13,71.65,97.72,96.26,34.54,15.41,55.36,0
807,14,75.14,97.49,94.05,34.65,15.12,54.39,0
807,15,75.32,97.96,95.31,33.65,15.42,56.23,0
807,16,72.46,97.37,95.96,33.36,14.85,54.19,0
807,17,74.78,97.66,98.94,34.21,15.58,52.95,0
807,18,75.69,98.01,97.47,33.96,15.20,54.61,0
807,19,74.02,98.00,95.55,33.13,15.47,56.06,0
808,0,79.64,99.02,93.78,33.21,13.04,53.58,0
808,1,81.65,98.50,92.40,32.37,12.82,54.90,0
808,2,79.74,98.57,92.34,32.14,13.20,55.07,0
808,3,80.57,98.50,97.26,32.11,13.51,54.36,0
808,4,79.35,98.53,95.73,32.76,13.44,54.19,0
808,5,82.99,98.73,95.12,32.32,13.21,53.20,0
808,6,81.20,98.62,92.92,32.42,13.50,53.46,0
808,7,80.22,98.95,97.71,32.93,13.21,54.52,0
808,8,82.31,98.71,92.76,32.09,13.16,53.17,0
808,9,81.47,98.57,96.61,33.64,13.04,53.29,0
808,10,81.61,98.66,92.78,33.18,12.64,55.54,0
808,11,79.11,98.40,94.27,33.58,13.02,53.36,0
808,12,80.49,98.50,92.05,33.03,13.25,52.74,0
808,13,80.35,98.83,93.57,33.95,12.95,53.72,0
808,14,79.29,99.08,95.31,32.42,12.87,53.65,0
808,15,79.59,98.92,95.16,33.65,12.80,54.20,0
808,16,78.34,98.94,93.70,32.17,12.58,54.50,0
808,17,78.43,98.44,96.19,33.68,12.81,53.85,0
808,18,78.67,98.54,94.22,33.36,12.54,55.80,0
808,19,81.94,99.05,96.60,33.68,12.56,53.20,0
809,0,85.22,97.36,83.12,37.11,13.85,59.43,0
809,1,83.84,97.52,86.30,37.86,13.68,59.39,0
809,2,84.63,97.09,81.93,37.46,14.10,60.31,0
809,3,84.89,97.47,87.28,38.07,13.84,58.30,0
809,4,85.00,96.98,87.37,37.31,13.02,60.97,0
809,5,86.01,96.88,83.01,38.11,13.82,58.86,0
809,6,86.18,97.24,87.34,38.18,13.70,57.07,0
809,7,82.65,97.23,82.97,38.24,13.95,60.28,0
809,8,94.32,95.20,76.51,38.05,13.35,66.30,0
809,9,95.74,94.59,77.71,37.19,13.55,67.17,0
809,10,96.45,94.07,73.76,38.82,13.70,69.16,1
809,11,93.08,94.36,75.27,38.34,13.39,66.72,0
809,12,92.86,94.84,75.58,38.96,13.57,63.94,0
809,13,81.53,97.62,82.51,37.35,13.15,59.35,0
809,14,84.31,97.09,84.66,37.89,13.73,58.58,0
809,15,83.26,97.49,80.42,37.92,14.08,58.26,0
809,16,82.04,96.96,85.65,38.52,13.25,60.16,0
809,17,82.27,97.13,81.19,38.65,13.74,58.21,0
809,18,84.18,97.61,85.69,38.52,14.18,59.02,0
809,19,82.60,97.25,81.92,37.59,13.11,58.14,0
810,0,91.10,97.50,85.29,34.28,12.90,48.75,0
810,1,90.96,98.03,83.78,34.64,13.42,49.26,0
810,2,93.76,97.98,83.13,34.34,13.27,49.65,0
810,3,93.12,98.08,83.83,33.29,12.96,48.01,0
810,4,93.74,97.46,84.36,34.63,12.79,48.90,0
810,5,93.87,97.61,84.25,33.57,12.70,48.19,0
810,6,92.81,97.58,83.55,33.53,13.26,50.36,0
810,7,92.00,97.87,82.75,34.35,12.62,49.72,0
810,8,90.89,97.55,84.80,34.12,12.90,50.21,0
810,9,92.70,97.56,84.23,34.27,13.52,48.56,0
810,10,91.97,97.74,82.80,33.24,12.51,49.59,0
810,11,92.31,97.88,82.64,33.30,12.63,49.24,0
810,12,88.92,97.73,80.38,34.39,13.39,50.75,0
810,13,91.57,97.51,84.81,32.85,13.27,47.75,0
810,14,90.90,97.62,84.42,34.56,13.21,51.43,0
810,15,90.43,98.16,81.12,33.18,13.33,48.37,0
810,16,89.49,97.65,82.51,34.45,13.64,49.55,0
810,17,88.99,97.44,79.74,33.37,13.26,51.23,0
810,18,91.08,98.22,82.17,34.52,12.51,50.41,0
810,19,90.65,97.94,84.46,33.63,13.28,50.48,0
811,0,92.02,99.12,91.48,38.06,11.03,43.26,0
811,1,92.54,98.69,88.55,36.87,11.21,42.24,0
811,2,90.30,99.05,91.94,37.65,11.19,44.45,0
811,3,91.69,99.30,90.01,38.62,10.52,44.05,0
811,4,92.52,99.07,91.29,37.26,10.49,44.35,0
811,5,91.47,98.74,91.82,37.25,11.44,43.14,0
811,6,91.58,98.87,92.22,38.06,10.61,44.49,0
811,7,92.86,99.07,87.21,37.68,10.92,42.75,0
811,8,91.80,98.99,88.40,38.77,10.74,43.22,0
811,9,90.82,99.32,89.83,37.81,11.49,45.51,0
811,10,90.43,99.11,86.48,38.59,11.09,43.74,0
811,11,88.82,98.62,90.21,38.25,11.52,43.04,0
811,12,90.52,99.34,89.97,36.87,11.66,43.79,0
811,13,89.22,98.84,86.58,38.13,11.10,44.10,0
811,14,88.52,98.99,84.95,38.07,11.31,45.59,0
811,15,90.23,98.61,88.18,37.08,10.64,43.86,0
811,16,89.75,98.58,85.79,38.34,10.82,43.35,0
811,17,89.54,99.35,89.24,37.17,10.90,43.17,0
811,18,90.28,98.95,91.25,37.35,10.67,44.20,0
811,19,91.00,99.22,86.77,38.16,11.33,46.10,0
812,0,81.37,98.01,96.42,33.93,15.43,54.81,0
812,1,81.95,97.39,100.20,33.39,14.92,56.95,0
812,2,83.90,97.49,99.14,33.08,14.52,57.26,0
812,3,81.38,98.06,94.96,33.86,14.65,54.69,0
812,4,83.26,97.59,95.71,33.49,15.19,57.34,0
812,5,81.72,98.03,100.02,33.72,15.31,55.33,0
812,6,80.45,98.07,100.80,34.70,14.99,55.49,0
812,7,82.41,97.75,98.46,34.44,15.13,56.88,0
812,8,82.34,97.64,95.48,32.87,15.23,57.34,0
812,9,82.16,98.10,97.34,33.01,15.25,56.30,0
812,10,79.88,97.51,95.66,32.85,15.40,56.39,0
812,11,82.91,97.76,95.60,33.43,14.37,54.89,0
812,12,82.45,97.63,95.27,33.90,15.41,56.88,0
812,13,81.20,98.09,96.90,33.42,15.14,55.31,0
812,14,81.64,97.60,93.64,34.62,15.26,57.39,0
812,15,82.26,98.11,93.86,33.42,15.25,55.25,0
812,16,79.47,97.79,96.87,34.65,15.31,54.49,0
812,17,80.92,97.59,95.31,34.47,14.45,55.48,0
812,18,81.71,97.42,99.82,34.18,14.86,57.25,0
812,19,79.75,98.01,97.01,34.50,14.62,56.15,0
813,0,71.25,98.40,87.99,35.39,10.68,45.43,0
813,1,71.96,98.02,85.16,36.27,10.71,45.02,0
813,2,73.03,98.11,86.71,35.20,11.09,48.25,0
813,3,70.38,98.34,84.42,35.11,11.40,48.16,0
813,4,70.95,98.18,89.06,35.22,11.20,46.55,0
813,5,70.18,98.67,84.26,35.87,10.89,48.17,0
813,6,72.61,98.53,86.90,35.54,11.17,47.85,0
813,7,72.31,98.76,83.52,36.06,10.68,46.28,0
813,8,69.44,98.57,88.67,35.47,10.50,47.18,0
813,9,69.21,98.23,85.95,36.54,10.31,45.00,0
813,10,69.99,98.27,83.82,36.31,11.08,46.67,0
813,11,72.54,98.18,85.83,35.94,10.89,44.67,0
813,12,69.76,98.55,85.93,35.28,10.88,44.52,0
813,13,71.69,98.43,87.08,35.58,10.54,44.81,0
813,14,70.45,98.51,85.60,35.52,10.92,45.47,0
813,15,69.74,98.58,85.48,35.51,10.41,46.20,0
813,16,70.77,98.64,83.52,35.60,11.09,45.01,0
813,17,71.89,98.26,83.23,36.39,10.30,46.56,0
813,18,68.83,98.53,86.95,35.64,10.33,46.52,0
813,19,70.05,98.62,83.23,34.87,10.55,44.69,0
814,0,83.39,98.37,83.31,35.14,15.08,51.94,0
814,1,81.55,98.60,86.64,34.98,15.32,52.56,0
814,2,83.01,98.40,83.13,34.57,15.29,50.90,0
814,3,83.95,98.46,83.21,34.08,14.64,50.28,0
814,4,82.51,98.37,83.99,34.85,14.45,50.81,0
814,5,82.61,97.99,85.04,34.60,14.43,52.82,0
814,6,83.76,98.70,82.92,35.23,15.08,51.61,0
814,7,82.53,98.06,83.61,34.16,14.94,50.77,0
814,8,83.44,98.01,86.92,35.41,14.71,49.47,0
814,9,81.35,98.49,83.23,35.46,14.50,49.59,0
814,10,81.86,98.56,85.73,34.22,14.38,52.30,0
814,11,81.54,98.11,84.04,33.96,14.97,52.65,0
814,12,81.05,98.01,87.01,34.53,15.00,49.69,0
814,13,79.73,98.13,86.96,35.18,15.12,49.31,0
814,14,81.85,98.44,85.17,34.17,14.32,50.85,0
814,15,82.19,98.67,85.61,35.43,14.47,52.66,0
814,16,79.25,98.15,81.53,34.35,15.05,50.44,0
814,17,79.56,98.47,84.36,35.35,14.68,50.19,0
814,18,80.39,98.68,82.07,35.69,15.07,52.89,0
814,19,80.71,98.58,82.23,34.80,14.87,50.90,0
815,0,74.44,98.45,84.28,36.98,10.79,55.26,0
815,1,73.38,98.91,86.30,36.38,11.35,55.44,0
815,2,72.40,98.73,82.63,36.54,11.12,55.07,0
815,3,72.42,99.05,86.48,37.03,11.68,53.79,0
815,4,74.59,98.88,83.57,37.03,10.90,52.42,0
815,5,73.05,99.07,86.48,37.82,11.12,52.70,0
815,6,73.80,98.99,87.64,37.98,11.12,54.48,0
815,7,71.97,99.22,88.05,37.56,10.89,55.25,0
815,8,80.30,97.23,79.24,37.33,11.19,59.75,0
815,9,84.80,96.34,73.62,38.07,11.38,62.41,0
815,10,85.51,95.58,71.71,37.34,11.49,65.34,1
815,11,81.51,96.32,78.00,37.90,11.34,62.95,0
815,12,82.12,96.72,77.13,36.24,10.94,61.69,0
815,13,72.33,98.50,82.93,36.85,10.77,53.00,0
815,14,72.63,99.08,82.75,36.56,11.62,55.71,0
815,15,70.53,98.95,81.26,36.64,10.82,53.04,0
815,16,71.52,98.90,82.58,36.36,11.10,55.07,0
815,17,74.12,98.79,83.61,37.69,11.32,52.54,0
815,18,71.30,99.20,82.87,36.53,11.06,54.26,0
815,19,72.26,98.76,82.01,36.33,11.72,55.72,0
816,0,72.85,97.92,94.42,37.82,16.25,57.73,0
816,1,72.01,98.32,97.59,37.23,16.25,58.47,0
816,2,73.95,97.95,95.48,36.47,16.48,57.84,0
816,3,74.31,97.99,97.56,38.21,16.35,55.92,0
816,4,71.69,98.31,96.68,37.42,15.78,55.58,0
816,5,74.47,98.34,97.27,38.43,16.40,54.87,0
816,6,71.12,98.00,97.90,37.30,16.47,58.59,0
816,7,73.73,98.59,96.59,36.73,15.42,57.88,0
816,8,72.10,97.86,98.78,36.87,16.34,57.87,0
816,9,71.21,98.49,96.46,37.94,15.89,55.17,0
816,10,71.54,98.59,96.07,37.08,15.91,55.01,0
816,11,71.65,98.52,95.93,36.65,16.44,57.48,0
816,12,70.35,98.21,95.67,37.43,15.45,58.10,0
816,13,73.06,97.90,97.18,37.45,15.41,55.86,0
816,14,71.07,98.39,98.79,37.65,16.20,58.76,0
816,15,71.76,98.11,98.50,37.23,16.55,58.51,0
816,16,71.69,98.21,96.95,36.93,16.10,55.32,0
816,17,71.10,98.09,94.99,36.49,16.51,55.95,0
816,18,71.36,98.46,98.94,37.49,16.30,56.03,0
816,19,71.82,98.56,100.15,36.57,16.36,57.61,0
817,0,75.11,97.64,88.96,36.05,14.73,60.57,0
817,1,75.30,97.70,84.47,36.27,14.48,59.51,0
817,2,76.64,97.79,85.25,36.68,14.61,58.17,0
817,3,76.10,97.73,89.89,34.99,15.55,59.82,0
817,4,76.49,97.99,84.97,36.26,15.49,57.87,0
817,5,77.43,97.87,85.67,35.07,15.29,57.68,0
817,6,77.45,97.52,86.00,34.99,15.34,61.59,0
817,7,77.01,97.56,90.30,35.62,15.47,59.85,0
817,8,76.40,97.60,85.20,35.54,15.45,58.82,0
817,9,76.91,97.73,86.60,35.58,15.43,59.24,0
817,10,83.46,96.01,81.08,34.97,15.28,65.05,0
817,11,83.69,95.41,79.51,35.25,15.50,69.23,0
817,12,87.88,94.80,75.64,36.79,14.58,70.14,1
817,13,84.42,95.10,79.79,35.98,15.46,67.74,0
817,14,83.68,95.82,81.92,36.72,14.52,64.43,0
817,15,74.42,97.82,85.43,36.64,14.82,61.18,0
817,16,73.95,98.00,86.60,36.22,14.46,58.17,0
817,17,75.28,97.81,85.96,35.50,14.89,58.64,0
817,18,74.93,97.35,85.83,36.60,15.31,59.55,0
817,19,74.76,97.44,83.78,35.04,14.55,57.97,0
818,0,77.17,98.11,93.20,36.49,11.41,50.20,0
818,1,80.96,98.16,93.27,37.12,11.38,50.36,0
818,2,79.95,98.09,91.99,36.15,11.13,53.29,0
818,3,80.63,98.61,94.28,36.29,11.31,53.59,0
818,4,79.26,98.50,91.80,35.69,11.84,51.97,0
818,5,77.98,97.94,89.88,37.04,11.51,50.00,0
818,6,80.53,98.35,89.48,37.04,12.08,50.67,0
818,7,80.07,98.18,93.18,37.40,11.69,53.46,0
818,8,81.22,97.97,92.10,37.16,12.09,51.61,0
818,9,79.42,98.42,88.62,37.41,11.23,52.11,0
818,10,79.08,98.57,92.05,36.15,12.00,50.81,0
818,11,80.28,98.58,92.90,36.63,11.83,51.97,0
818,12,79.23,98.68,87.77,37.00,12.01,53.37,0
818,13,76.82,98.24,88.79,36.75,11.24,52.20,0
818,14,79.72,98.08,88.51,37.03,11.31,52.85,0
818,15,79.95,98.50,89.87,36.66,11.33,50.01,0
818,16,78.26,98.14,90.94,36.60,11.12,52.64,0
818,17,80.51,98.22,90.39,35.73,11.23,53.48,0
818,18,78.18,98.56,93.10,35.95,12.06,52.83,0
818,19,78.17,98.65,92.28,35.77,11.62,52.19,0
819,0,71.97,98.51,78.42,36.37,15.22,42.35,0
819,1,74.11,98.21,81.90,37.09,15.54,41.67,0
819,2,75.03,97.98,80.64,36.65,15.09,44.68,0
819,3,74.96,98.65,83.13,36.42,14.98,42.56,0
819,4,73.63,98.58,79.15,36.93,15.70,41.35,0
819,5,75.62,98.51,82.45,35.93,15.85,41.76,0
819,6,73.42,98.34,81.25,37.76,14.91,42.59,0
819,7,74.86,98.14,84.45,35.92,15.47,43.13,0
819,8,74.49,98.50,80.19,36.46,15.77,45.08,0
819,9,72.97,98.56,81.16,37.30,15.77,43.82,0
819,10,72.20,97.93,81.08,36.97,15.60,45.23,0
819,11,73.08,98.47,78.32,36.27,14.78,44.59,0
819,12,72.64,98.49,81.83,36.63,15.37,45.20,0
819,13,72.15,98.14,78.42,36.99,15.72,41.83,0
819,14,73.59,98.32,82.29,37.12,15.50,42.00,0
819,15,73.21,98.36,81.10,37.37,15.55,42.04,0
819,16,74.03,98.00,80.55,37.78,15.31,45.18,0
819,17,72.44,98.25,81.51,36.75,15.70,42.12,0
819,18,72.15,98.66,79.28,36.85,15.11,43.85,0
819,19,73.34,98.41,79.08,36.60,15.67,42.41,0
820,0,72.12,98.88,90.54,36.17,11.14,54.97,0
820,1,71.46,98.61,88.57,36.13,11.17,54.53,0
820,2,71.28,98.95,89.96,36.74,11.72,53.92,0
820,3,69.61,99.24,89.51,35.45,10.62,55.12,0
820,4,70.09,98.64,92.66,36.60,11.73,55.19,0
820,5,72.35,98.53,89.32,35.62,10.84,56.22,0
820,6,70.31,99.06,87.98,35.23,11.64,54.47,0
820,7,70.40,99.01,92.91,36.38,11.33,55.58,0
820,8,70.30,98.65,93.19,36.19,11.00,54.30,0
820,9,69.73,99.15,90.08,35.59,10.81,54.35,0
820,10,78.25,96.50,82.26,36.82,11.31,61.02,0
820,11,77.80,96.31,79.98,36.68,11.08,62.21,0
820,12,79.84,95.60,74.99,35.35,11.43,64.79,1
820,13,79.50,96.51,80.88,35.81,10.89,64.30,0
820,14,77.19,96.74,84.65,35.34,11.59,60.85,0
820,15,68.17,98.58,89.58,36.88,11.12,56.73,0
820,16,67.57,98.94,86.83,36.24,11.27,54.17,0
820,17,68.22,99.02,91.51,36.81,11.09,54.13,0
820,18,68.37,98.69,87.69,35.57,11.39,55.41,0
820,19,70.67,98.66,91.86,36.30,11.00,54.46,0
821,0,89.77,98.40,77.93,35.37,11.01,53.40,0
821,1,89.12,97.92,79.07,35.61,11.55,55.91,0
821,2,91.96,98.57,80.19,37.17,11.55,53.17,0
821,3,89.56,98.21,77.34,35.70,11.12,52.45,0
821,4,91.50,98.03,82.00,37.01,11.65,54.71,0
821,5,89.88,97.94,80.52,35.61,11.11,54.16,0
821,6,92.80,98.01,77.31,37.12,11.69,53.87,0
821,7,90.11,97.88,78.37,36.60,11.72,53.67,0
821,8,89.41,98.61,76.91,37.01,11.53,55.46,0
821,9,91.11,97.83,79.56,35.83,11.59,55.76,0
821,10,90.29,97.92,79.03,37.00,11.02,53.96,0
821,11,89.55,98.20,80.32,35.57,11.07,53.66,0
821,12,88.71,97.88,80.54,36.71,10.95,52.83,0
821,13,91.04,98.46,78.91,36.33,11.87,54.98,0
821,14,90.07,97.96,79.18,36.93,11.65,53.10,0
821,15,91.62,98.23,79.35,35.73,11.53,54.56,0
821,16,91.62,98.06,81.41,37.04,11.36,53.23,0
821,17,90.58,98.53,80.80,36.77,11.80,54.21,0
821,18,92.33,98.47,81.79,36.15,11.55,55.55,0
821,19,89.89,98.51,78.12,36.99,11.32,56.11,0
822,0,81.38,98.76,88.54,35.31,14.01,53.48,0
822,1,81.51,98.65,89.30,35.54,14.23,56.16,0
822,2,81.36,98.66,88.40,35.39,14.10,53.78,0
822,3,80.29,99.10,92.71,35.55,13.91,53.86,0
822,4,82.61,99.07,87.91,33.86,14.25,54.37,0
822,5,82.50,98.82,88.92,33.80,14.17,56.54,0
822,6,81.11,99.08,88.89,34.23,13.96,54.44,0
822,7,81.92,99.03,89.74,33.73,13.85,54.93,0
822,8,80.45,98.75,87.42,34.37,14.11,55.57,0
822,9,81.05,99.04,92.30,33.75,14.16,56.16,0
822,10,77.93,98.89,89.50,33.66,13.14,54.12,0
822,11,79.71,98.83,89.76,34.19,13.45,56.40,0
822,12,81.09,98.41,87.84,34.62,13.25,56.05,0
822,13,80.37,99.06,88.10,34.74,13.82,54.57,0
822,14,78.23,98.77,90.87,34.75,13.52,56.87,0
822,15,81.01,98.76,86.58,34.47,13.44,56.93,0
822,16,80.72,98.99,91.39,33.82,13.73,56.81,0
822,17,81.06,98.52,87.96,33.98,13.64,55.79,0
822,18,79.08,98.52,91.32,33.87,13.44,56.74,0
822,19,79.67,98.70,87.64,33.76,14.01,54.77,0
823,0,91.77,97.92,88.68,35.17,14.00,58.67,0
823,1,92.75,97.57,89.52,35.21,14.06,55.61,0
823,2,90.57,97.35,88.10,34.34,13.77,55.83,0
823,3,93.73,97.47,88.54,35.90,14.62,58.52,0
823,4,93.64,97.32,90.30,35.21,14.30,57.67,0
823,5,91.78,97.99,91.08,34.78,14.77,58.50,0
823,6,90.68,97.73,90.81,34.41,14.35,57.18,0
823,7,90.48,97.90,92.40,35.84,14.45,56.33,0
823,8,91.44,97.85,88.73,34.75,14.25,56.81,0
823,9,92.18,97.66,87.49,34.80,14.69,55.79,0
823,10,91.32,97.28,92.18,35.42,14.08,56.63,0
823,11,91.51,97.76,87.93,34.45,13.86,56.93,0
823,12,91.65,97.71,90.71,35.20,14.81,58.93,0
823,13,89.04,97.90,88.93,34.18,14.04,58.13,0
823,14,90.45,97.96,88.92,34.19,14.69,56.65,0
823,15,91.97,97.73,90.84,34.63,14.65,57.16,0
823,16,91.46,97.47,89.25,34.79,14.17,59.05,0
823,17,89.47,97.30,90.18,35.49,14.61,58.66,0
823,18,92.19,97.99,90.18,34.16,14.19,55.17,0
823,19,92.53,97.48,91.44,34.22,14.12,56.84,0
824,0,78.21,98.86,93.50,35.15,13.33,55.15,0
824,1,79.69,98.57,95.29,35.21,12.84,53.85,0
824,2,79.99,98.34,96.14,35.98,13.64,56.53,0
824,3,80.31,98.39,97.45,36.39,13.16,56.38,0
824,4,79.68,98.98,93.35,36.14,13.76,54.00,0
824,5,78.71,98.69,93.51,35.31,13.16,53.75,0
824,6,79.65,98.96,98.50,36.42,13.57,55.72,0
824,7,78.56,98.42,95.85,35.12,13.48,54.54,0
824,8,78.75,99.00,98.04,35.18,13.61,54.67,0
824,9,80.78,98.73,93.96,36.00,13.27,56.18,0
824,10,78.46,98.27,94.51,35.70,13.61,56.00,0
824,11,76.81,98.61,95.51,36.03,12.57,57.30,0
824,12,79.91,99.00,93.66,35.43,13.09,54.39,0
824,13,77.30,98.57,92.41,36.61,12.82,53.52,0
824,14,77.26,98.35,95.47,36.59,12.84,56.86,0
824,15,79.59,99.03,93.26,35.53,12.92,56.53,0
824,16,77.13,98.96,93.68,36.78,12.56,54.51,0
824,17,79.31,98.90,97.38,36.93,12.81,57.01,0
824,18,80.77,98.80,92.98,35.11,12.84,54.03,0
824,19,79.29,98.72,97.15,35.82,12.66,56.25,0
825,0,76.31,97.62,93.38,36.03,10.12,57.05,0
825,1,75.58,97.42,95.55,36.21,9.93,53.83,0
825,2,75.53,97.84,95.16,37.59,10.10,56.27,0
825,3,77.65,97.69,91.56,37.39,10.30,57.33,0
825,4,77.76,97.74,94.63,37.78,10.36,53.67,0
825,5,78.28,97.22,96.45,36.53,10.17,54.47,0
825,6,76.20,97.65,94.59,36.27,10.50,56.47,0
825,7,77.03,97.49,93.30,36.58,10.40,56.61,0
825,8,74.97,97.46,94.72,36.11,10.53,54.48,0
825,9,76.04,97.83,95.97,37.20,9.74,56.33,0
825,10,74.68,97.48,93.96,37.67,9.70,54.30,0
825,11,74.01,97.12,91.78,37.05,9.93,56.74,0
825,12,73.45,97.61,94.86,36.80,9.51,54.22,0
825,13,75.12,97.49,89.58,37.72,10.30,54.52,0
825,14,74.31,97.78,90.97,37.38,10.35,56.06,0
825,15,74.15,97.74,92.15,37.86,10.52,54.91,0
825,16,73.43,97.75,91.28,36.49,9.64,56.38,0
825,17,75.04,97.62,90.14,37.82,10.66,54.34,0
825,18,74.97,97.19,95.18,37.58,9.57,56.33,0
825,19,76.50,97.40,94.88,36.85,10.08,54.73,0
826,0,78.74,97.86,92.54,34.13,12.98,50.12,0
826,1,79.56,97.52,91.46,34.34,12.75,47.31,0
826,2,80.38,97.93,90.21,34.16,13.46,49.66,0
826,3,80.84,97.82,94.55,34.00,13.31,48.88,0
826,4,81.58,97.49,90.05,34.13,13.55,48.31,0
826,5,81.85,97.57,93.31,34.63,13.77,48.38,0
826,6,82.13,97.87,94.15,35.32,13.71,48.04,0
826,7,80.15,98.00,94.58,33.99,12.84,48.40,0
826,8,81.94,97.33,93.93,35.40,13.65,49.93,0
826,9,80.58,97.92,91.23,35.46,13.55,50.16,0
826,10,81.52,97.98,93.27,35.30,13.61,48.99,0
826,11,80.30,97.90,89.00,34.77,13.39,49.81,0
826,12,77.83,97.68,94.22,34.32,13.85,48.69,0
826,13,80.54,97.54,89.96,34.61,13.32,48.85,0
826,14,80.20,97.83,92.50,34.92,12.75,50.60,0
826,15,77.93,97.88,89.27,35.11,12.80,50.11,0
826,16,80.17,97.57,90.07,33.89,13.50,47.62,0
826,17,79.40,97.39,92.27,35.33,13.83,47.40,0
826,18,81.55,97.34,94.72,35.08,13.01,47.80,0
826,19,80.80,97.47,92.05,33.76,12.99,50.55,0
827,0,88.74,98.68,76.11,36.68,14.39,54.25,0
827,1,90.29,98.87,81.98,35.45,14.15,57.07,0
827,2,91.35,98.94,79.15,36.80,14.85,53.34,0
827,3,89.74,98.73,81.47,35.50,14.71,54.81,0
827,4,90.60,98.44,78.12,35.73,14.69,54.82,0
827,5,90.09,98.80,81.60,35.68,14.60,55.87,0
827,6,91.83,98.56,79.20,36.21,14.60,55.30,0
827,7,90.92,98.38,77.34,35.49,14.34,53.72,0
827,8,89.85,98.32,81.88,37.14,14.05,53.77,0
827,9,91.16,98.31,80.41,36.45,14.12,54.28,0
827,10,91.63,98.48,75.73,36.32,14.73,55.65,0
827,11,87.89,98.66,76.39,36.77,13.81,55.17,0
827,12,89.51,98.89,80.68,35.77,14.45,55.62,0
827,13,87.99,98.53,79.63,35.41,14.85,55.85,0
827,14,88.77,98.57,77.75,36.54,14.35,55.60,0
827,15,90.66,98.40,75.65,35.50,14.45,54.77,0
827,16,89.16,98.31,77.31,36.25,13.86,56.96,0
827,17,91.15,98.75,75.67,36.07,14.30,54.86,0
827,18,88.45,98.67,78.65,35.44,14.31,56.87,0
827,19,89.83,98.96,78.15,35.86,13.97,54.77,0
828,0,70.02,98.16,97.93,37.93,11.99,50.75,0
828,1,70.46,98.40,94.40,37.48,12.42,51.95,0
828,2,73.37,97.78,96.44,38.86,11.80,51.06,0
828,3,72.72,97.89,97.84,38.30,11.70,48.61,0
828,4,73.45,98.52,96.30,38.19,12.78,49.57,0
828,5,72.65,97.93,94.37,36.99,11.91,50.79,0
828,6,72.53,97.77,99.29,38.43,12.46,50.72,0
828,7,72.36,97.85,98.21,37.28,12.22,48.41,0
828,8,73.20,97.82,96.38,37.25,11.79,48.79,0
828,9,80.02,96.20,90.37,38.28,12.39,55.08,0
828,10,79.98,95.78,89.50,38.54,12.37,57.46,0
828,11,84.22,95.50,85.97,38.53,12.01,58.21,1
828,12,81.80,95.26,86.85,36.97,12.88,59.47,0
828,13,77.85,96.34,89.58,37.58,12.50,57.23,0
828,14,71.83,98.19,93.31,38.74,12.06,50.39,0
828,15,68.91,97.77,95.08,38.26,12.25,51.84,0
828,16,71.36,98.46,95.94,37.76,12.02,49.96,0
828,17,69.43,97.88,97.68,37.84,12.06,48.22,0
828,18,71.33,98.31,96.42,38.29,12.03,51.32,0
828,19,71.96,98.51,93.20,37.21,12.77,51.99,0
829,0,84.64,97.66,89.00,33.48,13.26,47.89,0
829,1,84.63,97.22,88.26,34.31,14.08,45.76,0
829,2,83.95,97.27,89.47,34.48,14.13,45.91,0
829,3,86.14,97.68,93.66,34.31,14.06,46.40,0
829,4,83.22,97.65,89.46,33.82,13.92,47.64,0
829,5,85.38,97.67,93.34,33.52,13.51,44.02,0
829,6,84.94,97.58,90.48,33.87,13.33,46.60,0
829,7,86.46,97.59,89.01,34.18,13.80,44.21,0
829,8,93.77,95.23,83.52,33.56,13.47,53.73,0
829,9,93.60,94.73,82.53,34.60,13.01,54.66,0
829,10,97.39,94.37,76.62,33.65,14.07,55.27,1
829,11,94.43,94.80,81.80,33.79,13.08,53.88,0
829,12,90.24,95.57,82.64,33.83,13.68,51.63,0
829,13,83.47,97.64,91.88,33.59,13.53,46.95,0
829,14,84.16,97.51,87.64,35.12,13.93,45.62,0
829,15,83.07,97.82,89.28,34.72,13.52,44.30,0
829,16,83.53,97.74,90.17,34.98,13.91,46.20,0
829,17,83.71,97.59,92.64,34.92,12.94,47.78,0
829,18,84.78,97.18,89.85,33.80,13.15,45.89,0
829,19,85.72,97.69,91.90,34.25,13.56,46.04,0
830,0,79.19,97.17,97.43,35.76,10.75,50.63,0
830,1,78.50,97.25,96.99,35.88,10.69,51.51,0
830,2,77.33,97.17,94.55,35.56,10.89,48.62,0
830,3,78.35,97.76,98.53,35.61,10.14,52.05,0
830,4,76.68,97.04,97.31,34.14,10.00,49.10,0
830,5,78.55,97.51,97.83,35.13,10.87,49.92,0
830,6,76.72,97.42,95.54,35.05,10.59,50.23,0
830,7,79.58,97.61,97.08,35.29,9.86,52.00,0
830,8,77.39,97.41,94.23,35.43,10.55,48.57,0
830,9,77.41,97.13,97.77,35.59,10.61,51.44,0
830,10,86.88,95.52,86.74,34.83,10.13,54.88,0
830,11,85.18,95.15,84.57,35.53,10.46,58.00,0
830,12,89.56,94.05,81.22,34.64,10.79,60.56,1
830,13,85.73,94.90,88.32,35.32,10.50,59.08,0
830,14,82.47,95.71,91.31,35.19,9.81,57.42,0
830,15,76.80,97.30,96.42,35.02,10.45,48.49,0
830,16,76.41,97.40,94.34,34.86,10.42,49.41,0
830,17,77.65,97.53,97.39,35.42,9.73,50.75,0
830,18,78.55,97.14,93.85,34.41,10.34,49.18,0
830,19,78.87,97.21,98.52,34.56,10.24,50.02,0
831,0,85.58,97.54,84.74,34.40,13.78,47.13,0
831,1,87.67,97.92,85.45,33.60,14.57,44.80,0
831,2,87.77,97.66,84.32,35.43,14.22,45.13,0
831,3,87.85,97.85,83.90,34.29,13.66,44.32,0
831,4,84.80,98.19,81.42,33.86,14.26,44.99,0
831,5,86.35,97.93,80.53,35.24,13.80,46.82,0
831,6,85.59,98.11,80.38,34.94,13.98,44.97,0
831,7,85.54,98.22,82.76,33.94,14.27,47.68,0
831,8,87.02,98.07,84.83,35.33,14.06,44.46,0
831,9,94.10,95.50,73.64,35.10,13.97,50.79,0
831,10,96.18,95.54,70.22,34.91,14.24,52.68,0
831,11,96.22,94.46,67.33,35.54,14.34,56.62,1
831,12,94.39,95.06,70.66,34.27,13.63,52.22,0
831,13,93.76,96.13,74.60,34.06,14.06,52.96,0
831,14,84.85,97.88,79.71,35.36,13.89,44.26,0
831,15,86.01,97.84,81.52,35.17,13.61,46.19,0
831,16,84.37,97.93,81.11,34.07,14.72,46.05,0
831,17,87.03,98.02,79.67,33.86,14.24,44.82,0
831,18,83.69,97.59,79.21,35.41,13.65,45.71,0
831,19,87.56,97.75,81.32,33.99,13.80,43.84,0
832,0,84.77,98.91,80.13,33.88,11.62,51.67,0
832,1,88.15,99.08,82.06,34.39,11.56,51.23,0
832,2,88.73,99.22,85.57,33.16,10.90,53.25,0
832,3,86.66,98.48,85.76,34.30,11.10,50.34,0
832,4,86.75,98.78,81.87,34.33,11.76,53.86,0
832,5,87.06,99.25,86.13,33.15,10.95,51.86,0
832,6,85.68,98.93,81.80,34.30,11.48,50.62,0
832,7,85.19,98.97,83.65,34.76,10.81,50.40,0
832,8,94.46,97.00,79.19,33.82,11.66,56.85,0
832,9,96.96,96.34,72.55,34.87,10.81,59.28,0
832,10,97.08,95.65,73.28,33.67,11.03,62.76,1
832,11,95.57,96.69,75.10,33.76,11.88,60.16,0
832,12,94.23,97.08,75.68,34.39,11.47,58.63,0
832,13,85.84,98.89,81.16,33.16,11.04,50.68,0
832,14,84.14,98.53,80.38,34.35,11.31,52.78,0
832,15,84.43,98.64,82.21,34.72,11.28,51.51,0
832,16,84.64,99.06,81.58,34.64,11.34,50.57,0
832,17,85.23,98.52,83.70,33.53,11.71,49.96,0
832,18,87.40,99.22,84.81,34.16,11.22,52.07,0
832,19,88.34,98.58,85.78,34.47,10.99,50.60,0
833,0,86.92,97.72,76.37,33.98,14.82,41.76,0
833,1,87.08,97.50,77.67,34.55,14.00,42.52,0
833,2,87.90,97.68,78.09,34.77,14.42,44.05,0
833,3,87.06,98.13,82.91,34.80,14.15,42.30,0
833,4,86.64,97.90,78.47,33.74,14.69,43.53,0
833,5,85.79,98.17,83.00,33.53,13.83,43.40,0
833,6,87.86,97.84,82.99,33.68,14.57,42.64,0
833,7,87.69,97.77,81.63,33.61,14.16,44.23,0
833,8,85.33,98.16,82.07,33.48,14.44,44.30,0
833,9,84.18,98.17,76.45,34.25,14.95,41.99,0
833,10,83.91,97.78,77.77,33.98,14.36,41.89,0
833,11,85.42,97.98,77.26,34.11,13.84,40.96,0
833,12,86.70,97.71,76.68,34.03,13.87,44.38,0
833,13,85.62,97.64,76.84,33.73,13.88,44.26,0
833,14,86.36,97.52,77.45,33.19,14.02,41.31,0
833,15,85.84,97.64,78.42,34.37,14.11,41.75,0
833,16,84.14,97.74,81.02,34.01,14.74,43.39,0
833,17,86.09,98.06,80.67,34.70,14.22,41.64,0
833,18,86.65,97.91,80.88,33.20,14.96,43.71,0
833,19,84.41,98.03,78.14,33.78,14.56,42.35,0
834,0,77.70,97.49,81.64,37.66,15.37,52.01,0
834,1,77.72,97.80,79.74,38.47,14.90,52.25,0
834,2,81.39,98.02,77.25,37.78,15.26,53.32,0
834,3,80.01,97.65,81.27,38.20,15.18,55.76,0
834,4,81.13,98.02,79.90,38.12,14.95,52.87,0
834,5,80.13,98.18,82.84,37.58,14.69,52.75,0
834,6,81.07,97.69,77.40,37.20,15.51,53.28,0
834,7,79.86,97.49,82.60,37.67,15.28,54.81,0
834,8,80.92,97.53,81.35,38.52,14.78,54.38,0
834,9,80.55,97.99,79.08,38.95,14.98,52.09,0
834,10,79.03,97.97,76.25,37.68,14.57,53.72,0
834,11,77.08,98.08,78.98,38.83,15.06,53.37,0
834,12,77.52,97.91,77.87,37.85,15.63,54.10,0
834,13,76.26,97.93,75.67,38.59,15.20,53.15,0
834,14,77.99,98.19,79.27,37.78,14.91,53.98,0
834,15,79.26,98.22,80.68,37.14,15.06,52.78,0
834,16,77.62,97.71,81.30,38.10,14.65,55.49,0
834,17,77.34,97.51,79.40,37.93,14.97,54.66,0
834,18,77.76,97.88,80.21,38.90,15.56,55.23,0
834,19,77.11,98.13,76.52,38.52,15.46,52.60,0
835,0,86.80,97.46,95.61,32.59,13.46,52.75,0
835,1,88.01,97.75,95.74,33.56,13.34,53.18,0
835,2,86.36,97.79,100.88,32.66,13.70,53.63,0
835,3,89.85,97.42,95.57,34.47,13.48,51.07,0
835,4,88.95,97.79,100.13,33.84,13.09,52.31,0
835,5,87.36,98.17,95.86,34.31,12.82,52.79,0
835,6,86.87,97.78,95.74,33.07,13.14,51.89,0
835,7,89.89,97.64,98.23,34.47,13.60,53.05,0
835,8,89.61,97.98,98.44,32.82,12.93,52.36,0
835,9,87.74,97.65,97.34,34.41,13.17,50.96,0
835,10,88.90,98.09,95.23,33.74,13.03,52.66,0
835,11,87.94,97.53,96.62,33.14,13.82,51.81,0
835,12,88.22,97.89,98.08,33.76,12.76,51.74,0
835,13,87.76,97.92,98.35,32.66,13.60,52.72,0
835,14,88.67,97.46,98.51,33.58,13.16,53.52,0
835,15,85.74,97.54,94.42,34.26,13.19,52.35,0
835,16,86.20,97.64,94.16,34.29,13.05,52.71,0
835,17,86.44,97.87,99.00,32.86,13.11,52.68,0
835,18,88.89,98.10,96.03,32.61,12.96,53.29,0
835,19,87.48,98.02,95.42,33.50,13.47,51.17,0
836,0,74.82,98.26,87.15,33.21,14.95,47.61,0
836,1,74.69,98.40,87.29,34.09,14.25,49.49,0
836,2,74.76,98.69,87.79,33.90,14.67,48.43,0
836,3,72.48,98.87,88.92,33.42,14.81,47.85,0
836,4,75.13,98.63,91.84,32.68,14.23,49.57,0
836,5,74.92,98.51,87.18,34.29,14.56,47.85,0
836,6,74.78,98.56,89.98,33.95,14.52,47.79,0
836,7,73.03,98.13,92.46,33.91,15.09,48.20,0
836,8,74.20,98.50,88.09,32.58,15.15,49.50,0
836,9,75.20,98.51,89.66,34.01,14.66,46.65,0
836,10,73.25,98.74,87.30,33.11,14.05,48.92,0
836,11,74.00,98.86,87.60,34.06,15.16,50.09,0
836,12,70.82,98.50,88.96,34.41,14.15,48.70,0
836,13,72.35,98.23,90.22,33.14,14.49,48.93,0
836,14,72.79,98.71,88.93,32.93,15.08,49.96,0
836,15,73.88,98.12,85.79,33.32,14.18,48.72,0
836,16,71.34,98.17,85.72,33.05,15.06,49.99,0
836,17,71.57,98.86,89.11,33.08,15.16,47.99,0
836,18,72.06,98.18,88.50,34.38,14.31,47.70,0
836,19,72.54,98.34,88.75,33.57,14.82,47.27,0
837,0,70.54,98.00,96.55,37.64,15.77,55.02,0
837,1,70.53,97.93,92.95,38.46,15.20,55.45,0
837,2,72.86,97.36,98.17,39.17,15.68,57.91,0
837,3,72.90,97.80,93.18,39.25,15.31,56.87,0
837,4,71.52,97.86,93.84,38.00,16.11,57.57,0
837,5,70.18,97.76,95.03,38.03,15.14,55.55,0
837,6,71.32,97.56,94.76,39.53,15.14,56.10,0
837,7,70.59,98.03,95.04,38.16,15.58,54.03,0
837,8,72.47,97.47,97.45,39.35,15.21,55.14,0
837,9,79.92,95.68,90.46,39.55,15.78,63.56,0
837,10,79.48,94.83,88.70,37.91,15.48,64.15,0
837,11,80.88,94.73,80.04,38.59,15.54,64.74,1
837,12,81.27,95.41,86.11,38.59,15.77,63.17,0
837,13,77.81,95.36,87.24,37.81,15.59,62.61,0
837,14,68.71,97.41,94.29,37.65,15.70,56.34,0
837,15,71.21,97.57,95.94,38.37,16.05,54.11,0
837,16,70.87,97.31,95.07,39.22,15.34,57.54,0
837,17,72.59,97.46,96.79,38.80,15.27,55.45,0
837,18,71.76,97.40,97.47,38.34,15.79,56.12,0
837,19,71.59,97.28,95.98,38.12,15.12,54.87,0
838,0,72.15,97.91,96.39,33.46,12.95,47.89,0
838,1,72.04,97.80,92.03,32.79,13.08,47.69,0
838,2,72.75,97.56,93.39,33.12,12.91,47.08,0
838,3,72.03,97.64,96.37,34.02,12.59,47.07,0
838,4,73.06,97.76,96.23,32.85,13.12,47.93,0
838,5,70.95,98.09,92.73,34.16,12.59,46.45,0
838,6,70.13,97.74,95.65,32.53,12.90,46.61,0
838,7,72.44,97.77,94.20,33.51,12.38,49.63,0
838,8,71.45,97.97,95.83,33.26,12.46,46.73,0
838,9,70.49,97.55,91.80,33.49,12.80,47.22,0
838,10,79.36,95.95,87.98,33.52,13.04,52.00,0
838,11,79.26,95.02,85.66,32.63,12.26,55.20,0
838,12,82.45,94.99,81.49,33.49,13.26,55.96,1
838,13,81.17,95.28,81.85,33.90,12.79,54.74,0
838,14,78.75,96.26,86.86,34.17,12.59,53.07,0
838,15,67.81,98.01,94.56,32.92,12.48,46.14,0
838,16,70.46,97.70,93.75,33.10,12.42,46.55,0
838,17,69.05,97.89,93.32,33.11,13.05,48.46,0
838,18,71.03,98.21,91.38,32.48,12.93,46.63,0
838,19,69.46,98.27,96.96,32.90,13.06,49.05,0
839,0,78.14,98.11,84.80,34.45,13.10,54.46,0
839,1,78.90,97.94,87.95,33.65,12.34,55.65,0
839,2,78.75,97.99,87.39,33.05,12.86,53.43,0
839,3,81.24,98.63,85.98,32.73,12.65,52.96,0
839,4,79.02,98.23,87.52,34.20,13.31,54.85,0
839,5,81.15,98.18,89.00,34.17,12.78,54.01,0
839,6,78.54,97.86,85.36,33.85,12.51,53.02,0
839,7,78.63,98.24,88.37,33.67,12.75,55.19,0
839,8,80.35,98.00,83.30,32.93,12.42,54.60,0
839,9,77.24,98.11,88.24,33.31,12.87,53.53,0
839,10,79.40,98.42,83.39,33.33,12.96,55.19,0
839,11,79.37,98.36,86.20,33.48,13.36,54.55,0
839,12,79.32,98.15,86.14,33.45,13.09,55.94,0
839,13,76.60,98.55,81.80,32.84,13.40,55.35,0
839,14,77.68,98.47,83.09,33.62,13.04,53.02,0
839,15,77.41,98.62,84.45,32.96,13.31,54.57,0
839,16,79.59,97.86,86.97,33.19,13.15,55.70,0
839,17,79.91,98.18,83.35,33.89,12.65,55.63,0
839,18,79.46,98.42,85.73,32.93,12.45,55.11,0
839,19,77.46,98.35,86.79,33.69,13.32,55.82,0
840,0,76.88,98.94,88.88,33.29,16.06,63.70,0
840,1,78.11,98.66,89.25,32.61,15.88,61.64,0
840,2,78.08,98.91,90.93,33.73,16.35,61.89,0
840,3,75.88,99.18,93.21,34.21,15.54,62.91,0
840,4,76.51,98.64,88.66,34.06,15.77,63.15,0
840,5,76.29,98.84,89.93,33.52,16.03,61.05,0
840,6,76.99,98.71,93.63,32.66,15.54,61.94,0
840,7,78.51,98.91,89.18,32.46,15.30,61.41,0
840,8,78.10,98.99,87.93,32.52,16.19,60.66,0
840,9,74.92,99.10,88.80,33.28,15.40,62.29,0
840,10,77.54,99.35,91.25,33.19,16.26,60.66,0
840,11,74.40,98.71,91.55,32.73,15.50,62.90,0
840,12,75.93,98.58,89.84,32.98,15.29,63.21,0
840,13,75.68,98.76,86.88,33.70,15.26,63.56,0
840,14,76.56,98.69,89.88,32.49,15.81,63.92,0
840,15,73.74,99.35,86.90,32.93,15.63,61.02,0
840,16,76.94,98.91,90.15,32.31,16.38,63.38,0
840,17,76.22,99.06,88.77,32.85,15.89,63.04,0
840,18,76.72,99.17,90.85,33.06,16.38,63.46,0
840,19,76.49,98.66,93.20,33.80,16.05,62.70,0
841,0,69.34,98.56,91.79,34.09,11.61,54.81,0
841,1,70.73,98.25,91.68,33.26,11.35,56.20,0
841,2,70.83,98.51,95.48,33.92,11.74,55.35,0
841,3,71.73,98.03,92.03,34.61,11.12,55.05,0
841,4,69.45,98.62,96.40,33.82,12.01,54.45,0
841,5,72.56,98.38,91.54,34.23,11.27,54.18,0
841,6,70.85,98.21,91.11,33.33,11.42,56.16,0
841,7,70.46,98.03,94.34,33.37,11.13,54.13,0
841,8,72.21,98.47,96.63,33.80,11.49,54.72,0
841,9,70.62,98.37,93.35,34.90,11.43,57.25,0
841,10,69.73,98.11,92.28,33.08,11.21,57.56,0
841,11,70.12,98.72,91.66,34.40,10.89,55.73,0
841,12,69.31,98.42,93.12,34.20,11.38,54.54,0
841,13,70.61,98.73,92.84,34.64,11.52,55.32,0
841,14,68.30,98.37,95.25,34.72,10.97,57.37,0
841,15,70.08,98.41,94.24,33.33,11.82,55.17,0
841,16,68.71,98.29,94.19,34.30,11.65,55.16,0
841,17,71.11,98.15,93.23,34.05,10.89,53.84,0
841,18,70.83,98.76,90.24,33.63,11.12,56.12,0
841,19,69.72,98.46,93.87,34.98,11.90,57.13,0
842,0,83.96,98.78,84.37,33.16,12.66,55.68,0
842,1,83.72,98.40,84.51,32.49,13.00,57.22,0
842,2,86.20,98.55,89.18,32.83,12.73,57.42,0
842,3,84.95,98.43,84.90,34.13,12.83,56.98,0
842,4,84.88,98.60,89.32,33.77,13.71,56.08,0
842,5,85.42,98.28,83.99,34.09,13.51,55.08,0
842,6,85.52,98.67,89.38,34.21,12.68,55.26,0
842,7,84.07,98.64,84.88,32.79,12.79,55.51,0
842,8,83.58,98.61,87.34,33.54,13.49,54.91,0
842,9,85.15,98.52,86.12,33.41,12.67,56.31,0
842,10,84.94,98.56,84.58,33.82,13.31,55.05,0
842,11,85.79,98.88,86.50,33.80,13.46,56.17,0
842,12,86.15,98.55,83.51,34.22,13.43,56.65,0
842,13,84.48,98.28,84.06,33.54,13.30,55.79,0
842,14,85.74,98.89,84.13,34.05,12.94,55.54,0
842,15,85.42,98.97,85.24,33.17,13.00,56.57,0
842,16,82.56,98.55,87.91,34.35,13.01,55.33,0
842,17,85.56,98.50,87.06,32.68,13.30,55.32,0
842,18,83.06,98.70,86.79,34.12,13.68,57.91,0
842,19,84.26,98.98,88.05,34.13,13.53,57.03,0
843,0,92.05,97.71,83.27,39.00,14.49,44.02,0
843,1,92.42,98.24,86.08,38.91,14.43,43.85,0
843,2,93.32,97.85,86.46,38.79,14.98,43.94,0
843,3,94.26,97.68,83.83,37.44,14.61,44.31,0
843,4,91.38,98.16,81.80,39.30,14.61,44.29,0
843,5,92.51,98.05,86.66,37.43,14.19,42.12,0
843,6,92.59,98.28,83.06,37.47,14.54,42.10,0
843,7,91.69,97.80,84.20,37.57,14.19,43.13,0
843,8,94.03,97.86,85.40,38.37,15.26,44.09,0
843,9,92.04,98.06,84.26,38.74,14.90,43.70,0
843,10,91.99,98.14,81.93,37.60,14.51,44.07,0
843,11,92.34,98.22,80.89,38.73,14.40,44.75,0
843,12,90.58,98.36,83.61,37.81,15.02,41.89,0
843,13,89.96,97.72,82.82,38.58,14.16,41.58,0
843,14,92.93,98.42,82.60,37.71,14.76,43.17,0
843,15,91.39,98.31,80.16,38.73,14.73,43.95,0
843,16,92.86,97.81,84.63,38.97,14.60,42.39,0
843,17,90.61,97.87,79.83,39.11,14.35,41.26,0
843,18,89.86,97.89,84.51,38.24,14.72,43.25,0
843,19,90.17,98.43,83.67,37.71,14.32,42.44,0
844,0,73.65,98.70,79.14,35.50,14.55,54.53,0
844,1,75.13,98.12,79.36,35.92,14.25,53.29,0
844,2,75.73,98.33,78.49,34.87,15.04,53.44,0
844,3,74.10,98.40,81.65,35.47,14.30,55.87,0
844,4,73.04,98.34,81.77,36.11,14.32,55.56,0
844,5,73.50,98.43,78.71,35.48,14.93,53.39,0
844,6,76.75,98.12,78.69,34.58,15.17,56.32,0
844,7,75.30,98.60,78.40,34.54,14.81,55.78,0
844,8,74.15,98.70,83.05,36.39,14.22,53.74,0
844,9,80.32,96.62,76.29,35.57,14.73,62.26,0
844,10,85.07,96.11,68.62,35.71,14.85,62.81,0
844,11,87.64,95.13,69.81,34.43,14.42,65.01,1
844,12,81.55,95.63,71.99,35.96,15.18,62.12,0
844,13,81.94,96.72,76.18,36.23,14.64,59.69,0
844,14,74.33,98.07,79.83,36.23,14.73,56.15,0
844,15,72.53,98.26,80.95,34.98,14.49,52.97,0
844,16,74.51,97.94,78.05,35.66,14.22,54.17,0
844,17,75.19,98.26,81.11,35.18,15.29,56.19,0
844,18,73.80,98.14,82.98,35.46,15.25,54.97,0
844,19,75.71,98.63,79.88,36.21,15.20,54.64,0
845,0,72.72,98.88,79.59,36.23,15.45,55.86,0
845,1,70.13,98.84,79.37,36.26,14.42,57.52,0
845,2,71.77,98.27,80.29,37.07,14.70,58.89,0
845,3,73.58,98.50,77.38,37.00,14.92,57.95,0
845,4,74.05,98.21,80.97,37.65,15.61,57.84,0
845,5,74.06,98.68,81.42,37.43,14.69,59.05,0
845,6,73.59,98.32,76.83,37.14,15.50,58.03,0
845,7,71.41,98.80,78.46,37.06,15.03,56.53,0
845,8,70.81,98.64,78.79,36.62,15.52,57.05,0
845,9,72.09,98.39,78.65,36.49,14.57,58.58,0
845,10,70.63,98.37,80.68,36.38,14.59,56.79,0
845,11,71.74,98.73,80.75,38.00,15.20,59.56,0
845,12,71.93,98.37,78.18,37.48,14.56,57.88,0
845,13,69.66,98.48,78.23,37.39,15.06,56.96,0
845,14,69.13,98.65,79.27,37.28,14.47,59.15,0
845,15,70.30,98.63,75.32,37.01,14.66,57.97,0
845,16,71.87,98.26,78.96,36.49,15.41,58.57,0
845,17,70.34,98.34,74.91,37.29,15.03,58.00,0
845,18,72.67,98.85,76.47,38.17,15.58,58.31,0
845,19,70.35,98.65,80.02,37.39,14.46,57.50,0
846,0,70.66,98.15,82.67,37.25,10.58,60.57,0
846,1,69.82,98.56,82.23,36.01,9.77,58.47,0
846,2,71.99,98.19,78.41,36.85,9.61,59.78,0
846,3,71.55,98.59,80.14,35.87,10.10,60.42,0
846,4,70.65,98.18,78.98,36.62,10.37,57.21,0
846,5,70.94,98.63,83.53,36.71,9.71,59.05,0
846,6,73.36,98.84,79.24,35.60,10.60,57.33,0
846,7,71.09,98.33,80.42,35.87,10.09,58.38,0
846,8,71.06,98.31,80.72,36.23,9.70,58.53,0
846,9,71.19,98.09,80.38,35.71,10.46,60.27,0
846,10,71.75,98.37,81.83,37.08,9.64,59.31,0
846,11,70.38,98.72,82.09,36.81,10.60,57.74,0
846,12,70.30,98.24,80.46,36.19,10.65,57.93,0
846,13,69.91,98.73,79.79,37.24,9.84,58.91,0
846,14,70.30,98.64,79.05,36.68,9.78,57.82,0
846,15,72.24,98.55,76.84,36.40,10.07,59.38,0
846,16,69.49,98.38,77.25,37.32,10.57,59.92,0
846,17,70.39,98.52,78.51,36.28,9.54,61.03,0
846,18,71.72,98.85,76.84,36.16,10.51,61.12,0
846,19,70.09,98.59,77.22,36.24,10.00,58.82,0
847,0,83.40,98.32,93.18,35.17,10.60,58.16,0
847,1,84.44,98.94,95.54,35.47,9.48,60.69,0
847,2,83.64,98.63,92.45,34.54,9.53,58.85,0
847,3,84.12,98.31,94.62,35.67,9.98,59.82,0
847,4,85.08,98.81,98.27,34.50,9.55,59.10,0
847,5,84.27,98.22,95.27,34.45,9.68,58.71,0
847,6,84.21,98.56,94.85,35.11,9.48,57.72,0
847,7,81.37,98.46,94.53,34.99,10.30,58.77,0
847,8,83.39,98.42,96.20,34.69,10.11,60.27,0
847,9,82.50,98.90,95.93,35.01,10.16,57.77,0
847,10,89.75,96.73,90.48,34.07,10.59,63.00,0
847,11,92.05,96.04,84.20,35.16,10.03,67.46,0
847,12,92.24,95.33,79.67,34.32,10.31,67.48,1
847,13,91.19,96.05,82.16,34.97,10.14,68.21,0
847,14,91.15,96.51,87.62,35.22,10.30,64.26,0
847,15,82.80,98.38,95.96,34.35,9.65,58.45,0
847,16,81.39,98.22,93.16,34.68,9.41,58.12,0
847,17,80.65,98.23,95.88,34.07,9.71,58.52,0
847,18,83.27,98.44,92.31,35.06,9.58,57.60,0
847,19,81.28,98.88,92.12,35.97,9.61,59.23,0
848,0,91.02,98.76,98.57,38.40,11.95,59.41,0
848,1,87.71,98.34,98.96,37.52,11.76,56.44,0
848,2,91.17,98.09,95.11,38.57,11.61,57.04,0
848,3,89.00,98.05,98.98,38.83,11.49,57.53,0
848,4,89.75,98.67,99.70,38.38,11.24,58.67,0
848,5,88.92,98.17,98.09,37.32,11.50,57.92,0
848,6,88.30,98.41,97.57,38.32,11.23,59.11,0
848,7,89.82,98.40,97.92,38.71,11.50,57.96,0
848,8,89.88,97.99,96.24,38.37,11.77,56.94,0
848,9,88.09,98.72,98.31,37.59,11.53,59.62,0
848,10,87.38,98.18,96.16,37.06,11.25,57.47,0
848,11,89.25,98.45,98.78,38.08,12.05,59.78,0
848,12,89.95,98.38,99.59,38.71,11.71,59.42,0
848,13,89.97,98.36,96.76,37.49,11.36,56.62,0
848,14,88.04,98.32,97.62,37.46,11.18,57.86,0
848,15,89.76,98.52,94.63,37.97,11.91,59.67,0
848,16,88.33,98.27,96.06,37.21,11.51,59.19,0
848,17,89.46,98.72,95.18,37.57,12.24,56.44,0
848,18,87.99,98.16,96.59,38.52,11.72,59.78,0
848,19,88.73,98.56,94.59,37.29,11.97,59.04,0
849,0,74.81,98.30,83.36,37.98,10.34,56.11,0
849,1,76.75,97.73,87.65,38.28,10.52,58.02,0
849,2,74.40,98.01,86.92,37.11,11.18,54.48,0
849,3,78.36,97.76,85.07,37.38,11.31,57.79,0
849,4,75.37,98.14,87.59,38.00,10.26,55.36,0
849,5,75.66,97.72,84.05,38.19,11.03,55.40,0
849,6,75.01,98.20,84.99,37.76,11.21,57.56,0
849,7,76.66,97.67,87.70,37.58,11.03,55.41,0
849,8,74.33,97.78,87.09,37.68,11.19,58.36,0
849,9,75.75,97.65,88.00,37.46,10.57,56.54,0
849,10,76.64,97.73,82.74,38.02,10.67,55.23,0
849,11,76.68,97.94,86.80,37.68,11.34,55.07,0
849,12,76.25,98.07,83.76,37.92,10.96,58.12,0
849,13,73.53,98.32,87.42,37.80,10.77,58.11,0
849,14,75.31,98.34,83.39,37.14,10.38,57.30,0
849,15,74.60,98.31,84.09,38.39,10.98,57.47,0
849,16,76.20,97.64,85.78,38.00,10.78,55.83,0
849,17,75.37,98.16,83.40,37.94,10.91,55.73,0
849,18,76.46,98.39,84.54,38.81,10.35,56.39,0
849,19,76.37,97.87,86.43,37.14,11.34,56.67,0
850,0,83.40,97.66,78.75,33.51,11.07,57.23,0
850,1,85.86,97.25,79.27,33.90,11.32,58.94,0
850,2,84.04,97.17,81.68,32.82,10.57,57.52,0
850,3,85.75,97.52,81.54,32.24,10.75,56.61,0
850,4,86.67,97.00,76.80,33.18,11.27,56.65,0
850,5,85.98,97.49,76.70,33.43,11.01,57.88,0
850,6,84.82,97.13,80.44,33.29,11.00,56.62,0
850,7,84.14,97.26,80.71,32.78,11.39,57.27,0
850,8,83.81,97.21,81.69,33.33,10.96,57.92,0
850,9,87.17,97.70,78.57,32.75,10.41,58.58,0
850,10,84.13,97.76,78.57,32.82,10.86,56.90,0
850,11,85.67,97.26,79.05,32.93,10.53,56.23,0
850,12,85.52,97.61,75.50,33.45,10.35,56.19,0
850,13,84.18,97.18,75.48,33.51,10.95,58.15,0
850,14,83.38,97.62,75.32,33.15,11.21,58.86,0
850,15,86.54,97.63,75.38,32.09,10.76,58.50,0
850,16,85.23,97.50,80.18,33.07,11.11,58.36,0
850,17,85.58,97.43,75.68,33.80,11.43,59.11,0
850,18,84.70,97.15,80.50,32.86,11.45,59.45,0
850,19,85.54,97.37,78.23,33.97,10.51,58.75,0
851,0,82.11,98.82,84.77,35.17,15.43,56.68,0
851,1,83.05,98.86,84.99,36.34,15.75,54.47,0
851,2,84.41,98.70,85.80,35.49,16.24,55.47,0
851,3,84.60,98.63,87.93,36.20,15.44,55.82,0
851,4,83.18,98.60,87.39,35.52,15.23,56.20,0
851,5,81.77,99.00,90.64,34.97,15.67,56.96,0
851,6,81.80,98.81,86.49,34.57,15.56,53.32,0
851,7,82.78,98.80,88.06,36.11,16.22,56.53,0
851,8,92.70,96.46,79.03,36.15,15.87,62.16,0
851,9,91.32,96.33,76.98,35.21,16.34,65.18,0
851,10,94.33,96.24,75.12,35.01,16.27,66.23,1
851,11,91.72,96.38,80.44,34.82,15.73,62.87,0
851,12,89.23,97.05,83.27,35.29,15.81,62.22,0
851,13,80.30,98.92,85.60,35.47,15.97,53.22,0
851,14,82.50,98.62,84.32,34.73,15.37,56.81,0
851,15,82.49,99.02,86.54,34.86,15.95,54.46,0
851,16,82.03,98.52,86.96,35.91,15.79,54.38,0
851,17,83.72,99.02,87.25,35.65,15.90,56.41,0
851,18,83.56,99.01,89.90,35.38,15.57,54.59,0
851,19,83.20,99.19,86.40,35.35,15.97,55.88,0
852,0,72.86,97.51,79.11,37.18,14.26,59.12,0
852,1,74.23,97.50,75.96,36.61,14.87,60.05,0
852,2,73.24,97.92,77.92,36.07,14.29,62.04,0
852,3,73.92,97.74,77.02,36.51,14.60,62.19,0
852,4,73.50,97.78,81.49,35.62,14.10,61.88,0
852,5,76.91,97.54,81.28,36.77,14.37,61.04,0
852,6,74.06,98.03,79.50,35.93,14.91,59.27,0
852,7,75.56,97.64,78.56,35.43,14.47,58.45,0
852,8,74.07,98.08,81.60,35.50,14.23,59.60,0
852,9,75.71,97.79,78.12,36.61,14.84,62.14,0
852,10,73.69,97.57,80.27,35.63,14.68,61.34,0
852,11,74.52,97.67,75.85,36.62,13.99,60.97,0
852,12,73.44,98.11,77.55,37.15,14.95,59.95,0
852,13,73.99,98.20,79.87,37.02,14.81,60.08,0
852,14,75.44,98.05,79.30,36.36,14.93,58.40,0
852,15,72.79,97.85,79.93,36.52,14.95,61.32,0
852,16,73.53,97.77,77.91,36.66,14.33,59.40,0
852,17,75.68,97.92,78.85,35.93,14.63,60.37,0
852,18,75.80,98.09,78.12,35.37,13.89,61.94,0
852,19,72.96,97.79,77.44,36.11,14.05,62.15,0
853,0,72.57,98.01,81.60,35.45,13.86,59.22,0
853,1,73.24,97.71,81.20,36.34,13.49,58.84,0
853,2,72.45,97.36,79.47,35.74,13.36,57.81,0
853,3,71.07,97.65,83.89,35.45,13.83,57.36,0
853,4,70.32,97.47,81.53,35.82,13.69,59.36,0
853,5,73.40,97.48,78.26,35.47,14.35,58.20,0
853,6,70.87,97.56,83.78,34.70,13.49,57.24,0
853,7,72.06,97.71,78.54,35.63,13.96,59.19,0
853,8,72.70,97.63,79.09,35.60,13.42,56.44,0
853,9,72.85,97.51,79.69,34.99,13.81,56.99,0
853,10,70.63,97.44,77.93,35.77,13.43,55.69,0
853,11,72.21,97.37,77.76,35.70,13.80,58.85,0
853,12,71.23,97.37,78.03,35.59,13.23,55.69,0
853,13,70.04,97.63,80.16,35.79,14.40,59.62,0
853,14,71.48,97.45,76.88,36.07,14.07,58.45,0
853,15,69.78,98.00,81.57,35.66,14.19,55.91,0
853,16,69.94,97.96,78.71,34.61,14.20,57.80,0
853,17,72.02,97.36,82.41,35.29,13.21,56.04,0
853,18,73.20,97.48,78.59,35.15,14.37,56.05,0
853,19,72.50,97.81,78.53,34.68,14.38,59.64,0
854,0,92.86,97.57,84.71,34.87,13.34,61.99,0
854,1,90.16,97.82,84.40,36.12,14.21,59.59,0
854,2,90.54,97.51,90.05,35.93,13.69,61.11,0
854,3,93.25,98.09,88.88,36.00,13.33,62.79,0
854,4,90.33,98.03,86.62,34.53,14.15,59.92,0
854,5,91.01,97.92,86.39,35.18,13.15,62.59,0
854,6,93.04,98.09,84.80,35.64,13.99,61.34,0
854,7,92.31,97.92,86.01,34.37,13.97,62.52,0
854,8,93.33,97.45,89.51,36.22,13.68,62.12,0
854,9,90.02,97.43,84.45,34.81,13.32,60.71,0
854,10,90.16,97.43,87.93,36.05,13.87,60.18,0
854,11,91.68,97.99,84.31,34.52,13.12,61.61,0
854,12,90.02,97.52,84.27,34.70,13.34,61.23,0
854,13,90.64,97.42,83.83,35.32,13.29,62.33,0
854,14,89.24,97.61,84.32,35.44,13.39,63.09,0
854,15,91.15,97.80,87.47,35.64,13.55,61.91,0
854,16,91.52,97.98,83.56,34.36,13.46,62.97,0
854,17,91.13,98.04,83.95,34.88,13.80,60.41,0
854,18,90.87,97.36,88.96,35.47,13.93,59.67,0
854,19,89.92,97.99,89.46,36.16,13.88,60.55,0
855,0,74.75,98.39,82.30,35.29,12.67,58.36,0
855,1,74.34,98.35,80.66,36.20,12.53,59.34,0
855,2,76.18,98.31,85.27,34.57,12.45,56.91,0
855,3,73.06,98.41,83.69,35.37,12.86,59.57,0
855,4,76.02,97.83,84.45,34.54,12.31,58.15,0
855,5,74.47,98.08,83.76,35.39,13.21,58.47,0
855,6,76.61,98.18,82.77,34.82,12.34,57.92,0
855,7,72.51,98.45,83.56,35.03,13.01,59.00,0
855,8,72.49,97.81,81.46,34.74,12.51,59.10,0
855,9,72.75,97.91,80.84,36.06,12.89,57.80,0
855,10,74.36,98.11,83.05,36.14,12.70,60.09,0
855,11,71.56,98.10,83.97,35.43,12.26,59.35,0
855,12,73.54,98.46,82.90,35.12,12.73,59.36,0
855,13,71.44,98.15,81.08,34.80,13.37,56.74,0
855,14,71.21,97.95,79.35,34.51,12.53,59.21,0
855,15,71.81,97.87,84.24,34.86,12.83,59.30,0
855,16,73.73,97.84,81.30,36.03,12.52,57.61,0
855,17,74.23,98.16,78.87,35.76,12.89,58.13,0
855,18,75.13,98.39,83.59,35.64,13.07,56.94,0
855,19,75.22,98.10,82.13,35.78,13.16,57.32,0
856,0,90.80,97.26,80.49,35.44,15.12,54.35,0
856,1,90.76,97.16,81.60,34.96,15.28,57.47,0
856,2,91.35,97.51,85.39,34.34,15.29,56.96,0
856,3,92.34,97.31,86.21,34.77,14.84,54.20,0
856,4,93.97,97.22,82.67,34.24,15.12,53.77,0
856,5,92.00,97.13,81.64,35.96,15.04,57.46,0
856,6,93.26,97.05,83.56,34.81,15.31,56.80,0
856,7,92.37,97.74,80.87,35.39,15.30,55.41,0
856,8,93.19,97.59,84.70,34.79,15.67,55.40,0
856,9,92.53,97.72,81.97,35.84,15.68,57.48,0
856,10,92.74,97.07,85.47,34.34,14.79,54.46,0
856,11,92.32,97.25,82.28,35.68,15.22,54.95,0
856,12,90.27,97.07,85.20,34.23,15.71,53.95,0
856,13,89.07,97.15,84.46,35.71,15.07,55.65,0
856,14,89.88,96.99,81.94,35.36,15.03,54.75,0
856,15,91.26,97.64,81.22,34.98,15.40,54.88,0
856,16,92.20,97.29,85.01,35.65,15.80,53.94,0
856,17,88.96,96.96,81.93,34.75,14.79,56.05,0
856,18,91.10,97.46,80.70,34.43,15.74,55.73,0
856,19,89.86,96.96,85.28,34.83,15.78,57.56,0
857,0,74.52,97.37,82.08,33.68,13.12,40.71,0
857,1,72.39,97.18,83.15,34.88,12.98,40.60,0
857,2,75.28,96.89,83.75,33.58,13.38,40.67,0
857,3,73.46,96.90,83.65,33.96,13.30,41.93,0
857,4,73.58,97.33,84.69,33.31,13.54,43.92,0
857,5,75.23,97.53,84.13,33.92,12.86,40.17,0
857,6,75.11,97.18,83.57,33.32,13.33,40.80,0
857,7,72.91,97.00,82.42,33.78,13.77,44.08,0
857,8,75.08,97.62,81.80,33.22,13.57,42.21,0
857,9,72.00,97.26,78.75,33.57,13.64,43.43,0
857,10,71.65,97.04,81.84,34.84,12.67,41.95,0
857,11,71.68,97.33,82.82,34.84,13.11,41.03,0
857,12,71.88,97.17,80.38,34.43,12.75,41.65,0
857,13,73.66,96.99,81.25,35.10,12.85,43.36,0
857,14,71.87,97.54,77.69,33.84,12.86,42.93,0
857,15,74.02,97.39,80.77,35.07,13.73,41.56,0
857,16,72.52,97.27,78.41,33.47,12.72,41.61,0
857,17,71.17,96.95,81.04,33.80,13.46,41.75,0
857,18,71.04,97.34,80.34,34.56,13.09,42.88,0
857,19,71.85,97.06,78.49,34.82,13.18,40.88,0
858,0,89.90,97.75,78.47,37.61,14.57,54.27,0
858,1,91.27,97.44,79.66,39.05,13.95,54.36,0
858,2,89.12,97.50,82.18,37.98,14.57,54.55,0
858,3,89.89,97.59,83.71,38.94,14.66,54.60,0
858,4,91.86,97.42,84.34,38.91,14.01,57.27,0
858,5,89.09,97.52,83.47,38.71,14.17,57.09,0
858,6,92.77,97.76,83.36,38.34,14.67,55.75,0
858,7,92.55,97.69,84.20,38.56,14.26,53.47,0
858,8,91.67,97.88,82.95,39.09,14.65,55.22,0
858,9,91.56,97.89,82.72,39.00,14.33,55.49,0
858,10,89.21,98.12,83.40,37.98,14.83,56.93,0
858,11,89.64,97.73,82.78,38.83,14.26,53.80,0
858,12,89.66,97.99,80.79,37.95,14.86,54.41,0
858,13,88.90,97.48,81.36,39.26,15.05,55.30,0
858,14,88.22,97.51,80.09,38.09,14.88,55.80,0
858,15,88.05,97.49,77.52,37.95,14.09,56.30,0
858,16,90.21,97.89,80.67,37.55,14.01,56.94,0
858,17,88.36,97.41,79.14,38.78,14.26,56.91,0
858,18,91.54,97.79,82.44,38.48,14.40,54.42,0
858,19,91.59,97.65,83.52,38.34,13.97,55.93,0
859,0,71.20,98.24,85.71,36.67,10.78,43.41,0
859,1,71.63,98.57,85.74,36.99,11.67,41.44,0
859,2,72.79,98.44,84.79,36.36,10.93,43.90,0
859,3,73.37,98.33,86.11,36.32,11.55,43.86,0
859,4,71.78,98.21,86.99,36.80,10.58,41.92,0
859,5,74.51,98.16,82.02,36.72,10.67,41.92,0
859,6,71.07,98.50,84.99,37.12,10.76,41.77,0
859,7,70.86,98.23,81.17,35.97,11.25,43.94,0
859,8,73.69,98.29,82.51,36.37,11.70,42.65,0
859,9,71.28,98.40,85.12,35.54,11.07,43.27,0
859,10,73.10,98.24,86.23,36.44,11.65,42.52,0
859,11,70.21,98.46,84.50,36.04,11.08,42.36,0
859,12,70.44,98.38,83.09,36.49,11.08,41.80,0
859,13,72.70,98.50,85.55,35.67,11.65,42.24,0
859,14,69.67,98.09,82.87,36.65,11.05,41.97,0
859,15,71.80,98.54,82.60,37.35,10.67,43.04,0
859,16,70.85,98.17,83.74,36.51,10.77,43.61,0
859,17,70.19,98.14,81.24,37.10,10.88,41.50,0
859,18,73.94,98.33,82.39,36.34,10.86,42.81,0
859,19,73.09,98.27,84.58,36.57,11.09,42.83,0
860,0,79.23,97.99,88.52,36.87,13.50,61.70,0
860,1,79.58,98.04,84.53,36.47,12.93,59.93,0
860,2,79.65,97.55,85.29,37.70,13.24,63.05,0
860,3,79.46,98.02,89.22,36.96,12.94,62.84,0
860,4,82.02,97.50,84.32,37.61,13.22,60.32,0
860,5,81.91,98.04,87.91,38.19,12.42,61.34,0
860,6,79.22,97.84,86.03,38.04,12.38,62.37,0
860,7,80.80,97.94,84.67,37.16,12.66,60.83,0
860,8,81.24,98.13,87.51,37.24,13.10,62.34,0
860,9,78.53,98.23,84.08,38.41,12.96,62.75,0
860,10,80.36,97.99,88.79,38.25,12.75,62.13,0
860,11,79.96,97.72,82.89,37.92,13.08,60.21,0
860,12,80.08,97.71,86.36,36.65,13.31,62.66,0
860,13,80.54,97.75,86.94,37.75,13.51,62.69,0
860,14,79.93,97.69,82.74,38.19,13.39,59.50,0
860,15,79.10,97.50,87.97,37.38,12.68,60.57,0
860,16,80.93,97.91,83.90,37.29,13.40,62.82,0
860,17,79.35,98.17,83.84,37.27,13.35,60.37,0
860,18,78.64,98.19,83.70,36.98,12.67,59.67,0
860,19,78.85,98.17,87.17,36.62,12.74,59.29,0
861,0,82.11,97.56,96.06,34.80,13.01,48.66,0
861,1,83.15,97.92,99.65,34.79,12.82,48.85,0
861,2,82.87,97.89,99.42,35.70,13.88,49.91,0
861,3,82.76,98.15,99.85,34.92,13.19,48.84,0
861,4,85.30,97.72,96.33,35.76,13.02,48.04,0
861,5,84.11,97.94,99.03,34.43,13.58,47.26,0
861,6,85.71,98.01,100.50,35.52,13.87,48.74,0
861,7,83.28,97.99,98.54,35.07,12.90,48.50,0
861,8,85.52,98.22,97.61,34.25,13.04,49.24,0
861,9,83.71,98.12,98.26,35.48,13.44,50.14,0
861,10,83.10,97.94,95.60,34.99,13.79,48.39,0
861,11,85.26,97.57,98.34,35.22,13.84,47.58,0
861,12,81.09,97.88,98.64,34.57,12.85,49.40,0
861,13,81.09,97.75,94.12,35.48,13.82,47.66,0
861,14,84.71,97.83,94.97,36.00,13.49,50.01,0
861,15,83.37,97.67,93.55,36.07,13.05,47.88,0
861,16,82.56,98.21,97.74,34.34,13.25,46.48,0
861,17,84.51,97.81,99.43,34.50,12.76,49.44,0
861,18,85.16,97.76,97.89,35.90,13.45,47.41,0
861,19,85.25,98.13,97.96,35.96,13.26,48.18,0
862,0,78.10,98.52,97.71,36.88,11.54,45.33,0
862,1,81.02,98.22,98.07,37.50,11.92,44.68,0
862,2,79.33,98.55,99.25,37.08,11.78,44.53,0
862,3,80.41,98.76,93.88,37.42,12.38,43.47,0
862,4,79.87,98.35,98.35,37.08,12.19,41.58,0
862,5,80.03,98.36,98.62,38.30,12.18,43.52,0
862,6,80.09,98.52,98.07,37.66,11.97,44.87,0
862,7,81.70,98.24,96.23,37.67,11.58,44.87,0
862,8,86.23,96.26,90.20,36.66,11.58,49.97,0
862,9,87.59,96.23,87.64,37.00,12.38,53.12,0
862,10,90.00,95.59,83.05,37.98,11.52,52.31,1
862,11,90.93,96.03,88.33,37.32,12.42,53.04,0
862,12,84.89,96.96,87.74,36.80,12.10,50.43,0
862,13,76.82,98.83,92.50,38.25,11.67,43.70,0
862,14,78.75,98.46,92.51,36.78,12.52,45.33,0
862,15,80.27,98.35,95.75,38.05,11.94,45.31,0
862,16,78.61,98.31,98.13,36.89,12.18,44.34,0
862,17,77.11,98.72,93.91,37.59,11.53,42.20,0
862,18,78.71,98.85,93.25,38.13,11.72,41.52,0
862,19,80.86,98.41,94.65,38.05,11.71,44.46,0
863,0,80.93,98.49,90.24,36.73,12.08,47.31,0
863,1,79.71,98.54,91.41,36.99,11.54,47.89,0
863,2,80.27,98.98,91.20,36.08,12.21,44.30,0
863,3,83.29,98.74,92.35,36.22,11.98,46.70,0
863,4,83.22,98.46,87.25,37.58,11.43,44.95,0
863,5,80.11,98.75,88.48,37.67,11.95,44.55,0
863,6,79.97,98.81,87.21,36.78,12.20,46.19,0
863,7,80.98,98.86,89.48,36.48,11.78,45.15,0
863,8,83.18,98.59,92.04,36.87,12.00,46.93,0
863,9,79.91,98.56,89.58,36.03,11.79,46.24,0
863,10,89.50,96.52,80.39,37.21,11.68,52.98,0
863,11,91.03,96.05,77.81,37.26,12.36,52.91,0
863,12,94.05,95.67,77.62,36.76,12.09,57.91,1
863,13,88.68,96.26,80.41,37.55,12.18,55.43,0
863,14,87.03,96.77,84.45,37.07,11.94,51.34,0
863,15,80.13,98.29,85.99,37.01,12.06,46.34,0
863,16,79.84,98.86,86.98,37.44,11.94,44.80,0
863,17,78.55,98.52,87.82,37.40,11.81,44.94,0
863,18,82.55,98.91,89.12,37.17,12.27,47.78,0
863,19,82.18,98.97,88.64,36.43,11.66,47.34,0
864,0,70.81,98.57,94.17,33.11,15.29,43.83,0
864,1,70.97,98.74,96.67,34.64,15.89,42.92,0
864,2,71.69,98.04,97.78,34.27,16.25,44.13,0
864,3,73.40,98.05,95.22,34.53,16.28,41.62,0
864,4,70.57,98.22,96.85,34.96,15.94,43.14,0
864,5,70.58,98.08,96.55,34.45,15.41,43.05,0
864,6,73.26,98.59,97.07,35.02,15.90,45.03,0
864,7,70.98,98.04,99.18,34.74,16.34,44.08,0
864,8,70.19,98.33,98.55,33.40,15.60,44.68,0
864,9,72.69,98.50,98.51,33.16,16.30,44.14,0
864,10,69.82,98.30,95.23,33.15,16.02,42.86,0
864,11,68.88,98.60,98.42,33.49,16.17,41.51,0
864,12,69.48,98.68,95.79,33.58,15.77,44.38,0
864,13,69.33,98.21,94.74,34.56,16.20,41.76,0
864,14,71.07,98.74,97.33,34.16,16.27,43.16,0
864,15,70.88,98.59,97.71,34.63,16.19,41.78,0
864,16,70.98,98.17,95.07,34.02,16.23,41.76,0
864,17,71.93,98.72,96.70,34.55,16.39,42.86,0
864,18,70.38,98.43,94.20,33.19,16.25,43.56,0
864,19,70.71,98.32,96.85,33.50,15.70,43.98,0
865,0,79.70,98.51,86.18,37.04,9.77,45.52,0
865,1,81.17,98.81,85.57,37.64,10.57,45.93,0
865,2,82.13,99.24,86.79,36.13,9.87,45.16,0
865,3,80.81,99.17,86.27,36.57,9.97,46.19,0
865,4,80.29,99.12,88.98,37.48,9.97,44.90,0
865,5,80.18,98.69,88.51,36.81,10.17,45.34,0
865,6,82.56,99.16,90.58,37.08,9.67,44.54,0
865,7,79.06,98.81,88.78,37.19,10.10,46.81,0
865,8,79.15,98.63,87.97,36.01,9.62,44.41,0
865,9,81.78,99.23,88.25,37.38,9.87,45.44,0
865,10,80.48,99.11,84.21,35.74,10.27,46.29,0
865,11,80.97,98.72,86.19,35.85,9.83,45.58,0
865,12,78.58,99.11,88.02,36.01,9.90,47.67,0
865,13,80.57,98.94,85.28,35.75,10.35,44.55,0
865,14,79.62,98.59,84.41,36.79,10.28,46.21,0
865,15,79.74,98.53,86.76,36.98,9.56,45.16,0
865,16,77.57,98.52,88.22,36.01,10.60,44.54,0
865,17,78.54,98.54,89.31,36.16,10.55,44.98,0
865,18,79.02,99.04,87.68,37.30,9.53,46.65,0
865,19,82.05,98.95,84.76,37.60,10.02,45.74,0
866,0,77.19,98.68,96.09,34.90,10.52,55.98,0
866,1,77.53,98.62,94.68,36.24,10.94,56.26,0
866,2,76.55,98.30,99.43,35.16,11.31,59.17,0
866,3,78.55,98.11,99.42,35.97,10.74,56.24,0
866,4,75.77,98.58,96.24,36.31,10.98,57.32,0
866,5,76.75,98.57,98.91,35.59,10.50,57.41,0
866,6,78.51,98.56,96.52,36.12,10.66,59.38,0
866,7,78.25,98.72,97.05,36.28,10.31,56.08,0
866,8,76.40,98.08,98.44,34.74,11.00,55.81,0
866,9,78.02,98.05,95.60,35.41,11.45,57.79,0
866,10,77.15,98.73,93.67,36.31,10.77,59.26,0
866,11,75.42,98.77,93.39,35.78,10.77,56.56,0
866,12,75.66,98.12,97.04,34.73,11.29,57.82,0
866,13,76.15,98.28,96.14,35.28,10.78,57.80,0
866,14,76.10,98.29,92.56,36.30,10.99,56.41,0
866,15,73.94,98.39,96.21,36.54,10.29,57.54,0
866,16,77.14,98.80,94.99,36.02,10.83,56.15,0
866,17,78.05,98.69,96.41,35.91,10.98,57.70,0
866,18,75.45,98.69,93.76,36.42,11.19,58.40,0
866,19,78.20,98.34,95.67,35.87,10.53,56.09,0
867,0,81.21,97.28,95.38,35.46,16.38,51.93,0
867,1,83.13,97.88,96.98,35.66,16.03,55.09,0
867,2,83.59,97.79,97.36,36.09,16.25,51.63,0
867,3,80.56,97.75,100.10,35.09,16.07,51.66,0
867,4,80.85,97.81,96.33,36.66,16.46,54.74,0
867,5,80.22,97.47,98.35,35.11,15.42,53.21,0
867,6,83.87,97.70,95.89,36.55,16.33,54.91,0
867,7,81.31,97.28,99.10,36.42,15.60,53.05,0
867,8,80.84,98.01,97.09,36.83,15.70,52.73,0
867,9,81.75,97.60,96.35,35.54,16.49,52.13,0
867,10,82.22,97.30,98.63,36.44,15.60,52.66,0
867,11,79.80,97.97,96.94,35.25,15.95,52.23,0
867,12,81.73,97.55,97.88,35.26,16.07,53.74,0
867,13,79.38,97.64,95.80,36.90,15.89,55.44,0
867,14,79.60,97.35,98.73,35.72,15.81,53.97,0
867,15,78.44,97.81,96.54,35.23,16.45,54.51,0
867,16,82.55,97.76,97.95,36.08,15.82,52.75,0
867,17,81.84,97.39,95.83,35.69,15.43,55.16,0
867,18,81.00,97.62,98.42,36.78,15.32,53.35,0
867,19,81.95,97.91,97.33,36.78,15.78,51.86,0
868,0,90.77,97.99,95.21,32.84,15.37,54.46,0
868,1,91.12,97.70,96.17,32.94,14.55,53.70,0
868,2,92.40,97.66,95.78,34.30,15.32,54.67,0
868,3,89.21,98.20,96.44,33.46,14.33,52.11,0
868,4,89.31,97.85,100.07,33.04,14.85,54.73,0
868,5,91.92,97.71,99.54,34.13,14.72,53.36,0
868,6,90.54,97.94,100.86,32.89,14.58,53.02,0
868,7,90.62,98.19,97.43,33.28,14.73,51.71,0
868,8,89.37,97.68,98.80,33.04,15.38,51.84,0
868,9,89.85,97.84,97.16,34.44,15.39,54.24,0
868,10,87.87,98.03,98.13,33.36,14.66,52.22,0
868,11,91.23,97.80,98.23,33.83,14.68,53.63,0
868,12,91.07,98.42,96.78,34.17,15.30,53.08,0
868,13,90.56,98.27,99.28,33.99,15.36,53.34,0
868,14,88.07,98.08,94.89,33.75,14.60,52.12,0
868,15,87.66,98.06,96.64,33.01,14.37,54.72,0
868,16,90.61,97.74,96.25,32.93,14.72,52.34,0
868,17,89.26,98.14,98.57,32.75,14.56,55.42,0
868,18,90.46,98.16,96.87,34.56,14.31,52.20,0
868,19,91.36,97.88,98.22,32.85,14.40,54.72,0
869,0,91.31,98.03,90.72,38.55,10.14,57.19,0
869,1,89.64,98.06,86.77,37.65,10.99,55.11,0
869,2,89.47,97.67,90.83,38.34,11.01,55.03,0
869,3,90.37,97.74,87.84,38.64,10.37,57.31,0
869,4,92.58,97.97,86.38,37.17,10.43,58.31,0
869,5,89.22,98.23,91.47,38.15,10.20,54.71,0
869,6,91.39,98.03,91.17,37.84,11.01,55.21,0
869,7,88.68,97.73,87.61,39.02,10.69,58.05,0
869,8,90.02,97.74,89.48,37.75,10.51,57.94,0
869,9,97.39,95.59,81.24,37.53,10.99,62.59,0
869,10,99.97,95.29,77.88,37.63,10.26,66.16,0
869,11,100.26,95.12,72.87,38.70,11.21,65.22,1
869,12,98.13,95.09,78.16,37.39,10.96,62.56,0
869,13,96.55,96.34,78.31,37.45,10.81,60.73,0
869,14,88.10,98.17,87.05,37.19,10.31,54.67,0
869,15,89.86,97.91,89.19,37.79,11.07,56.38,0
869,16,90.54,98.16,84.77,37.88,11.02,57.69,0
869,17,90.74,98.04,86.27,38.04,10.23,55.75,0
869,18,89.21,97.69,86.68,37.71,11.13,57.60,0
869,19,89.93,97.83,89.16,37.59,10.11,56.01,0
870,0,74.01,97.80,81.01,33.52,13.55,50.84,0
870,1,74.67,97.79,76.60,33.58,12.38,50.14,0
870,2,74.20,98.14,76.53,34.20,12.41,49.97,0
870,3,72.76,98.08,76.05,34.57,12.96,50.20,0
870,4,73.66,98.21,80.00,34.81,13.18,48.21,0
870,5,74.80,98.01,80.63,33.13,12.74,47.45,0
870,6,73.02,98.29,77.86,33.62,13.52,49.35,0
870,7,72.43,98.41,79.74,33.86,12.71,50.01,0
870,8,72.12,97.98,78.33,33.39,13.31,50.78,0
870,9,71.97,98.40,79.60,33.25,13.33,48.04,0
870,10,71.50,98.39,78.11,34.69,13.02,49.17,0
870,11,74.14,98.12,76.72,32.97,12.71,47.87,0
870,12,71.57,98.40,78.16,33.79,13.06,49.06,0
870,13,70.31,97.66,77.06,34.75,13.23,48.01,0
870,14,73.06,98.08,78.44,34.56,13.40,48.40,0
870,15,71.32,97.79,74.51,33.03,12.55,51.06,0
870,16,70.16,97.93,77.09,33.15,13.03,49.72,0
870,17,71.76,97.79,75.54,33.40,13.46,50.35,0
870,18,71.68,98.28,77.21,33.31,12.51,50.06,0
870,19,73.84,97.86,76.52,33.43,12.53,50.97,0
871,0,71.42,98.77,78.95,37.16,10.11,43.50,0
871,1,74.33,98.51,80.26,37.41,10.48,43.60,0
871,2,72.88,98.64,81.00,37.39,9.91,47.04,0
871,3,71.45,98.18,77.64,36.91,10.90,46.34,0
871,4,74.04,98.31,78.84,36.94,10.39,46.92,0
871,5,72.63,98.51,76.51,36.51,10.62,43.31,0
871,6,73.81,98.41,77.14,36.65,10.08,44.29,0
871,7,74.86,98.69,80.19,36.72,10.61,44.56,0
871,8,74.48,98.55,79.95,36.43,10.59,47.26,0
871,9,73.93,98.88,81.11,37.99,10.72,47.13,0
871,10,72.49,98.60,75.47,38.05,10.10,43.36,0
871,11,73.90,98.43,75.07,38.02,10.91,45.92,0
871,12,72.67,98.86,80.13,36.35,10.26,43.82,0
871,13,69.70,98.53,78.27,36.58,10.33,46.84,0
871,14,70.25,98.36,79.82,36.45,10.16,45.93,0
871,15,69.73,98.78,78.49,36.74,10.60,45.55,0
871,16,70.40,98.20,77.80,37.70,10.14,44.15,0
871,17,70.96,98.18,78.89,36.41,10.27,45.97,0
871,18,70.39,98.79,78.85,37.93,10.86,44.05,0
871,19,71.68,98.46,76.65,36.63,10.72,46.83,0
872,0,72.75,97.64,96.67,32.61,16.04,51.40,0
872,1,72.89,97.69,97.07,32.78,15.57,50.59,0
872,2,75.83,97.54,92.12,32.98,15.35,50.99,0
872,3,72.18,97.74,97.63,32.53,15.73,50.15,0
872,4,73.85,97.88,95.88,32.81,15.40,53.71,0
872,5,73.26,97.88,92.81,33.83,15.75,53.01,0
872,6,76.13,97.70,93.66,33.19,16.41,53.79,0
872,7,74.24,98.10,97.97,33.35,16.43,53.69,0
872,8,75.41,97.96,94.06,33.39,15.35,52.15,0
872,9,73.99,97.47,91.76,33.87,16.31,53.90,0
872,10,82.21,96.14,87.55,34.14,15.39,58.30,0
872,11,81.22,94.97,87.42,32.76,15.83,60.51,0
872,12,86.80,94.76,82.43,34.15,16.09,61.76,1
872,13,80.85,95.51,86.21,33.58,15.83,59.33,0
872,14,80.82,95.87,88.56,33.32,15.60,56.95,0
872,15,73.51,97.47,94.44,32.75,16.27,53.81,0
872,16,73.04,97.81,96.13,33.04,15.99,53.23,0
872,17,71.05,97.84,93.09,33.70,16.08,52.18,0
872,18,74.94,97.85,94.39,33.39,16.31,54.11,0
872,19,72.34,97.38,94.91,32.29,15.86,51.77,0
873,0,81.10,99.00,92.45,36.39,11.16,61.84,0
873,1,80.98,98.64,94.48,36.91,12.07,63.56,0
873,2,81.90,98.44,89.70,36.82,11.82,62.48,0
873,3,79.36,98.68,92.84,35.69,12.00,61.16,0
873,4,81.08,98.53,92.03,36.57,11.19,63.16,0
873,5,80.45,98.44,89.60,37.09,12.20,62.87,0
873,6,80.09,98.57,91.91,35.68,11.35,62.61,0
873,7,79.90,98.69,93.48,35.71,11.89,61.27,0
873,8,81.82,99.08,90.66,37.49,11.68,63.53,0
873,9,79.90,98.92,94.39,36.12,12.21,63.43,0
873,10,78.45,98.49,89.46,35.71,11.52,62.91,0
873,11,81.56,99.22,88.63,36.19,11.55,61.39,0
873,12,78.68,98.44,88.54,37.30,12.08,61.41,0
873,13,80.09,98.75,90.50,35.66,11.97,60.72,0
873,14,79.77,98.71,90.81,35.72,11.58,60.93,0
873,15,80.85,99.20,89.25,36.56,12.29,60.22,0
873,16,79.82,98.55,93.68,37.40,11.30,62.38,0
873,17,79.06,98.79,90.67,37.29,11.97,61.58,0
873,18,81.48,98.81,93.01,36.60,11.89,61.79,0
873,19,80.24,98.43,90.60,37.39,11.72,63.69,0
874,0,81.03,98.95,87.12,35.79,10.96,57.30,0
874,1,82.13,98.80,89.89,35.02,11.39,57.26,0
874,2,83.92,98.21,87.02,36.31,11.03,55.68,0
874,3,82.84,98.75,85.98,36.45,11.36,56.95,0
874,4,84.26,98.95,89.73,35.18,10.51,56.60,0
874,5,85.56,98.19,90.09,34.48,10.95,57.99,0
874,6,82.22,98.27,86.28,36.40,10.76,57.25,0
874,7,82.49,98.22,86.33,36.15,10.86,55.45,0
874,8,83.60,98.70,87.02,34.89,10.54,56.26,0
874,9,83.78,98.19,86.32,35.94,10.45,56.42,0
874,10,88.97,96.87,83.13,34.95,10.80,63.65,0
874,11,94.45,96.16,79.25,35.22,11.36,64.06,0
874,12,93.15,95.44,75.09,35.19,11.31,67.37,1
874,13,92.16,96.30,78.91,35.30,11.35,64.19,0
874,14,89.15,96.76,83.81,35.01,10.81,62.19,0
874,15,82.87,98.49,84.89,35.69,11.52,56.19,0
874,16,84.20,98.96,88.90,35.14,11.45,57.57,0
874,17,83.00,98.32,89.85,36.23,10.42,57.59,0
874,18,84.69,98.42,86.51,35.43,10.71,55.45,0
874,19,84.47,98.67,85.62,35.04,11.60,56.82,0
875,0,85.86,97.50,78.82,36.99,12.61,49.51,0
875,1,84.35,97.91,83.97,37.80,12.42,47.83,0
875,2,85.45,97.76,80.13,36.78,11.72,46.20,0
875,3,84.93,97.29,84.57,37.70,12.07,46.97,0
875,4,87.02,97.17,80.50,37.19,11.90,47.58,0
875,5,86.07,97.56,82.43,37.42,12.21,47.08,0
875,6,88.09,97.92,82.58,37.26,11.83,46.87,0
875,7,84.19,97.84,82.26,37.72,12.46,49.03,0
875,8,86.63,97.51,80.70,36.32,12.33,46.59,0
875,9,85.25,97.85,79.48,37.62,12.54,48.65,0
875,10,86.48,97.70,83.14,36.94,12.12,46.05,0
875,11,83.27,97.78,80.19,37.84,12.08,45.94,0
875,12,85.29,97.71,78.42,37.36,12.56,47.51,0
875,13,86.04,97.92,80.22,36.89,12.66,48.61,0
875,14,83.49,97.49,83.76,36.75,11.93,47.90,0
875,15,83.67,97.39,79.38,37.79,12.59,47.36,0
875,16,84.96,97.71,81.01,37.03,12.55,49.07,0
875,17,85.10,97.88,78.91,36.64,12.24,49.00,0
875,18,83.95,97.85,79.35,37.53,12.76,48.66,0
875,19,84.98,97.53,84.02,36.29,11.90,49.42,0
876,0,84.65,98.63,86.56,32.28,15.50,58.12,0
876,1,82.11,98.54,91.49,34.01,15.09,60.42,0
876,2,85.18,98.24,87.37,32.89,14.84,58.77,0
876,3,83.15,98.52,89.54,32.76,15.00,58.43,0
876,4,83.71,98.57,88.85,34.03,14.67,59.48,0
876,5,82.95,98.18,89.45,33.46,15.41,58.60,0
876,6,84.85,98.21,91.23,33.11,14.95,59.78,0
876,7,84.02,98.91,89.42,32.54,15.53,60.33,0
876,8,84.04,98.32,88.82,34.18,15.11,57.76,0
876,9,82.60,98.66,87.03,33.28,14.96,58.06,0
876,10,89.26,96.39,81.77,32.32,15.04,64.59,0
876,11,92.92,95.89,78.49,33.31,14.98,65.60,0
876,12,95.83,95.88,79.68,33.38,15.11,68.65,1
876,13,90.47,95.91,80.05,32.84,14.60,64.52,0
876,14,89.71,96.39,82.24,32.32,14.61,63.31,0
876,15,81.89,98.34,89.21,32.79,14.72,57.12,0
876,16,82.51,98.59,88.16,33.97,15.00,59.05,0
876,17,83.27,98.25,90.21,32.33,14.46,59.16,0
876,18,82.01,98.78,86.37,33.29,14.89,57.07,0
876,19,84.24,98.78,87.16,32.70,15.11,57.39,0
877,0,73.09,97.33,77.01,33.56,13.70,52.98,0
877,1,74.03,97.41,80.82,33.58,13.89,53.54,0
877,2,72.01,97.29,81.72,34.27,13.74,55.77,0
877,3,74.52,97.03,80.36,34.46,13.58,53.47,0
877,4,75.12,96.81,82.44,35.45,14.17,54.85,0
877,5,71.56,97.05,79.99,34.45,13.57,54.24,0
877,6,74.51,96.68,80.06,33.96,13.94,55.79,0
877,7,72.00,96.74,83.18,34.05,14.72,53.44,0
877,8,74.30,97.25,82.49,33.86,14.02,53.10,0
877,9,79.25,94.79,75.72,34.83,13.63,62.03,0
877,10,82.09,94.83,70.11,35.32,14.72,63.45,0
877,11,86.05,94.29,68.92,33.85,14.22,62.84,1
877,12,81.98,94.65,67.95,34.56,13.85,64.01,0
877,13,79.36,95.21,71.30,34.39,13.69,61.41,0
877,14,73.00,97.37,76.52,33.74,13.92,55.71,0
877,15,72.77,96.79,81.70,34.32,14.50,54.24,0
877,16,72.00,96.92,76.82,33.70,13.89,53.05,0
877,17,72.47,97.21,77.34,34.85,14.34,55.43,0
877,18,70.88,97.17,82.03,35.09,13.86,53.80,0
877,19,73.75,97.45,81.14,34.61,13.65,52.63,0
878,0,87.11,98.09,95.08,34.61,13.20,48.72,0
878,1,88.13,97.76,97.61,36.29,12.60,47.91,0
878,2,87.77,97.62,93.55,36.56,12.90,45.24,0
878,3,91.20,98.16,95.32,35.84,13.04,48.54,0
878,4,91.37,97.63,98.18,35.27,12.59,48.37,0
878,5,90.61,97.65,96.62,35.44,12.74,45.34,0
878,6,89.74,97.95,97.88,36.43,13.24,45.41,0
878,7,90.68,97.56,93.54,36.35,13.20,48.91,0
878,8,89.24,98.16,96.30,36.23,12.62,47.50,0
878,9,89.88,97.84,97.44,36.06,12.09,48.21,0
878,10,90.27,98.22,96.94,34.90,12.14,46.12,0
878,11,90.26,98.04,94.91,34.98,12.54,45.65,0
878,12,86.50,97.49,96.23,35.48,12.98,48.05,0
878,13,88.46,97.53,92.35,34.65,13.01,47.55,0
878,14,86.25,98.23,95.36,34.83,12.84,45.63,0
878,15,86.32,98.13,94.23,34.91,13.24,45.40,0
878,16,86.66,98.02,91.22,36.56,13.12,46.20,0
878,17,87.54,97.74,93.87,35.79,12.91,47.01,0
878,18,89.36,97.72,95.56,35.05,12.18,49.02,0
878,19,88.82,98.18,92.51,35.22,12.13,45.72,0
879,0,90.73,96.72,89.92,33.23,13.00,53.81,0
879,1,89.78,96.84,91.24,34.05,13.45,51.67,0
879,2,89.41,96.87,87.31,33.45,13.31,52.78,0
879,3,91.10,97.27,89.31,33.93,13.02,54.76,0
879,4,91.09,97.18,91.25,33.65,12.93,51.92,0
879,5,91.07,96.88,91.03,32.72,13.84,52.81,0
879,6,91.32,96.70,89.35,33.75,13.47,54.20,0
879,7,89.67,96.84,89.65,32.99,13.61,54.73,0
879,8,88.10,97.06,89.57,32.80,13.19,54.56,0
879,9,90.93,96.92,90.69,34.43,13.46,53.03,0
879,10,89.92,96.79,85.76,34.20,13.96,52.03,0
879,11,87.70,97.04,87.22,34.37,13.50,52.45,0
879,12,89.68,96.93,85.80,34.28,13.04,54.78,0
879,13,87.22,97.21,84.36,34.63,13.28,53.42,0
879,14,88.24,97.28,90.15,32.64,13.00,53.14,0
879,15,88.24,97.49,87.52,32.86,13.83,52.56,0
879,16,88.87,97.28,86.14,33.52,13.97,51.76,0
879,17,88.44,96.94,90.27,33.35,13.20,54.89,0
879,18,89.32,96.80,85.77,32.64,13.68,54.38,0
879,19,88.92,97.31,89.87,33.77,13.22,51.73,0
880,0,77.58,99.13,83.50,35.82,14.92,57.33,0
880,1,78.78,99.12,85.73,35.07,14.93,54.74,0
880,2,77.92,98.47,85.02,36.98,14.59,56.13,0
880,3,77.56,99.02,86.87,35.08,14.85,54.38,0
880,4,78.16,98.55,84.28,36.31,15.16,56.35,0
880,5,80.11,98.79,86.50,36.16,14.69,57.21,0
880,6,79.99,99.06,85.31,36.77,14.26,56.63,0
880,7,77.09,99.07,88.53,35.29,14.99,54.95,0
880,8,87.52,96.75,80.11,36.78,14.37,60.42,0
880,9,85.89,96.34,75.25,35.32,15.28,64.09,0
880,10,89.79,95.54,70.32,36.99,14.25,64.88,1
880,11,87.49,96.68,76.57,36.24,14.21,64.44,0
880,12,83.42,96.83,79.63,35.09,15.10,63.24,0
880,13,75.29,98.72,84.32,37.03,15.04,55.90,0
880,14,78.67,98.51,83.17,36.03,14.76,57.87,0
880,15,76.64,99.08,86.68,36.82,14.48,57.94,0
880,16,77.28,98.66,86.02,36.55,14.81,57.17,0
880,17,77.46,98.69,83.97,37.04,15.06,56.88,0
880,18,76.99,98.48,86.48,36.10,14.18,56.44,0
880,19,75.71,98.93,84.75,36.21,15.35,58.07,0
881,0,71.22,97.64,92.65,33.59,11.36,54.70,0
881,1,72.04,98.11,92.91,33.53,11.26,54.85,0
881,2,74.73,97.73,92.48,32.88,11.31,55.31,0
881,3,74.72,98.09,90.80,34.45,11.54,56.71,0
881,4,71.13,97.70,93.67,34.42,11.28,55.81,0
881,5,74.76,97.61,90.00,33.29,11.37,56.33,0
881,6,73.89,97.96,90.62,33.69,11.52,57.53,0
881,7,72.20,97.64,94.97,33.73,11.96,57.07,0
881,8,71.95,97.49,94.71,33.69,10.98,56.22,0
881,9,72.17,97.77,92.09,33.03,11.25,55.26,0
881,10,71.38,97.89,90.65,33.48,11.33,55.37,0
881,11,73.74,98.04,93.07,33.00,11.18,57.79,0
881,12,73.53,97.84,88.87,33.78,11.38,56.16,0
881,13,71.80,97.88,89.57,32.93,11.37,56.04,0
881,14,70.87,97.82,87.72,34.13,11.75,54.94,0
881,15,73.01,97.93,89.05,32.84,10.95,54.81,0
881,16,71.11,98.24,92.35,34.28,11.39,55.54,0
881,17,73.06,97.62,92.18,33.06,11.37,57.30,0
881,18,71.11,98.21,93.51,33.08,11.45,57.95,0
881,19,73.85,97.64,88.76,34.75,10.78,54.52,0
882,0,89.17,98.11,80.78,37.62,13.81,61.73,0
882,1,88.20,98.07,81.87,37.14,13.85,59.31,0
882,2,92.21,98.28,82.99,38.31,13.30,61.36,0
882,3,88.61,98.33,81.56,38.40,13.06,60.01,0
882,4,92.51,98.64,84.04,37.02,13.45,58.89,0
882,5,92.51,98.79,84.04,37.69,13.48,59.24,0
882,6,91.80,98.31,83.68,38.08,14.04,61.89,0
882,7,92.26,98.63,82.35,38.17,13.08,62.15,0
882,8,99.67,96.06,77.21,37.62,13.91,65.49,0
882,9,101.07,95.85,71.33,38.07,13.71,70.19,0
882,10,100.74,95.66,71.88,36.91,13.42,71.54,1
882,11,100.08,95.85,76.07,37.03,13.12,70.09,0
882,12,96.12,96.24,76.38,37.17,14.19,65.70,0
882,13,87.42,98.16,83.37,37.83,13.47,59.88,0
882,14,89.53,98.38,80.31,37.15,13.98,62.47,0
882,15,87.66,98.07,83.78,37.71,13.63,58.81,0
882,16,87.89,98.65,81.71,37.64,13.21,61.18,0
882,17,91.38,98.53,85.08,37.72,13.41,60.51,0
882,18,90.61,98.41,82.22,38.04,13.85,60.22,0
882,19,88.82,98.53,82.36,37.22,13.70,62.19,0
883,0,78.08,98.35,96.21,32.93,9.97,46.18,0
883,1,77.93,98.55,94.05,33.94,10.64,44.23,0
883,2,76.15,97.84,98.29,33.77,10.13,44.89,0
883,3,77.80,98.04,96.33,33.35,10.80,45.32,0
883,4,79.64,97.92,97.30,34.60,10.70,42.94,0
883,5,76.59,98.17,99.71,33.55,10.55,45.67,0
883,6,77.52,98.01,95.59,34.33,9.92,44.38,0
883,7,76.94,98.53,97.97,34.49,10.37,45.89,0
883,8,79.41,98.38,95.39,33.35,10.57,45.44,0
883,9,78.84,97.98,98.69,34.13,10.10,42.66,0
883,10,77.06,98.20,94.45,34.52,10.43,43.64,0
883,11,77.28,98.21,95.62,34.49,10.03,42.75,0
883,12,76.43,98.19,94.07,34.42,9.91,46.39,0
883,13,75.04,98.48,96.76,33.95,9.85,42.77,0
883,14,78.17,98.32,97.59,32.97,10.51,44.30,0
883,15,78.57,98.21,98.78,33.01,10.24,45.09,0
883,16,76.04,97.97,95.16,33.37,10.20,46.53,0
883,17,76.80,98.52,96.27,33.02,10.91,43.29,0
883,18,77.48,98.48,94.08,34.39,10.55,44.30,0
883,19,77.08,98.36,96.26,32.87,9.82,46.18,0
884,0,76.60,98.48,97.75,39.13,14.70,43.35,0
884,1,78.90,98.80,98.68,38.38,13.82,43.12,0
884,2,79.01,98.97,98.65,39.18,14.54,42.27,0
884,3,76.82,99.09,98.49,39.55,14.44,41.78,0
884,4,77.33,98.54,98.02,39.71,13.67,41.34,0
884,5,78.50,99.17,100.12,38.19,14.60,41.30,0
884,6,80.55,98.63,96.43,38.49,13.63,44.73,0
884,7,79.29,98.82,96.59,39.09,14.14,41.76,0
884,8,79.64,98.98,95.60,39.22,14.72,44.39,0
884,9,77.96,98.69,97.07,38.62,14.16,43.95,0
884,10,76.21,99.03,97.02,39.07,14.56,41.85,0
884,11,78.34,98.81,99.40,39.00,14.40,42.95,0
884,12,75.70,99.02,98.93,39.17,13.76,41.68,0
884,13,78.87,98.86,98.12,38.47,13.68,42.29,0
884,14,78.89,99.04,93.88,39.85,14.41,42.85,0
884,15,77.73,98.90,98.70,38.86,13.83,41.92,0
884,16,77.14,98.50,98.20,38.01,14.67,44.69,0
884,17,76.61,98.64,94.41,39.20,14.28,41.61,0
884,18,79.64,99.09,95.67,38.41,14.14,44.51,0
884,19,79.91,99.07,98.86,38.18,14.38,44.97,0
885,0,89.21,97.97,93.91,34.15,13.79,56.02,0
885,1,89.88,98.12,99.13,33.69,13.57,53.71,0
885,2,88.29,98.18,99.31,33.77,13.53,54.10,0
885,3,88.28,98.24,96.52,32.85,13.87,53.86,0
885,4,89.58,98.07,99.02,32.44,13.35,55.95,0
885,5,89.23,97.50,93.77,34.03,13.94,53.99,0
885,6,90.35,97.67,98.63,33.28,13.49,53.22,0
885,7,90.82,98.25,98.87,32.83,14.17,53.63,0
885,8,90.27,97.51,94.64,33.17,14.28,55.24,0
885,9,87.52,97.67,93.84,33.81,13.87,55.24,0
885,10,98.66,95.92,91.33,32.42,13.71,59.33,0
885,11,97.63,95.22,85.57,33.38,13.40,64.36,0
885,12,100.53,94.98,85.07,32.78,13.86,64.60,1
885,13,97.89,95.10,83.21,33.38,13.72,60.54,0
885,14,96.60,96.19,87.40,32.81,14.22,59.71,0
885,15,87.04,98.17,96.72,32.46,13.95,54.97,0
885,16,87.88,98.05,95.99,33.54,13.31,54.26,0
885,17,90.15,97.60,98.21,32.69,14.39,53.29,0
885,18,90.20,98.14,97.34,33.38,13.72,53.86,0
885,19,89.61,97.78,94.16,33.67,13.86,54.34,0
886,0,91.26,97.72,76.75,35.94,11.68,47.77,0
886,1,92.85,97.75,79.37,35.49,11.02,44.35,0
886,2,91.56,98.43,76.29,35.03,11.90,46.26,0
886,3,92.76,98.05,78.90,35.10,10.97,45.82,0
886,4,93.01,97.84,77.44,35.55,10.83,47.78,0
886,5,93.96,98.29,80.87,34.28,11.36,44.59,0
886,6,93.16,98.42,76.49,35.57,11.50,44.97,0
886,7,90.59,98.24,82.24,35.56,10.89,46.08,0
886,8,93.84,98.09,79.56,35.19,11.64,47.03,0
886,9,92.80,98.43,81.34,35.68,11.02,46.21,0
886,10,92.39,97.71,76.02,35.48,11.67,45.76,0
886,11,90.46,97.91,78.20,35.97,11.61,48.09,0
886,12,91.03,98.40,80.47,34.59,11.18,45.84,0
886,13,90.52,98.44,75.81,35.52,11.61,46.13,0
886,14,90.07,97.97,75.36,36.17,11.08,46.22,0
886,15,89.55,98.43,79.47,35.15,11.90,46.28,0
886,16,89.42,98.02,81.00,35.34,11.20,47.22,0
886,17,89.10,97.72,80.39,35.36,11.94,47.27,0
886,18,92.65,98.12,79.30,35.16,11.15,45.03,0
886,19,91.10,97.72,77.99,35.33,11.15,45.51,0
887,0,75.48,97.53,96.28,36.35,14.79,46.50,0
887,1,78.99,97.23,96.60,37.53,14.49,47.32,0
887,2,78.79,97.08,96.37,36.54,14.56,48.29,0
887,3,78.83,97.26,97.99,36.42,14.78,45.40,0
887,4,78.34,96.86,98.79,36.70,13.78,47.56,0
887,5,76.32,97.04,95.73,36.92,14.87,47.89,0
887,6,77.96,97.14,99.44,36.31,14.31,47.15,0
887,7,75.97,97.07,99.26,38.07,14.44,48.41,0
887,8,75.88,96.87,96.84,36.35,14.94,45.01,0
887,9,78.27,97.48,95.09,36.59,14.36,47.63,0
887,10,78.36,97.22,97.55,37.53,14.48,45.66,0
887,11,76.98,97.05,96.68,37.22,14.57,45.42,0
887,12,75.23,97.26,94.69,38.06,13.86,46.49,0
887,13,76.22,97.24,96.86,37.66,13.99,48.18,0
887,14,75.79,97.52,95.69,36.34,14.52,44.76,0
887,15,77.15,96.97,99.37,36.29,14.05,48.18,0
887,16,74.71,97.02,98.36,37.26,14.25,45.47,0
887,17,76.58,97.17,96.58,36.65,14.88,46.09,0
887,18,78.60,97.36,98.97,37.61,14.68,48.27,0
887,19,75.95,96.79,96.62,37.68,14.16,47.26,0
888,0,78.26,98.42,86.63,38.96,12.68,45.93,0
888,1,81.71,98.26,87.25,37.71,12.59,44.93,0
888,2,78.79,98.12,85.45,37.50,12.83,44.08,0
888,3,82.37,98.50,86.00,38.91,12.02,45.23,0
888,4,79.79,98.10,86.50,38.49,12.96,45.17,0
888,5,82.49,98.65,85.93,37.22,12.82,47.15,0
888,6,80.81,98.79,86.00,37.27,12.87,46.11,0
888,7,81.50,98.71,89.72,37.83,12.09,45.78,0
888,8,81.43,98.30,90.32,37.76,12.89,47.00,0
888,9,78.24,98.25,86.09,38.88,12.57,46.31,0
888,10,79.54,98.25,85.95,39.03,12.22,47.28,0
888,11,78.69,98.13,85.35,37.36,12.57,47.40,0
888,12,77.54,98.79,87.69,38.01,11.96,45.05,0
888,13,79.98,98.83,88.50,38.30,12.87,46.24,0
888,14,79.32,98.60,88.55,37.50,12.99,46.05,0
888,15,79.99,98.63,85.24,37.89,12.55,46.20,0
888,16,78.97,98.73,86.55,38.69,11.87,44.20,0
888,17,79.07,98.63,87.88,38.90,12.11,43.54,0
888,18,78.83,98.58,84.77,38.75,12.01,46.29,0
888,19,81.78,98.78,86.52,38.20,12.28,46.29,0
889,0,70.28,98.39,83.21,38.56,15.18,57.22,0
889,1,73.00,98.11,84.49,38.33,14.12,56.19,0
889,2,71.27,98.26,89.04,38.64,14.73,57.13,0
889,3,71.92,98.06,86.35,39.42,14.47,57.11,0
889,4,71.65,98.22,87.53,39.78,14.17,57.06,0
889,5,71.14,98.16,84.67,39.04,14.95,55.04,0
889,6,72.42,98.23,88.87,38.39,15.03,55.09,0
889,7,72.57,97.72,86.41,39.37,14.42,55.26,0
889,8,78.48,96.20,83.08,38.90,14.59,60.59,0
889,9,80.41,95.54,77.40,38.13,15.14,62.64,0
889,10,82.40,95.38,73.60,38.49,15.16,65.36,1
889,11,81.04,95.79,79.55,38.94,14.94,65.05,0
889,12,76.93,95.84,80.45,37.96,14.12,60.78,0
889,13,70.31,98.18,84.56,38.23,14.90,55.37,0
889,14,72.28,98.26,83.22,39.61,14.40,54.76,0
889,15,71.91,98.04,87.06,39.01,15.14,57.33,0
889,16,72.43,97.96,83.21,39.87,14.25,55.78,0
889,17,70.67,98.20,88.09,37.99,14.55,54.56,0
889,18,71.49,97.83,85.25,38.32,14.82,54.68,0
889,19,72.97,97.77,84.18,39.84,14.43,54.38,0
890,0,84.85,97.76,92.55,36.27,12.05,42.62,0
890,1,84.91,97.89,93.38,37.52,11.27,44.08,0
890,2,86.93,97.77,94.16,36.60,11.32,45.53,0
890,3,86.05,98.16,91.97,37.39,12.15,44.98,0
890,4,87.51,97.54,94.56,37.46,11.82,42.25,0
890,5,86.83,98.32,92.73,38.01,12.33,45.70,0
890,6,87.18,97.62,93.07,36.15,11.46,45.19,0
890,7,83.87,97.87,89.48,36.94,11.74,45.48,0
890,8,84.87,97.86,90.76,37.59,11.25,43.86,0
890,9,85.35,98.20,91.40,37.95,11.33,44.66,0
890,10,83.79,98.13,93.70,37.50,12.29,42.15,0
890,11,86.24,98.27,90.03,37.96,11.62,45.82,0
890,12,83.21,98.00,91.11,37.42,11.84,43.36,0
890,13,84.82,97.96,90.92,36.11,11.52,42.31,0
890,14,85.04,97.56,93.17,36.30,11.63,42.27,0
890,15,83.92,98.30,87.56,38.04,12.10,43.76,0
890,16,85.83,97.84,90.69,36.15,11.76,43.97,0
890,17,84.58,97.91,88.21,36.81,11.80,43.69,0
890,18,86.35,98.27,89.93,36.34,11.49,44.18,0
890,19,83.44,97.73,91.25,37.72,12.34,45.37,0
891,0,83.88,97.19,89.14,34.61,16.34,47.86,0
891,1,81.03,97.14,87.61,35.93,15.36,46.82,0
891,2,83.15,97.51,86.14,35.21,16.25,46.61,0
891,3,84.07,97.45,90.29,35.32,16.48,45.63,0
891,4,83.06,97.62,90.77,35.61,16.44,46.43,0
891,5,85.31,97.65,87.63,34.83,16.04,48.60,0
891,6,81.91,97.25,86.85,35.54,15.92,45.66,0
891,7,84.30,97.66,89.76,35.48,15.71,47.81,0
891,8,83.53,97.22,87.72,34.62,16.11,47.49,0
891,9,82.33,97.39,85.35,35.68,16.14,46.21,0
891,10,91.35,95.45,78.91,34.68,16.26,52.77,0
891,11,90.16,94.84,80.42,35.03,15.63,55.77,0
891,12,92.23,94.20,77.43,35.82,16.13,56.47,1
891,13,91.07,95.30,76.56,34.87,16.48,56.57,0
891,14,91.03,95.80,77.77,35.97,16.29,52.36,0
891,15,82.64,97.51,86.59,34.38,16.33,45.66,0
891,16,79.94,97.61,89.24,35.12,15.98,45.50,0
891,17,83.10,97.36,89.24,36.01,15.38,47.51,0
891,18,82.88,97.66,88.22,35.96,15.72,48.63,0
891,19,84.34,97.49,87.24,34.85,15.72,49.06,0
892,0,72.33,97.72,91.97,37.23,14.18,44.84,0
892,1,76.10,97.76,88.74,36.80,14.90,47.06,0
892,2,76.56,98.15,90.21,36.12,14.27,45.70,0
892,3,76.43,97.63,91.50,35.93,14.56,45.82,0
892,4,75.93,97.74,93.50,35.81,14.55,45.57,0
892,5,73.54,98.07,88.32,37.14,14.12,44.43,0
892,6,76.18,98.28,91.26,36.57,14.61,45.36,0
892,7,75.55,98.29,92.27,36.35,14.53,43.83,0
892,8,76.23,97.53,89.33,37.73,14.96,45.76,0
892,9,74.37,98.30,92.36,36.09,15.26,46.35,0
892,10,73.86,98.25,92.43,37.05,14.53,47.14,0
892,11,75.30,97.76,91.30,36.03,14.51,43.97,0
892,12,71.72,97.93,90.76,35.94,14.54,44.90,0
892,13,74.94,97.89,91.83,37.33,14.20,44.66,0
892,14,72.46,97.66,92.05,36.63,14.27,43.37,0
892,15,73.16,98.06,92.20,37.34,15.21,45.25,0
892,16,73.98,97.58,90.04,37.34,14.57,43.43,0
892,17,73.23,98.16,90.61,36.01,15.21,44.05,0
892,18,75.61,97.88,90.46,36.64,14.42,45.20,0
892,19,75.66,98.07,92.08,36.87,14.52,43.91,0
893,0,73.71,98.21,91.36,36.63,11.67,45.71,0
893,1,71.93,98.73,91.21,36.59,11.52,45.95,0
893,2,72.89,98.65,92.12,37.43,11.22,45.35,0
893,3,73.68,98.43,94.76,36.50,11.51,45.59,0
893,4,75.05,98.38,93.93,37.90,11.77,47.95,0
893,5,72.69,98.84,94.84,37.36,11.44,48.20,0
893,6,76.09,98.29,92.97,36.36,11.20,45.36,0
893,7,73.19,98.49,94.28,36.41,11.80,46.40,0
893,8,75.61,98.41,90.65,37.36,11.00,48.23,0
893,9,80.91,96.32,85.80,36.80,11.37,52.91,0
893,10,82.64,95.66,85.15,37.48,10.87,56.12,0
893,11,84.03,95.52,76.88,37.59,11.53,55.85,1
893,12,82.43,95.74,79.27,37.83,11.80,53.85,0
893,13,79.56,96.47,84.81,36.99,11.85,53.09,0
893,14,72.14,98.42,92.16,36.37,11.06,46.45,0
893,15,71.48,98.54,92.21,36.44,11.66,46.48,0
893,16,71.02,98.51,90.33,36.31,11.80,46.66,0
893,17,71.59,98.20,92.67,36.31,10.99,45.40,0
893,18,73.94,98.41,90.87,36.78,10.87,45.47,0
893,19,75.10,98.74,89.64,37.03,11.09,48.06,0
894,0,70.84,97.50,95.92,37.02,10.38,51.23,0
894,1,70.62,97.64,92.59,35.99,10.90,51.04,0
894,2,71.49,97.32,96.12,36.32,10.99,51.76,0
894,3,74.03,97.52,96.20,35.94,11.09,48.78,0
894,4,73.06,97.35,96.43,35.68,10.97,48.51,0
894,5,72.17,97.66,96.20,36.82,10.01,50.65,0
894,6,74.51,97.66,92.56,36.62,10.04,50.04,0
894,7,73.65,97.60,94.31,36.97,10.06,50.19,0
894,8,71.51,97.65,94.34,37.26,10.82,50.80,0
894,9,73.04,97.90,94.45,36.60,10.27,48.67,0
894,10,70.02,97.90,95.86,35.53,11.12,48.89,0
894,11,69.74,97.57,92.04,35.56,10.60,49.16,0
894,12,72.64,97.32,93.18,35.84,10.58,49.81,0
894,13,72.26,97.77,91.65,35.80,11.00,49.15,0
894,14,71.77,97.47,96.07,35.41,11.15,48.71,0
894,15,69.71,97.42,92.90,37.29,10.66,48.77,0
894,16,72.09,97.70,94.31,35.81,10.88,50.51,0
894,17,70.81,97.31,91.48,35.76,10.12,50.29,0
894,18,70.76,97.55,93.70,35.55,10.99,50.21,0
894,19,73.82,97.82,91.90,36.44,10.49,50.54,0
895,0,82.10,96.91,97.83,34.85,15.51,59.15,0
895,1,83.85,97.18,100.19,34.55,14.71,58.83,0
895,2,81.14,97.02,99.69,34.19,15.39,57.13,0
895,3,82.14,97.41,95.30,34.71,14.62,57.63,0
895,4,81.35,96.71,101.11,34.70,14.59,58.10,0
895,5,81.24,97.41,97.35,33.76,15.60,60.97,0
895,6,84.11,97.17,97.00,33.86,15.13,58.44,0
895,7,83.88,97.02,97.48,35.18,14.91,60.47,0
895,8,88.90,94.73,91.00,35.10,15.42,66.94,0
895,9,93.05,94.90,86.85,33.99,15.24,68.19,0
895,10,93.69,93.90,85.71,34.46,15.09,68.06,1
895,11,89.64,94.99,88.22,34.78,15.20,65.50,0
895,12,89.93,94.81,90.27,34.52,15.54,65.69,0
895,13,81.87,96.91,98.01,33.41,15.17,57.07,0
895,14,82.46,96.92,94.66,33.92,15.08,57.09,0
895,15,81.96,97.14,93.77,34.20,15.46,58.01,0
895,16,82.13,96.94,99.49,33.47,15.60,58.34,0
895,17,80.51,97.06,96.94,33.66,14.80,59.40,0
895,18,81.72,96.84,94.52,34.27,15.31,58.34,0
895,19,79.97,97.07,98.94,34.28,15.40,57.81,0
896,0,81.23,97.71,80.35,33.08,10.98,47.18,0
896,1,81.53,97.90,80.00,32.16,10.74,47.43,0
896,2,80.45,98.05,80.29,32.55,11.28,45.69,0
896,3,84.06,98.14,78.33,32.63,10.72,45.71,0
896,4,82.85,98.19,76.13,32.26,11.06,48.07,0
896,5,82.29,97.98,76.65,33.97,10.37,46.47,0
896,6,81.72,98.00,80.72,32.05,11.24,47.54,0
896,7,83.11,98.12,75.81,32.07,10.28,46.87,0
896,8,84.05,97.81,78.65,33.52,10.22,46.47,0
896,9,83.15,97.65,79.04,33.22,11.25,48.66,0
896,10,89.96,95.80,72.49,33.84,10.87,50.91,0
896,11,91.63,95.15,67.79,32.66,11.26,54.62,0
896,12,92.93,95.31,66.91,33.41,10.84,58.15,1
896,13,89.98,95.54,68.98,32.98,10.28,54.82,0
896,14,88.26,96.14,70.67,33.35,10.30,51.35,0
896,15,82.25,98.16,77.65,33.63,10.62,47.48,0
896,16,79.63,98.22,74.59,33.92,10.66,45.00,0
896,17,80.11,98.12,76.50,32.08,10.48,45.53,0
896,18,82.41,97.69,77.60,33.53,10.54,46.32,0
896,19,81.39,97.68,75.85,32.10,10.81,48.55,0
897,0,90.29,98.78,78.65,36.22,11.98,62.19,0
897,1,89.16,98.49,81.85,35.64,11.56,59.71,0
897,2,89.39,98.71,80.03,36.98,11.02,61.66,0
897,3,88.65,98.68,79.96,35.90,11.37,61.13,0
897,4,88.86,98.56,79.55,35.65,11.65,59.46,0
897,5,88.67,98.53,79.51,35.28,11.79,61.80,0
897,6,91.25,98.85,82.84,36.89,11.07,60.06,0
897,7,91.86,99.07,82.76,36.70,11.34,61.18,0
897,8,90.11,99.17,84.03,35.98,11.52,62.49,0
897,9,91.09,98.59,79.33,35.95,11.56,61.39,0
897,10,90.82,98.42,81.47,35.77,11.27,60.19,0
897,11,88.13,98.56,82.18,35.91,11.28,60.79,0
897,12,87.62,98.53,79.40,36.70,11.61,60.83,0
897,13,90.90,98.63,83.02,35.97,11.92,61.25,0
897,14,88.18,98.88,81.78,35.29,11.33,60.63,0
897,15,89.53,98.62,78.04,36.97,11.09,59.10,0
897,16,90.29,98.84,81.22,35.60,11.72,59.27,0
897,17,90.97,98.48,82.12,35.79,11.37,60.02,0
897,18,90.23,99.21,82.38,36.29,11.53,59.66,0
897,19,90.89,98.70,79.79,36.88,11.02,61.48,0
898,0,70.51,98.41,80.44,36.73,10.66,52.79,0
898,1,72.94,98.89,84.20,37.76,10.32,52.73,0
898,2,74.12,98.57,82.13,37.57,9.83,52.10,0
898,3,70.63,99.01,85.06,37.05,10.36,52.46,0
898,4,74.19,98.77,85.51,37.89,10.11,49.92,0
898,5,73.44,98.61,84.23,38.52,9.66,50.06,0
898,6,72.58,99.16,84.25,38.02,10.37,51.29,0
898,7,70.49,99.04,82.98,38.64,9.57,50.72,0
898,8,71.40,98.90,83.27,37.59,10.37,49.89,0
898,9,72.43,99.17,81.29,37.31,9.61,51.00,0
898,10,69.93,98.47,79.91,37.75,10.46,50.66,0
898,11,70.49,98.41,79.46,36.91,10.58,50.31,0
898,12,69.60,98.67,78.97,37.21,9.65,52.66,0
898,13,70.57,99.12,81.07,37.62,9.82,52.55,0
898,14,71.64,98.58,81.83,37.60,9.81,49.69,0
898,15,72.96,98.53,83.74,37.07,10.18,51.55,0
898,16,71.05,98.77,78.75,36.87,10.31,49.22,0
898,17,70.80,98.53,83.21,37.21,9.89,50.53,0
898,18,70.40,98.67,84.17,37.46,10.59,49.79,0
898,19,70.29,98.86,84.37,37.14,10.51,51.28,0
899,0,89.55,98.70,95.36,34.39,14.63,53.22,0
899,1,87.33,98.26,95.35,33.01,13.95,50.26,0
899,2,88.01,98.81,94.42,33.31,14.95,50.93,0
899,3,88.97,98.30,97.60,32.97,15.02,52.83,0
899,4,87.69,98.58,96.37,33.21,14.90,50.81,0
899,5,88.55,98.13,99.66,34.36,14.37,52.01,0
899,6,89.88,98.54,94.74,33.73,14.61,53.49,0
899,7,89.53,98.49,97.91,32.89,14.41,52.23,0
899,8,89.21,98.54,98.26,33.92,14.48,51.46,0
899,9,89.35,98.74,97.80,33.95,14.48,49.74,0
899,10,87.73,98.15,94.83,32.87,14.60,49.72,0
899,11,86.34,98.58,95.34,33.88,14.37,50.99,0
899,12,86.04,98.19,96.07,34.14,14.22,51.52,0
899,13,85.59,98.25,93.10,34.32,14.40,50.87,0
899,14,87.14,98.80,95.32,33.80,14.97,52.07,0
899,15,88.51,98.27,92.40,33.04,15.00,51.84,0
899,16,87.91,98.67,97.50,34.16,14.84,53.01,0
899,17,86.34,98.24,93.24,33.71,14.28,51.22,0
899,18,89.18,98.21,95.75,33.37,14.40,50.93,0
899,19,89.61,98.67,96.66,34.80,14.47,52.55,0
900,0,83.76,98.05,91.73,36.23,11.41,49.22,0
900,1,85.47,98.22,93.41,37.29,11.04,47.53,0
900,2,84.20,98.35,92.60,37.47,11.64,47.22,0
900,3,86.40,98.54,96.26,36.63,10.99,50.56,0
900,4,86.93,98.09,92.92,36.51,10.85,47.47,0
900,5,85.88,98.32,97.70,36.45,11.07,47.75,0
900,6,87.56,98.05,97.55,37.51,10.75,50.61,0
900,7,86.64,98.08,93.95,37.78,11.27,47.60,0
900,8,85.59,97.99,97.12,37.59,10.87,48.49,0
900,9,86.25,98.61,97.02,36.34,11.11,48.32,0
900,10,85.49,98.15,92.71,36.36,10.87,49.89,0
900,11,84.38,98.67,92.29,37.87,11.65,49.25,0
900,12,83.91,98.65,95.17,37.60,11.38,46.93,0
900,13,85.42,98.63,95.02,37.96,11.56,46.91,0
900,14,84.01,98.49,92.72,37.10,11.25,48.55,0
900,15,84.22,98.54,95.50,37.16,10.83,49.78,0
900,16,85.90,98.38,91.06,37.23,11.25,48.91,0
900,17,83.20,98.41,92.68,36.67,11.21,47.67,0
900,18,86.26,98.70,92.94,37.88,11.18,48.59,0
900,19,86.36,98.45,94.83,36.54,11.59,48.47,0
901,0,90.20,98.14,95.17,36.67,9.67,57.09,0
901,1,87.97,97.84,90.74,36.48,9.80,60.13,0
901,2,87.97,97.73,90.58,36.20,10.26,57.75,0
901,3,89.90,97.80,92.13,36.35,10.21,57.90,0
901,4,90.25,98.16,93.86,34.88,10.37,57.38,0
901,5,89.13,97.62,91.75,35.55,10.45,58.86,0
901,6,91.06,97.53,91.86,36.41,9.96,57.27,0
901,7,89.88,98.17,92.65,35.55,10.44,57.72,0
901,8,88.99,97.65,95.61,35.86,10.77,59.74,0
901,9,89.35,98.31,91.56,36.20,10.07,57.83,0
901,10,88.72,97.60,94.24,34.90,10.29,56.99,0
901,11,88.92,98.09,92.74,36.03,10.73,58.97,0
901,12,90.22,98.09,89.52,35.28,9.92,59.61,0
901,13,89.61,97.68,89.67,35.59,10.44,58.73,0
901,14,86.92,98.13,89.92,35.88,10.66,59.67,0
901,15,86.96,97.60,92.78,34.89,10.09,57.59,0
901,16,87.53,97.91,90.56,35.63,10.64,60.79,0
901,17,89.00,98.12,90.69,35.69,10.37,57.85,0
901,18,89.27,97.75,93.93,36.11,10.72,57.55,0
901,19,87.43,97.55,92.26,35.53,10.73,60.05,0
902,0,71.74,98.60,99.15,36.74,15.08,58.17,0
902,1,70.05,98.63,94.88,36.41,15.28,57.33,0
902,2,71.52,98.45,99.84,36.68,14.87,60.27,0
902,3,70.88,98.49,97.29,36.74,14.59,59.48,0
902,4,72.59,98.80,97.32,36.01,15.18,57.01,0
902,5,71.67,98.56,97.08,36.02,15.07,60.11,0
902,6,71.55,98.57,94.41,35.34,14.80,59.69,0
902,7,72.32,98.50,97.29,35.18,14.43,59.06,0
902,8,71.91,98.37,95.67,34.82,15.36,59.03,0
902,9,69.57,99.04,93.73,35.26,14.29,57.20,0
902,10,71.55,98.95,96.71,34.98,14.37,59.09,0
902,11,70.64,98.39,95.70,35.00,14.55,57.62,0
902,12,71.11,98.50,97.09,36.31,14.31,57.06,0
902,13,68.16,98.89,95.11,36.60,15.13,59.67,0
902,14,70.57,98.84,94.65,36.53,14.56,59.95,0
902,15,70.84,98.66,94.15,36.57,14.68,59.52,0
902,16,68.36,98.95,93.30,36.64,14.78,57.12,0
902,17,68.43,98.90,97.61,34.90,14.37,59.64,0
902,18,71.57,98.76,98.09,36.62,14.27,58.14,0
902,19,71.24,99.10,93.57,36.40,14.57,58.66,0
903,0,88.28,98.61,83.61,37.90,9.47,60.59,0
903,1,86.15,98.04,84.92,37.38,10.62,62.53,0
903,2,87.53,98.28,86.59,38.79,9.46,63.33,0
903,3,87.12,98.51,81.80,38.16,10.29,61.18,0
903,4,87.70,98.28,84.88,38.58,9.85,61.85,0
903,5,87.68,98.53,81.35,37.61,10.56,63.27,0
903,6,89.72,98.21,86.32,38.92,9.63,61.49,0
903,7,86.52,98.58,85.71,38.44,9.44,62.44,0
903,8,88.84,97.83,84.14,37.94,10.07,60.18,0
903,9,88.47,98.12,81.96,37.62,10.44,61.42,0
903,10,95.28,96.27,79.69,37.64,10.14,66.04,0
903,11,97.34,95.59,74.67,37.40,10.36,69.74,0
903,12,96.57,95.25,71.88,38.64,9.69,72.66,1
903,13,96.59,96.03,73.92,39.15,10.38,68.92,0
903,14,96.10,95.92,75.59,39.10,9.83,67.89,0
903,15,86.84,98.48,83.38,38.16,9.70,62.00,0
903,16,86.51,97.86,81.76,38.69,10.52,62.28,0
903,17,84.84,98.46,81.27,37.40,9.79,63.59,0
903,18,86.54,97.94,80.96,38.30,10.15,63.41,0
903,19,88.59,98.35,84.90,38.49,9.69,61.47,0
904,0,87.20,96.86,77.07,34.81,15.28,59.16,0
904,1,88.55,97.40,82.11,36.26,16.28,57.88,0
904,2,88.94,97.28,79.10,35.48,15.30,59.21,0
904,3,86.03,96.79,81.31,35.64,15.76,60.88,0
904,4,89.30,97.28,82.59,36.44,15.26,60.21,0
904,5,89.60,96.91,79.02,34.88,15.93,60.29,0
904,6,86.83,96.61,83.11,34.74,15.96,61.41,0
904,7,89.29,97.24,81.65,35.58,15.45,60.09,0
904,8,86.71,96.84,81.73,35.84,15.43,60.46,0
904,9,85.63,96.64,81.04,35.08,15.35,58.88,0
904,10,86.65,97.34,81.35,35.01,16.14,60.03,0
904,11,87.52,97.19,76.80,35.89,15.28,58.27,0
904,12,85.87,96.63,78.82,36.00,15.79,60.65,0
904,13,84.27,96.93,78.87,35.06,15.78,60.99,0
904,14,87.36,96.88,76.17,35.68,15.09,60.23,0
904,15,87.76,96.64,80.34,35.85,15.82,60.85,0
904,16,84.61,97.19,81.25,34.84,15.99,59.87,0
904,17,86.35,97.17,76.72,35.82,15.38,58.61,0
904,18,85.47,96.96,78.88,36.48,15.37,60.87,0
904,19,88.03,96.79,78.42,36.50,15.58,59.72,0
905,0,75.29,98.37,88.40,37.81,11.13,51.28,0
905,1,76.12,98.56,90.32,38.08,11.16,50.77,0
905,2,73.54,98.12,89.80,37.26,10.79,48.73,0
905,3,76.75,98.69,90.73,38.29,10.56,49.83,0
905,4,73.55,98.30,87.35,37.82,10.77,51.28,0
905,5,73.23,98.79,85.17,37.06,10.69,51.27,0
905,6,75.18,98.68,88.58,36.80,10.51,48.60,0
905,7,76.22,98.41,87.55,37.08,10.37,49.65,0
905,8,75.43,98.71,85.56,37.04,11.07,49.10,0
905,9,74.16,98.74,84.57,36.92,10.72,50.02,0
905,10,74.06,98.24,84.65,36.75,10.98,51.63,0
905,11,74.76,98.79,87.48,38.51,11.09,50.96,0
905,12,74.20,98.69,86.50,38.09,10.15,51.57,0
905,13,71.75,98.72,84.12,38.40,11.24,50.76,0
905,14,74.33,98.67,84.27,37.95,11.08,50.36,0
905,15,74.84,98.32,85.25,36.65,10.88,48.22,0
905,16,72.06,98.63,87.99,37.55,10.76,49.05,0
905,17,75.25,98.61,83.92,37.29,10.85,51.86,0
905,18,75.45,98.57,89.08,36.74,10.27,50.52,0
905,19,74.13,98.48,86.17,37.26,10.57,51.67,0
906,0,70.57,96.95,96.70,34.27,12.62,50.64,0
906,1,70.72,97.06,99.48,33.09,12.54,52.66,0
906,2,70.11,96.95,95.70,34.65,12.44,52.98,0
906,3,71.86,96.98,98.83,34.14,12.37,52.96,0
906,4,72.03,97.08,99.84,34.31,12.90,50.57,0
906,5,72.59,97.26,98.47,34.69,12.31,53.16,0
906,6,70.87,97.61,98.30,34.72,12.97,51.28,0
906,7,71.45,97.19,95.40,34.23,12.32,52.98,0
906,8,71.39,96.94,100.51,33.30,12.76,50.90,0
906,9,71.87,97.59,94.90,34.11,13.36,53.73,0
906,10,69.87,97.50,98.85,34.15,12.48,52.56,0
906,11,68.56,97.18,94.71,33.52,12.72,50.48,0
906,12,68.74,97.49,97.47,33.44,13.40,52.35,0
906,13,70.42,96.89,95.32,34.89,13.45,51.37,0
906,14,68.42,97.38,94.40,33.47,12.26,50.15,0
906,15,70.62,97.52,94.06,34.02,12.80,52.78,0
906,16,70.04,96.85,95.44,33.69,12.82,52.25,0
906,17,70.52,97.13,98.52,34.50,13.34,52.18,0
906,18,70.71,97.31,94.28,33.79,13.29,53.14,0
906,19,71.14,97.18,99.63,33.68,12.70,51.81,0
907,0,90.79,97.79,80.76,36.39,13.61,43.45,0
907,1,89.52,97.98,79.80,35.69,13.24,44.54,0
907,2,90.19,98.12,79.27,36.30,12.98,42.31,0
907,3,89.97,97.49,77.64,36.76,13.71,45.54,0
907,4,89.58,98.02,81.01,36.72,13.20,42.67,0
907,5,91.29,98.19,77.79,36.46,12.73,42.86,0
907,6,91.81,98.26,76.86,35.23,13.14,42.86,0
907,7,88.64,97.61,77.67,36.58,13.61,44.86,0
907,8,88.35,97.73,76.23,37.00,12.71,44.06,0
907,9,91.47,98.20,77.96,37.06,13.02,43.01,0
907,10,90.05,97.91,75.71,36.09,13.29,44.91,0
907,11,89.05,98.10,78.76,35.74,13.48,43.73,0
907,12,91.20,97.71,77.84,35.14,13.46,45.40,0
907,13,89.65,97.88,79.31,35.22,13.46,43.10,0
907,14,87.55,98.04,79.06,36.54,13.49,43.22,0
907,15,90.44,98.14,78.05,36.78,13.10,42.02,0
907,16,87.88,97.92,77.92,36.15,12.94,42.62,0
907,17,87.87,98.05,78.07,36.33,13.68,45.55,0
907,18,87.79,98.16,75.89,36.16,12.94,45.77,0
907,19,89.93,97.90,79.99,36.64,12.97,45.85,0
908,0,92.08,97.58,90.13,38.46,15.13,43.02,0
908,1,89.70,97.68,90.95,38.15,15.65,44.61,0
908,2,92.28,97.87,89.62,39.91,14.97,43.81,0
908,3,91.41,97.68,87.69,39.92,15.05,44.16,0
908,4,90.32,97.64,88.86,39.34,14.96,45.88,0
908,5,90.52,97.60,90.14,39.65,14.83,44.84,0
908,6,93.54,97.87,86.81,38.48,15.69,46.25,0
908,7,91.71,97.71,85.53,39.75,15.01,43.33,0
908,8,93.14,97.98,85.86,38.36,15.37,43.77,0
908,9,100.17,95.85,80.31,38.92,14.84,51.83,0
908,10,101.05,95.05,78.16,38.25,15.79,51.74,0
908,11,103.55,94.90,77.00,38.25,14.72,54.11,1
908,12,98.72,94.85,80.11,38.84,15.23,53.17,0
908,13,97.69,95.41,80.03,38.66,15.59,49.55,0
908,14,90.99,98.00,89.92,38.86,14.79,43.75,0
908,15,89.51,97.59,88.64,38.74,15.55,44.11,0
908,16,90.30,97.53,88.75,39.41,14.88,44.10,0
908,17,90.16,97.85,90.31,39.41,14.84,44.02,0
908,18,90.64,97.47,87.04,39.11,14.85,45.96,0
908,19,90.93,97.38,89.26,38.29,15.24,46.21,0
909,0,77.59,98.63,86.90,38.70,12.48,56.01,0
909,1,77.62,98.33,90.22,38.68,13.55,53.48,0
909,2,79.22,98.94,88.52,38.77,13.32,56.01,0
909,3,78.48,98.54,90.48,38.63,13.02,55.07,0
909,4,76.88,99.01,90.20,37.66,13.45,54.67,0
909,5,79.39,98.24,87.89,37.04,12.93,55.83,0
909,6,75.70,98.55,87.27,38.21,13.00,55.27,0
909,7,77.54,98.46,89.75,38.66,12.98,56.44,0
909,8,77.89,98.50,85.27,37.99,12.51,52.94,0
909,9,77.70,98.87,84.64,38.38,13.17,52.62,0
909,10,74.76,98.42,85.97,37.60,13.61,56.03,0
909,11,77.52,98.94,86.97,38.38,13.55,53.69,0
909,12,76.23,98.29,89.36,37.25,12.88,53.14,0
909,13,77.40,98.57,86.83,38.54,13.32,54.40,0
909,14,75.79,98.53,89.36,37.52,12.93,54.78,0
909,15,77.22,98.45,88.43,37.49,13.24,53.29,0
909,16,75.72,98.36,85.69,38.66,12.60,54.63,0
909,17,76.24,98.96,86.46,38.41,12.53,56.30,0
909,18,75.25,98.63,86.89,38.56,13.57,53.13,0
909,19,76.79,98.37,87.49,38.46,13.57,54.76,0
910,0,78.76,97.95,97.88,39.38,13.36,53.29,0
910,1,81.98,97.85,99.75,38.50,14.10,50.16,0
910,2,81.17,97.86,94.06,38.09,14.22,50.42,0
910,3,82.45,97.89,98.04,39.43,13.70,52.71,0
910,4,81.14,97.80,98.83,39.75,13.94,50.12,0
910,5,81.04,98.37,99.15,38.35,14.18,52.06,0
910,6,80.52,98.16,95.96,37.82,14.34,53.39,0
910,7,80.57,98.26,98.42,39.29,13.45,50.93,0
910,8,81.99,97.84,97.52,39.39,13.16,51.01,0
910,9,81.51,97.89,99.45,37.85,13.40,53.67,0
910,10,78.14,98.36,97.21,39.68,14.11,53.29,0
910,11,78.56,97.91,95.92,38.74,14.00,50.72,0
910,12,80.69,98.34,95.10,39.34,13.54,52.49,0
910,13,81.11,98.27,98.72,38.80,13.24,51.43,0
910,14,78.93,98.21,98.39,38.86,13.67,51.92,0
910,15,79.44,97.93,95.67,38.49,14.28,50.13,0
910,16,78.19,98.04,92.99,39.55,13.76,53.41,0
910,17,80.62,97.94,96.56,38.60,14.32,50.30,0
910,18,81.35,97.66,93.52,38.44,13.23,51.42,0
910,19,81.77,98.05,98.73,38.32,13.77,50.11,0
911,0,85.38,99.28,96.47,38.68,12.10,56.55,0
911,1,84.08,98.76,95.56,39.02,11.94,57.22,0
911,2,84.07,99.12,100.19,38.83,11.60,55.90,0
911,3,85.05,98.77,95.93,38.39,11.62,54.81,0
911,4,88.04,98.52,101.20,39.54,12.13,57.76,0
911,5,87.48,98.90,97.09,38.97,11.77,54.52,0
911,6,86.53,98.90,96.84,38.99,12.35,54.26,0
911,7,87.31,99.16,96.41,38.53,11.76,55.14,0
911,8,83.98,98.55,98.41,38.60,12.01,57.90,0
911,9,85.94,98.54,98.25,37.83,11.91,57.09,0
911,10,85.87,98.57,97.52,37.97,12.29,54.67,0
911,11,85.05,98.75,95.78,39.05,11.24,57.55,0
911,12,83.64,98.90,96.05,37.71,11.89,56.29,0
911,13,86.60,98.86,96.99,38.99,12.32,57.07,0
911,14,84.02,98.72,98.54,38.23,11.31,55.90,0
911,15,84.75,98.85,99.03,38.58,11.27,57.71,0
911,16,84.92,98.98,99.23,37.69,11.17,54.83,0
911,17,86.98,98.72,100.05,38.99,11.57,54.91,0
911,18,85.66,98.90,96.97,37.65,11.38,54.79,0
911,19,84.39,99.23,95.29,39.10,12.22,56.75,0
912,0,73.94,97.30,94.15,34.58,13.19,62.38,0
912,1,75.07,97.33,93.81,34.92,14.01,62.74,0
912,2,74.18,97.73,95.53,34.94,13.92,59.78,0
912,3,73.74,97.18,96.34,34.05,13.39,62.89,0
912,4,74.99,97.55,93.60,34.92,14.21,63.74,0
912,5,72.70,97.00,94.45,34.93,13.97,62.93,0
912,6,72.57,97.73,94.79,34.25,13.53,62.65,0
912,7,75.29,97.12,94.63,33.51,13.50,62.64,0
912,8,74.59,97.30,95.23,35.09,14.13,61.24,0
912,9,72.50,97.28,92.97,34.79,14.16,60.90,0
912,10,72.81,97.10,94.87,34.16,13.86,62.35,0
912,11,72.37,97.68,92.74,35.06,13.89,62.44,0
912,12,72.93,97.02,96.68,35.41,13.70,63.73,0
912,13,71.91,97.55,93.43,34.46,14.36,61.55,0
912,14,72.16,97.25,92.16,35.44,13.72,60.88,0
912,15,72.72,97.36,91.47,33.75,14.34,60.25,0
912,16,71.11,97.39,94.49,35.02,13.96,61.31,0
912,17,72.55,97.73,95.86,35.25,13.47,62.65,0
912,18,72.63,97.22,96.92,33.93,13.55,60.16,0
912,19,74.63,97.72,92.56,33.75,14.29,60.62,0
913,0,78.33,97.54,100.03,35.12,11.14,52.37,0
913,1,79.16,97.51,95.59,33.55,10.09,53.40,0
913,2,79.23,97.55,98.59,34.61,10.22,52.18,0
913,3,78.58,97.60,95.79,34.04,10.09,54.63,0
913,4,81.33,97.94,98.11,34.19,10.35,54.69,0
913,5,79.19,98.02,99.97,34.14,11.02,53.35,0
913,6,79.56,97.83,95.90,35.14,10.93,50.97,0
913,7,80.28,98.15,96.37,34.44,10.51,51.27,0
913,8,80.48,98.10,97.06,34.75,11.14,54.57,0
913,9,78.78,97.56,95.43,35.22,11.08,52.10,0
913,10,80.40,97.61,99.71,33.63,10.78,52.16,0
913,11,79.96,97.60,96.35,35.22,10.09,53.55,0
913,12,77.20,97.83,96.98,35.41,10.69,51.52,0
913,13,79.10,97.84,95.47,34.00,10.65,52.65,0
913,14,78.50,98.08,98.93,34.97,11.05,53.60,0
913,15,78.11,97.99,97.80,34.87,11.09,53.02,0
913,16,76.82,98.00,95.83,35.04,10.73,51.68,0
913,17,79.38,98.24,99.11,34.65,10.48,52.62,0
913,18,78.37,97.88,98.25,35.21,10.15,52.36,0
913,19,77.07,98.02,99.14,34.16,10.56,54.16,0
914,0,73.99,97.76,92.52,35.52,12.67,45.18,0
914,1,71.95,98.01,93.43,34.92,12.26,44.25,0
914,2,72.42,97.61,89.77,34.51,12.02,41.93,0
914,3,75.07,97.74,89.18,35.20,11.85,44.94,0
914,4,75.87,97.47,90.49,34.51,12.12,45.00,0
914,5,73.28,97.80,90.34,35.04,12.58,44.90,0
914,6,74.83,97.87,92.25,35.91,11.74,43.37,0
914,7,72.68,97.45,88.78,35.32,12.08,43.16,0
914,8,72.79,97.99,87.67,34.97,12.42,44.72,0
914,9,75.21,98.05,89.85,34.03,12.75,43.98,0
914,10,73.50,97.86,90.11,34.22,11.97,44.97,0
914,11,72.44,97.70,90.57,34.97,12.44,43.80,0
914,12,72.59,97.84,89.48,35.48,12.25,45.32,0
914,13,73.68,97.42,91.68,33.99,11.74,43.54,0
914,14,74.28,97.83,86.41,35.15,12.46,44.82,0
914,15,72.59,97.73,91.34,34.18,12.22,42.95,0
914,16,74.83,98.06,92.19,34.58,12.11,44.90,0
914,17,74.34,97.82,88.05,34.86,11.79,45.31,0
914,18,72.72,97.35,89.65,34.91,12.06,44.52,0
914,19,74.69,97.66,91.06,33.98,11.97,43.84,0
915,0,84.36,98.45,91.90,34.15,10.64,55.03,0
915,1,85.06,98.90,91.58,32.99,10.49,56.12,0
915,2,85.37,98.73,91.98,33.08,10.71,56.49,0
915,3,87.73,98.46,92.23,33.26,10.00,57.86,0
915,4,87.82,98.84,94.09,33.42,10.84,55.02,0
915,5,87.97,98.75,92.68,33.93,11.03,57.91,0
915,6,84.77,98.51,97.36,33.46,11.16,58.88,0
915,7,86.71,98.48,93.12,33.98,11.06,55.04,0
915,8,86.85,98.61,93.00,33.39,10.17,58.51,0
915,9,86.11,99.00,92.54,33.35,11.04,58.34,0
915,10,85.71,99.02,91.48,32.57,10.31,58.26,0
915,11,83.52,98.84,95.00,33.19,10.10,56.21,0
915,12,84.51,98.66,92.03,32.72,10.79,58.02,0
915,13,84.47,98.45,95.29,33.23,10.78,56.11,0
915,14,85.51,98.71,93.02,33.01,10.02,58.82,0
915,15,84.57,98.90,92.86,32.68,10.98,55.16,0
915,16,86.19,98.83,96.41,33.36,10.68,55.72,0
915,17,84.02,98.66,92.65,34.42,11.17,57.66,0
915,18,85.58,98.74,92.38,33.45,11.11,57.61,0
915,19,83.41,98.51,92.86,34.13,10.32,57.87,0
916,0,89.66,98.48,91.34,37.32,12.41,60.86,0
916,1,88.66,98.47,94.15,37.00,11.47,61.59,0
916,2,91.87,98.41,95.26,38.13,11.78,60.63,0
916,3,89.02,98.64,95.33,37.02,11.89,60.82,0
916,4,89.26,98.29,92.47,37.00,12.03,59.80,0
916,5,91.12,98.48,91.00,37.02,11.96,57.83,0
916,6,90.54,98.25,92.47,38.28,12.29,57.80,0
916,7,90.26,98.15,91.27,38.60,11.80,58.38,0
916,8,90.86,98.20,91.87,36.99,12.17,59.61,0
916,9,88.75,98.21,90.97,37.80,11.40,59.97,0
916,10,89.98,97.97,95.92,37.16,11.86,59.89,0
916,11,91.46,98.56,95.55,38.44,11.48,58.05,0
916,12,89.27,98.24,95.43,38.41,12.05,58.91,0
916,13,90.02,98.14,95.13,37.14,11.80,59.18,0
916,14,88.40,98.36,94.62,38.03,12.37,58.85,0
916,15,90.90,98.73,90.82,38.36,11.48,61.15,0
916,16,87.51,98.16,93.88,38.05,12.35,60.59,0
916,17,88.36,98.61,90.26,37.24,11.98,59.39,0
916,18,89.77,98.25,93.79,38.59,12.20,61.31,0
916,19,90.50,98.26,93.49,38.20,12.28,61.77,0
917,0,78.92,98.39,90.10,38.80,11.22,58.51,0
917,1,76.68,98.50,91.05,39.20,11.49,57.32,0
917,2,76.98,98.97,92.63,37.50,11.40,58.79,0
917,3,76.92,98.39,92.09,37.60,11.70,57.47,0
917,4,78.31,98.57,94.44,39.18,11.39,59.86,0
917,5,78.73,99.00,95.31,38.01,11.81,57.27,0
917,6,78.08,98.75,91.41,37.91,11.58,58.60,0
917,7,77.94,98.60,95.33,38.11,11.64,56.74,0
917,8,77.06,98.46,91.18,37.50,11.75,56.51,0
917,9,78.00,98.70,91.49,39.04,11.20,56.38,0
917,10,79.13,98.37,93.66,38.07,11.31,59.14,0
917,11,77.12,98.85,94.80,37.82,11.67,60.08,0
917,12,76.95,98.84,91.45,38.91,11.73,57.84,0
917,13,76.77,99.02,92.30,38.59,11.68,57.47,0
917,14,77.73,98.54,88.96,38.99,11.81,57.71,0
917,15,78.80,98.61,89.85,37.78,11.34,58.59,0
917,16,78.62,99.00,94.27,37.76,10.78,56.40,0
917,17,76.03,98.96,91.67,37.97,11.61,56.79,0
917,18,78.13,98.77,93.37,39.28,11.35,58.07,0
917,19,77.61,98.37,91.40,38.28,11.66,56.82,0
918,0,79.83,98.47,93.65,34.34,12.48,55.68,0
918,1,80.09,99.02,92.18,35.41,12.48,57.18,0
918,2,80.92,98.80,94.55,34.88,11.72,56.43,0
918,3,83.50,99.04,93.67,36.06,11.83,54.80,0
918,4,81.33,98.42,93.94,35.56,12.05,54.67,0
918,5,81.88,98.70,89.88,35.59,12.13,57.52,0
918,6,82.64,98.80,93.92,35.46,11.87,56.06,0
918,7,82.87,98.78,91.54,35.71,12.00,55.94,0
918,8,82.18,98.48,92.07,34.42,12.02,55.60,0
918,9,83.00,98.50,93.56,35.75,12.25,56.93,0
918,10,81.51,98.70,90.31,35.24,11.53,55.54,0
918,11,81.48,98.81,87.95,34.53,12.16,56.46,0
918,12,81.79,98.54,90.88,34.90,11.56,56.95,0
918,13,81.51,98.79,91.42,35.01,12.60,55.18,0
918,14,80.82,98.61,93.36,35.83,12.30,55.35,0
918,15,78.55,99.04,93.06,34.53,12.59,57.47,0
918,16,79.20,98.52,90.60,34.48,11.47,57.39,0
918,17,80.67,98.71,91.35,36.27,11.74,54.79,0
918,18,82.47,98.78,88.80,34.61,12.58,54.30,0
918,19,79.62,98.49,91.34,34.50,12.46,56.82,0
919,0,90.30,98.68,92.98,32.90,14.53,54.37,0
919,1,90.51,98.88,94.03,34.37,14.10,56.22,0
919,2,90.54,98.51,94.16,34.41,13.69,54.24,0
919,3,91.73,99.19,94.75,32.67,14.42,54.85,0
919,4,88.59,98.75,94.48,33.98,13.72,57.22,0
919,5,91.47,98.76,95.17,33.20,14.26,56.94,0
919,6,88.99,98.78,91.46,34.43,13.92,55.47,0
919,7,89.20,98.70,89.77,33.39,13.86,55.82,0
919,8,90.33,99.21,93.91,33.59,13.82,56.37,0
919,9,90.95,98.93,92.52,33.27,13.66,55.16,0
919,10,89.14,99.19,91.22,34.35,13.69,53.63,0
919,11,90.30,98.66,91.54,34.46,14.43,56.17,0
919,12,90.55,99.17,92.12,33.33,14.47,55.00,0
919,13,88.05,98.94,88.94,33.03,13.66,54.14,0
919,14,87.46,98.63,89.19,32.98,14.13,57.35,0
919,15,87.97,99.08,90.20,34.37,14.13,54.88,0
919,16,87.31,98.72,89.58,32.62,14.29,57.33,0
919,17,87.46,98.94,89.86,32.80,14.27,54.64,0
919,18,87.73,98.77,93.76,33.01,13.59,55.29,0
919,19,88.80,98.58,94.08,33.09,14.40,56.91,0
920,0,84.75,98.58,87.56,36.47,15.41,47.15,0
920,1,82.16,98.24,87.11,36.20,15.46,50.23,0
920,2,81.49,98.74,91.69,36.13,14.99,46.99,0
920,3,81.73,98.85,91.87,37.12,15.28,48.49,0
920,4,84.89,98.75,88.80,36.23,14.98,47.14,0
920,5,83.70,98.23,88.56,37.47,15.66,49.90,0
920,6,84.67,98.35,89.23,36.01,15.84,48.25,0
920,7,81.81,98.27,88.90,36.56,15.71,47.37,0
920,8,84.98,98.60,90.74,36.76,15.62,47.09,0
920,9,82.61,98.54,86.86,37.51,15.45,49.52,0
920,10,83.77,98.32,91.54,35.94,15.65,48.29,0
920,11,82.78,98.45,85.61,36.01,15.30,50.10,0
920,12,82.85,98.24,85.32,36.84,15.50,47.47,0
920,13,80.33,98.64,91.07,36.22,15.16,48.82,0
920,14,81.55,98.31,87.58,36.28,15.34,47.42,0
920,15,82.76,99.02,89.36,37.30,15.23,49.07,0
920,16,81.93,98.30,87.89,37.86,15.78,48.05,0
920,17,81.03,98.95,86.32,37.64,15.82,48.76,0
920,18,81.04,99.00,91.06,37.74,15.78,50.24,0
920,19,83.82,98.73,91.45,36.72,15.66,48.51,0
921,0,91.57,98.52,82.25,34.67,11.40,59.94,0
921,1,91.97,98.71,88.29,34.47,10.96,61.65,0
921,2,90.45,98.91,83.04,34.65,10.84,62.62,0
921,3,90.31,98.84,88.53,35.15,11.31,59.73,0
921,4,91.23,98.98,88.71,34.49,11.00,61.02,0
921,5,91.52,98.89,87.12,35.45,11.42,62.50,0
921,6,93.10,98.63,83.71,35.13,10.62,60.07,0
921,7,91.76,98.73,88.71,34.07,10.63,60.13,0
921,8,90.35,98.66,85.52,35.07,10.51,61.07,0
921,9,96.77,96.32,80.36,35.81,11.55,68.84,0
921,10,98.97,96.11,74.05,35.09,11.34,69.81,0
921,11,103.51,95.68,70.21,34.52,10.96,72.68,1
921,12,100.50,96.24,76.53,35.50,11.61,67.76,0
921,13,96.04,96.53,80.37,35.50,11.58,69.09,0
921,14,91.26,98.99,86.23,34.49,11.35,62.17,0
921,15,88.04,98.22,85.15,34.50,11.02,62.07,0
921,16,91.76,98.27,87.02,34.73,10.75,61.75,0
921,17,88.40,98.25,82.60,35.30,11.59,61.03,0
921,18,91.23,98.40,83.04,35.12,11.53,61.56,0
921,19,88.61,98.49,85.62,34.44,11.32,62.60,0
922,0,81.43,98.43,83.25,35.12,12.91,44.02,0
922,1,82.90,98.40,84.97,34.90,12.90,46.42,0
922,2,81.28,98.30,86.20,34.59,12.46,45.36,0
922,3,82.56,98.37,84.47,34.04,11.99,43.73,0
922,4,83.63,98.56,84.77,34.75,12.67,46.30,0
922,5,83.56,98.92,88.35,34.51,12.56,44.16,0
922,6,83.64,98.59,85.59,34.38,12.14,44.85,0
922,7,83.63,98.78,87.79,34.50,12.48,46.41,0
922,8,81.78,99.06,85.46,35.30,12.78,44.59,0
922,9,80.41,98.32,83.69,35.34,12.00,45.57,0
922,10,79.93,99.07,85.76,34.54,11.89,43.73,0
922,11,79.71,98.80,85.31,33.95,12.86,43.89,0
922,12,80.24,99.07,87.76,34.96,12.49,45.42,0
922,13,80.90,98.42,87.36,34.25,12.21,46.27,0
922,14,80.83,98.88,82.48,34.34,12.40,45.60,0
922,15,79.73,98.89,83.97,34.96,12.39,44.42,0
922,16,82.98,98.44,85.97,34.66,12.45,46.93,0
922,17,80.86,98.35,83.46,33.88,12.71,46.60,0
922,18,81.52,98.52,85.99,34.61,12.50,47.26,0
922,19,82.93,98.76,87.30,34.96,12.02,44.59,0
923,0,74.22,98.87,82.87,33.16,15.60,52.10,0
923,1,75.00,99.13,78.45,32.93,15.19,49.66,0
923,2,72.69,98.55,78.34,32.82,14.53,51.06,0
923,3,73.64,98.61,78.65,34.19,15.17,49.49,0
923,4,73.10,98.60,81.79,34.38,15.32,50.66,0
923,5,76.71,98.41,80.68,33.05,14.81,52.12,0
923,6,74.60,98.51,82.39,34.00,14.85,51.96,0
923,7,74.79,98.75,79.32,34.43,14.81,52.22,0
923,8,74.63,98.39,83.20,33.70,15.53,51.10,0
923,9,81.80,96.92,72.19,33.93,14.82,57.44,0
923,10,82.91,96.45,70.11,33.79,14.80,59.06,0
923,11,86.97,95.97,71.13,32.95,15.35,62.33,1
923,12,84.98,96.24,68.17,33.07,14.87,57.29,0
923,13,83.22,96.44,71.13,33.95,14.97,57.59,0
923,14,73.60,98.66,78.03,34.13,15.55,51.21,0
923,15,74.27,98.95,82.38,32.56,15.11,51.22,0
923,16,73.43,99.08,78.35,33.77,14.67,50.97,0
923,17,75.03,98.63,79.13,32.50,15.37,50.50,0
923,18,73.98,98.46,79.74,34.44,15.39,49.64,0
923,19,74.52,98.78,79.71,33.68,14.58,52.52,0
924,0,71.48,99.12,85.63,36.48,15.80,62.42,0
924,1,69.68,99.11,86.36,36.66,15.38,60.32,0
924,2,70.89,98.85,88.26,35.49,16.20,59.69,0
924,3,71.84,99.13,88.04,35.77,16.48,59.90,0
924,4,72.49,99.00,85.68,35.50,15.46,61.46,0
924,5,70.70,99.02,85.80,35.03,16.35,60.65,0
924,6,69.20,98.61,89.41,35.10,15.79,59.82,0
924,7,69.01,98.87,85.11,35.40,15.88,59.98,0
924,8,70.68,98.92,84.07,35.32,16.15,62.91,0
924,9,69.08,98.68,88.94,35.29,16.35,61.36,0
924,10,70.19,98.38,87.75,36.67,15.79,59.86,0
924,11,67.76,98.76,87.13,35.63,15.52,60.62,0
924,12,68.48,98.89,85.80,35.91,15.70,60.29,0
924,13,71.32,98.88,84.22,35.01,16.17,60.59,0
924,14,69.38,98.55,82.93,35.58,16.30,60.76,0
924,15,69.18,99.07,84.95,35.58,15.93,60.41,0
924,16,69.08,98.51,83.72,34.95,15.56,62.81,0
924,17,69.68,98.50,85.70,36.29,16.44,59.08,0
924,18,69.60,98.92,83.22,36.16,15.53,59.78,0
924,19,69.27,98.76,84.88,35.70,15.72,59.60,0
925,0,83.54,97.33,93.43,34.00,15.40,62.18,0
925,1,84.99,97.46,96.36,34.81,16.33,61.61,0
925,2,84.63,97.24,98.79,33.96,15.72,61.64,0
925,3,86.47,97.37,93.87,33.76,15.34,58.34,0
925,4,87.15,97.22,99.08,34.80,15.61,59.17,0
925,5,84.96,97.37,97.97,33.81,16.33,59.25,0
925,6,86.22,97.93,96.66,34.17,16.18,62.01,0
925,7,87.47,97.79,96.48,34.77,16.31,58.43,0
925,8,86.48,97.63,98.66,33.83,15.95,61.24,0
925,9,86.53,97.28,93.73,33.87,15.60,58.53,0
925,10,91.11,95.90,87.09,34.34,15.54,66.90,0
925,11,93.05,94.88,84.57,35.04,15.84,68.10,0
925,12,95.70,94.57,83.05,33.96,15.30,69.51,1
925,13,94.28,94.94,84.20,35.45,16.16,69.20,0
925,14,91.46,95.38,90.05,35.67,15.47,67.36,0
925,15,82.69,97.63,96.02,34.61,15.43,61.77,0
925,16,85.81,97.72,95.38,35.41,15.74,60.80,0
925,17,85.94,97.28,92.89,34.61,16.12,58.65,0
925,18,83.86,97.78,93.23,35.35,15.92,62.11,0
925,19,86.56,97.35,93.84,34.38,16.44,62.26,0
926,0,74.80,97.01,86.72,35.70,15.40,59.28,0
926,1,74.18,97.48,86.73,35.22,15.71,58.76,0
926,2,75.25,97.16,87.10,36.59,15.49,58.84,0
926,3,73.15,96.74,88.02,36.31,16.09,59.03,0
926,4,74.20,97.29,87.15,36.90,15.27,58.38,0
926,5,73.83,97.22,84.90,36.48,15.96,59.16,0
926,6,74.74,97.14,88.31,35.26,16.03,56.27,0
926,7,73.20,96.90,86.95,36.55,15.09,58.01,0
926,8,73.32,97.10,87.38,36.67,15.23,59.84,0
926,9,71.82,97.01,85.71,36.93,15.80,58.86,0
926,10,72.12,97.40,87.07,37.17,15.63,56.25,0
926,11,72.86,96.93,86.99,36.83,16.16,59.88,0
926,12,74.42,96.97,83.28,36.52,15.21,59.08,0
926,13,71.27,97.44,85.91,35.32,15.47,59.34,0
926,14,74.14,97.31,84.63,35.65,15.59,58.10,0
926,15,71.90,97.41,87.24,35.30,15.89,56.40,0
926,16,72.05,97.03,86.44,36.21,15.16,59.61,0
926,17,73.86,97.24,85.48,36.60,15.91,59.90,0
926,18,74.26,97.11,83.77,36.53,15.77,59.44,0
926,19,71.70,96.90,85.67,36.94,15.04,59.51,0
927,0,77.81,98.45,79.41,35.30,11.42,43.08,0
927,1,77.25,98.60,83.63,35.29,11.36,44.11,0
927,2,75.61,98.78,82.20,35.54,10.48,44.17,0
927,3,77.66,98.17,85.65,36.61,11.09,45.38,0
927,4,76.98,98.28,84.72,36.41,11.47,43.32,0
927,5,77.28,98.17,81.65,35.84,11.47,44.43,0
927,6,78.00,98.18,81.56,35.87,11.57,43.21,0
927,7,76.39,98.77,83.33,35.76,11.40,46.39,0
927,8,75.49,98.74,83.45,36.41,11.32,42.75,0
927,9,74.97,98.80,84.91,35.49,11.36,44.90,0
927,10,75.20,98.72,83.90,35.84,11.27,45.26,0
927,11,74.04,98.57,78.97,34.73,11.18,46.29,0
927,12,73.91,98.13,79.65,36.43,11.06,45.35,0
927,13,73.70,98.82,81.20,36.50,11.15,42.78,0
927,14,75.37,98.62,80.76,35.29,10.89,46.45,0
927,15,75.37,98.34,80.62,36.20,10.76,43.22,0
927,16,74.76,98.71,79.63,36.67,10.96,43.41,0
927,17,77.24,98.22,80.02,36.26,11.33,45.30,0
927,18,77.25,98.28,81.37,35.30,10.80,45.99,0
927,19,74.55,98.36,80.57,36.34,10.49,42.73,0
928,0,77.11,96.87,88.86,35.00,13.03,47.00,0
928,1,76.11,97.06,85.88,34.38,13.42,49.53,0
928,2,78.09,97.43,88.82,33.78,13.10,47.42,0
928,3,74.69,97.27,90.19,35.38,13.54,48.62,0
928,4,77.65,96.98,90.77,34.97,13.57,49.71,0
928,5,77.38,97.59,87.85,34.47,13.46,49.66,0
928,6,77.52,97.39,91.20,34.07,12.84,49.75,0
928,7,75.89,97.49,86.23,34.29,12.54,48.50,0
928,8,75.39,96.96,89.43,34.26,12.73,50.47,0
928,9,76.58,97.56,86.70,33.72,13.61,47.74,0
928,10,83.00,95.48,81.73,34.10,13.32,55.95,0
928,11,85.25,94.73,81.81,35.03,12.89,57.92,0
928,12,86.65,94.47,74.45,35.38,13.10,56.86,1
928,13,84.92,94.65,76.62,34.16,12.94,57.60,0
928,14,81.69,95.11,83.22,34.20,13.41,56.21,0
928,15,75.32,97.37,89.34,34.70,13.56,48.59,0
928,16,74.66,96.92,85.70,33.99,13.55,48.83,0
928,17,75.39,97.29,89.99,35.14,13.65,48.26,0
928,18,76.36,97.44,87.75,33.85,13.20,48.76,0
928,19,74.35,96.86,88.17,34.91,12.58,48.02,0
929,0,87.82,97.34,81.08,36.79,10.78,57.16,0
929,1,86.53,97.20,82.89,37.60,10.79,57.67,0
929,2,86.22,97.01,82.13,36.00,10.26,57.85,0
929,3,85.17,96.92,81.24,37.70,9.75,58.96,0
929,4,85.12,97.36,79.54,37.47,10.66,57.89,0
929,5,86.72,96.85,83.15,36.34,10.28,59.78,0
929,6,85.93,96.74,80.03,36.67,9.69,58.21,0
929,7,85.88,97.23,83.04,37.38,10.83,58.97,0
929,8,94.74,95.31,75.86,37.42,10.40,65.32,0
929,9,95.79,94.27,73.45,37.60,10.12,64.54,0
929,10,96.58,94.36,70.58,36.65,10.13,69.12,1
929,11,96.45,94.40,73.76,37.37,10.59,65.95,0
929,12,92.46,95.32,72.82,37.80,10.37,63.74,0
929,13,87.32,97.01,82.31,36.82,9.91,56.39,0
929,14,86.84,97.31,80.59,37.84,10.64,57.81,0
929,15,84.20,97.09,81.16,36.21,9.93,56.94,0
929,16,86.49,97.49,78.97,37.98,9.72,59.03,0
929,17,87.15,97.42,83.44,36.24,10.27,59.48,0
929,18,86.23,97.10,80.70,36.62,10.68,56.10,0
929,19,85.29,97.31,81.67,37.43,10.24,58.63,0
930,0,79.50,97.49,85.77,34.97,14.41,46.23,0
930,1,78.91,97.55,88.38,34.38,14.34,45.28,0
930,2,78.79,98.04,87.42,34.38,15.37,45.84,0
930,3,80.52,97.99,90.51,34.68,14.96,42.40,0
930,4,80.08,97.97,90.39,34.29,14.61,44.01,0
930,5,79.61,98.02,87.49,34.48,14.60,44.46,0
930,6,79.30,98.16,86.56,35.43,15.04,42.94,0
930,7,78.61,97.69,89.14,35.18,14.71,44.18,0
930,8,79.26,97.55,88.11,34.95,15.03,42.92,0
930,9,78.54,97.52,87.45,34.02,14.38,44.33,0
930,10,85.89,95.51,83.44,34.00,15.38,49.88,0
930,11,88.63,95.66,77.91,35.37,14.25,50.58,0
930,12,91.57,95.09,78.09,35.11,14.59,53.59,1
930,13,88.17,95.58,76.52,34.41,15.30,51.14,0
930,14,88.26,96.08,78.22,34.07,14.35,49.23,0
930,15,77.02,97.60,88.55,35.08,15.04,44.77,0
930,16,78.11,97.50,86.18,34.21,14.59,44.40,0
930,17,77.06,97.93,84.90,34.59,15.31,45.80,0
930,18,77.78,97.94,89.25,33.95,15.13,43.69,0
930,19,78.41,98.14,85.88,34.92,14.47,43.03,0
931,0,73.99,98.25,80.97,36.84,14.72,50.20,0
931,1,74.72,98.54,83.35,36.76,14.79,46.73,0
931,2,76.35,98.85,80.24,38.18,15.02,48.07,0
931,3,74.54,98.50,81.89,37.01,15.40,48.04,0
931,4,77.67,98.84,80.48,37.95,14.45,49.26,0
931,5,78.06,98.85,81.10,36.42,15.44,49.27,0
931,6,77.75,98.37,82.70,36.44,15.12,49.71,0
931,7,76.55,98.60,84.55,37.14,15.24,47.51,0
931,8,74.95,98.37,80.77,37.67,15.25,47.90,0
931,9,77.55,98.66,80.71,38.05,15.09,47.83,0
931,10,76.96,98.38,81.37,38.14,14.93,47.99,0
931,11,76.86,98.47,78.49,37.02,14.65,47.20,0
931,12,76.87,98.86,83.26,37.30,15.46,47.28,0
931,13,75.37,98.39,79.07,37.89,15.24,49.29,0
931,14,74.91,98.25,79.11,37.89,14.67,47.13,0
931,15,74.83,98.85,82.28,36.49,14.78,47.46,0
931,16,74.76,98.60,78.98,37.07,15.16,47.40,0
931,17,74.51,98.78,78.78,36.28,15.41,49.47,0
931,18,75.82,98.44,83.16,36.30,14.84,47.31,0
931,19,74.71,98.93,82.40,37.60,15.02,47.46,0
932,0,74.64,98.66,95.24,34.48,12.65,55.96,0
932,1,75.27,98.93,97.95,35.69,13.33,57.14,0
932,2,73.98,98.53,96.59,35.58,13.05,56.98,0
932,3,75.07,98.58,100.59,34.52,13.36,58.19,0
932,4,73.32,98.89,96.31,35.08,12.62,57.33,0
932,5,76.33,98.83,98.26,33.98,12.77,55.42,0
932,6,73.82,98.59,100.73,34.30,13.21,56.70,0
932,7,74.53,98.77,95.08,34.02,13.71,58.80,0
932,8,83.52,96.49,90.88,35.03,13.46,61.68,0
932,9,85.75,95.93,90.58,34.79,12.80,64.45,0
932,10,87.88,95.28,87.02,34.04,12.63,69.05,1
932,11,85.53,95.91,86.03,34.46,13.30,67.31,0
932,12,81.47,96.47,92.98,35.10,13.60,61.42,0
932,13,74.21,99.01,98.70,34.58,13.58,58.38,0
932,14,71.95,98.41,99.43,34.79,12.77,59.17,0
932,15,72.11,98.81,94.96,35.24,12.85,57.41,0
932,16,73.69,98.49,97.31,34.11,12.71,58.40,0
932,17,74.48,98.56,98.05,34.65,12.67,57.28,0
932,18,72.83,98.40,96.30,35.58,13.47,56.37,0
932,19,73.96,98.68,95.55,34.00,13.67,58.81,0
933,0,81.15,96.71,82.09,33.03,15.47,56.48,0
933,1,80.54,97.34,80.73,34.21,15.34,55.07,0
933,2,81.49,96.77,83.43,33.36,15.97,57.18,0
933,3,79.94,97.44,86.46,33.39,15.62,56.10,0
933,4,80.67,96.97,85.13,33.22,15.63,57.73,0
933,5,80.57,96.90,85.43,34.13,15.22,56.59,0
933,6,82.08,96.78,85.37,33.75,15.08,56.49,0
933,7,79.88,97.39,84.87,32.87,15.07,57.82,0
933,8,80.10,96.83,80.54,34.18,15.81,58.64,0
933,9,81.21,97.07,82.07,32.98,15.56,55.63,0
933,10,80.52,96.96,80.54,33.63,15.11,55.54,0
933,11,78.68,96.74,84.00,33.02,15.33,58.26,0
933,12,80.57,97.35,83.55,34.02,15.95,58.04,0
933,13,79.60,97.02,79.98,32.88,15.73,56.89,0
933,14,79.91,97.28,81.72,34.56,15.86,58.33,0
933,15,77.61,97.27,82.07,34.07,15.76,58.40,0
933,16,78.47,97.40,83.01,33.99,15.71,55.46,0
933,17,81.52,96.93,83.90,33.26,15.87,54.88,0
933,18,78.74,96.80,82.79,33.97,15.40,55.68,0
933,19,78.28,97.18,83.39,34.12,15.68,56.91,0
934,0,77.27,97.02,97.96,32.75,13.62,47.50,0
934,1,80.85,97.53,93.20,32.17,14.10,49.88,0
934,2,78.91,97.68,96.09,33.36,14.43,48.22,0
934,3,79.35,97.19,95.40,33.24,13.77,48.07,0
934,4,79.89,97.14,94.49,33.80,14.01,50.68,0
934,5,77.74,97.24,94.08,33.82,14.44,50.73,0
934,6,78.88,97.66,96.51,32.91,14.18,48.99,0
934,7,77.36,97.46,94.31,33.87,13.91,49.45,0
934,8,78.09,97.60,96.12,33.21,14.17,48.68,0
934,9,76.92,97.46,98.23,33.18,14.41,50.37,0
934,10,76.57,97.10,94.57,32.20,14.72,47.45,0
934,11,78.98,97.46,93.33,33.06,13.87,50.45,0
934,12,79.46,97.08,96.71,33.64,14.20,49.23,0
934,13,76.53,97.58,97.53,33.07,14.26,49.36,0
934,14,77.74,97.41,96.97,33.32,14.55,47.45,0
934,15,76.25,97.66,92.93,33.30,14.02,48.41,0
934,16,76.89,97.78,96.04,34.08,13.80,49.72,0
934,17,78.20,97.63,95.48,33.25,14.41,48.49,0
934,18,79.27,97.21,93.03,32.65,14.02,50.79,0
934,19,80.59,97.42,96.27,33.45,14.25,48.66,0
935,0,70.71,98.69,96.95,35.41,12.55,59.06,0
935,1,70.63,98.54,96.22,36.28,12.84,55.69,0
935,2,73.77,98.77,97.79,36.11,12.55,55.57,0
935,3,73.63,98.48,96.45,35.57,12.91,58.55,0
935,4,72.65,98.44,96.73,35.64,12.04,59.02,0
935,5,72.55,98.44,96.17,35.96,12.43,57.95,0
935,6,71.88,98.70,98.61,34.97,12.15,57.01,0
935,7,73.46,98.56,99.99,35.45,12.71,57.75,0
935,8,73.77,98.26,96.48,36.14,12.58,59.06,0
935,9,72.24,98.62,100.19,35.36,13.09,55.80,0
935,10,72.64,98.53,97.13,34.79,12.45,56.78,0
935,11,69.41,98.18,96.65,35.77,12.53,58.52,0
935,12,71.41,98.51,95.73,35.73,12.88,56.40,0
935,13,69.23,98.90,98.48,35.43,12.77,59.00,0
935,14,71.85,98.60,99.05,34.58,12.15,58.50,0
935,15,72.17,98.80,98.46,35.05,12.55,58.03,0
935,16,69.21,98.57,94.75,35.07,12.54,57.64,0
935,17,70.29,98.28,98.31,35.09,12.28,55.53,0
935,18,72.31,98.84,99.48,35.48,12.43,55.30,0
935,19,71.39,98.30,99.57,35.24,12.48,58.65,0
936,0,88.70,99.09,89.22,38.80,13.79,42.73,0
936,1,90.89,98.69,86.95,38.05,14.11,43.08,0
936,2,89.74,98.56,90.98,38.31,13.85,41.96,0
936,3,89.44,98.65,90.88,39.37,13.87,45.61,0
936,4,90.93,98.39,88.14,39.11,14.24,44.87,0
936,5,91.49,98.56,92.59,38.05,13.60,42.44,0
936,6,89.23,98.52,89.96,38.22,14.37,44.22,0
936,7,89.57,99.08,88.03,37.81,13.64,44.20,0
936,8,91.39,98.72,89.67,38.55,14.29,43.02,0
936,9,89.49,98.55,89.80,38.72,13.57,42.67,0
936,10,91.54,99.04,90.65,38.24,14.16,42.87,0
936,11,88.70,98.38,86.63,38.73,13.77,42.19,0
936,12,89.07,99.02,89.29,37.74,14.26,43.47,0
936,13,89.77,98.66,90.82,38.80,13.50,42.52,0
936,14,87.75,98.48,88.84,38.87,14.56,45.25,0
936,15,89.09,98.77,86.15,38.20,13.97,45.36,0
936,16,90.24,99.06,87.50,37.50,14.50,42.20,0
936,17,88.92,98.47,86.92,38.46,13.57,45.18,0
936,18,90.08,98.53,89.43,37.94,14.61,44.58,0
936,19,88.87,98.57,91.20,38.79,13.72,43.48,0
937,0,82.09,97.29,86.76,33.45,14.49,58.21,0
937,1,84.58,97.38,87.42,33.26,14.61,61.77,0
937,2,84.93,97.01,87.26,32.86,14.38,58.98,0
937,3,83.45,97.41,85.62,32.93,13.72,62.09,0
937,4,82.88,97.49,88.61,33.49,13.87,61.75,0
937,5,82.64,96.97,86.00,33.88,14.76,59.56,0
937,6,85.69,97.64,87.92,33.13,13.94,58.53,0
937,7,83.80,96.95,82.70,34.20,14.21,59.25,0
937,8,85.34,97.36,85.43,32.98,14.61,58.52,0
937,9,83.43,97.72,84.19,34.32,13.91,58.29,0
937,10,81.72,97.14,83.83,34.63,13.88,61.27,0
937,11,82.77,97.01,82.38,33.59,13.90,61.18,0
937,12,82.45,96.98,83.24,33.50,14.46,58.42,0
937,13,84.81,97.22,82.37,34.09,14.27,60.86,0
937,14,82.45,97.65,82.44,33.59,13.81,62.02,0
937,15,80.94,96.94,84.94,34.36,13.79,58.19,0
937,16,84.10,97.27,86.10,33.18,14.04,59.76,0
937,17,81.81,97.24,83.24,34.21,14.54,61.24,0
937,18,84.60,96.94,83.39,33.26,14.60,61.73,0
937,19,85.13,97.21,86.24,34.01,14.28,59.42,0
938,0,90.64,99.18,79.95,35.83,11.18,43.95,0
938,1,91.76,99.25,83.13,35.67,11.04,44.43,0
938,2,91.63,98.56,81.27,35.89,11.02,45.65,0
938,3,92.17,98.61,83.18,36.53,11.80,44.10,0
938,4,89.82,99.15,81.79,35.90,11.35,44.75,0
938,5,93.32,99.23,79.28,35.80,11.16,46.35,0
938,6,91.26,98.78,84.80,36.58,10.96,46.49,0
938,7,89.43,99.11,81.91,35.09,11.94,43.67,0
938,8,89.52,98.69,83.20,35.50,11.67,43.07,0
938,9,90.36,98.90,78.87,36.54,11.44,44.56,0
938,10,91.64,98.52,81.34,35.19,11.49,43.74,0
938,11,89.55,98.49,82.84,35.69,11.02,45.89,0
938,12,90.85,99.05,78.03,36.20,11.91,46.82,0
938,13,90.99,99.15,83.06,35.11,11.45,43.46,0
938,14,90.58,98.89,78.93,36.57,11.05,45.77,0
938,15,90.92,98.87,82.74,35.68,11.06,42.97,0
938,16,89.36,99.08,79.07,35.18,11.92,46.40,0
938,17,89.57,98.93,78.44,34.60,11.71,46.70,0
938,18,92.27,98.95,81.79,34.78,11.06,45.40,0
938,19,90.58,98.90,81.57,35.37,11.55,42.93,0
939,0,76.44,98.73,77.48,37.55,13.47,60.46,0
939,1,77.98,99.06,77.76,38.46,14.42,57.65,0
939,2,79.02,98.93,79.47,36.68,14.00,57.88,0
939,3,79.15,98.55,79.37,36.77,14.09,59.41,0
939,4,80.40,98.43,79.40,37.33,13.97,57.68,0
939,5,77.57,98.94,80.83,36.93,13.98,59.20,0
939,6,80.24,98.42,80.96,37.38,14.15,60.24,0
939,7,78.12,98.81,81.59,37.38,14.40,58.41,0
939,8,78.82,98.57,79.21,36.69,13.42,58.83,0
939,9,78.39,98.38,82.67,37.79,13.89,61.38,0
939,10,77.63,98.42,79.49,36.66,14.08,57.96,0
939,11,77.63,98.74,78.19,38.40,13.39,59.16,0
939,12,77.52,98.55,80.33,37.79,14.04,57.54,0
939,13,78.39,98.78,78.03,36.67,14.10,58.36,0
939,14,78.05,98.48,80.71,36.94,13.91,59.33,0
939,15,77.13,98.59,80.53,37.73,14.33,59.69,0
939,16,76.22,98.65,82.55,37.70,14.26,58.92,0
939,17,79.29,98.94,78.36,38.37,13.81,60.63,0
939,18,78.38,98.34,79.99,38.42,14.18,61.03,0
939,19,78.64,98.69,80.22,37.04,13.58,59.14,0
940,0,77.67,97.06,90.92,34.59,13.82,54.72,0
940,1,78.99,97.34,96.18,34.03,14.65,58.46,0
940,2,81.59,97.34,96.58,34.87,14.15,58.50,0
940,3,80.71,97.21,95.96,35.66,14.05,54.88,0
940,4,78.57,96.86,94.79,34.26,14.06,55.90,0
940,5,79.12,97.07,94.67,34.26,14.06,55.96,0
940,6,80.72,97.31,93.20,35.75,14.10,54.95,0
940,7,81.23,97.08,94.90,34.50,14.00,57.06,0
940,8,79.66,96.69,94.46,35.65,14.44,54.91,0
940,9,81.28,96.88,91.20,34.05,13.86,58.50,0
940,10,78.98,96.86,93.02,35.21,14.57,56.22,0
940,11,78.56,97.33,92.76,35.24,14.57,57.35,0
940,12,79.32,97.32,91.34,35.48,13.65,58.16,0
940,13,78.35,97.37,95.13,36.00,14.41,56.13,0
940,14,79.46,97.02,94.40,35.02,13.85,55.21,0
940,15,77.55,97.19,93.19,34.77,14.15,55.47,0
940,16,79.27,96.86,94.04,34.52,14.65,56.77,0
940,17,77.58,97.38,91.30,35.88,13.86,58.28,0
940,18,80.47,96.86,91.53,34.47,14.35,56.09,0
940,19,77.70,97.04,93.80,34.18,14.69,56.21,0
941,0,88.28,98.07,81.51,34.57,11.40,42.51,0
941,1,88.20,98.59,83.75,36.03,11.38,42.42,0
941,2,90.88,97.97,87.03,35.73,11.60,45.51,0
941,3,91.93,97.81,83.26,34.99,10.43,44.43,0
941,4,90.22,98.05,83.92,35.65,11.60,45.51,0
941,5,91.44,98.17,82.30,36.03,11.56,44.08,0
941,6,91.10,97.88,84.34,34.47,10.95,43.30,0
941,7,90.59,98.28,86.27,36.22,10.56,42.52,0
941,8,90.53,97.95,85.29,35.13,10.90,42.45,0
941,9,90.87,98.54,83.30,35.13,11.11,43.84,0
941,10,90.56,98.21,87.08,35.26,10.42,43.20,0
941,11,87.31,98.55,82.39,34.98,11.52,45.41,0
941,12,88.79,98.55,84.03,36.06,11.19,43.50,0
941,13,90.19,98.28,81.65,34.63,11.54,45.01,0
941,14,87.72,98.16,80.80,36.12,11.59,41.91,0
941,15,87.49,98.11,83.57,36.13,10.66,45.56,0
941,16,88.12,97.98,84.13,35.15,11.41,42.57,0
941,17,90.49,98.12,82.38,35.78,11.45,43.69,0
941,18,89.43,97.81,82.74,36.16,11.00,45.72,0
941,19,88.58,98.37,84.75,34.75,10.59,44.03,0
942,0,91.99,97.58,79.44,36.07,12.67,54.77,0
942,1,92.41,97.08,78.15,36.31,12.31,55.08,0
942,2,91.90,97.55,78.80,37.17,12.56,54.07,0
942,3,93.32,97.51,80.67,36.23,12.10,53.40,0
942,4,90.16,97.11,78.01,36.47,11.95,55.44,0
942,5,91.16,97.66,79.36,35.70,12.56,56.56,0
942,6,91.90,97.78,77.72,37.19,11.92,53.96,0
942,7,91.59,97.11,81.13,36.36,12.84,55.48,0
942,8,101.13,95.87,73.92,36.73,12.45,62.07,0
942,9,99.41,94.77,69.31,35.88,12.07,63.89,0
942,10,102.49,94.21,69.02,36.34,11.92,65.95,1
942,11,99.67,94.86,72.29,35.92,12.20,64.16,0
942,12,97.50,95.82,71.98,35.79,11.68,59.95,0
942,13,90.31,97.50,76.22,36.11,12.50,53.67,0
942,14,88.96,97.54,76.21,36.26,11.88,54.70,0
942,15,91.02,97.25,79.03,35.82,12.37,52.88,0
942,16,90.55,97.83,80.93,36.98,12.04,55.16,0
942,17,91.92,97.55,79.43,36.54,12.25,55.61,0
942,18,90.81,97.71,77.74,37.19,12.66,55.95,0
942,19,91.98,97.85,79.45,36.33,12.12,55.22,0
943,0,88.36,97.26,84.09,37.39,10.81,48.15,0
943,1,87.26,97.16,85.31,37.13,10.85,48.98,0
943,2,87.07,97.06,84.92,35.95,11.19,47.31,0
943,3,87.98,97.29,87.37,37.06,11.47,48.52,0
943,4,89.23,97.43,84.36,36.20,11.40,47.96,0
943,5,87.12,97.73,85.10,36.59,11.34,47.78,0
943,6,85.96,97.02,84.07,36.93,10.95,48.63,0
943,7,86.07,97.27,85.17,37.65,11.75,48.36,0
943,8,86.30,97.57,87.51,36.14,11.87,49.59,0
943,9,86.89,97.31,86.80,37.41,11.62,48.26,0
943,10,85.31,97.38,86.10,36.01,10.90,46.91,0
943,11,85.41,97.14,85.46,37.90,11.72,47.58,0
943,12,84.18,97.15,82.94,36.22,11.11,47.27,0
943,13,84.43,97.09,85.87,37.32,11.66,49.55,0
943,14,86.10,97.27,87.44,36.95,11.64,46.67,0
943,15,86.26,97.34,83.43,37.29,11.04,49.03,0
943,16,87.51,97.15,83.00,36.38,11.37,48.87,0
943,17,87.69,97.29,87.33,36.90,10.77,49.22,0
943,18,86.71,97.32,82.65,36.90,11.41,48.69,0
943,19,87.59,97.42,86.69,37.62,11.26,49.39,0
944,0,81.53,98.02,83.24,34.41,9.45,51.76,0
944,1,80.41,97.66,86.82,34.99,10.51,48.45,0
944,2,79.54,97.81,87.75,34.87,10.63,48.57,0
944,3,81.93,98.17,88.04,35.62,10.58,48.28,0
944,4,81.62,97.96,83.04,35.62,9.68,49.65,0
944,5,78.67,98.04,85.58,35.47,10.37,48.34,0
944,6,79.26,97.60,85.44,35.45,10.62,50.74,0
944,7,81.40,97.88,88.16,34.84,9.97,51.59,0
944,8,81.82,97.69,85.27,34.60,10.01,49.12,0
944,9,79.78,97.80,85.40,34.51,9.81,50.23,0
944,10,89.13,96.33,80.96,34.92,9.84,55.35,0
944,11,89.88,95.66,75.36,35.81,9.58,59.94,0
944,12,91.85,94.82,73.62,34.65,10.55,60.42,1
944,13,87.51,95.47,72.19,34.52,10.35,56.33,0
944,14,88.60,96.28,75.49,34.60,9.60,56.09,0
944,15,79.07,97.65,85.26,36.02,10.30,48.32,0
944,16,80.38,97.94,87.24,35.41,10.24,50.93,0
944,17,78.98,97.71,87.40,35.23,10.04,48.83,0
944,18,79.77,97.82,83.60,36.12,9.44,51.36,0
944,19,80.00,98.19,82.78,35.77,9.95,49.95,0
945,0,82.53,99.00,82.72,33.39,11.98,57.80,0
945,1,83.81,98.70,84.98,33.64,11.36,57.32,0
945,2,82.21,99.17,84.63,34.12,11.49,57.98,0
945,3,81.23,99.16,83.10,34.35,12.38,55.86,0
945,4,85.08,98.89,83.06,32.82,11.46,57.61,0
945,5,84.62,99.24,82.38,33.82,12.05,59.41,0
945,6,84.61,99.14,83.12,33.33,11.30,56.85,0
945,7,80.99,98.90,85.04,32.41,11.43,57.41,0
945,8,84.02,99.04,85.16,33.75,11.26,57.53,0
945,9,90.24,96.93,78.60,33.05,11.87,62.12,0
945,10,91.08,96.45,71.73,32.85,12.16,64.33,0
945,11,92.81,95.98,69.03,33.75,12.43,67.25,1
945,12,90.73,96.45,75.50,32.46,12.41,65.42,0
945,13,89.09,97.26,75.70,34.13,11.72,63.63,0
945,14,82.56,98.63,85.09,33.84,11.58,56.15,0
945,15,80.59,98.93,81.37,32.81,11.55,57.57,0
945,16,80.56,99.11,84.19,33.40,12.21,57.83,0
945,17,80.94,98.60,84.12,33.05,11.78,57.43,0
945,18,82.85,98.81,83.63,32.86,12.41,57.88,0
945,19,83.48,98.76,81.48,33.56,11.83,58.02,0
946,0,76.61,96.95,88.76,35.08,10.86,43.89,0
946,1,76.27,97.35,87.76,35.21,10.97,42.12,0
946,2,78.78,97.09,84.59,36.45,10.68,40.50,0
946,3,78.33,97.30,87.14,36.53,10.39,42.96,0
946,4,77.30,96.83,86.15,35.34,10.27,41.31,0
946,5,78.94,96.91,85.98,35.53,10.18,41.95,0
946,6,78.36,97.01,87.79,34.92,10.50,44.35,0
946,7,78.81,97.44,89.17,34.84,11.06,43.56,0
946,8,77.44,97.07,87.20,35.55,11.08,41.93,0
946,9,85.78,95.02,77.95,35.10,11.11,48.65,0
946,10,87.57,94.87,78.19,35.51,10.71,50.62,0
946,11,87.67,93.95,73.45,36.05,10.40,51.13,1
946,12,86.60,94.57,76.25,35.64,10.27,50.02,0
946,13,85.90,94.88,78.79,35.67,11.10,49.49,0
946,14,77.36,96.92,85.24,36.42,11.04,43.44,0
946,15,76.03,96.99,85.84,34.70,10.66,42.71,0
946,16,76.22,96.95,85.20,35.22,11.10,42.69,0
946,17,76.61,97.30,84.13,35.38,11.19,42.15,0
946,18,75.22,96.78,84.65,35.93,10.49,43.25,0
946,19,76.41,96.78,89.44,36.37,10.88,41.69,0
947,0,81.81,98.44,82.11,39.54,13.60,51.31,0
947,1,79.61,98.40,82.15,38.04,14.29,50.51,0
947,2,79.74,98.57,87.09,39.24,14.22,52.04,0
947,3,82.63,98.43,86.69,38.60,14.29,51.24,0
947,4,81.24,97.84,82.89,38.92,13.66,52.39,0
947,5,80.56,97.95,86.21,38.77,14.14,50.02,0
947,6,82.78,98.03,85.71,39.41,14.00,51.14,0
947,7,78.78,98.43,83.39,38.45,13.57,49.91,0
947,8,88.28,96.37,76.12,38.91,14.73,58.75,0
947,9,91.00,95.71,73.60,38.87,13.92,61.09,0
947,10,91.73,95.39,73.20,38.22,14.43,60.85,1
947,11,90.49,95.92,74.90,38.98,14.46,58.20,0
947,12,86.10,95.91,77.29,38.22,14.03,58.45,0
947,13,78.60,98.00,80.91,39.54,13.71,50.65,0
947,14,80.40,98.47,81.85,39.22,14.53,53.05,0
947,15,77.57,98.15,86.58,38.90,14.01,51.70,0
947,16,80.90,98.44,81.14,39.30,14.34,50.07,0
947,17,80.57,98.48,86.71,39.27,14.07,52.51,0
947,18,79.91,98.17,81.87,38.39,13.85,49.37,0
947,19,82.02,98.25,85.10,38.24,14.10,52.70,0
948,0,91.96,98.16,88.37,35.24,12.15,53.56,0
948,1,91.55,98.19,87.37,34.60,11.73,51.48,0
948,2,91.06,97.83,87.99,34.73,12.27,54.37,0
948,3,90.34,98.28,90.45,35.69,11.27,53.88,0
948,4,91.06,97.68,90.12,35.41,11.55,52.46,0
948,5,90.90,98.05,89.73,35.74,11.33,54.48,0
948,6,90.04,97.95,90.09,35.45,11.79,52.19,0
948,7,91.09,97.80,91.57,34.92,11.81,55.06,0
948,8,92.26,98.03,90.04,35.66,11.40,53.01,0
948,9,92.94,98.29,90.39,35.54,11.54,53.99,0
948,10,100.81,96.26,82.94,35.83,11.22,60.76,0
948,11,100.75,95.49,78.09,34.95,11.53,61.03,0
948,12,101.15,94.92,76.01,34.86,11.74,64.46,1
948,13,101.44,95.76,80.23,35.27,12.36,62.21,0
948,14,98.83,95.93,82.00,34.16,12.28,58.24,0
948,15,88.48,97.82,86.57,35.81,12.07,53.88,0
948,16,91.10,97.94,87.19,35.97,12.29,55.33,0
948,17,91.23,97.77,87.56,34.40,11.95,54.28,0
948,18,92.67,97.99,88.62,35.89,12.35,53.08,0
948,19,93.01,97.85,91.64,35.61,11.49,53.64,0
949,0,79.50,98.45,80.34,35.85,16.31,45.81,0
949,1,81.87,98.64,79.78,36.30,15.98,45.44,0
949,2,80.70,98.53,80.41,34.59,15.57,46.92,0
949,3,79.53,98.15,80.94,36.20,15.56,46.72,0
949,4,82.68,98.05,80.70,35.58,15.66,45.29,0
949,5,81.73,98.55,78.48,36.39,15.53,47.86,0
949,6,79.75,98.52,79.10,35.33,15.30,45.70,0
949,7,80.22,98.20,77.33,35.24,16.06,46.79,0
949,8,81.30,98.16,77.51,34.95,15.45,46.31,0
949,9,80.05,98.18,77.85,34.61,16.13,46.91,0
949,10,81.12,98.05,78.54,35.05,15.49,47.30,0
949,11,77.98,98.24,78.14,35.89,16.24,46.11,0
949,12,78.81,98.40,76.23,35.09,15.82,47.70,0
949,13,79.55,98.24,77.51,34.43,16.26,44.18,0
949,14,77.80,98.16,78.29,35.93,15.84,47.67,0
949,15,80.01,97.92,80.65,35.85,16.01,47.57,0
949,16,81.32,97.87,75.55,35.12,15.62,45.13,0
949,17,78.71,98.59,77.77,35.85,15.14,46.32,0
949,18,79.60,97.91,80.24,35.25,15.87,45.35,0
949,19,79.52,98.44,77.27,35.33,15.44,47.62,0
950,0,91.16,97.98,80.31,38.24,13.77,51.42,0
950,1,87.94,97.86,82.79,37.19,13.51,52.27,0
950,2,89.38,98.53,80.53,38.18,12.91,51.64,0
950,3,89.90,98.24,81.00,37.12,13.52,52.69,0
950,4,91.17,97.89,79.16,37.42,13.27,53.48,0
950,5,91.27,98.22,79.48,38.03,13.56,51.17,0
950,6,90.61,97.94,82.02,38.07,13.12,51.44,0
950,7,91.63,97.93,83.40,38.94,13.43,51.90,0
950,8,99.21,96.01,74.79,39.01,13.25,60.64,0
950,9,97.94,95.98,72.91,39.08,13.75,61.45,0
950,10,99.31,95.47,69.97,37.43,13.10,60.94,1
950,11,97.71,95.97,70.35,37.75,13.87,62.31,0
950,12,97.14,96.51,73.12,37.71,12.88,58.40,0
950,13,89.04,98.40,80.80,38.84,13.13,51.19,0
950,14,87.36,98.39,78.13,37.57,13.19,53.79,0
950,15,88.17,98.24,79.60,39.04,13.33,52.39,0
950,16,88.34,98.34,82.92,38.80,13.66,53.44,0
950,17,90.56,98.17,79.82,38.31,13.21,52.58,0
950,18,89.57,98.38,82.52,37.72,13.24,54.82,0
950,19,91.42,97.86,81.46,38.44,13.94,52.70,0
951,0,91.39,98.13,93.20,39.44,11.49,49.74,0
951,1,92.17,97.81,87.70,39.54,11.99,50.73,0
951,2,91.74,98.09,92.61,38.89,11.73,51.68,0
951,3,89.88,97.92,90.87,39.56,11.45,51.16,0
951,4,92.61,98.35,91.37,37.71,12.02,48.44,0
951,5,90.84,98.21,89.11,38.02,11.97,51.81,0
951,6,92.16,98.45,91.15,39.45,11.84,51.68,0
951,7,93.44,97.88,93.18,37.67,11.54,52.12,0
951,8,89.34,97.98,87.89,39.11,12.11,48.30,0
951,9,92.78,98.25,88.70,38.05,11.29,50.38,0
951,10,92.21,98.30,89.14,39.49,11.89,48.78,0
951,11,90.47,98.04,91.33,39.37,12.27,50.74,0
951,12,89.81,97.86,90.45,38.80,12.25,48.63,0
951,13,91.70,98.30,89.07,38.71,11.10,50.02,0
951,14,88.31,98.17,91.05,37.86,11.38,48.48,0
951,15,91.00,98.06,91.02,39.52,11.13,51.85,0
951,16,90.51,97.78,89.90,39.05,11.71,52.11,0
951,17,89.52,97.85,88.89,38.37,11.51,50.93,0
951,18,90.38,98.02,91.28,37.78,11.47,49.99,0
951,19,89.56,97.99,91.63,39.32,12.13,48.66,0
952,0,78.05,96.98,91.88,32.96,13.95,60.72,0
952,1,77.28,97.03,90.50,33.46,13.89,58.91,0
952,2,79.53,97.03,88.54,34.30,13.92,59.93,0
952,3,79.54,96.96,90.07,34.50,13.71,59.25,0
952,4,79.96,97.03,90.94,33.51,13.03,61.73,0
952,5,79.64,97.68,93.06,33.83,13.96,60.62,0
952,6,80.01,97.16,93.10,33.89,13.03,59.44,0
952,7,79.87,96.93,93.31,34.33,13.09,62.10,0
952,8,78.16,97.44,89.65,33.40,13.47,60.26,0
952,9,79.01,97.40,90.32,33.83,13.21,61.28,0
952,10,76.94,97.59,87.82,34.05,13.61,61.83,0
952,11,77.48,97.07,88.93,33.87,13.98,60.53,0
952,12,78.23,97.01,92.85,34.91,12.90,60.97,0
952,13,77.17,96.90,92.93,33.84,13.95,60.18,0
952,14,77.89,97.20,89.86,33.46,13.82,59.46,0
952,15,76.20,97.12,87.28,32.98,13.19,59.39,0
952,16,76.62,97.03,89.68,34.83,13.23,62.23,0
952,17,78.56,97.60,91.79,34.33,13.58,59.77,0
952,18,78.22,97.41,91.17,34.42,12.91,59.47,0
952,19,79.36,97.47,93.60,34.07,14.01,59.31,0
953,0,73.15,98.13,98.70,35.36,14.37,50.98,0
953,1,72.79,98.00,94.93,35.42,13.36,52.92,0
953,2,74.80,98.06,95.85,35.33,13.52,52.76,0
953,3,73.07,97.62,99.85,34.41,13.99,51.25,0
953,4,74.19,97.61,96.49,34.98,13.56,52.27,0
953,5,74.33,97.91,95.94,34.25,13.34,52.01,0
953,6,74.87,98.15,99.80,34.89,14.06,52.39,0
953,7,74.28,98.20,100.84,35.57,13.42,51.88,0
953,8,72.17,97.75,96.54,34.46,14.41,51.74,0
953,9,73.81,97.70,96.64,34.62,13.44,52.64,0
953,10,70.77,98.15,97.53,34.77,13.43,51.79,0
953,11,72.83,97.99,98.88,35.13,14.40,51.09,0
953,12,73.86,98.15,97.77,34.21,13.98,52.44,0
953,13,71.42,98.08,94.70,35.31,13.68,53.25,0
953,14,71.10,97.75,97.97,35.19,13.88,52.78,0
953,15,70.64,97.81,98.71,34.05,13.90,52.93,0
953,16,70.36,97.66,99.20,34.87,13.61,51.59,0
953,17,72.98,97.94,97.17,33.87,13.78,54.05,0
953,18,73.68,97.88,99.12,35.31,13.37,51.17,0
953,19,72.80,97.69,98.21,35.28,13.53,52.81,0
954,0,92.35,97.41,82.46,35.05,12.22,51.78,0
954,1,92.66,97.53,81.79,34.93,12.71,50.08,0
954,2,90.65,97.09,81.67,36.58,12.99,52.46,0
954,3,91.45,97.42,80.87,36.01,12.10,49.39,0
954,4,91.21,97.16,78.88,36.36,12.25,49.49,0
954,5,92.12,97.20,78.29,35.94,12.56,51.19,0
954,6,93.26,97.43,80.95,34.83,12.13,51.71,0
954,7,92.59,97.28,83.16,35.66,12.97,51.56,0
954,8,89.54,97.13,79.37,35.24,11.95,52.83,0
954,9,92.77,97.26,78.74,36.40,12.82,49.43,0
954,10,91.00,97.13,78.61,36.04,12.49,50.91,0
954,11,89.45,97.65,79.50,35.08,13.11,50.69,0
954,12,89.82,97.42,77.92,36.49,12.93,52.44,0
954,13,89.03,97.82,77.67,35.86,12.79,49.70,0
954,14,91.46,97.36,76.97,35.03,12.70,50.08,0
954,15,89.44,97.14,80.38,35.63,12.48,49.32,0
954,16,89.98,97.18,81.09,35.68,12.17,49.51,0
954,17,89.27,97.80,77.01,36.60,12.94,51.28,0
954,18,91.69,97.13,79.16,35.60,12.63,52.19,0
954,19,92.64,97.08,79.11,35.01,12.87,49.33,0
955,0,74.12,97.52,79.70,37.83,15.68,55.46,0
955,1,73.64,97.33,79.55,37.65,15.82,55.57,0
955,2,74.51,97.16,82.49,37.73,15.53,58.67,0
955,3,74.65,97.15,84.69,37.99,15.39,58.12,0
955,4,72.35,97.02,83.67,37.09,14.96,55.40,0
955,5,75.09,96.82,80.63,37.24,15.93,57.61,0
955,6,73.36,97.27,83.68,37.56,15.84,55.48,0
955,7,74.16,97.29,82.55,38.92,15.89,57.47,0
955,8,74.05,97.33,82.16,37.56,15.94,56.74,0
955,9,73.98,97.10,81.94,37.76,14.98,56.55,0
955,10,71.82,97.32,82.35,36.99,15.26,58.01,0
955,11,73.72,97.38,82.00,38.78,15.80,58.79,0
955,12,70.54,97.24,82.11,38.52,15.68,58.22,0
955,13,70.50,97.02,80.80,37.15,15.10,56.59,0
955,14,71.84,97.31,78.98,38.49,15.14,56.97,0
955,15,70.06,96.90,81.20,37.63,15.90,55.62,0
955,16,71.60,97.40,80.08,38.57,14.87,55.45,0
955,17,73.84,97.50,83.87,38.12,14.95,56.30,0
955,18,73.15,96.84,83.00,38.42,15.04,58.22,0
955,19,74.00,97.01,81.73,37.46,15.36,57.69,0
956,0,75.61,98.25,80.76,37.28,14.22,49.77,0
956,1,74.07,97.92,80.11,36.89,13.49,49.75,0
956,2,76.60,98.16,83.30,38.69,13.31,50.87,0
956,3,74.37,97.68,82.78,37.54,13.82,50.53,0
956,4,73.83,97.97,82.45,37.17,14.16,50.16,0
956,5,76.35,97.79,80.23,37.05,13.40,50.24,0
956,6,73.79,98.32,83.43,37.23,14.04,49.85,0
956,7,74.83,97.85,79.39,38.28,13.66,48.11,0
956,8,75.28,97.82,80.37,37.49,13.61,50.39,0
956,9,74.83,98.03,78.73,38.44,13.21,50.02,0
956,10,75.10,97.82,80.27,38.32,13.43,48.49,0
956,11,72.31,98.33,79.60,37.27,14.06,49.23,0
956,12,75.05,97.78,78.64,37.23,14.21,49.31,0
956,13,73.17,98.03,82.54,37.96,13.79,50.56,0
956,14,71.95,98.04,81.42,38.07,13.78,50.98,0
956,15,72.98,97.97,81.43,37.34,13.72,50.16,0
956,16,71.51,98.25,82.90,36.81,13.91,50.38,0
956,17,74.24,98.00,79.74,36.84,13.76,48.94,0
956,18,73.26,97.98,80.82,38.34,13.65,50.39,0
956,19,74.46,97.79,81.59,38.32,13.93,51.04,0
957,0,80.48,97.71,91.95,37.77,11.94,52.66,0
957,1,80.06,97.83,89.90,39.23,11.89,52.14,0
957,2,79.08,97.95,91.23,37.95,11.92,52.01,0
957,3,81.25,97.95,89.22,38.76,12.13,54.84,0
957,4,79.82,97.25,89.70,38.63,11.95,52.51,0
957,5,79.08,97.62,88.68,38.29,12.88,53.63,0
957,6,81.47,97.29,90.83,38.20,11.77,54.46,0
957,7,79.80,97.32,91.43,38.43,12.42,54.54,0
957,8,82.04,97.28,88.92,38.14,12.09,53.00,0
957,9,79.99,97.84,89.75,38.89,11.81,51.58,0
957,10,78.66,97.75,91.29,37.29,12.91,53.57,0
957,11,78.58,97.65,93.26,39.09,12.60,51.30,0
957,12,80.76,97.28,92.60,37.95,12.34,51.84,0
957,13,78.96,97.68,89.99,38.03,12.73,51.45,0
957,14,78.10,97.65,88.34,38.46,11.86,51.76,0
957,15,78.53,97.84,87.35,37.91,12.13,52.49,0
957,16,78.28,97.37,88.23,39.16,12.22,55.17,0
957,17,81.07,97.94,89.62,37.53,12.53,51.91,0
957,18,80.07,97.24,89.36,37.62,12.28,52.96,0
957,19,80.56,97.80,93.02,38.42,12.76,52.81,0
958,0,82.90,98.21,96.03,36.21,15.12,62.58,0
958,1,82.99,97.74,95.81,36.99,15.86,61.39,0
958,2,81.69,98.30,93.34,36.04,14.83,62.03,0
958,3,82.08,97.86,96.91,37.37,15.47,60.50,0
958,4,84.22,97.88,98.00,37.10,15.77,60.79,0
958,5,85.68,97.80,96.18,36.26,15.03,60.25,0
958,6,85.40,98.29,93.46,36.33,14.83,59.61,0
958,7,81.80,97.73,93.01,37.73,15.77,60.67,0
958,8,82.44,97.97,95.47,35.99,15.47,60.91,0
958,9,82.33,98.14,93.95,36.24,15.49,62.26,0
958,10,81.44,98.21,94.76,35.93,15.52,61.09,0
958,11,81.23,98.24,96.36,37.30,15.01,59.26,0
958,12,83.44,98.25,93.85,36.76,15.65,60.19,0
958,13,81.97,98.10,95.14,36.56,15.23,59.94,0
958,14,80.42,98.28,96.04,37.82,15.88,60.69,0
958,15,80.76,98.14,93.63,36.26,14.92,59.64,0
958,16,83.51,97.57,95.37,36.74,15.74,62.63,0
958,17,83.54,98.00,93.93,36.55,15.18,61.56,0
958,18,81.54,98.24,92.19,37.67,15.73,62.38,0
958,19,82.21,98.20,95.14,36.15,15.99,61.57,0
959,0,73.98,99.11,81.01,36.90,12.94,58.57,0
959,1,75.94,99.20,84.20,36.78,13.09,59.40,0
959,2,75.08,98.96,80.99,37.16,12.17,57.46,0
959,3,73.32,99.25,83.50,37.40,12.47,58.63,0
959,4,75.10,98.51,86.44,36.78,12.85,55.67,0
959,5,74.47,99.25,86.30,36.69,13.02,59.30,0
959,6,72.65,98.64,82.81,35.88,13.06,55.65,0
959,7,74.96,98.65,84.62,35.95,12.45,56.02,0
959,8,75.23,98.79,85.93,37.16,12.56,57.59,0
959,9,73.23,99.01,83.14,36.34,12.14,58.26,0
959,10,74.91,98.79,81.68,36.79,12.26,59.07,0
959,11,71.60,98.61,84.82,35.83,13.02,59.05,0
959,12,71.75,98.55,80.59,36.43,12.42,56.00,0
959,13,71.47,98.85,83.93,37.19,13.10,56.55,0
959,14,71.43,99.04,82.83,36.35,12.37,56.04,0
959,15,72.79,99.02,80.41,36.88,12.51,57.24,0
959,16,74.05,98.53,79.96,37.13,12.26,56.13,0
959,17,72.35,99.01,83.45,35.65,12.89,56.82,0
959,18,72.85,99.22,82.29,36.32,12.43,57.88,0
959,19,75.46,98.51,83.53,35.65,12.70,57.36,0
960,0,91.42,98.67,92.77,32.98,13.60,51.29,0
960,1,90.03,98.56,92.13,32.91,14.31,50.28,0
960,2,89.11,98.28,89.46,33.18,14.43,50.25,0
960,3,90.70,98.54,93.68,33.18,14.60,52.74,0
960,4,91.46,98.57,92.30,33.47,13.81,52.09,0
960,5,93.13,98.48,91.45,32.85,14.25,52.23,0
960,6,90.05,98.21,91.42,34.42,13.86,51.15,0
960,7,90.93,98.36,91.73,33.38,14.05,50.04,0
960,8,91.28,98.56,89.03,33.77,14.41,50.35,0
960,9,91.63,98.40,94.12,34.55,14.35,51.53,0
960,10,99.71,96.76,84.96,32.58,13.82,56.29,0
960,11,101.02,96.27,83.43,33.54,13.68,60.11,0
960,12,102.76,95.43,78.11,33.43,14.58,61.90,1
960,13,98.81,95.68,80.26,33.49,14.58,60.27,0
960,14,97.76,96.35,86.77,33.04,14.03,56.50,0
960,15,90.37,98.23,91.00,34.47,13.67,51.44,0
960,16,91.33,98.43,88.93,33.24,14.37,51.99,0
960,17,89.26,98.16,91.30,33.50,14.63,50.93,0
960,18,91.22,98.32,91.92,33.39,14.44,51.98,0
960,19,89.15,98.37,88.82,34.23,14.15,53.34,0
961,0,80.62,98.52,94.81,38.02,9.86,59.15,0
961,1,81.29,98.32,92.63,38.71,9.53,55.63,0
961,2,81.54,98.21,94.95,37.38,10.13,56.43,0
961,3,81.76,97.75,96.91,38.66,9.88,55.59,0
961,4,83.81,97.99,92.76,37.61,9.48,58.41,0
961,5,81.10,98.26,95.03,37.49,10.51,58.48,0
961,6,82.93,97.91,92.76,38.85,9.51,57.17,0
961,7,80.64,97.98,96.77,38.13,9.91,58.11,0
961,8,79.49,98.10,91.98,38.41,9.93,59.39,0
961,9,91.15,96.28,89.42,38.29,9.95,61.45,0
961,10,92.36,95.48,86.64,38.07,9.98,65.04,0
961,11,93.09,95.03,83.37,38.73,9.82,66.74,1
961,12,89.16,95.80,87.80,37.98,10.03,63.56,0
961,13,87.41,96.17,90.43,38.09,9.68,63.65,0
961,14,81.22,98.32,92.26,38.20,9.63,56.20,0
961,15,78.86,97.94,95.61,37.44,10.61,58.33,0
961,16,81.34,98.41,96.11,38.03,10.48,59.41,0
961,17,82.49,97.95,91.96,38.65,9.96,58.17,0
961,18,78.91,98.24,92.52,38.47,9.78,58.84,0
961,19,79.40,98.09,92.31,37.59,10.29,58.23,0
962,0,76.23,97.85,90.98,33.45,12.68,45.00,0
962,1,76.28,98.40,90.14,34.00,12.97,41.61,0
962,2,74.97,98.10,90.43,33.22,13.67,43.58,0
962,3,77.89,98.41,87.98,33.21,13.20,43.71,0
962,4,74.62,97.79,89.36,33.63,13.40,43.23,0
962,5,76.66,97.74,89.01,32.87,13.61,44.46,0
962,6,77.88,98.11,90.56,32.95,12.68,41.92,0
962,7,77.72,97.82,92.31,33.49,12.95,43.74,0
962,8,84.23,96.22,84.74,32.36,12.53,49.71,0
962,9,83.52,95.34,82.27,32.36,13.06,53.39,0
962,10,87.61,95.43,76.14,32.23,12.78,52.58,1
962,11,86.23,95.92,81.61,33.64,13.12,51.09,0
962,12,80.91,96.14,85.37,34.03,13.12,48.95,0
962,13,75.64,98.05,91.15,33.55,12.56,41.62,0
962,14,76.01,98.10,86.91,33.44,12.84,44.24,0
962,15,72.74,98.36,87.02,33.14,13.38,42.18,0
962,16,76.23,98.41,92.40,33.17,13.44,43.14,0
962,17,76.43,98.39,87.87,32.47,12.50,43.14,0
962,18,76.00,97.74,91.22,32.80,12.84,45.37,0
962,19,74.00,98.41,92.74,32.51,12.64,44.17,0
963,0,86.62,99.02,88.04,36.90,11.61,53.22,0
963,1,86.21,98.82,92.81,36.01,12.16,55.05,0
963,2,85.86,99.06,93.73,36.09,12.33,55.09,0
963,3,86.22,98.62,90.41,37.34,11.45,55.04,0
963,4,87.25,98.76,90.65,36.90,12.03,55.86,0
963,5,85.06,98.97,93.87,36.59,11.80,52.49,0
963,6,84.33,98.63,94.27,37.75,11.47,55.23,0
963,7,84.50,99.16,90.52,36.49,11.29,54.01,0
963,8,92.91,96.93,88.27,37.53,11.18,58.63,0
963,9,94.47,96.09,81.43,36.27,12.03,60.27,0
963,10,98.92,95.63,79.79,37.36,12.16,63.07,1
963,11,96.38,96.13,79.47,37.27,11.21,63.31,0
963,12,93.89,97.01,86.68,36.74,11.86,59.77,0
963,13,84.11,98.90,88.52,37.39,11.41,52.81,0
963,14,86.23,98.84,90.50,37.15,11.28,53.79,0
963,15,85.28,99.21,89.76,37.49,11.16,52.47,0
963,16,83.06,98.84,93.19,35.88,11.69,55.83,0
963,17,84.07,99.00,90.44,36.09,11.20,53.63,0
963,18,83.99,99.17,90.84,37.66,12.14,53.01,0
963,19,86.58,98.66,93.66,36.68,12.14,53.72,0
964,0,76.91,97.20,93.59,32.78,10.62,49.94,0
964,1,74.74,96.73,90.80,33.02,11.13,50.94,0
964,2,76.74,97.00,90.37,32.94,10.74,51.81,0
964,3,76.80,96.75,90.70,32.11,11.40,48.79,0
964,4,76.52,97.18,93.06,32.79,10.67,51.68,0
964,5,76.38,97.18,91.69,33.62,10.47,51.22,0
964,6,75.74,97.10,91.73,33.06,10.94,48.94,0
964,7,75.95,97.28,91.59,33.59,11.61,48.30,0
964,8,75.62,97.35,94.05,33.64,10.68,48.52,0
964,9,74.01,97.49,93.88,33.28,11.18,50.42,0
964,10,76.50,96.73,93.73,32.82,11.37,48.13,0
964,11,74.17,96.76,90.52,32.82,11.49,51.20,0
964,12,74.77,96.96,92.11,34.02,10.89,48.47,0
964,13,75.60,97.47,91.82,33.08,11.33,49.71,0
964,14,72.65,97.42,90.37,32.52,11.04,48.34,0
964,15,76.17,97.45,93.32,33.60,11.08,49.69,0
964,16,73.93,96.90,93.86,32.75,10.82,51.80,0
964,17,75.46,96.88,93.98,34.10,10.60,51.72,0
964,18,74.71,96.93,92.26,33.50,11.30,50.83,0
964,19,76.98,97.05,90.63,32.91,10.69,51.73,0
965,0,75.74,98.29,81.36,35.30,15.46,59.42,0
965,1,74.67,98.17,84.30,35.70,15.94,60.70,0
965,2,73.31,98.26,83.26,35.62,15.57,60.63,0
965,3,74.18,97.83,81.70,35.71,15.42,59.25,0
965,4,77.09,97.69,80.87,35.53,15.44,60.26,0
965,5,75.05,98.36,86.44,34.32,15.64,59.31,0
965,6,74.15,98.26,83.33,35.22,15.53,58.98,0
965,7,74.22,98.23,84.88,36.00,15.40,59.44,0
965,8,73.50,98.07,82.20,35.73,15.35,61.86,0
965,9,75.54,97.76,84.00,34.35,15.93,59.27,0
965,10,72.88,98.36,82.76,34.73,15.59,61.54,0
965,11,74.21,97.73,82.20,34.78,15.79,60.77,0
965,12,71.97,98.31,85.27,34.37,15.78,60.46,0
965,13,73.31,97.76,84.75,35.83,15.83,61.32,0
965,14,71.91,98.25,83.94,34.46,15.62,59.51,0
965,15,73.63,97.84,80.35,34.75,15.67,60.14,0
965,16,74.07,97.73,81.91,36.18,15.66,58.88,0
965,17,74.92,98.41,79.90,35.74,16.12,59.82,0
965,18,75.40,98.23,83.90,34.58,16.04,60.51,0
965,19,73.33,97.97,82.45,35.83,15.48,60.89,0
966,0,80.83,98.51,82.93,37.62,11.24,47.04,0
966,1,79.70,98.76,84.68,36.75,11.47,49.37,0
966,2,79.47,98.16,82.75,37.27,11.52,49.05,0
966,3,79.65,98.59,84.28,36.72,11.97,50.81,0
966,4,81.59,98.86,85.26,36.77,11.87,48.03,0
966,5,80.68,98.25,84.97,37.51,11.91,50.26,0
966,6,79.28,98.31,81.90,36.98,11.05,49.67,0
966,7,79.81,98.40,84.89,37.06,11.83,49.07,0
966,8,79.80,98.25,80.72,38.02,11.35,49.63,0
966,9,80.30,98.75,82.30,37.92,11.65,48.83,0
966,10,78.18,98.45,84.44,37.81,11.41,48.61,0
966,11,80.46,98.86,79.48,37.98,10.92,48.49,0
966,12,77.94,98.27,80.82,36.72,11.58,49.56,0
966,13,77.48,98.61,78.80,37.31,11.55,49.95,0
966,14,77.27,98.84,82.60,36.93,11.77,47.57,0
966,15,78.31,98.61,81.57,38.33,10.81,50.22,0
966,16,80.24,98.79,83.52,37.48,11.30,50.74,0
966,17,78.97,98.77,79.08,38.23,11.37,48.09,0
966,18,78.73,98.62,79.73,38.30,11.41,47.40,0
966,19,79.45,98.81,83.90,36.90,11.38,49.46,0
967,0,84.03,96.92,96.92,34.33,13.43,61.05,0
967,1,85.64,96.93,94.52,35.64,13.43,60.53,0
967,2,84.25,97.11,96.59,35.50,12.68,57.88,0
967,3,85.29,96.86,96.72,34.67,12.63,57.92,0
967,4,85.99,97.06,95.58,35.23,13.33,61.10,0
967,5,85.31,97.16,97.75,35.67,12.53,58.20,0
967,6,86.38,97.08,96.10,35.82,13.36,61.46,0
967,7,84.46,97.55,99.83,34.69,12.63,58.60,0
967,8,84.23,97.46,99.42,35.63,13.37,59.34,0
967,9,84.60,97.57,99.79,34.81,13.09,59.68,0
967,10,85.01,96.82,96.11,34.33,12.89,59.16,0
967,11,82.81,97.12,95.22,34.39,12.46,61.05,0
967,12,85.01,97.23,94.96,34.74,12.50,58.55,0
967,13,82.32,97.00,93.98,35.76,12.83,61.30,0
967,14,85.58,97.29,97.04,34.10,12.91,58.10,0
967,15,82.29,97.04,97.81,35.41,12.80,60.63,0
967,16,83.95,96.88,96.44,34.96,12.70,60.69,0
967,17,85.71,96.85,98.14,33.95,12.55,58.59,0
967,18,82.73,96.84,99.02,35.41,12.82,58.81,0
967,19,83.89,97.37,97.96,34.90,12.74,60.74,0
968,0,69.32,96.80,82.55,34.57,14.81,43.38,0
968,1,71.93,96.63,81.87,32.80,13.99,41.11,0
968,2,73.50,97.02,82.37,32.75,14.10,41.49,0
968,3,71.44,97.40,82.96,33.61,14.39,40.91,0
968,4,70.11,97.29,84.68,34.46,13.88,43.75,0
968,5,72.93,97.37,80.55,32.75,13.80,44.70,0
968,6,72.21,96.72,85.73,32.97,14.56,41.74,0
968,7,73.59,97.16,82.34,33.58,14.08,41.77,0
968,8,70.60,96.65,83.43,32.78,14.58,43.64,0
968,9,71.47,97.06,83.16,33.78,14.76,41.11,0
968,10,72.62,97.19,84.17,34.05,14.06,41.97,0
968,11,72.87,97.34,81.22,33.67,14.23,41.57,0
968,12,69.55,96.81,80.05,33.28,14.28,44.35,0
968,13,70.98,97.08,81.50,33.81,14.43,41.22,0
968,14,68.90,97.16,79.54,33.49,14.27,42.85,0
968,15,69.90,96.63,79.81,34.50,13.97,40.75,0
968,16,70.20,96.82,80.71,32.99,14.19,42.40,0
968,17,72.22,97.22,82.24,33.63,14.64,42.75,0
968,18,70.97,96.80,79.34,34.23,14.77,42.01,0
968,19,71.65,96.87,79.85,34.22,14.34,43.26,0
969,0,77.47,98.57,82.73,35.08,15.87,48.57,0
969,1,78.35,98.45,81.83,36.33,15.86,49.27,0
969,2,81.48,98.92,83.32,35.12,15.78,49.03,0
969,3,78.55,99.10,79.92,36.44,16.30,49.24,0
969,4,81.09,98.96,78.30,36.24,16.41,50.49,0
969,5,80.84,98.49,81.06,35.56,15.82,47.55,0
969,6,79.60,99.04,79.42,35.49,15.41,48.56,0
969,7,80.59,98.57,79.28,36.42,16.12,48.31,0
969,8,80.69,98.51,80.34,35.67,15.62,46.85,0
969,9,85.68,96.44,73.68,35.09,15.84,55.84,0
969,10,89.15,96.15,68.96,36.07,15.47,56.14,0
969,11,89.77,95.70,66.22,35.97,16.30,59.14,1
969,12,88.38,96.41,72.41,36.27,15.55,57.20,0
969,13,86.44,97.02,76.63,35.82,15.33,55.87,0
969,14,78.79,98.47,81.60,35.47,15.76,48.25,0
969,15,80.15,98.46,78.59,35.44,16.39,49.87,0
969,16,78.26,99.10,77.09,36.29,16.08,47.99,0
969,17,77.85,98.40,78.69,36.22,15.39,49.26,0
969,18,78.36,98.53,82.14,36.06,16.19,49.43,0
969,19,80.71,99.06,79.03,35.23,15.45,46.96,0
970,0,88.59,99.10,96.71,37.75,14.46,48.39,0
970,1,87.35,98.62,95.15,37.61,14.09,48.13,0
970,2,88.14,99.32,92.51,37.11,14.32,48.36,0
970,3,85.97,98.79,95.38,38.05,14.16,48.23,0
970,4,85.71,99.11,97.58,37.42,15.19,47.52,0
970,5,87.17,98.72,94.84,37.83,14.24,49.84,0
970,6,86.73,99.13,94.49,37.10,14.28,48.43,0
970,7,85.88,98.92,92.82,38.41,14.58,46.43,0
970,8,86.54,99.03,95.70,37.28,14.83,47.87,0
970,9,87.52,98.83,94.68,37.66,14.52,48.58,0
970,10,86.99,98.78,91.67,37.41,15.20,49.28,0
970,11,84.32,98.73,95.46,37.29,15.01,48.01,0
970,12,84.54,98.55,91.02,36.90,14.58,48.55,0
970,13,85.28,98.75,91.84,38.59,15.14,47.40,0
970,14,86.45,98.69,93.65,36.95,15.02,49.25,0
970,15,85.31,99.26,92.28,38.51,14.66,49.65,0
970,16,85.85,99.23,93.39,37.65,14.98,46.91,0
970,17,85.34,98.65,95.36,37.32,14.17,48.61,0
970,18,85.85,99.05,96.22,38.79,14.14,46.57,0
970,19,86.18,99.12,93.29,38.45,14.82,49.12,0
971,0,79.19,96.80,96.17,38.56,10.38,49.21,0
971,1,79.43,96.68,96.56,38.95,10.88,47.10,0
971,2,78.07,97.39,97.45,37.73,11.31,46.98,0
971,3,81.21,96.81,96.20,38.96,10.87,48.08,0
971,4,78.86,97.23,94.53,39.05,11.20,46.54,0
971,5,79.04,97.37,94.07,39.05,10.43,46.05,0
971,6,78.20,96.90,98.60,37.70,11.02,46.73,0
971,7,78.32,97.12,94.95,37.88,11.06,46.65,0
971,8,78.52,96.83,93.85,38.42,10.33,49.20,0
971,9,80.53,97.20,96.94,39.26,10.70,46.97,0
971,10,88.05,95.16,88.10,38.07,10.88,53.96,0
971,11,88.02,94.34,88.05,38.54,10.38,55.74,0
971,12,90.63,94.17,83.55,37.72,11.04,59.18,1
971,13,87.92,94.91,83.34,39.17,10.97,55.71,0
971,14,84.92,95.23,90.96,37.74,10.29,53.27,0
971,15,78.23,96.74,97.64,38.38,10.74,49.45,0
971,16,76.74,97.27,92.48,38.72,11.39,47.20,0
971,17,78.72,97.16,93.03,38.53,10.26,47.08,0
971,18,78.37,97.14,92.74,38.93,10.94,47.12,0
971,19,78.46,97.32,93.05,38.81,10.51,48.64,0
972,0,70.78,97.26,85.61,33.04,16.33,55.47,0
972,1,73.79,97.06,86.18,33.60,16.42,53.75,0
972,2,73.46,97.63,85.27,34.45,15.77,53.67,0
972,3,74.13,97.49,86.03,33.19,15.96,55.82,0
972,4,72.87,97.50,84.58,34.59,16.28,52.89,0
972,5,72.11,97.47,83.78,34.73,15.29,52.63,0
972,6,74.49,97.45,83.84,34.65,16.35,53.64,0
972,7,73.96,97.41,83.31,33.38,16.09,52.31,0
972,8,72.39,97.28,87.37,34.71,15.84,53.81,0
972,9,71.09,97.69,86.39,34.11,16.24,53.30,0
972,10,72.82,97.68,83.08,33.68,15.60,53.76,0
972,11,71.40,97.51,86.01,33.43,15.38,55.67,0
972,12,71.03,97.64,85.46,33.12,15.94,52.52,0
972,13,73.30,97.08,86.74,33.26,15.99,54.21,0
972,14,71.46,97.19,81.66,34.24,16.38,52.88,0
972,15,71.71,97.12,85.58,34.54,15.74,52.46,0
972,16,70.87,97.22,82.54,34.18,15.33,52.43,0
972,17,71.61,97.85,82.89,34.65,16.18,54.94,0
972,18,73.59,97.76,83.44,33.98,16.29,55.10,0
972,19,72.39,97.30,83.34,34.13,15.37,52.43,0
973,0,81.18,98.23,89.02,39.27,15.72,47.24,0
973,1,80.57,97.94,90.75,39.14,16.03,44.82,0
973,2,82.08,98.29,88.19,39.25,15.35,47.28,0
973,3,83.82,98.14,92.01,38.28,15.39,47.11,0
973,4,82.68,98.05,86.97,38.02,15.92,45.23,0
973,5,83.81,98.02,87.73,38.83,15.80,44.93,0
973,6,81.28,98.67,91.93,38.68,16.18,46.56,0
973,7,82.69,98.26,89.85,38.03,16.07,46.14,0
973,8,84.15,98.39,89.80,38.53,15.38,46.50,0
973,9,80.78,98.63,87.58,38.71,15.86,44.32,0
973,10,82.91,98.56,88.45,38.13,15.45,45.48,0
973,11,79.75,98.49,85.43,37.35,16.25,43.98,0
973,12,83.16,98.06,88.19,37.75,16.40,46.14,0
973,13,80.14,98.07,87.92,38.25,15.74,47.26,0
973,14,82.10,98.10,85.11,38.31,15.97,45.68,0
973,15,79.14,98.33,87.62,38.83,16.35,47.31,0
973,16,80.12,98.07,86.75,37.60,15.64,47.29,0
973,17,81.74,98.72,89.90,38.41,16.05,47.13,0
973,18,80.37,97.94,91.14,38.67,15.83,44.67,0
973,19,82.53,98.22,88.17,38.49,16.08,47.18,0
974,0,81.98,97.15,88.91,39.88,11.95,54.06,0
974,1,81.81,97.64,89.07,39.66,11.52,53.20,0
974,2,82.45,97.39,86.78,38.53,11.72,54.96,0
974,3,83.11,96.97,87.13,38.09,11.69,54.75,0
974,4,84.43,97.35,88.50,39.36,11.89,55.81,0
974,5,82.16,97.71,89.22,39.74,11.52,55.08,0
974,6,84.14,96.94,87.47,38.60,11.43,54.20,0
974,7,81.96,97.31,86.23,38.86,11.55,53.96,0
974,8,82.43,97.15,89.41,39.84,11.84,53.53,0
974,9,82.91,97.04,90.18,38.12,11.46,53.44,0
974,10,84.61,97.25,86.53,39.55,12.01,54.21,0
974,11,83.04,97.18,86.22,39.08,11.92,54.73,0
974,12,81.71,96.93,89.40,39.57,12.27,52.76,0
974,13,82.09,97.07,85.44,38.11,11.62,54.23,0
974,14,80.84,97.02,86.64,38.56,11.63,53.56,0
974,15,83.46,97.32,88.83,38.05,11.56,56.19,0
974,16,80.95,97.14,88.93,39.30,12.11,52.98,0
974,17,80.94,97.46,88.41,38.17,11.83,55.18,0
974,18,82.49,97.41,86.10,39.49,11.85,53.18,0
974,19,81.21,97.59,91.13,39.63,11.86,55.30,0
975,0,89.59,97.34,94.48,34.59,14.50,48.35,0
975,1,88.74,96.68,96.68,34.70,15.08,45.42,0
975,2,89.61,97.20,96.27,34.84,14.19,45.36,0
975,3,91.25,97.09,91.24,34.28,15.22,46.45,0
975,4,90.40,96.67,95.18,34.30,14.37,45.62,0
975,5,91.58,96.93,93.20,33.90,15.33,47.32,0
975,6,91.64,96.98,94.03,34.91,15.07,49.10,0
975,7,91.08,96.77,91.41,34.41,14.31,46.40,0
975,8,97.08,94.64,90.58,34.67,14.53,52.04,0
975,9,98.19,94.17,81.58,33.93,14.23,54.21,0
975,10,99.39,94.23,83.55,34.99,15.15,56.81,1
975,11,99.54,94.22,85.46,33.93,15.20,55.60,0
975,12,96.68,95.41,88.76,33.30,14.98,54.11,0
975,13,87.28,96.62,95.21,33.93,14.34,45.94,0
975,14,86.80,96.75,90.06,33.45,14.29,49.02,0
975,15,88.37,97.07,91.93,33.66,15.05,45.29,0
975,16,86.78,97.36,91.88,34.53,15.23,45.32,0
975,17,88.83,96.63,90.85,33.93,14.38,46.61,0
975,18,88.37,96.75,92.35,33.76,14.32,45.58,0
975,19,88.41,97.19,94.10,34.60,15.08,48.01,0
976,0,81.69,96.80,95.98,39.22,12.24,45.50,0
976,1,82.94,96.69,96.79,38.93,11.50,44.15,0
976,2,83.95,97.38,95.99,38.79,12.46,46.38,0
976,3,82.00,96.95,93.56,39.11,11.37,45.67,0
976,4,82.73,96.74,95.85,37.99,11.73,44.08,0
976,5,84.25,96.73,96.83,37.61,12.41,44.48,0
976,6,83.43,96.77,95.33,39.13,12.05,48.00,0
976,7,82.69,97.33,94.38,38.64,11.38,46.98,0
976,8,83.16,97.26,91.80,37.70,12.12,47.71,0
976,9,84.21,96.91,92.34,38.09,12.07,46.56,0
976,10,83.11,96.76,95.41,39.06,11.44,44.10,0
976,11,80.86,97.07,90.96,38.52,11.58,47.12,0
976,12,83.85,96.83,95.27,37.89,11.95,44.68,0
976,13,83.53,97.16,90.93,39.13,12.27,46.26,0
976,14,83.46,97.03,93.13,39.09,11.65,46.24,0
976,15,83.37,96.73,93.70,39.18,11.62,45.80,0
976,16,80.78,97.02,95.16,38.14,11.92,46.02,0
976,17,82.75,97.37,94.10,37.85,11.60,45.67,0
976,18,80.71,97.08,95.91,37.33,11.89,47.88,0
976,19,82.63,97.22,93.42,37.65,12.48,46.41,0
977,0,74.13,97.18,87.31,36.52,9.94,45.37,0
977,1,76.29,97.30,89.03,36.87,10.93,47.79,0
977,2,77.10,97.39,86.06,37.97,10.74,46.72,0
977,3,78.18,97.69,89.46,37.23,10.50,44.12,0
977,4,74.95,97.59,87.11,38.18,10.18,44.75,0
977,5,75.52,97.34,88.88,36.55,10.16,45.45,0
977,6,77.73,97.56,90.72,37.71,11.07,47.07,0
977,7,78.26,97.56,88.89,36.82,10.29,45.16,0
977,8,76.21,97.54,88.99,37.96,10.93,45.62,0
977,9,76.48,97.63,88.34,36.98,9.97,45.91,0
977,10,74.51,97.63,90.59,37.16,10.01,46.46,0
977,11,75.50,97.60,85.10,37.74,9.99,44.73,0
977,12,76.97,97.32,88.62,38.00,10.54,43.96,0
977,13,75.35,97.81,85.63,38.14,10.46,46.98,0
977,14,75.71,97.46,86.47,36.49,10.53,46.44,0
977,15,76.70,97.50,87.02,36.98,10.53,45.49,0
977,16,76.76,97.57,86.87,38.15,10.83,47.04,0
977,17,74.54,97.77,87.03,37.12,11.01,46.60,0
977,18,76.75,97.77,85.19,37.37,10.87,44.92,0
977,19,75.21,97.38,85.88,36.70,10.85,46.81,0
978,0,71.20,97.71,97.63,35.90,14.65,53.80,0
978,1,68.93,97.82,95.91,37.26,14.36,52.28,0
978,2,70.81,98.03,94.25,37.38,14.62,52.72,0
978,3,71.69,97.63,92.60,36.37,14.24,54.01,0
978,4,72.19,98.02,96.27,36.60,14.83,54.57,0
978,5,73.01,98.08,96.32,36.56,15.12,53.09,0
978,6,72.35,97.49,97.90,36.23,14.18,54.75,0
978,7,71.55,97.81,97.18,36.96,14.25,53.65,0
978,8,69.13,97.68,97.26,36.84,13.95,53.56,0
978,9,78.78,95.80,86.03,36.49,14.29,61.03,0
978,10,82.33,95.50,86.64,37.55,14.86,61.77,0
978,11,82.55,94.55,83.50,37.65,15.11,63.53,1
978,12,79.69,95.32,88.02,36.21,14.70,62.72,0
978,13,79.22,95.61,87.45,35.95,14.30,59.31,0
978,14,71.53,97.82,95.34,36.01,14.91,53.70,0
978,15,69.40,97.84,95.32,37.82,14.16,53.54,0
978,16,68.59,98.09,94.91,36.26,15.06,52.06,0
978,17,71.61,97.60,92.90,36.48,13.98,53.69,0
978,18,70.60,97.76,96.08,36.22,14.47,51.87,0
978,19,70.63,98.22,93.88,36.22,15.00,52.74,0
979,0,81.48,97.33,79.64,34.94,13.66,57.33,0
979,1,82.54,97.32,78.70,35.26,12.78,57.38,0
979,2,82.71,97.45,78.43,35.93,13.16,59.81,0
979,3,81.23,97.95,81.28,35.87,12.91,57.30,0
979,4,84.41,97.84,79.56,35.59,13.10,60.12,0
979,5,83.58,97.68,82.28,35.90,13.31,57.91,0
979,6,80.96,97.43,83.07,36.88,13.56,60.13,0
979,7,81.38,97.77,78.85,36.85,12.91,60.37,0
979,8,82.94,97.17,82.28,35.48,12.92,58.63,0
979,9,80.71,97.94,83.02,35.39,12.61,56.53,0
979,10,83.20,97.41,81.75,35.58,13.06,58.40,0
979,11,81.20,97.27,81.39,36.51,13.03,56.93,0
979,12,82.85,97.35,77.64,36.29,12.82,58.42,0
979,13,82.91,97.17,80.00,35.57,13.32,58.04,0
979,14,79.25,97.55,78.72,35.34,12.90,58.92,0
979,15,80.41,97.88,78.38,36.67,12.66,58.39,0
979,16,79.42,97.92,78.79,36.38,13.17,56.91,0
979,17,79.93,97.90,80.64,36.33,12.99,56.55,0
979,18,80.78,97.59,81.66,35.92,12.88,60.38,0
979,19,81.29,97.63,81.48,35.77,12.87,59.98,0
980,0,88.62,97.54,86.67,35.09,14.08,42.73,0
980,1,90.32,97.37,84.27,35.97,14.83,43.23,0
980,2,89.06,97.28,88.90,36.05,14.94,45.18,0
980,3,91.23,97.26,86.71,35.55,14.87,44.36,0
980,4,91.56,97.38,87.92,35.04,14.22,41.63,0
980,5,90.73,97.15,89.62,35.14,14.95,44.09,0
980,6,92.45,97.43,86.37,36.56,14.47,45.19,0
980,7,90.28,97.02,88.01,36.30,14.80,44.32,0
980,8,97.85,95.12,79.84,35.70,14.88,49.17,0
980,9,100.37,95.06,80.17,36.44,14.55,51.87,0
980,10,102.15,94.26,72.87,34.92,14.13,53.56,1
980,11,99.28,95.22,77.28,35.16,14.84,50.49,0
980,12,97.14,95.55,82.37,35.82,15.14,50.32,0
980,13,90.99,97.70,87.49,36.62,14.91,41.63,0
980,14,89.51,96.97,85.24,35.75,14.73,41.87,0
980,15,89.62,97.03,83.08,36.34,14.37,41.80,0
980,16,89.52,97.23,88.20,35.10,14.40,44.59,0
980,17,87.73,97.09,85.61,34.98,14.02,41.73,0
980,18,89.30,96.99,87.65,35.26,15.07,43.86,0
980,19,90.75,97.47,86.80,35.26,14.59,42.12,0
981,0,76.50,98.37,93.15,37.12,10.94,55.77,0
981,1,77.42,97.71,92.78,37.07,10.69,54.58,0
981,2,79.27,97.99,88.42,37.05,10.40,54.10,0
981,3,76.25,98.07,88.59,37.24,10.61,53.88,0
981,4,78.99,98.29,89.21,36.73,10.58,55.04,0
981,5,77.93,98.31,88.29,36.65,10.82,54.76,0
981,6,75.77,97.75,91.31,36.16,11.26,55.24,0
981,7,78.48,98.42,92.43,35.95,10.25,54.99,0
981,8,78.44,98.20,88.95,36.38,10.63,54.98,0
981,9,77.08,98.20,90.10,37.26,11.03,56.40,0
981,10,84.95,95.73,85.06,36.47,10.13,61.47,0
981,11,86.14,95.59,82.70,37.08,10.75,61.30,0
981,12,89.39,94.64,77.89,36.84,11.20,64.61,1
981,13,86.19,95.76,81.40,37.13,10.84,63.60,0
981,14,83.48,95.86,82.57,36.82,11.13,62.43,0
981,15,74.29,97.89,88.42,37.15,10.79,56.24,0
981,16,78.08,97.98,92.10,36.03,10.83,55.11,0
981,17,77.42,97.77,87.57,36.03,10.66,54.59,0
981,18,74.72,97.65,91.50,37.84,10.31,52.86,0
981,19,75.97,98.36,90.04,37.76,11.23,55.80,0
982,0,88.74,98.27,96.99,36.56,11.48,58.30,0
982,1,90.17,98.06,93.59,37.27,11.44,58.43,0
982,2,89.75,98.59,98.83,36.43,11.91,56.80,0
982,3,89.09,98.05,95.42,36.27,11.71,57.76,0
982,4,93.03,98.33,94.68,37.02,11.73,59.80,0
982,5,92.44,98.43,99.10,36.05,11.31,56.37,0
982,6,90.31,98.33,95.15,36.39,11.81,59.71,0
982,7,89.58,97.96,99.47,36.24,11.73,60.03,0
982,8,90.29,98.30,98.13,36.93,11.51,56.62,0
982,9,90.38,98.53,97.26,36.02,11.52,56.29,0
982,10,89.61,98.46,95.27,35.78,10.93,59.66,0
982,11,90.56,98.72,95.05,37.16,11.05,57.69,0
982,12,91.31,98.42,94.33,36.29,11.12,58.91,0
982,13,89.16,98.45,96.68,35.85,11.29,57.25,0
982,14,87.89,98.05,92.46,37.02,11.81,58.71,0
982,15,88.91,98.00,97.78,35.89,10.96,56.72,0
982,16,89.51,97.98,98.01,35.70,11.71,59.15,0
982,17,90.00,98.41,94.22,36.31,11.84,59.96,0
982,18,91.18,98.03,95.82,35.49,11.90,59.83,0
982,19,89.45,98.10,94.69,35.75,10.92,59.86,0
983,0,90.67,97.37,91.64,36.79,10.13,51.99,0
983,1,89.31,97.70,96.75,36.20,10.86,52.98,0
983,2,91.11,97.21,91.60,36.90,10.75,49.54,0
983,3,89.91,97.13,91.27,36.77,10.99,52.48,0
983,4,89.98,97.76,91.43,35.50,10.88,51.32,0
983,5,91.75,97.03,92.54,36.86,10.05,50.86,0
983,6,90.97,97.09,93.33,35.47,10.59,49.07,0
983,7,89.59,97.40,94.13,35.23,10.34,51.54,0
983,8,91.11,97.70,93.83,36.23,10.09,52.57,0
983,9,89.71,97.59,94.27,35.58,10.63,49.73,0
983,10,90.55,96.97,91.03,35.78,10.95,51.80,0
983,11,90.57,97.55,91.30,36.21,10.39,51.15,0
983,12,90.34,97.03,93.76,34.94,10.68,50.41,0
983,13,88.51,97.12,93.66,35.72,10.59,52.59,0
983,14,87.36,97.07,95.39,35.57,10.56,50.32,0
983,15,90.47,97.18,93.15,35.28,10.59,51.22,0
983,16,90.78,97.66,94.00,36.56,10.36,51.52,0
983,17,89.10,97.03,93.20,36.86,10.97,49.30,0
983,18,88.58,97.31,91.22,35.46,11.09,50.65,0
983,19,89.98,97.22,93.26,35.37,10.34,51.97,0
984,0,80.53,97.41,93.12,36.99,11.02,61.81,0
984,1,80.54,97.65,92.97,38.71,10.68,60.66,0
984,2,79.08,97.20,98.32,36.93,10.22,59.87,0
984,3,81.14,97.23,94.19,38.08,10.40,59.58,0
984,4,81.60,97.41,99.06,36.92,11.20,60.90,0
984,5,81.14,97.22,95.77,36.78,10.44,61.39,0
984,6,79.43,97.25,95.62,38.00,10.63,61.54,0
984,7,80.69,97.27,98.95,38.50,10.39,61.12,0
984,8,81.95,97.30,93.49,38.20,10.36,62.50,0
984,9,81.43,97.75,94.30,36.78,10.63,60.18,0
984,10,80.75,97.37,97.85,37.99,10.61,59.97,0
984,11,81.55,97.08,98.00,37.44,11.23,62.32,0
984,12,80.62,97.77,97.05,37.93,10.30,62.79,0
984,13,77.88,97.64,93.49,37.73,10.36,61.32,0
984,14,78.63,97.67,92.18,37.94,10.36,60.52,0
984,15,78.45,97.11,97.06,37.07,11.21,63.11,0
984,16,80.17,97.71,97.46,38.34,11.19,59.72,0
984,17,79.68,97.42,94.73,37.42,11.23,60.18,0
984,18,81.78,97.17,97.03,37.54,11.16,61.71,0
984,19,82.01,97.17,94.10,37.54,10.44,61.51,0
985,0,87.97,98.60,81.75,37.32,15.93,53.86,0
985,1,91.65,98.02,82.42,38.14,14.87,52.51,0
985,2,91.88,98.56,80.49,38.76,15.42,56.05,0
985,3,89.48,98.10,78.10,38.19,15.64,53.64,0
985,4,90.98,98.18,81.05,37.85,15.04,55.91,0
985,5,90.42,98.41,79.65,37.40,15.00,52.86,0
985,6,89.73,98.31,79.52,37.86,15.64,55.71,0
985,7,89.30,98.35,78.68,37.34,15.58,53.65,0
985,8,91.15,98.62,77.29,37.13,15.41,55.05,0
985,9,97.63,96.17,71.34,38.02,15.57,60.94,0
985,10,100.33,95.69,72.70,37.02,15.03,62.24,0
985,11,101.67,95.37,67.72,37.83,15.59,62.60,1
985,12,99.06,95.97,69.88,37.55,15.33,61.09,0
985,13,98.97,96.16,73.65,37.53,15.71,59.79,0
985,14,89.97,98.13,76.15,38.35,15.82,55.90,0
985,15,90.74,98.45,80.64,38.39,15.80,53.92,0
985,16,90.63,97.99,77.77,38.51,15.61,52.81,0
985,17,89.91,98.08,77.18,36.94,15.61,55.77,0
985,18,87.98,97.94,81.33,36.79,15.53,53.84,0
985,19,91.53,98.14,79.84,37.99,15.22,56.23,0
986,0,88.03,98.72,91.79,36.57,15.80,46.67,0
986,1,86.10,98.53,94.61,37.00,16.05,43.88,0
986,2,88.53,98.50,92.96,36.92,16.37,47.38,0
986,3,89.74,98.07,94.51,37.31,16.05,46.57,0
986,4,87.22,98.63,94.04,36.63,16.47,44.94,0
986,5,89.60,98.54,92.90,37.37,15.41,47.34,0
986,6,89.80,98.47,94.60,35.98,15.99,46.33,0
986,7,87.23,98.50,91.46,36.57,16.22,44.87,0
986,8,85.87,98.12,96.45,37.18,16.17,47.26,0
986,9,88.09,98.67,92.63,36.36,15.66,45.92,0
986,10,86.70,98.50,94.84,36.04,16.41,47.19,0
986,11,88.43,98.65,93.66,36.21,16.27,44.60,0
986,12,86.55,98.61,93.35,37.17,16.04,47.40,0
986,13,87.60,98.65,90.23,35.71,15.98,46.71,0
986,14,86.43,98.07,95.74,36.12,15.67,44.43,0
986,15,87.24,98.46,91.83,37.38,16.38,47.20,0
986,16,84.71,98.10,94.40,35.75,16.14,47.23,0
986,17,88.05,98.60,92.44,36.78,15.81,47.27,0
986,18,86.76,98.71,91.98,36.20,16.16,45.35,0
986,19,87.67,98.27,91.29,37.36,16.30,46.71,0
987,0,83.08,98.35,85.04,37.58,11.27,60.38,0
987,1,83.78,97.74,82.27,36.54,11.66,61.12,0
987,2,84.85,98.19,82.01,37.72,11.19,63.31,0
987,3,82.98,98.34,87.12,36.65,11.35,62.71,0
987,4,82.10,97.89,87.64,36.25,10.77,61.01,0
987,5,83.61,97.68,83.04,37.26,11.70,59.59,0
987,6,84.85,97.68,86.80,36.09,10.72,60.69,0
987,7,83.37,97.65,83.76,36.89,11.81,59.81,0
987,8,85.03,98.21,82.50,36.63,11.09,60.72,0
987,9,81.53,97.80,83.59,37.50,11.56,59.94,0
987,10,82.16,98.04,81.73,37.34,11.69,62.30,0
987,11,81.73,97.81,86.20,37.89,10.80,60.73,0
987,12,81.16,97.87,85.98,36.98,11.76,61.42,0
987,13,82.36,98.15,83.06,37.56,10.96,60.69,0
987,14,81.30,97.75,84.99,37.57,11.34,61.85,0
987,15,83.02,97.66,82.69,37.23,11.57,61.34,0
987,16,81.30,98.26,81.96,37.09,10.90,62.16,0
987,17,81.45,98.42,84.73,37.53,10.85,59.47,0
987,18,82.61,98.13,83.09,37.63,10.98,59.61,0
987,19,83.95,98.08,83.24,37.46,11.18,62.02,0
988,0,85.39,97.38,81.41,32.46,9.78,55.50,0
988,1,85.29,97.65,83.46,32.73,10.25,53.62,0
988,2,83.70,97.65,82.32,34.08,9.77,55.10,0
988,3,87.02,97.31,85.89,32.60,9.64,53.61,0
988,4,85.44,97.51,84.02,33.58,9.42,51.59,0
988,5,86.83,97.56,85.37,33.35,9.96,52.00,0
988,6,85.31,97.27,83.72,32.75,10.11,51.75,0
988,7,83.70,97.14,80.75,34.03,10.18,52.77,0
988,8,84.21,97.71,85.89,32.99,9.69,54.45,0
988,9,93.99,95.41,75.04,33.75,10.25,60.69,0
988,10,94.66,95.24,74.86,33.36,10.00,60.02,0
988,11,97.65,94.47,68.95,32.69,10.05,61.88,1
988,12,93.99,95.04,74.45,33.95,9.60,60.07,0
988,13,92.23,95.49,78.49,32.78,9.97,58.50,0
988,14,82.59,97.38,81.22,32.39,10.42,51.78,0
988,15,86.10,97.59,82.26,33.74,10.38,54.62,0
988,16,83.91,97.45,82.70,34.14,9.58,52.21,0
988,17,82.90,97.86,80.91,33.99,10.59,54.24,0
988,18,83.01,97.77,81.16,32.36,9.73,52.36,0
988,19,86.73,97.22,82.05,33.17,9.97,52.08,0
989,0,85.46,98.47,84.31,34.59,15.70,53.38,0
989,1,85.31,98.16,83.35,34.02,15.45,55.13,0
989,2,84.25,98.17,83.33,33.68,16.05,54.41,0
989,3,87.16,98.15,81.34,35.31,15.63,52.83,0
989,4,87.33,98.66,82.19,33.97,15.41,53.28,0
989,5,87.21,98.43,81.54,34.23,15.28,54.84,0
989,6,84.04,98.17,82.73,34.62,15.74,54.52,0
989,7,84.16,98.65,84.41,34.55,15.17,54.18,0
989,8,83.58,98.39,82.94,34.39,15.31,53.40,0
989,9,83.97,98.51,79.50,34.66,15.53,54.05,0
989,10,83.17,98.16,83.96,34.03,15.24,54.38,0
989,11,85.12,98.60,78.48,35.17,15.97,53.67,0
989,12,83.36,98.19,81.81,34.61,15.66,53.84,0
989,13,84.42,98.23,82.31,35.02,14.97,54.45,0
989,14,85.66,98.27,79.86,35.19,14.93,53.40,0
989,15,85.36,98.34,82.80,35.29,15.32,52.69,0
989,16,86.01,98.65,82.04,33.73,15.83,52.58,0
989,17,85.35,98.12,82.60,33.67,14.99,55.11,0
989,18,86.45,98.47,79.27,34.52,16.00,51.65,0
989,19,86.94,98.20,80.37,33.79,15.23,54.47,0
990,0,88.90,98.31,85.81,38.89,12.31,56.32,0
990,1,89.47,98.81,86.86,39.73,12.42,56.68,0
990,2,91.12,98.61,86.92,39.46,11.85,58.02,0
990,3,89.27,98.80,89.19,39.44,12.65,56.75,0
990,4,91.37,98.82,90.20,38.93,12.59,58.31,0
990,5,88.98,98.58,87.45,38.19,12.29,60.22,0
990,6,90.71,98.46,87.66,38.66,12.00,58.22,0
990,7,90.25,98.65,87.82,39.75,12.00,58.08,0
990,8,88.08,98.33,87.97,37.87,12.19,59.17,0
990,9,87.78,98.79,84.62,38.03,12.30,56.51,0
990,10,87.67,99.06,88.44,39.52,12.33,58.09,0
990,11,89.62,98.83,88.17,38.51,11.63,56.78,0
990,12,86.57,99.04,84.90,38.20,11.71,58.51,0
990,13,88.96,99.00,84.88,38.58,11.99,59.94,0
990,14,90.22,98.47,88.02,39.11,11.56,56.61,0
990,15,90.22,98.77,86.63,38.53,11.80,58.31,0
990,16,89.62,98.91,88.04,37.84,11.79,59.44,0
990,17,89.68,98.92,89.30,38.62,11.51,59.04,0
990,18,89.05,99.04,86.59,38.72,12.06,59.59,0
990,19,90.58,98.92,87.48,39.37,12.55,58.32,0
991,0,71.71,98.29,91.54,35.29,13.26,55.70,0
991,1,71.87,98.26,90.21,35.73,13.52,52.42,0
991,2,71.88,97.92,88.23,34.69,12.93,55.06,0
991,3,71.82,97.85,92.16,35.49,13.34,56.33,0
991,4,73.91,98.46,89.47,35.07,12.99,53.15,0
991,5,70.48,98.07,90.25,36.02,13.23,52.52,0
991,6,73.28,98.16,93.92,35.70,13.80,53.24,0
991,7,71.45,97.87,93.10,35.99,13.16,53.68,0
991,8,72.17,98.51,90.35,36.32,13.83,54.24,0
991,9,73.06,97.86,88.37,35.82,13.27,54.70,0
991,10,71.52,98.00,89.58,34.88,13.37,53.51,0
991,11,71.48,98.38,91.62,34.46,13.09,55.05,0
991,12,71.42,98.46,88.03,35.35,12.87,53.91,0
991,13,69.01,97.94,89.67,36.20,13.54,53.55,0
991,14,71.46,97.92,89.35,36.17,13.77,53.59,0
991,15,72.02,97.89,86.89,35.19,12.75,54.78,0
991,16,71.87,97.93,90.30,35.56,12.87,54.79,0
991,17,70.96,98.29,90.72,35.94,13.02,52.61,0
991,18,70.02,98.16,93.15,35.93,13.40,53.33,0
991,19,69.57,98.36,91.14,34.61,13.29,53.77,0
992,0,86.92,99.05,87.83,33.96,11.38,55.81,0
992,1,88.15,98.46,89.85,33.36,10.32,55.28,0
992,2,86.13,99.13,87.09,33.92,10.74,53.88,0
992,3,86.85,98.85,89.70,33.29,10.62,56.57,0
992,4,89.33,98.97,86.43,34.18,10.65,55.48,0
992,5,86.79,98.80,87.91,32.96,11.37,53.51,0
992,6,88.98,99.06,85.42,34.62,11.46,53.19,0
992,7,86.94,98.71,88.31,33.56,10.83,54.27,0
992,8,87.70,98.54,87.66,33.00,11.45,54.86,0
992,9,89.03,98.41,87.67,33.93,11.35,53.35,0
992,10,87.68,99.05,88.81,33.06,10.56,54.66,0
992,11,85.93,99.09,84.01,33.05,11.42,54.74,0
992,12,85.93,98.53,87.24,34.02,10.41,56.13,0
992,13,86.47,98.63,85.15,34.35,10.65,53.09,0
992,14,85.61,99.14,86.72,34.55,10.64,56.11,0
992,15,87.50,98.42,89.24,34.49,10.76,53.23,0
992,16,86.36,98.39,84.62,32.85,10.57,54.91,0
992,17,86.67,98.59,85.23,34.67,11.38,55.76,0
992,18,89.20,98.52,89.59,34.06,10.54,54.92,0
992,19,89.26,98.97,87.43,34.05,11.46,53.74,0
993,0,75.13,98.40,80.87,35.63,14.90,54.12,0
993,1,75.35,97.83,82.66,35.91,14.84,54.79,0
993,2,75.14,97.80,83.24,36.96,14.93,55.07,0
993,3,78.40,98.44,81.16,37.01,15.58,53.80,0
993,4,77.27,97.80,84.31,35.25,15.96,55.25,0
993,5,75.46,98.38,81.04,35.86,15.47,55.29,0
993,6,76.51,98.47,83.90,36.97,15.84,53.32,0
993,7,75.14,98.00,81.63,36.62,15.69,52.27,0
993,8,74.92,98.01,81.31,35.46,15.40,51.54,0
993,9,74.59,98.05,79.00,36.68,15.53,51.56,0
993,10,76.84,97.95,78.55,36.47,15.04,52.45,0
993,11,75.46,98.41,80.56,36.56,15.34,52.31,0
993,12,73.59,97.79,83.30,36.79,15.73,52.81,0
993,13,73.59,98.48,79.06,36.34,15.88,54.04,0
993,14,75.05,97.78,78.82,35.60,15.07,52.20,0
993,15,76.49,98.31,78.89,36.57,14.98,53.96,0
993,16,74.77,98.15,77.94,35.42,15.11,55.13,0
993,17,76.40,98.12,82.69,35.45,14.91,53.30,0
993,18,73.94,98.01,81.26,36.52,15.61,54.26,0
993,19,76.96,97.89,80.01,35.84,15.02,52.14,0
994,0,83.73,97.32,95.75,37.37,9.78,50.45,0
994,1,83.02,97.34,98.47,37.70,10.43,47.90,0
994,2,84.43,97.68,94.55,38.63,10.21,47.17,0
994,3,84.96,97.50,99.49,36.76,9.84,46.69,0
994,4,82.21,97.78,94.61,36.82,9.88,48.78,0
994,5,83.27,97.12,94.98,38.28,10.19,49.89,0
994,6,84.34,97.28,96.29,38.21,9.57,48.55,0
994,7,81.99,97.74,96.82,38.52,9.78,47.85,0
994,8,88.88,95.58,90.73,38.27,10.37,54.63,0
994,9,91.85,95.25,89.62,37.66,9.46,56.43,0
994,10,95.35,94.54,86.30,37.44,10.55,59.90,1
994,11,90.32,94.69,84.10,37.50,9.57,56.39,0
994,12,90.48,95.28,88.57,37.75,10.30,54.85,0
994,13,81.40,97.39,95.49,38.44,10.61,49.80,0
994,14,83.35,97.70,93.58,38.17,9.92,49.93,0
994,15,83.06,97.37,93.32,38.73,10.55,48.95,0
994,16,81.88,97.82,97.44,38.22,10.36,47.42,0
994,17,80.67,97.61,95.33,37.02,9.51,48.88,0
994,18,80.57,97.76,93.22,37.50,9.43,49.30,0
994,19,83.93,97.84,96.34,37.01,9.89,47.42,0
995,0,79.04,98.23,85.47,37.00,15.08,47.47,0
995,1,79.39,98.46,83.09,36.39,14.49,45.95,0
995,2,80.03,98.53,85.27,36.28,14.79,47.64,0
995,3,78.91,98.26,84.51,35.30,14.10,44.76,0
995,4,78.72,98.40,85.45,35.43,14.59,46.70,0
995,5,80.76,98.11,85.62,36.89,14.56,45.75,0
995,6,78.26,98.69,82.91,36.48,14.45,45.02,0
995,7,78.96,98.21,82.56,36.74,14.79,46.76,0
995,8,80.16,98.61,81.63,36.18,14.11,46.51,0
995,9,79.21,98.45,82.46,36.67,14.74,45.98,0
995,10,76.18,98.41,81.49,36.82,14.97,45.50,0
995,11,78.32,98.71,81.94,35.94,14.44,47.60,0
995,12,77.57,98.62,80.21,36.00,14.79,47.66,0
995,13,78.69,98.45,85.46,35.41,14.45,47.32,0
995,14,77.05,98.28,80.56,35.58,14.33,48.02,0
995,15,79.41,98.40,81.80,36.96,14.91,47.84,0
995,16,79.26,98.51,83.24,35.13,14.35,47.48,0
995,17,76.72,98.34,83.02,35.85,14.18,45.70,0
995,18,77.72,98.18,86.32,36.18,14.10,48.62,0
995,19,77.87,98.67,82.04,36.12,14.66,46.22,0
996,0,83.68,97.73,87.61,38.59,11.99,53.50,0
996,1,84.99,97.72,90.19,38.43,11.97,50.50,0
996,2,84.93,98.23,89.81,38.64,12.77,52.16,0
996,3,85.98,97.81,88.31,38.40,12.42,52.02,0
996,4,84.75,97.66,90.79,38.45,12.96,53.53,0
996,5,88.02,98.08,91.02,37.82,11.95,51.13,0
996,6,86.77,97.56,87.17,37.23,12.50,51.07,0
996,7,87.49,97.82,86.94,37.67,11.88,51.27,0
996,8,85.72,98.11,88.37,36.79,12.11,50.66,0
996,9,95.28,95.72,82.61,37.05,12.69,56.57,0
996,10,96.34,95.41,76.60,37.07,12.82,60.41,0
996,11,94.94,95.10,76.23,38.07,12.10,63.67,1
996,12,92.93,95.21,79.07,37.54,12.90,59.22,0
996,13,90.70,96.07,77.98,38.23,12.20,57.54,0
996,14,83.06,98.27,85.90,38.61,12.48,54.11,0
996,15,84.36,97.93,85.12,37.39,12.32,51.02,0
996,16,86.24,98.10,86.52,38.44,12.33,51.97,0
996,17,84.72,98.19,86.49,38.36,12.95,50.68,0
996,18,84.32,97.96,85.84,37.75,11.93,50.85,0
996,19,87.13,97.55,85.05,38.68,11.82,54.29,0
997,0,73.87,98.73,82.69,37.10,13.38,54.92,0
997,1,71.88,98.81,81.61,37.70,13.52,55.49,0
997,2,75.05,98.53,83.91,36.74,13.27,57.98,0
997,3,72.92,98.39,82.63,37.51,12.55,57.90,0
997,4,74.24,98.67,85.10,37.48,12.84,56.84,0
997,5,73.98,98.78,82.19,37.20,12.88,57.08,0
997,6,71.61,98.30,85.26,38.60,13.60,55.21,0
997,7,74.29,98.72,81.18,38.12,12.55,57.13,0
997,8,80.81,96.30,75.22,37.24,13.03,61.63,0
997,9,82.15,96.01,74.25,37.87,13.21,62.90,0
997,10,84.11,95.88,70.18,37.95,13.66,64.82,1
997,11,80.38,96.28,70.65,38.52,12.57,64.40,0
997,12,78.58,96.56,74.76,36.96,13.39,61.92,0
997,13,72.98,98.99,82.01,36.79,12.55,54.93,0
997,14,71.70,98.49,80.37,38.57,13.70,58.01,0
997,15,70.45,98.57,81.89,37.98,13.27,54.61,0
997,16,73.24,98.31,82.90,36.71,13.43,55.61,0
997,17,72.86,98.63,79.42,38.00,12.78,54.32,0
997,18,70.73,98.37,83.16,37.01,13.60,56.76,0
997,19,73.33,98.48,84.35,37.23,12.81,56.77,0
998,0,70.60,98.64,79.13,37.73,13.80,43.38,0
998,1,71.93,98.17,79.28,37.84,13.68,40.84,0
998,2,72.36,98.09,79.86,38.80,14.02,41.59,0
998,3,73.25,98.44,83.87,37.05,13.43,41.57,0
998,4,71.58,98.70,78.86,37.29,13.90,42.91,0
998,5,71.64,98.53,81.31,38.29,13.98,41.30,0
998,6,72.92,98.63,78.69,37.83,13.27,42.12,0
998,7,71.19,98.70,80.05,37.33,13.62,42.47,0
998,8,71.71,98.11,83.61,38.65,14.14,40.67,0
998,9,69.50,98.33,80.83,38.80,14.13,43.41,0
998,10,71.56,98.44,80.66,38.09,14.19,43.87,0
998,11,71.14,98.08,79.48,37.01,13.16,40.52,0
998,12,69.40,98.41,79.42,37.88,13.78,42.18,0
998,13,68.23,98.25,79.45,38.00,13.71,42.70,0
998,14,71.00,98.53,81.56,37.71,13.69,41.87,0
998,15,71.11,98.74,82.33,37.49,13.92,42.94,0
998,16,71.98,98.71,82.70,37.76,13.67,41.91,0
998,17,69.14,98.49,77.59,38.70,13.72,42.00,0
998,18,71.48,98.55,82.36,37.02,14.12,42.77,0
998,19,70.38,98.17,83.84,38.80,14.05,41.54,0
999,0,83.34,99.11,83.51,34.50,11.00,42.99,0
999,1,83.67,98.54,82.66,34.94,11.02,43.96,0
999,2,81.13,98.81,84.89,34.76,11.07,43.38,0
999,3,81.01,98.75,86.44,34.09,11.14,40.59,0
999,4,81.19,99.03,82.85,33.47,11.36,41.36,0
999,5,82.34,99.22,85.43,34.10,11.12,44.42,0
999,6,81.59,98.58,84.11,33.57,11.33,41.92,0
999,7,84.28,98.56,83.21,34.96,10.59,43.58,0
999,8,91.13,97.09,77.06,34.13,10.54,50.01,0
999,9,90.88,96.23,71.99,34.02,11.19,52.11,0
999,10,93.49,95.99,69.34,33.26,11.11,53.22,1
999,11,90.50,96.48,75.31,34.40,11.21,50.59,0
999,12,88.55,97.14,76.65,34.11,11.16,48.89,0
999,13,82.12,98.60,82.28,34.04,11.06,41.00,0
999,14,82.79,99.15,83.87,34.68,10.84,42.00,0
999,15,83.09,99.06,81.86,34.22,11.46,41.39,0
999,16,80.31,99.13,82.27,34.41,11.32,42.97,0
999,17,80.01,99.29,85.89,34.75,10.75,42.04,0
999,18,81.65,99.01,83.73,33.99,11.37,42.90,0
999,19,82.16,99.21,86.41,33.14,10.69,43.86,0
1000,0,78.13,97.61,83.24,37.36,10.73,43.88,0
1000,1,79.71,97.16,86.90,37.54,10.40,43.70,0
1000,2,80.00,97.30,84.17,37.48,10.60,46.30,0
1000,3,77.96,97.60,87.01,36.89,9.71,44.08,0
1000,4,76.86,97.32,85.98,38.07,10.18,44.96,0
1000,5,79.25,97.08,88.26,38.05,10.45,45.30,0
1000,6,76.93,97.13,86.58,37.24,10.68,44.42,0
1000,7,78.77,97.26,84.50,38.47,9.99,44.68,0
1000,8,78.55,97.68,84.31,37.75,10.05,43.98,0
1000,9,77.25,97.35,86.58,36.68,9.91,44.85,0
1000,10,77.85,97.14,86.61,37.37,10.51,44.97,0
1000,11,75.92,97.16,86.05,38.21,9.94,45.37,0
1000,12,75.38,97.04,86.95,37.54,10.19,45.77,0
1000,13,78.31,97.11,82.15,37.03,9.71,45.23,0
1000,14,75.13,97.07,85.94,38.13,10.00,43.77,0
1000,15,77.82,97.05,81.11,37.16,10.46,45.56,0
1000,16,76.85,97.17,85.20,38.46,10.51,43.16,0
1000,17,77.51,97.63,85.35,38.27,10.17,43.98,0
1000,18,76.31,97.69,81.89,36.91,9.81,43.17,0
1000,19,76.56,97.27,83.00,37.28,9.96,45.35,0
