patient_id,minute,hr,spo2,map,etco2,rr,bis,anomaly
1,0,78.41,97.71,80.42,38.24,14.72,43.46,0
1,1,78.28,97.88,78.22,37.47,15.07,44.84,0
1,2,80.14,97.52,81.57,36.96,14.72,45.59,0
1,3,80.58,97.95,79.60,37.73,14.84,45.09,0
1,4,78.96,98.06,81.22,38.66,14.50,45.97,0
1,5,79.60,97.84,79.95,36.92,15.27,46.82,0
1,6,81.50,97.46,82.48,38.24,14.38,43.25,0
1,7,80.82,97.45,79.33,36.88,14.41,44.87,0
1,8,81.78,97.64,77.98,37.87,14.72,43.40,0
1,9,81.64,97.87,77.73,36.92,15.11,44.83,0
1,10,79.98,97.42,80.40,37.66,14.46,47.10,0
1,11,77.98,97.64,79.68,38.28,14.77,43.83,0
1,12,80.79,97.96,81.10,37.34,15.38,44.31,0
1,13,78.15,97.36,81.66,37.04,14.39,46.19,0
1,14,79.74,97.89,78.45,37.34,14.52,43.63,0
1,15,80.61,97.86,79.63,37.50,14.52,46.93,0
1,16,79.21,97.46,76.89,37.36,15.44,45.93,0
1,17,81.32,97.45,77.05,38.62,15.13,45.32,0
1,18,79.02,97.84,81.86,38.38,15.31,45.63,0
1,19,80.24,97.69,77.72,38.42,15.26,44.84,0
2,0,88.86,97.56,86.83,38.76,14.45,53.86,0
2,1,90.90,97.15,83.29,37.49,14.68,55.76,0
2,2,90.26,97.09,87.29,39.06,14.21,54.16,0
2,3,87.76,97.74,88.15,38.74,14.45,56.40,0
2,4,90.27,97.37,86.59,38.41,13.67,54.72,0
2,5,89.97,97.28,84.85,37.69,13.75,56.49,0
2,6,89.58,97.74,83.24,38.26,14.60,54.86,0
2,7,88.92,97.30,83.57,37.34,13.61,54.40,0
2,8,90.57,97.79,86.71,37.27,14.53,56.29,0
2,9,89.83,97.66,87.68,39.04,13.71,54.21,0
2,10,89.06,97.35,82.22,38.61,14.24,55.40,0
2,11,87.88,97.46,87.08,38.98,14.08,55.52,0
2,12,87.10,97.50,81.52,38.02,14.04,54.56,0
2,13,88.88,97.55,83.54,37.70,14.49,53.47,0
2,14,88.91,97.51,84.21,38.17,14.20,54.40,0
2,15,89.89,97.54,85.86,38.69,14.70,54.81,0
2,16,87.85,97.61,85.94,38.26,14.42,54.93,0
2,17,88.17,97.83,84.67,37.32,14.55,53.83,0
2,18,89.87,97.32,84.12,38.20,13.84,54.84,0
2,19,90.62,97.35,85.78,39.02,14.76,56.79,0
3,0,70.60,98.09,99.22,38.20,15.54,50.50,0
3,1,72.00,98.36,98.32,38.39,15.51,52.48,0
3,2,71.62,97.87,97.75,37.19,15.94,51.65,0
3,3,70.32,97.89,98.79,37.95,15.78,51.87,0
3,4,71.73,98.29,96.53,38.43,15.36,53.51,0
3,5,69.07,98.23,95.17,37.46,15.47,50.96,0
3,6,70.19,98.22,99.15,36.88,15.43,50.12,0
3,7,70.96,98.33,95.62,37.41,15.00,53.24,0
3,8,69.42,98.32,96.96,37.72,15.24,52.22,0
3,9,70.96,97.72,97.52,37.74,15.90,53.27,0
3,10,77.06,97.76,89.38,38.53,15.62,50.45,0
3,11,77.70,98.02,86.93,37.53,15.75,46.93,0
3,12,79.97,97.96,83.02,38.24,15.93,44.85,1
3,13,76.30,98.01,86.07,37.89,15.41,48.48,0
3,14,74.85,98.15,88.34,37.95,15.49,48.86,0
3,15,69.80,98.38,97.02,38.77,15.03,51.54,0
3,16,70.32,98.25,93.38,37.55,15.69,52.79,0
3,17,68.43,98.38,98.87,37.33,15.73,49.91,0
3,18,71.45,98.46,93.71,38.14,15.00,51.88,0
3,19,69.31,97.87,96.84,38.20,15.29,50.25,0
4,0,91.61,98.38,79.38,38.31,15.28,54.71,0
4,1,92.78,98.79,82.95,37.00,15.77,53.80,0
4,2,90.06,98.90,79.84,37.66,15.74,52.77,0
4,3,93.54,98.82,79.71,37.69,16.16,54.55,0
4,4,89.93,98.49,84.50,37.82,15.98,54.76,0
4,5,90.04,98.40,78.96,37.74,15.18,54.65,0
4,6,92.24,98.28,83.59,37.83,15.37,54.58,0
4,7,91.48,99.02,83.88,38.35,15.35,52.40,0
4,8,90.79,98.51,79.38,37.78,15.89,52.02,0
4,9,90.46,99.06,78.87,37.15,16.11,54.93,0
4,10,92.50,98.39,82.56,38.15,15.29,53.00,0
4,11,91.05,98.63,81.15,37.09,15.01,53.52,0
4,12,90.68,98.45,79.41,37.02,15.21,51.23,0
4,13,92.03,98.30,82.91,37.67,15.43,53.18,0
4,14,91.04,98.55,79.49,38.00,15.41,51.74,0
4,15,91.14,98.46,77.49,38.12,15.97,51.73,0
4,16,88.54,98.74,81.23,37.23,15.44,54.46,0
4,17,91.33,99.06,79.01,37.54,15.14,53.14,0
4,18,92.22,98.28,82.38,36.60,15.52,54.62,0
4,19,92.97,98.48,82.52,36.94,15.20,54.65,0
5,0,71.89,97.69,89.31,37.88,13.04,56.02,0
5,1,73.16,97.63,93.63,37.42,12.90,54.47,0
5,2,71.64,98.24,93.90,37.36,13.04,56.41,0
5,3,74.09,97.67,93.68,37.80,13.07,57.00,0
5,4,72.65,98.15,90.66,37.85,13.50,54.94,0
5,5,72.50,97.92,88.78,37.55,12.74,56.60,0
5,6,73.92,97.68,92.95,38.54,12.88,57.39,0
5,7,72.06,97.85,88.52,36.78,13.41,54.63,0
5,8,73.95,98.13,88.60,36.72,13.79,55.34,0
5,9,73.58,98.20,92.72,37.71,12.84,56.24,0
5,10,76.66,97.58,83.81,38.10,12.62,53.94,0
5,11,78.12,98.15,81.99,37.28,13.33,50.60,0
5,12,83.04,98.21,78.84,36.75,12.91,52.84,1
5,13,80.34,97.80,77.61,37.09,13.51,53.90,0
5,14,76.03,97.80,83.94,38.10,13.36,51.98,0
5,15,72.81,97.70,86.94,37.06,13.56,54.56,0
5,16,71.48,98.00,89.43,37.29,13.79,57.49,0
5,17,71.29,97.95,88.15,38.56,12.81,54.47,0
5,18,71.53,98.14,91.05,38.39,13.57,57.32,0
5,19,72.10,98.27,89.62,37.48,13.28,56.61,0
6,0,71.81,98.32,87.68,35.60,10.97,54.77,0
6,1,73.27,97.86,89.52,34.74,11.28,53.97,0
6,2,72.72,97.98,86.79,36.02,11.07,57.05,0
6,3,73.85,97.81,89.40,36.01,11.29,53.42,0
6,4,72.44,98.26,85.52,35.55,11.16,56.51,0
6,5,72.60,98.29,89.83,35.32,10.36,55.40,0
6,6,73.07,98.43,86.77,35.10,10.85,54.02,0
6,7,72.54,97.75,88.35,35.01,10.88,56.50,0
6,8,71.98,97.91,89.97,35.27,11.45,57.06,0
6,9,81.31,97.84,84.32,35.29,11.03,53.43,0
6,10,80.69,98.27,77.22,36.27,10.47,49.33,0
6,11,82.79,98.20,71.90,35.84,11.08,50.94,1
6,12,81.66,97.68,77.90,35.34,11.18,52.05,0
6,13,78.74,98.21,79.08,34.77,11.01,51.83,0
6,14,74.56,98.14,88.34,35.92,11.01,56.49,0
6,15,73.07,98.24,85.54,35.24,10.38,56.03,0
6,16,73.69,97.77,89.37,35.37,11.42,56.44,0
6,17,73.09,97.87,87.69,34.67,11.25,56.97,0
6,18,72.40,97.99,86.92,34.82,10.30,56.89,0
6,19,73.84,97.75,85.20,34.48,10.32,55.40,0
7,0,73.25,98.38,83.77,38.93,12.50,48.14,0
7,1,72.70,97.94,83.50,38.39,12.51,47.40,0
7,2,73.10,98.27,82.57,38.09,12.01,45.59,0
7,3,72.96,97.91,84.95,39.64,12.26,46.77,0
7,4,70.65,97.91,81.41,38.36,12.48,44.36,0
7,5,70.51,98.15,84.61,38.86,11.59,45.50,0
7,6,72.52,98.28,82.53,37.79,11.81,44.87,0
7,7,71.51,98.23,81.32,38.20,12.51,45.86,0
7,8,70.12,98.29,80.03,39.44,11.87,48.17,0
7,9,76.84,98.37,75.39,38.10,12.19,42.84,0
7,10,79.97,97.92,72.74,39.13,11.92,40.65,0
7,11,82.86,97.75,69.51,38.17,12.32,41.34,1
7,12,80.18,98.11,69.46,39.22,12.30,43.45,0
7,13,75.93,98.27,75.77,39.51,11.89,44.88,0
7,14,72.18,97.74,80.75,39.41,11.90,44.49,0
7,15,72.28,97.89,80.13,37.91,12.04,47.48,0
7,16,70.69,98.11,81.25,38.15,11.94,46.67,0
7,17,71.19,98.26,79.89,38.94,11.63,46.70,0
7,18,72.30,98.03,80.78,38.93,12.66,47.02,0
7,19,72.60,98.19,79.77,39.25,12.58,44.74,0
8,0,72.75,98.66,93.41,34.67,12.04,44.46,0
8,1,70.41,98.87,91.34,34.81,11.40,45.93,0
8,2,71.37,98.56,96.57,34.28,11.75,46.10,0
8,3,71.64,98.82,95.60,34.76,11.65,45.94,0
8,4,73.40,99.09,94.13,35.27,11.15,46.01,0
8,5,73.66,98.83,91.75,35.00,11.28,44.68,0
8,6,72.02,98.65,94.03,34.77,11.89,43.93,0
8,7,73.45,98.76,95.80,34.36,11.59,47.24,0
8,8,73.37,99.24,92.53,34.30,10.97,46.48,0
8,9,72.01,98.75,94.82,35.60,11.62,44.01,0
8,10,73.23,98.83,92.66,34.79,11.62,47.15,0
8,11,72.05,99.08,95.38,35.12,11.78,45.23,0
8,12,70.45,99.19,94.11,35.12,11.59,44.36,0
8,13,72.88,98.88,91.46,34.94,11.86,44.30,0
8,14,70.92,98.96,92.62,34.52,12.03,47.17,0
8,15,71.93,98.92,94.04,34.53,11.44,44.82,0
8,16,72.56,98.76,94.91,35.60,11.48,46.56,0
8,17,70.08,98.65,91.93,35.55,11.86,43.93,0
8,18,70.27,99.23,95.46,34.83,11.88,43.62,0
8,19,73.73,98.80,94.94,34.22,11.96,47.29,0
9,0,77.56,98.64,93.63,38.28,10.58,58.44,0
9,1,78.25,98.31,94.77,37.43,11.01,60.49,0
9,2,80.70,98.93,94.15,37.03,11.51,57.17,0
9,3,79.30,98.88,96.19,37.45,10.37,59.34,0
9,4,81.11,98.67,97.55,37.35,10.43,60.37,0
9,5,79.34,98.63,93.36,38.72,11.24,59.24,0
9,6,81.59,98.51,96.32,38.68,11.13,56.57,0
9,7,80.06,98.42,93.26,37.06,10.55,57.17,0
9,8,78.75,98.56,97.63,38.28,10.92,58.10,0
9,9,78.41,98.91,94.82,38.01,11.46,59.33,0
9,10,79.93,99.03,97.76,37.79,11.48,56.96,0
9,11,80.54,98.93,92.05,38.07,10.55,59.20,0
9,12,78.99,98.63,92.09,38.02,11.22,59.86,0
9,13,78.97,98.82,93.26,38.15,11.49,59.38,0
9,14,76.88,98.77,97.00,38.28,11.13,60.35,0
9,15,77.49,98.54,93.49,38.67,10.58,59.33,0
9,16,76.81,98.36,92.79,38.88,10.54,57.93,0
9,17,77.23,98.82,92.69,37.29,10.48,56.69,0
9,18,78.23,98.83,92.21,38.11,11.48,57.50,0
9,19,78.86,98.33,98.08,37.42,10.76,57.83,0
10,0,72.43,97.13,84.99,38.27,11.97,56.24,0
10,1,73.77,97.59,85.28,37.55,11.88,57.39,0
10,2,73.97,97.54,84.75,38.96,12.32,56.34,0
10,3,73.66,96.90,85.57,37.26,12.09,56.92,0
10,4,75.24,97.53,87.65,38.90,11.48,57.76,0
10,5,73.61,97.09,88.00,37.87,12.20,57.34,0
10,6,72.85,97.16,88.57,37.70,12.12,55.43,0
10,7,74.23,97.40,86.78,37.91,12.22,54.77,0
10,8,81.12,96.96,77.48,38.43,11.78,51.54,0
10,9,80.30,96.91,76.14,38.49,12.28,52.61,0
10,10,84.41,97.27,72.36,38.08,12.35,49.55,1
10,11,79.09,96.88,72.15,38.04,12.20,51.63,0
10,12,79.41,96.85,77.58,37.21,11.92,54.69,0
10,13,70.95,97.06,81.62,38.19,11.37,53.83,0
10,14,73.79,97.32,86.45,38.42,11.53,56.47,0
10,15,71.47,97.16,84.51,37.60,11.91,54.40,0
10,16,73.34,96.83,86.08,38.08,11.76,56.73,0
10,17,71.51,97.07,83.70,38.51,11.32,55.39,0
10,18,74.43,96.88,85.00,38.45,12.05,56.03,0
10,19,73.98,96.96,84.70,38.54,12.13,54.92,0
11,0,88.50,97.67,83.95,35.32,14.96,49.19,0
11,1,90.29,97.76,84.21,35.81,15.51,47.23,0
11,2,89.33,97.88,87.10,34.52,14.89,49.00,0
11,3,90.24,97.49,85.88,34.96,15.58,50.58,0
11,4,88.42,97.90,83.42,34.48,15.83,49.83,0
11,5,87.37,97.49,87.14,35.64,15.85,49.35,0
11,6,89.80,97.49,85.23,34.52,15.58,48.18,0
11,7,90.06,98.02,82.58,35.64,15.61,50.27,0
11,8,94.56,98.04,77.56,35.88,15.49,47.61,0
11,9,97.40,97.58,74.57,35.38,15.08,45.64,0
11,10,97.55,98.08,69.77,35.76,15.70,44.54,1
11,11,94.88,98.18,74.31,34.88,15.37,43.48,0
11,12,95.67,97.97,76.52,35.00,15.51,44.15,0
11,13,88.78,97.94,85.37,35.10,15.61,47.88,0
11,14,87.18,97.63,82.80,36.16,14.78,50.22,0
11,15,85.89,97.53,84.87,36.04,15.78,50.83,0
11,16,89.20,98.26,85.88,35.25,15.38,50.44,0
11,17,86.95,97.55,81.81,34.68,15.83,47.09,0
11,18,88.58,97.73,83.96,35.27,15.75,49.89,0
11,19,89.88,98.17,81.46,34.72,15.24,49.49,0
12,0,89.60,98.49,84.28,36.08,11.75,41.52,0
12,1,87.03,98.97,82.50,36.02,11.62,41.11,0
12,2,88.22,98.50,83.84,36.20,11.94,42.62,0
12,3,88.14,98.22,82.08,36.76,12.68,42.89,0
12,4,89.62,98.41,83.46,35.37,12.79,42.27,0
12,5,90.53,98.76,86.90,36.50,11.89,41.34,0
12,6,90.28,98.86,83.98,35.96,12.38,44.00,0
12,7,89.71,98.52,82.86,35.31,11.97,43.90,0
12,8,96.20,98.29,78.32,36.34,11.87,38.91,0
12,9,98.49,98.80,73.87,36.73,11.70,39.99,0
12,10,100.20,98.78,72.61,36.35,12.59,36.82,1
12,11,95.26,98.53,71.38,35.19,12.76,38.39,0
12,12,92.46,98.69,76.59,35.21,12.02,39.57,0
12,13,87.25,98.43,85.96,35.69,12.18,44.07,0
12,14,89.46,98.19,83.00,35.83,12.69,42.55,0
12,15,88.69,98.80,84.65,35.83,12.37,44.23,0
12,16,89.46,98.87,83.72,36.59,12.79,44.18,0
12,17,88.87,98.67,81.37,34.86,12.39,43.03,0
12,18,90.17,98.77,83.10,36.71,12.34,43.76,0
12,19,90.19,98.58,82.49,34.96,12.64,43.92,0
13,0,86.65,98.39,90.76,35.63,11.29,57.84,0
13,1,86.31,97.85,88.62,36.50,11.74,57.03,0
13,2,88.27,97.88,93.68,36.10,10.90,54.52,0
13,3,87.96,97.72,94.37,36.23,10.88,56.79,0
13,4,88.21,98.39,93.20,35.12,10.98,55.72,0
13,5,85.25,97.70,94.41,35.64,10.77,56.70,0
13,6,86.99,97.92,94.02,35.05,10.90,56.13,0
13,7,88.20,98.18,90.75,35.70,10.68,56.13,0
13,8,88.52,97.74,90.25,36.06,11.57,54.45,0
13,9,87.43,98.37,92.90,36.55,11.34,56.30,0
13,10,84.88,97.90,88.06,36.29,11.56,57.25,0
13,11,87.04,98.03,89.13,35.41,10.77,57.36,0
13,12,84.53,98.17,93.06,35.86,11.65,55.99,0
13,13,84.74,97.94,93.06,35.43,10.81,54.51,0
13,14,83.81,98.00,89.38,36.67,11.38,54.66,0
13,15,86.88,98.16,92.18,35.64,11.71,57.47,0
13,16,85.48,97.74,93.17,36.13,11.38,56.04,0
13,17,84.79,98.20,88.01,35.97,11.09,54.33,0
13,18,84.59,97.85,88.57,35.63,11.28,54.73,0
13,19,86.61,98.37,89.46,36.84,11.38,55.15,0
14,0,91.79,99.15,78.25,36.32,12.54,61.52,0
14,1,91.43,99.14,80.78,34.34,12.21,59.61,0
14,2,91.09,98.59,79.95,35.80,12.10,63.54,0
14,3,91.00,98.63,82.29,35.89,12.86,61.93,0
14,4,91.17,98.94,82.65,34.69,12.56,61.70,0
14,5,89.58,98.76,82.47,35.40,12.34,60.41,0
14,6,89.11,98.72,81.19,36.03,12.71,60.87,0
14,7,89.21,99.23,83.29,36.20,11.79,60.02,0
14,8,89.07,98.63,81.83,34.60,12.83,60.39,0
14,9,89.64,98.55,83.15,35.38,12.34,59.87,0
14,10,91.25,98.91,78.33,36.25,12.83,59.68,0
14,11,89.23,98.51,81.08,34.55,12.62,63.49,0
14,12,89.77,99.00,79.29,35.03,12.60,63.47,0
14,13,90.51,98.94,80.09,35.55,11.86,61.46,0
14,14,91.07,99.26,79.51,35.30,12.04,61.14,0
14,15,88.76,98.87,81.73,35.15,11.86,60.61,0
14,16,88.37,98.57,77.20,36.00,12.49,63.52,0
14,17,89.70,99.27,79.91,35.67,12.51,60.52,0
14,18,91.38,99.24,79.64,36.21,12.71,63.16,0
14,19,90.49,98.61,80.29,35.70,11.85,63.20,0
15,0,86.96,98.66,80.99,37.20,11.50,46.85,0
15,1,90.41,98.98,83.83,37.14,10.91,43.16,0
15,2,87.90,98.49,82.04,38.17,11.13,43.18,0
15,3,88.67,98.76,86.45,38.60,11.90,46.39,0
15,4,89.29,98.23,81.84,37.37,11.71,43.91,0
15,5,88.13,98.34,82.45,37.87,11.42,45.82,0
15,6,90.03,98.82,85.74,36.86,11.87,46.85,0
15,7,91.02,98.21,82.93,38.20,11.83,45.35,0
15,8,88.31,98.34,83.69,37.35,11.33,45.29,0
15,9,87.59,98.38,84.24,37.47,11.62,45.34,0
15,10,89.55,98.71,81.31,37.57,11.94,46.80,0
15,11,89.21,98.76,84.85,37.95,11.96,45.18,0
15,12,86.79,98.48,84.43,38.84,11.88,46.78,0
15,13,87.64,98.85,80.55,38.02,11.89,45.49,0
15,14,88.45,98.96,83.84,38.24,11.13,44.33,0
15,15,85.85,98.50,79.98,37.34,11.06,44.17,0
15,16,88.78,98.68,79.92,37.72,11.89,43.78,0
15,17,88.94,98.84,80.99,36.85,10.84,43.52,0
15,18,89.27,98.38,81.90,38.33,11.82,46.63,0
15,19,88.07,98.36,84.60,38.08,11.62,43.18,0
16,0,77.77,98.12,87.37,36.22,12.95,59.27,0
16,1,81.10,97.70,91.19,35.85,12.39,61.87,0
16,2,81.35,98.20,91.98,35.72,13.11,60.29,0
16,3,79.98,97.86,91.65,35.66,12.57,59.59,0
16,4,81.69,97.72,88.03,37.32,12.82,59.89,0
16,5,79.09,98.16,89.99,35.78,13.09,59.96,0
16,6,81.78,97.70,91.78,37.30,13.10,60.60,0
16,7,79.13,98.17,87.69,35.66,12.06,61.34,0
16,8,84.00,97.98,83.43,36.14,12.04,57.02,0
16,9,85.67,97.77,75.86,35.98,12.39,58.39,0
16,10,90.13,97.72,73.20,37.02,12.96,57.32,1
16,11,85.18,98.34,79.36,37.17,12.05,59.04,0
16,12,84.16,98.22,80.53,36.67,12.77,59.91,0
16,13,79.95,98.40,90.62,37.06,12.84,60.67,0
16,14,78.89,97.68,87.96,36.37,11.94,62.62,0
16,15,77.21,98.30,88.74,35.81,12.03,62.90,0
16,16,76.89,98.18,89.54,36.53,13.06,60.33,0
16,17,80.22,97.94,86.86,36.82,12.99,60.85,0
16,18,80.88,98.12,87.92,35.78,12.31,61.15,0
16,19,80.70,97.71,87.49,37.44,12.04,62.61,0
17,0,88.40,98.50,89.54,34.10,11.56,47.35,0
17,1,90.12,98.78,92.27,34.81,11.46,45.77,0
17,2,87.01,98.32,89.79,34.86,11.88,46.14,0
17,3,88.52,98.36,88.93,34.05,12.11,46.40,0
17,4,88.94,98.96,88.72,34.41,11.90,45.87,0
17,5,89.75,99.00,89.28,35.14,12.33,48.34,0
17,6,87.14,98.51,92.96,35.78,11.99,46.50,0
17,7,87.28,98.94,92.27,34.12,12.22,46.42,0
17,8,87.57,98.54,89.44,34.93,12.39,46.44,0
17,9,86.33,98.68,91.01,34.53,11.99,46.86,0
17,10,92.75,98.83,81.86,35.62,12.18,43.33,0
17,11,96.56,98.67,78.08,35.48,11.77,42.17,0
17,12,96.22,98.68,75.91,34.05,12.40,43.82,1
17,13,94.70,98.61,77.08,33.99,12.47,42.12,0
17,14,93.86,98.44,80.47,34.15,12.00,43.83,0
17,15,89.15,98.89,90.84,35.20,12.18,48.95,0
17,16,89.35,98.52,87.17,35.28,11.77,46.54,0
17,17,89.14,98.67,86.44,34.49,11.69,47.05,0
17,18,88.05,98.25,90.62,35.77,12.47,46.07,0
17,19,86.52,98.41,91.62,34.16,11.55,47.54,0
18,0,93.03,97.25,91.10,36.34,12.00,54.36,0
18,1,90.33,97.38,91.78,36.06,11.38,53.17,0
18,2,93.96,97.20,94.50,36.35,12.00,51.84,0
18,3,93.82,97.17,94.50,36.25,11.29,55.16,0
18,4,91.09,97.17,95.09,36.69,11.54,55.16,0
18,5,93.42,96.98,97.30,36.68,11.85,54.60,0
18,6,94.16,96.71,93.33,35.75,12.45,52.19,0
18,7,90.54,96.92,91.48,36.82,11.87,52.91,0
18,8,90.39,96.95,93.53,36.72,12.08,53.99,0
18,9,96.05,96.89,89.69,35.58,11.72,52.16,0
18,10,97.90,96.92,85.12,35.72,12.06,50.04,0
18,11,101.00,96.80,77.97,36.83,11.99,48.48,1
18,12,100.08,97.11,84.60,35.98,11.77,50.07,0
18,13,98.39,96.92,85.33,35.78,12.02,51.71,0
18,14,90.83,96.62,94.80,35.97,12.04,52.10,0
18,15,92.68,97.23,94.60,36.09,11.44,53.93,0
18,16,90.59,97.28,94.55,36.08,11.68,52.60,0
18,17,89.44,96.85,95.38,37.11,12.44,51.72,0
18,18,92.87,97.17,96.22,35.62,11.62,55.50,0
18,19,92.39,97.28,95.47,37.20,12.16,54.14,0
19,0,71.31,98.22,78.66,38.92,14.92,57.69,0
19,1,72.04,97.86,83.79,37.39,14.61,57.90,0
19,2,72.70,97.86,82.87,37.99,15.35,54.89,0
19,3,73.68,98.22,83.14,38.47,14.60,57.40,0
19,4,72.42,97.92,79.12,38.20,14.54,56.72,0
19,5,74.42,98.20,78.76,37.44,14.98,56.31,0
19,6,73.49,98.43,80.76,37.60,15.23,57.85,0
19,7,73.35,98.34,81.14,37.07,14.43,56.50,0
19,8,70.44,98.30,82.25,38.91,14.32,55.38,0
19,9,73.71,98.31,79.06,37.69,14.88,55.93,0
19,10,72.90,98.52,82.42,37.65,14.56,57.48,0
19,11,73.12,98.11,79.95,37.47,15.18,54.81,0
19,12,72.52,98.20,81.23,38.73,14.27,56.75,0
19,13,70.54,98.14,82.77,38.03,14.91,56.77,0
19,14,72.92,98.60,79.44,38.46,14.60,54.17,0
19,15,70.50,98.12,78.37,38.88,14.86,57.96,0
19,16,69.74,98.13,79.39,38.28,14.40,57.37,0
19,17,70.06,98.47,82.18,38.06,14.42,56.51,0
19,18,72.18,97.87,81.09,38.11,15.44,54.67,0
19,19,71.89,98.04,79.66,37.30,14.69,55.33,0
20,0,75.22,97.49,88.00,38.86,12.62,59.72,0
20,1,74.84,96.94,84.82,38.10,12.77,62.01,0
20,2,73.95,97.38,89.06,37.59,12.15,60.29,0
20,3,75.58,97.02,84.90,38.28,12.17,61.21,0
20,4,76.41,96.74,84.92,37.82,13.02,61.62,0
20,5,75.43,97.45,86.83,38.56,12.21,61.18,0
20,6,76.05,96.98,90.14,37.94,12.22,62.11,0
20,7,73.64,97.45,87.56,37.99,13.00,60.54,0
20,8,74.48,96.77,88.93,37.41,12.00,58.83,0
20,9,75.19,97.05,88.00,37.55,12.80,61.09,0
20,10,72.32,97.11,85.30,38.21,12.64,62.01,0
20,11,73.10,97.39,86.43,37.76,12.13,62.35,0
20,12,72.93,97.13,83.45,37.85,12.02,60.03,0
20,13,71.33,97.25,83.31,38.61,12.63,62.25,0
20,14,74.62,97.28,87.63,38.09,12.78,62.16,0
20,15,74.67,97.36,86.08,38.08,12.00,61.92,0
20,16,73.34,97.45,84.51,38.81,12.92,59.11,0
20,17,75.03,97.04,88.23,39.17,12.56,61.08,0
20,18,75.41,97.20,85.06,38.10,11.88,59.13,0
20,19,73.94,97.17,88.74,38.19,12.47,62.45,0
21,0,71.11,98.13,84.65,34.94,11.81,43.15,0
21,1,72.91,98.69,84.92,34.97,11.77,41.78,0
21,2,70.50,98.08,83.40,34.83,12.42,43.93,0
21,3,73.36,98.26,86.16,35.58,12.87,42.32,0
21,4,71.92,98.17,85.44,36.10,11.76,42.82,0
21,5,70.79,98.27,84.45,35.47,11.96,44.57,0
21,6,73.89,97.96,82.96,35.80,12.11,44.02,0
21,7,73.61,98.41,83.28,35.47,12.70,45.08,0
21,8,78.62,98.64,75.29,35.94,12.46,42.57,0
21,9,78.70,98.60,72.40,35.56,12.69,40.83,0
21,10,82.06,98.70,71.89,35.31,11.85,39.20,1
21,11,79.12,98.42,76.06,35.85,12.02,39.89,0
21,12,76.01,98.03,74.45,34.98,12.51,40.16,0
21,13,71.95,98.65,82.71,36.18,11.86,42.31,0
21,14,69.58,98.23,84.59,35.60,11.98,43.18,0
21,15,70.45,98.22,81.20,35.50,12.89,43.18,0
21,16,71.52,98.29,82.81,35.97,12.90,42.52,0
21,17,72.49,97.92,83.90,35.53,12.25,43.70,0
21,18,72.83,97.93,81.39,36.35,12.60,45.34,0
21,19,70.75,98.58,85.69,36.03,11.95,44.66,0
22,0,91.80,97.51,91.72,34.72,14.99,49.64,0
22,1,89.20,98.14,89.35,35.52,14.89,48.18,0
22,2,91.99,98.15,89.76,34.89,14.99,46.88,0
22,3,91.38,97.90,90.05,33.96,14.93,48.19,0
22,4,93.07,97.61,92.68,35.40,14.80,49.34,0
22,5,90.47,97.99,92.66,33.97,15.57,47.53,0
22,6,90.10,97.74,93.96,33.66,15.57,50.07,0
22,7,89.36,98.07,92.33,34.06,15.35,49.33,0
22,8,91.10,97.61,88.89,34.41,15.66,47.17,0
22,9,92.75,97.84,93.42,33.96,15.58,49.89,0
22,10,89.08,97.50,92.48,34.51,15.64,47.66,0
22,11,91.40,97.78,88.47,35.47,15.36,49.27,0
22,12,88.99,97.75,92.43,34.24,14.98,47.43,0
22,13,91.14,97.90,91.19,35.45,15.25,49.26,0
22,14,90.39,98.04,92.46,34.51,15.02,46.66,0
22,15,89.42,98.16,91.02,33.61,15.86,48.40,0
22,16,88.52,97.82,87.24,34.23,15.33,46.27,0
22,17,90.48,97.83,91.45,34.35,15.00,47.45,0
22,18,89.78,97.90,89.32,34.87,15.24,46.40,0
22,19,89.51,97.54,91.63,33.72,15.78,49.94,0
23,0,74.94,97.48,79.57,36.06,13.58,42.01,0
23,1,76.24,97.19,81.92,36.38,13.84,41.16,0
23,2,75.54,97.55,81.72,35.92,13.51,44.13,0
23,3,77.70,97.51,81.99,37.29,13.68,44.50,0
23,4,75.07,97.61,78.89,37.47,13.03,44.21,0
23,5,76.76,97.83,79.26,36.29,12.82,44.32,0
23,6,78.71,97.39,82.19,36.42,13.95,44.73,0
23,7,76.63,97.70,82.78,35.71,13.56,42.50,0
23,8,77.59,97.17,81.48,36.28,13.85,41.16,0
23,9,75.87,97.34,81.93,36.60,13.04,41.06,0
23,10,74.50,97.48,82.78,37.45,13.93,44.82,0
23,11,77.17,97.77,80.21,37.24,13.04,41.91,0
23,12,73.93,97.31,80.05,37.07,13.24,44.96,0
23,13,73.68,97.85,76.61,37.12,13.00,41.41,0
23,14,74.06,97.15,76.81,35.91,13.94,43.86,0
23,15,73.73,97.43,77.60,36.96,13.15,42.95,0
23,16,77.51,97.50,81.57,37.32,13.04,44.24,0
23,17,77.02,97.82,82.21,36.42,13.09,43.47,0
23,18,75.89,97.59,82.75,37.13,13.32,42.07,0
23,19,78.25,97.35,79.23,37.27,13.70,44.51,0
24,0,84.55,99.16,92.33,38.06,15.17,41.51,0
24,1,83.97,98.97,93.35,38.44,14.45,41.65,0
24,2,86.45,99.05,94.99,37.91,14.52,43.91,0
24,3,84.85,99.16,98.03,37.91,15.29,41.52,0
24,4,84.31,98.99,98.33,38.48,14.78,44.49,0
24,5,87.66,98.52,93.27,37.28,15.17,43.37,0
24,6,85.28,99.09,93.07,37.75,14.46,42.93,0
24,7,86.71,98.70,92.72,37.83,14.16,41.00,0
24,8,85.16,99.18,95.62,36.70,14.68,44.10,0
24,9,83.58,98.95,92.06,38.37,14.87,41.25,0
24,10,83.67,98.55,92.90,37.13,15.30,41.24,0
24,11,82.94,98.68,97.23,38.16,14.48,42.61,0
24,12,85.08,98.94,95.50,37.34,15.21,43.14,0
24,13,82.69,98.78,95.55,38.36,14.75,43.04,0
24,14,83.53,99.10,95.34,37.13,14.43,41.48,0
24,15,84.66,98.77,92.71,38.50,14.60,41.07,0
24,16,83.59,98.78,93.72,38.44,14.79,43.44,0
24,17,82.80,98.90,95.63,36.79,14.61,43.89,0
24,18,83.14,98.96,96.53,37.43,15.09,41.32,0
24,19,84.45,98.62,96.11,37.85,15.28,41.17,0
25,0,88.44,97.11,95.07,33.33,14.71,43.99,0
25,1,86.57,97.62,91.96,34.85,15.27,46.75,0
25,2,87.00,97.26,97.36,33.56,14.86,44.74,0
25,3,87.00,97.41,92.74,34.41,14.34,44.79,0
25,4,89.09,97.29,93.96,34.31,15.13,45.45,0
25,5,87.51,97.22,97.33,35.09,15.08,45.20,0
25,6,88.16,97.38,94.39,33.76,14.99,44.05,0
25,7,87.29,97.23,96.74,34.80,15.12,45.72,0
25,8,87.72,97.35,95.18,34.11,14.27,43.86,0
25,9,85.82,96.92,92.55,33.78,14.73,46.81,0
25,10,88.73,97.34,92.20,34.33,14.92,45.04,0
25,11,89.00,97.07,95.51,34.17,15.13,46.86,0
25,12,88.72,97.56,90.87,35.15,14.66,45.88,0
25,13,86.96,97.54,95.22,34.68,14.40,43.94,0
25,14,88.45,97.50,92.90,34.73,15.37,45.88,0
25,15,85.83,96.98,91.79,34.30,14.82,43.52,0
25,16,88.85,97.41,95.85,34.02,15.28,45.31,0
25,17,88.33,97.60,95.85,34.66,14.89,43.98,0
25,18,85.67,96.88,95.25,34.36,15.18,45.63,0
25,19,85.89,96.90,93.92,33.30,15.05,46.47,0
26,0,72.91,97.55,78.62,33.63,13.82,55.53,0
26,1,72.13,98.01,80.68,35.52,13.28,53.71,0
26,2,72.62,97.43,80.65,35.02,14.12,56.21,0
26,3,74.75,97.52,83.21,34.61,13.54,54.92,0
26,4,75.87,97.24,79.99,34.46,13.88,53.27,0
26,5,74.75,97.76,80.83,33.81,13.26,55.64,0
26,6,72.38,97.24,79.54,35.31,13.86,54.94,0
26,7,74.98,97.30,80.52,35.17,13.65,54.69,0
26,8,74.70,97.58,81.26,34.13,13.76,53.61,0
26,9,75.43,97.90,84.37,34.48,13.17,55.24,0
26,10,73.78,97.76,79.91,33.90,13.45,54.82,0
26,11,71.16,97.26,78.42,34.63,13.84,56.25,0
26,12,74.26,97.86,81.82,33.77,13.97,53.99,0
26,13,72.08,97.32,80.67,34.79,13.90,53.71,0
26,14,73.75,97.50,77.95,33.60,13.21,54.04,0
26,15,73.91,97.70,83.00,34.38,13.33,52.78,0
26,16,72.12,97.69,82.20,34.97,13.95,54.54,0
26,17,72.89,97.38,82.57,34.57,13.54,55.95,0
26,18,73.64,97.92,78.56,34.82,13.16,52.68,0
26,19,72.21,97.24,84.08,35.56,13.50,52.68,0
27,0,69.87,98.78,92.70,37.93,10.22,43.04,0
27,1,70.91,98.62,89.31,36.65,10.60,42.64,0
27,2,69.67,99.08,90.76,37.21,10.31,41.80,0
27,3,69.48,98.74,94.87,36.83,10.25,41.03,0
27,4,70.18,98.49,94.06,36.75,10.88,42.98,0
27,5,71.94,98.72,93.80,37.30,11.14,41.79,0
27,6,72.72,98.42,94.71,36.37,10.52,43.31,0
27,7,69.32,99.05,91.89,37.32,10.10,41.01,0
27,8,69.64,98.83,92.83,37.16,10.61,43.05,0
27,9,68.86,98.53,90.79,37.37,10.49,40.78,0
27,10,71.56,98.72,92.21,37.18,10.40,40.92,0
27,11,71.09,99.00,94.11,38.18,10.48,41.45,0
27,12,69.40,98.50,94.36,36.73,10.04,42.11,0
27,13,70.27,99.04,88.51,37.58,11.02,41.32,0
27,14,67.40,98.65,93.64,36.47,10.31,43.68,0
27,15,67.43,98.74,92.03,37.93,10.07,40.69,0
27,16,67.94,98.96,91.28,36.97,10.70,41.86,0
27,17,68.40,98.67,89.39,37.08,11.05,42.07,0
27,18,70.37,99.15,89.62,38.16,10.88,42.95,0
27,19,68.17,98.60,92.39,37.12,10.40,40.60,0
28,0,79.47,97.65,92.94,38.45,14.00,55.71,0
28,1,80.34,97.46,95.33,38.83,12.98,56.66,0
28,2,81.45,97.31,95.64,38.46,13.69,54.50,0
28,3,82.63,96.91,97.89,39.42,13.49,56.99,0
28,4,81.44,97.26,94.10,39.47,13.91,54.19,0
28,5,81.99,97.02,98.01,38.26,13.28,56.62,0
28,6,83.59,97.54,99.32,38.50,13.36,55.13,0
28,7,83.29,96.93,95.15,39.24,13.60,56.57,0
28,8,81.03,97.03,95.99,39.32,13.25,56.18,0
28,9,82.99,97.11,95.69,38.43,14.05,55.65,0
28,10,86.25,97.21,91.90,38.54,14.12,54.47,0
28,11,90.35,97.07,83.62,39.35,13.39,53.22,0
28,12,89.08,97.17,82.05,38.78,14.02,50.63,1
28,13,88.10,97.42,87.41,38.76,13.46,52.47,0
28,14,86.55,97.49,91.22,38.26,13.27,51.03,0
28,15,79.03,97.38,97.20,38.99,12.96,57.80,0
28,16,80.02,97.31,92.34,38.73,13.90,55.27,0
28,17,80.34,97.37,96.96,39.21,13.67,57.62,0
28,18,82.43,97.24,94.65,37.99,13.98,55.04,0
28,19,81.16,97.55,98.44,38.39,13.90,54.91,0
29,0,85.21,98.76,83.81,35.81,14.42,59.73,0
29,1,87.14,99.18,83.35,35.72,14.97,61.62,0
29,2,86.92,98.61,85.93,36.29,14.98,60.88,0
29,3,83.99,99.09,83.93,35.78,14.19,62.29,0
29,4,84.16,99.07,85.26,36.57,14.13,59.85,0
29,5,84.55,98.50,80.52,37.16,14.05,60.64,0
29,6,84.35,98.77,80.24,37.08,15.06,59.95,0
29,7,87.14,99.12,80.87,36.53,15.12,58.68,0
29,8,87.28,98.76,80.49,36.79,14.60,58.40,0
29,9,84.26,98.86,80.49,37.07,13.98,60.94,0
29,10,84.91,98.88,83.73,36.05,15.02,61.61,0
29,11,85.72,98.56,79.57,36.44,14.20,60.29,0
29,12,84.91,98.77,83.91,36.06,14.21,59.94,0
29,13,85.67,99.00,83.37,37.10,14.58,61.49,0
29,14,83.28,98.97,81.64,35.66,14.56,60.73,0
29,15,83.94,98.83,80.79,36.32,14.23,60.02,0
29,16,85.03,99.03,84.32,36.24,14.79,61.82,0
29,17,82.55,98.94,79.93,36.85,15.12,59.03,0
29,18,83.48,98.54,80.87,37.10,15.03,59.82,0
29,19,86.55,99.10,85.43,37.50,15.11,59.42,0
30,0,85.70,97.89,87.17,39.03,14.62,44.76,0
30,1,87.01,98.55,90.34,39.41,15.11,45.37,0
30,2,87.70,98.30,87.08,39.63,14.49,44.14,0
30,3,87.99,98.23,91.20,38.88,14.52,44.57,0
30,4,88.29,98.36,89.31,39.91,15.10,43.93,0
30,5,87.48,98.25,87.79,38.89,14.81,43.00,0
30,6,88.36,98.20,89.84,38.45,14.39,44.51,0
30,7,89.08,97.81,85.52,38.54,14.34,45.35,0
30,8,84.99,98.51,86.06,38.24,14.35,43.69,0
30,9,85.37,98.43,88.86,39.89,14.97,46.05,0
30,10,87.82,98.22,84.64,39.18,14.25,44.27,0
30,11,85.20,97.93,90.00,38.48,14.09,46.47,0
30,12,86.35,98.12,85.31,39.04,14.58,44.51,0
30,13,85.42,98.13,86.45,37.95,15.17,42.92,0
30,14,84.22,98.08,85.47,38.27,14.36,46.36,0
30,15,85.29,98.41,88.02,39.80,14.49,46.00,0
30,16,85.55,98.07,88.86,39.29,14.05,43.33,0
30,17,86.85,98.37,89.10,38.44,14.66,46.38,0
30,18,84.41,98.28,86.25,38.44,14.69,44.43,0
30,19,86.19,98.45,88.08,39.92,14.61,46.23,0
31,0,90.90,97.07,94.11,34.16,11.50,55.97,0
31,1,88.64,96.97,95.45,34.37,11.01,56.53,0
31,2,90.62,97.04,94.66,35.27,11.46,53.57,0
31,3,88.34,96.97,97.14,35.04,11.04,54.76,0
31,4,91.02,97.50,97.49,35.81,11.08,55.57,0
31,5,90.99,97.14,94.18,35.68,11.83,55.52,0
31,6,89.48,96.86,97.76,35.63,10.80,53.51,0
31,7,89.50,96.99,98.51,35.20,10.81,56.01,0
31,8,96.96,96.87,90.47,35.47,10.90,53.90,0
31,9,95.47,97.07,84.40,35.36,11.13,51.79,0
31,10,97.25,97.05,79.20,35.31,11.27,50.95,1
31,11,97.78,97.46,85.70,34.99,11.05,50.87,0
31,12,94.18,96.99,88.10,34.77,10.86,53.83,0
31,13,88.64,96.87,97.89,35.60,10.82,53.57,0
31,14,86.61,96.75,94.70,34.04,11.71,55.06,0
31,15,87.80,97.31,97.47,35.82,11.67,55.69,0
31,16,86.53,97.36,97.82,34.03,11.78,53.73,0
31,17,87.39,97.02,98.25,33.97,11.16,56.39,0
31,18,89.45,97.27,94.94,34.38,10.91,53.73,0
31,19,89.98,96.94,95.29,35.70,11.47,54.77,0
32,0,86.00,97.25,78.73,33.65,12.91,52.06,0
32,1,86.43,97.06,79.87,34.15,13.38,52.63,0
32,2,84.83,97.36,78.98,33.69,12.71,52.49,0
32,3,85.34,97.28,79.87,33.33,13.15,53.07,0
32,4,85.42,96.96,78.66,34.42,12.69,52.06,0
32,5,85.76,96.97,78.23,33.81,13.55,52.92,0
32,6,85.08,97.03,75.94,33.31,13.26,55.23,0
32,7,88.61,97.31,79.52,34.35,13.17,54.77,0
32,8,87.40,97.07,81.25,34.59,13.73,55.63,0
32,9,87.77,97.03,75.47,33.52,12.82,52.35,0
32,10,86.18,97.42,76.05,34.32,13.02,53.83,0
32,11,86.81,97.30,79.75,33.51,12.93,55.29,0
32,12,83.94,97.56,80.41,34.59,12.81,55.38,0
32,13,85.90,97.15,78.30,34.39,12.56,55.05,0
32,14,83.53,97.11,75.58,33.81,13.21,54.14,0
32,15,84.12,97.42,74.59,34.71,13.31,55.18,0
32,16,85.97,97.04,75.78,33.21,13.67,55.50,0
32,17,87.07,97.16,74.68,33.12,13.41,52.05,0
32,18,87.59,96.85,75.17,33.24,13.34,55.11,0
32,19,85.89,97.47,79.63,33.69,13.31,51.94,0
33,0,70.65,97.29,78.14,37.17,15.01,46.40,0
33,1,71.62,97.77,82.42,36.45,15.17,48.25,0
33,2,72.54,97.30,80.50,36.31,14.85,44.57,0
33,3,70.51,97.35,80.31,36.92,14.32,45.42,0
33,4,72.78,97.33,83.03,36.51,15.24,46.79,0
33,5,71.58,97.53,79.58,36.31,15.11,47.53,0
33,6,73.53,97.26,80.81,35.63,14.62,47.20,0
33,7,73.81,97.31,81.21,36.67,14.66,44.79,0
33,8,73.06,97.61,81.90,35.42,14.76,46.68,0
33,9,78.60,97.56,71.61,37.21,14.57,43.15,0
33,10,79.69,97.87,72.28,35.86,14.51,41.69,0
33,11,81.60,97.29,65.17,36.78,15.01,40.98,1
33,12,78.86,97.92,71.82,36.82,15.25,43.98,0
33,13,77.20,97.94,75.32,36.89,15.17,42.52,0
33,14,71.92,97.39,76.23,36.80,15.11,45.34,0
33,15,71.37,97.88,81.19,35.49,14.90,46.16,0
33,16,71.87,97.70,81.98,35.90,14.27,45.21,0
33,17,71.56,97.23,81.94,36.06,14.89,46.42,0
33,18,71.78,97.17,80.61,35.72,14.62,45.67,0
33,19,71.76,97.81,77.61,36.59,14.77,48.18,0
34,0,89.52,97.76,82.12,34.28,14.14,54.77,0
34,1,89.43,98.20,83.44,32.60,14.76,52.46,0
34,2,90.12,98.04,82.83,32.51,14.79,53.33,0
34,3,90.42,97.91,83.06,33.35,14.82,52.33,0
34,4,89.16,97.63,80.06,34.32,14.09,54.11,0
34,5,90.40,97.47,80.98,33.97,14.08,51.47,0
34,6,89.23,97.47,82.83,32.85,15.11,52.52,0
34,7,92.09,97.99,82.30,32.88,13.93,51.81,0
34,8,91.33,98.09,83.80,33.59,14.62,51.73,0
34,9,88.05,98.17,83.20,32.63,14.94,54.80,0
34,10,91.41,97.72,83.91,34.09,14.77,53.65,0
34,11,88.24,97.94,82.54,33.13,15.04,53.77,0
34,12,87.63,97.62,82.15,32.62,14.64,51.29,0
34,13,90.74,98.13,79.84,33.94,14.19,52.32,0
34,14,87.33,98.09,81.17,34.28,14.89,51.89,0
34,15,88.96,97.46,79.61,33.39,14.33,53.62,0
34,16,89.47,97.48,84.43,33.83,14.02,52.54,0
34,17,89.69,97.75,84.02,32.34,14.57,52.48,0
34,18,89.98,98.15,80.87,33.46,14.22,54.96,0
34,19,90.76,97.54,79.99,33.28,14.90,54.57,0
35,0,89.53,98.15,97.05,38.60,12.51,51.97,0
35,1,89.41,98.08,95.23,39.16,12.93,51.59,0
35,2,87.63,97.47,96.42,39.34,13.48,54.94,0
35,3,89.80,97.56,99.14,37.92,13.03,51.72,0
35,4,87.72,97.47,97.68,39.20,13.07,52.06,0
35,5,88.63,98.17,97.47,39.42,12.98,53.96,0
35,6,87.96,98.00,97.18,37.66,12.64,54.85,0
35,7,90.17,97.63,94.33,38.98,13.13,51.79,0
35,8,95.73,98.12,90.91,37.55,12.56,49.51,0
35,9,97.16,97.93,86.13,38.45,12.79,47.38,0
35,10,98.29,98.14,81.13,37.59,12.85,48.30,1
35,11,95.82,97.65,86.80,38.96,13.14,47.96,0
35,12,93.12,97.95,92.98,39.36,12.78,49.32,0
35,13,85.55,97.78,95.67,38.37,12.42,54.01,0
35,14,87.98,97.74,97.71,37.93,12.65,54.64,0
35,15,86.26,98.06,95.36,38.42,12.97,52.46,0
35,16,87.75,98.07,98.36,38.56,12.63,52.55,0
35,17,87.61,97.48,94.74,38.17,13.12,53.14,0
35,18,86.98,98.06,95.42,37.81,12.89,54.74,0
35,19,88.23,97.53,99.06,38.72,12.83,55.18,0
36,0,79.05,96.97,94.85,35.59,14.81,55.98,0
36,1,77.60,97.02,91.79,36.77,15.34,56.20,0
36,2,77.10,97.45,93.24,36.76,14.70,56.54,0
36,3,76.25,97.12,94.64,36.76,14.61,56.11,0
36,4,79.91,97.18,96.96,36.64,15.28,55.42,0
36,5,78.95,97.29,94.10,36.13,15.01,55.57,0
36,6,78.24,97.18,96.43,36.54,15.29,56.89,0
36,7,77.29,96.99,97.00,35.34,14.25,55.17,0
36,8,76.78,97.12,95.13,35.50,14.71,56.21,0
36,9,75.96,96.83,96.00,35.60,14.67,58.61,0
36,10,76.66,97.33,92.82,36.84,14.47,55.84,0
36,11,78.55,97.39,91.16,35.17,14.66,58.27,0
36,12,77.10,97.02,93.05,34.92,14.90,54.94,0
36,13,76.04,97.41,92.57,36.51,14.91,56.49,0
36,14,76.41,97.15,91.04,35.04,14.78,57.06,0
36,15,75.83,96.98,90.44,36.64,14.73,55.48,0
36,16,75.21,97.13,90.10,36.26,14.57,55.71,0
36,17,78.63,96.93,90.35,36.49,15.04,55.08,0
36,18,78.51,96.92,93.20,36.53,15.38,57.01,0
36,19,77.40,97.28,91.16,36.79,14.79,57.62,0
37,0,77.77,97.96,95.75,33.04,14.27,58.06,0
37,1,76.51,97.87,95.95,33.55,14.72,58.01,0
37,2,77.91,97.80,92.29,33.35,14.37,57.33,0
37,3,76.10,98.13,93.33,34.39,14.35,56.08,0
37,4,78.88,97.95,94.98,33.57,15.40,56.82,0
37,5,76.66,98.46,97.43,34.58,14.52,57.49,0
37,6,76.30,97.99,96.01,33.22,14.35,56.57,0
37,7,77.98,98.28,94.37,34.27,15.39,59.14,0
37,8,77.45,98.51,93.64,33.25,15.23,56.34,0
37,9,76.17,97.75,91.91,33.99,14.45,58.23,0
37,10,80.72,97.78,85.76,33.60,14.23,54.18,0
37,11,84.80,98.41,85.36,33.97,15.40,54.34,0
37,12,86.82,97.75,78.45,34.72,14.27,51.86,1
37,13,84.42,97.87,81.77,33.95,15.08,55.18,0
37,14,83.45,97.83,84.33,34.16,14.79,53.04,0
37,15,75.14,98.28,90.79,32.76,14.33,55.38,0
37,16,74.25,98.00,94.17,32.79,14.26,55.67,0
37,17,74.45,97.79,90.23,34.04,14.78,58.43,0
37,18,77.69,98.08,96.43,34.28,15.30,55.24,0
37,19,76.21,98.15,92.83,33.16,14.74,58.69,0
38,0,71.42,98.11,89.65,34.96,12.02,55.82,0
38,1,71.36,97.47,88.92,34.19,11.94,56.89,0
38,2,70.18,97.89,89.65,34.90,11.21,53.78,0
38,3,71.52,97.99,89.03,34.37,11.84,55.70,0
38,4,72.87,98.08,93.23,34.47,11.20,55.86,0
38,5,71.19,98.05,92.61,35.28,12.02,56.37,0
38,6,71.27,97.85,90.03,33.35,11.43,56.40,0
38,7,70.03,97.43,92.41,33.70,11.30,53.76,0
38,8,69.36,97.53,90.06,34.10,11.87,54.94,0
38,9,70.51,97.54,89.99,34.57,12.25,56.12,0
38,10,71.86,97.44,88.09,34.16,12.29,55.99,0
38,11,69.11,97.63,92.92,34.07,11.48,54.57,0
38,12,71.48,97.83,90.37,33.79,11.49,54.79,0
38,13,71.57,97.95,91.59,34.47,11.68,56.18,0
38,14,69.10,97.45,88.47,33.67,11.75,54.81,0
38,15,69.51,98.09,91.09,34.24,11.31,53.36,0
38,16,70.75,98.03,87.83,35.15,12.27,55.97,0
38,17,68.91,97.98,92.84,35.15,11.74,56.87,0
38,18,71.89,97.57,93.13,35.10,11.95,53.56,0
38,19,68.44,97.62,91.68,33.87,11.23,56.21,0
39,0,72.00,98.70,87.25,38.43,11.99,55.40,0
39,1,70.67,98.97,84.96,38.12,12.26,57.57,0
39,2,72.50,98.82,86.78,37.95,11.74,56.18,0
39,3,73.15,98.52,88.50,38.38,12.43,55.87,0
39,4,72.85,98.95,87.26,38.33,12.46,57.76,0
39,5,74.10,99.01,89.00,37.90,11.50,56.17,0
39,6,72.89,98.93,88.51,38.62,12.19,55.49,0
39,7,74.72,99.11,85.28,38.30,12.19,54.88,0
39,8,71.36,98.99,88.74,39.37,11.88,54.46,0
39,9,70.93,99.11,88.79,37.46,11.50,56.63,0
39,10,70.03,98.81,84.45,37.67,12.14,57.27,0
39,11,70.81,98.50,87.90,38.99,12.38,55.90,0
39,12,73.49,99.11,87.96,37.85,12.05,57.32,0
39,13,71.10,98.35,85.05,37.70,11.76,57.97,0
39,14,70.48,98.97,86.95,38.49,11.56,54.19,0
39,15,72.73,98.70,88.34,39.27,12.18,58.00,0
39,16,70.88,99.02,86.53,37.91,11.68,55.55,0
39,17,71.99,98.66,84.68,37.82,12.66,55.48,0
39,18,71.63,99.08,87.46,39.21,12.19,57.97,0
39,19,71.91,99.01,86.88,37.53,12.48,57.04,0
40,0,73.15,98.36,98.98,34.78,13.98,42.14,0
40,1,75.33,98.48,97.43,35.19,14.59,41.75,0
40,2,75.38,97.96,94.92,33.80,14.15,45.19,0
40,3,75.80,98.44,97.40,35.01,14.26,42.59,0
40,4,72.48,98.37,100.45,34.44,13.79,45.27,0
40,5,74.30,98.47,97.60,35.41,14.67,44.30,0
40,6,72.67,98.55,97.66,34.40,13.64,43.72,0
40,7,73.38,98.27,95.45,35.09,14.62,41.67,0
40,8,74.45,97.85,94.80,35.57,13.98,44.99,0
40,9,73.98,98.36,94.54,34.71,14.21,44.04,0
40,10,78.21,98.17,91.53,34.77,13.92,38.54,0
40,11,81.49,98.55,84.92,34.34,13.55,39.70,0
40,12,82.64,98.20,83.49,35.40,14.02,36.46,1
40,13,79.27,98.04,87.94,35.40,14.49,37.99,0
40,14,80.19,98.20,89.82,34.78,13.94,39.37,0
40,15,73.26,98.24,95.29,35.30,13.78,43.90,0
40,16,74.62,98.39,94.77,33.87,13.74,45.27,0
40,17,74.34,98.01,93.65,34.64,14.22,44.89,0
40,18,72.05,98.35,95.41,33.76,14.08,42.45,0
40,19,74.97,98.05,97.85,34.58,14.42,44.65,0
41,0,92.10,98.03,75.68,38.46,13.00,47.03,0
41,1,94.00,97.90,80.48,36.70,12.83,44.43,0
41,2,91.66,98.54,79.21,37.35,12.97,47.80,0
41,3,92.64,97.88,76.49,36.54,13.27,47.87,0
41,4,92.34,98.60,78.67,37.67,12.40,45.51,0
41,5,93.85,98.20,79.45,37.17,13.39,46.35,0
41,6,90.93,98.37,79.70,37.20,12.75,44.55,0
41,7,90.42,97.97,76.55,37.32,12.66,47.55,0
41,8,94.08,98.26,81.23,36.66,12.46,45.51,0
41,9,90.29,98.25,77.65,36.78,12.83,46.71,0
41,10,90.83,98.12,80.79,37.47,12.53,44.13,0
41,11,91.47,97.81,80.38,36.55,12.58,47.79,0
41,12,90.43,97.96,78.36,38.49,12.20,46.79,0
41,13,92.36,97.83,78.07,37.68,12.91,46.40,0
41,14,90.68,98.39,76.10,36.95,12.48,45.78,0
41,15,89.77,98.57,75.45,38.46,12.25,44.25,0
41,16,89.82,98.22,80.08,36.75,13.26,45.55,0
41,17,93.12,98.57,76.25,36.55,13.11,44.11,0
41,18,92.52,97.88,78.28,37.94,12.56,46.01,0
41,19,90.08,98.37,80.05,37.27,12.27,46.19,0
42,0,75.94,98.27,88.56,38.64,12.07,58.28,0
42,1,77.69,98.27,86.72,38.27,12.26,56.56,0
42,2,76.71,98.94,87.19,37.97,11.65,58.74,0
42,3,77.17,98.68,89.83,38.83,11.90,56.22,0
42,4,78.53,98.53,88.20,37.77,12.20,57.65,0
42,5,77.15,98.25,91.33,37.50,12.01,58.70,0
42,6,75.93,98.38,86.30,38.90,12.22,56.60,0
42,7,78.48,98.21,86.66,37.09,12.28,57.47,0
42,8,76.80,98.81,89.32,38.26,11.93,58.00,0
42,9,75.03,98.49,90.09,37.68,11.53,55.25,0
42,10,75.91,98.41,88.32,38.26,11.74,57.29,0
42,11,75.87,98.27,87.97,37.81,11.90,58.60,0
42,12,77.16,98.57,84.82,37.69,11.60,56.26,0
42,13,74.15,98.75,89.22,38.67,12.61,58.31,0
42,14,77.62,98.80,88.86,37.45,11.70,55.26,0
42,15,74.02,98.80,85.84,37.16,12.20,56.34,0
42,16,77.04,98.31,89.68,38.32,12.25,57.24,0
42,17,74.16,98.19,87.51,38.62,12.50,58.58,0
42,18,76.89,98.74,86.85,38.13,11.81,56.40,0
42,19,75.39,98.58,87.50,38.60,12.31,56.79,0
43,0,75.15,99.32,90.64,35.29,13.60,53.17,0
43,1,74.24,98.66,88.09,35.81,13.57,52.79,0
43,2,73.39,99.35,92.01,35.34,13.05,54.34,0
43,3,74.92,99.00,92.41,35.95,12.59,55.16,0
43,4,76.98,98.98,89.65,35.98,13.04,53.73,0
43,5,74.94,99.12,92.51,34.61,12.68,55.23,0
43,6,76.41,98.70,89.31,34.53,13.54,52.36,0
43,7,76.37,99.13,89.67,35.19,13.16,53.31,0
43,8,75.94,99.05,89.59,35.91,13.58,55.55,0
43,9,74.88,99.22,91.39,35.97,13.24,53.15,0
43,10,75.70,98.97,89.87,35.75,12.97,52.38,0
43,11,73.19,99.30,90.62,34.23,13.43,52.72,0
43,12,72.62,98.80,89.54,35.74,12.55,53.06,0
43,13,72.97,98.93,91.13,34.31,12.64,54.98,0
43,14,75.38,99.03,90.04,36.14,13.26,52.91,0
43,15,71.56,99.31,88.59,34.29,12.89,53.02,0
43,16,73.63,98.62,87.27,34.85,12.76,54.09,0
43,17,74.11,99.19,90.58,34.72,13.30,53.97,0
43,18,73.17,99.22,90.45,35.23,13.19,52.23,0
43,19,73.88,99.21,88.44,35.86,13.52,54.81,0
44,0,75.85,98.02,87.89,32.81,15.44,53.99,0
44,1,75.49,97.43,88.28,33.23,14.68,57.82,0
44,2,78.45,97.97,87.65,33.65,15.24,55.99,0
44,3,77.74,97.52,88.97,33.58,14.89,57.62,0
44,4,78.55,97.42,89.76,34.17,15.34,55.09,0
44,5,76.12,97.82,86.73,33.38,14.89,56.24,0
44,6,79.57,97.64,91.48,33.25,14.96,57.45,0
44,7,75.79,97.46,86.88,33.96,14.47,57.33,0
44,8,76.07,97.71,89.22,32.24,14.98,55.67,0
44,9,76.39,97.60,88.86,33.07,15.09,56.75,0
44,10,76.96,97.24,87.89,32.38,14.88,56.19,0
44,11,78.58,97.30,87.98,33.52,15.27,54.98,0
44,12,77.34,97.98,90.05,33.29,15.12,54.69,0
44,13,77.80,97.84,85.55,33.58,15.33,54.96,0
44,14,77.51,97.23,85.96,33.40,14.68,53.97,0
44,15,74.75,97.60,90.12,32.46,14.35,56.03,0
44,16,76.56,97.95,89.95,33.26,15.42,54.09,0
44,17,76.40,97.60,90.02,32.72,14.69,56.42,0
44,18,77.46,97.80,90.24,32.82,15.02,57.48,0
44,19,77.71,97.85,86.74,32.45,14.67,55.78,0
45,0,77.85,98.87,85.28,35.56,12.34,49.68,0
45,1,77.11,98.82,84.10,36.02,11.89,50.04,0
45,2,78.19,98.70,87.30,37.42,12.14,49.06,0
45,3,79.37,98.86,90.01,36.49,11.73,49.63,0
45,4,77.91,98.64,86.39,35.72,12.12,49.23,0
45,5,80.36,98.87,87.08,37.16,12.35,51.07,0
45,6,77.66,98.70,84.38,37.32,11.77,48.39,0
45,7,78.46,98.57,88.76,36.77,12.37,51.29,0
45,8,79.40,98.45,84.99,35.87,12.39,50.00,0
45,9,77.50,98.19,87.52,37.31,12.22,48.83,0
45,10,75.62,98.30,84.87,37.03,11.77,50.15,0
45,11,75.27,98.69,88.61,37.10,12.20,51.82,0
45,12,75.84,98.83,86.43,37.28,12.55,51.11,0
45,13,77.25,98.74,87.65,36.59,11.75,49.02,0
45,14,75.18,98.78,83.23,37.46,11.91,51.06,0
45,15,75.19,98.48,82.85,37.17,12.49,48.59,0
45,16,78.22,98.78,84.24,36.02,12.19,48.63,0
45,17,78.65,98.18,87.39,35.99,12.61,52.02,0
45,18,78.91,98.58,83.93,37.28,11.82,51.92,0
45,19,77.10,98.54,89.04,35.53,12.25,50.17,0
46,0,69.81,97.90,81.53,36.59,11.06,60.15,0
46,1,69.93,97.21,83.09,37.78,11.15,60.08,0
46,2,72.19,97.77,79.88,36.64,11.92,60.58,0
46,3,69.77,97.20,79.80,37.38,11.37,58.88,0
46,4,72.29,97.21,83.79,38.11,11.62,61.49,0
46,5,71.94,97.38,82.33,37.12,11.64,58.14,0
46,6,70.74,97.49,85.08,37.18,10.88,61.50,0
46,7,71.65,97.77,83.33,37.47,11.91,60.94,0
46,8,69.96,97.86,81.44,37.52,11.54,58.77,0
46,9,71.82,97.83,82.05,36.95,11.25,58.34,0
46,10,71.42,97.51,81.34,38.08,12.07,61.81,0
46,11,68.08,97.51,79.21,36.61,11.73,59.81,0
46,12,70.51,97.77,78.48,36.84,11.85,60.58,0
46,13,69.74,97.34,79.34,36.41,11.54,60.97,0
46,14,69.40,97.24,82.38,37.01,11.51,61.17,0
46,15,69.50,97.24,78.69,38.16,11.59,60.27,0
46,16,69.28,97.80,82.78,37.89,11.48,59.67,0
46,17,70.17,97.30,79.37,38.34,11.93,61.16,0
46,18,68.58,97.63,78.76,38.24,11.77,58.34,0
46,19,71.76,97.77,84.20,37.89,11.33,61.57,0
47,0,89.48,97.78,92.62,37.43,12.22,59.15,0
47,1,91.93,98.03,90.54,36.17,11.85,57.98,0
47,2,90.20,98.14,89.31,37.30,12.08,58.25,0
47,3,90.91,97.41,88.58,37.07,11.98,58.59,0
47,4,91.28,98.10,91.76,37.04,11.76,56.76,0
47,5,91.78,97.85,92.41,35.62,11.91,58.37,0
47,6,92.54,97.41,88.84,37.41,11.60,60.02,0
47,7,90.68,97.81,89.50,37.26,11.96,56.86,0
47,8,91.16,97.38,91.94,35.62,11.45,56.98,0
47,9,91.83,97.67,93.05,35.85,11.85,59.70,0
47,10,95.43,98.12,83.74,35.99,12.15,56.70,0
47,11,99.59,97.50,79.64,36.70,11.38,54.66,0
47,12,99.98,97.69,77.46,35.57,11.76,51.33,1
47,13,97.66,97.81,78.66,36.17,11.53,53.75,0
47,14,96.00,97.76,83.33,36.32,11.60,53.77,0
47,15,90.73,97.83,90.05,35.80,12.12,57.51,0
47,16,90.53,97.43,91.63,36.06,11.30,57.82,0
47,17,91.46,98.09,92.49,35.47,11.94,59.16,0
47,18,90.47,97.92,93.02,37.09,12.14,59.94,0
47,19,91.23,98.06,91.79,37.36,12.10,57.19,0
48,0,77.95,98.83,81.57,38.36,13.14,43.73,0
48,1,77.50,98.69,84.70,38.60,13.13,44.69,0
48,2,79.31,99.01,83.66,39.36,13.45,43.52,0
48,3,80.95,98.96,83.34,38.59,13.76,45.26,0
48,4,80.18,98.58,83.04,39.09,13.51,44.92,0
48,5,79.87,99.09,82.18,39.25,13.06,43.00,0
48,6,77.96,98.52,83.51,38.52,13.47,44.51,0
48,7,80.39,98.55,81.90,38.31,12.96,44.14,0
48,8,80.55,98.67,81.10,39.44,12.74,45.45,0
48,9,79.13,98.91,84.14,38.87,13.62,42.58,0
48,10,79.83,98.56,84.03,38.00,13.86,44.00,0
48,11,77.14,98.82,82.48,38.53,13.67,43.91,0
48,12,78.82,98.60,79.82,37.61,13.63,44.79,0
48,13,77.40,98.51,79.43,37.66,13.82,43.36,0
48,14,77.39,98.79,84.33,38.71,13.06,44.67,0
48,15,77.32,98.65,81.65,38.62,13.54,43.77,0
48,16,78.84,98.72,80.83,39.42,12.95,44.78,0
48,17,79.52,98.58,82.87,39.27,13.06,45.13,0
48,18,78.71,98.71,85.07,37.92,13.10,44.52,0
48,19,80.27,98.89,81.76,38.69,13.76,43.91,0
49,0,81.57,97.84,81.27,33.80,11.89,57.55,0
49,1,82.94,97.34,79.77,33.61,12.29,58.89,0
49,2,83.53,97.56,78.43,33.18,12.53,58.88,0
49,3,82.29,97.38,76.81,34.44,12.75,60.37,0
49,4,82.26,97.81,76.90,34.18,12.32,57.57,0
49,5,84.95,97.43,78.66,33.17,11.80,60.59,0
49,6,84.57,97.42,81.24,33.07,12.71,58.47,0
49,7,82.89,97.67,81.48,33.17,12.07,56.80,0
49,8,81.85,97.73,79.81,34.09,11.65,57.74,0
49,9,84.51,97.64,80.46,34.97,11.91,59.16,0
49,10,81.76,97.97,78.60,33.79,12.20,58.39,0
49,11,81.69,97.64,76.53,33.75,12.03,59.25,0
49,12,83.71,97.40,76.46,34.21,12.05,58.72,0
49,13,80.80,97.33,76.72,35.04,12.14,56.98,0
49,14,82.92,97.50,75.97,33.15,11.86,59.69,0
49,15,81.37,97.88,80.56,33.33,12.55,57.11,0
49,16,84.43,98.05,81.14,33.84,12.55,60.59,0
49,17,84.16,97.90,76.61,34.93,12.43,60.40,0
49,18,81.25,97.50,76.14,33.49,12.60,57.62,0
49,19,82.67,97.47,78.36,33.83,12.43,57.73,0
50,0,75.22,97.28,83.37,33.66,13.77,57.35,0
50,1,75.68,97.20,84.81,32.73,14.09,58.75,0
50,2,75.91,97.45,84.62,34.41,14.41,57.94,0
50,3,73.38,97.72,87.55,34.01,13.94,58.05,0
50,4,75.75,97.20,87.95,32.67,13.96,58.21,0
50,5,75.24,97.55,86.94,32.85,13.28,57.53,0
50,6,73.35,97.55,87.36,33.83,13.38,59.10,0
50,7,73.57,97.10,87.55,33.47,14.42,57.99,0
50,8,73.33,97.22,84.74,33.91,13.29,58.16,0
50,9,73.06,97.75,87.56,33.20,14.40,55.96,0
50,10,75.76,97.53,86.66,33.51,13.99,55.32,0
50,11,73.60,97.46,85.66,33.71,14.35,56.34,0
50,12,72.26,97.32,86.98,33.83,14.00,57.04,0
50,13,72.01,97.12,83.76,34.49,14.41,56.52,0
50,14,73.84,97.64,85.94,34.06,13.32,55.57,0
50,15,75.15,97.56,86.49,33.33,14.22,57.06,0
50,16,73.26,97.51,85.20,33.76,13.37,56.87,0
50,17,72.83,97.42,84.49,34.38,13.98,57.77,0
50,18,76.23,97.37,84.52,33.06,13.58,58.47,0
50,19,76.35,97.70,87.03,33.11,14.40,58.55,0
51,0,83.76,98.04,84.96,37.13,10.87,55.62,0
51,1,83.05,97.60,88.43,38.09,11.41,51.70,0
51,2,83.92,97.71,89.55,38.09,11.60,54.88,0
51,3,84.03,97.90,89.20,37.42,12.00,54.88,0
51,4,82.03,98.10,87.78,36.92,11.48,55.41,0
51,5,84.98,98.19,84.54,37.21,11.99,51.98,0
51,6,84.55,97.68,85.64,37.06,11.88,54.87,0
51,7,82.12,97.63,85.07,37.07,11.31,54.40,0
51,8,83.18,98.22,88.81,37.70,11.07,55.03,0
51,9,83.96,97.75,87.03,37.46,11.18,53.10,0
51,10,82.35,97.76,86.11,38.27,10.88,54.43,0
51,11,84.35,97.77,84.14,38.28,10.98,53.60,0
51,12,82.55,97.82,85.89,36.66,11.27,55.23,0
51,13,82.69,98.19,84.12,38.38,11.78,54.52,0
51,14,80.53,97.72,85.95,36.98,11.65,54.55,0
51,15,82.15,97.75,87.64,38.34,11.96,54.15,0
51,16,81.59,97.77,82.84,37.53,11.29,52.20,0
51,17,82.46,98.02,86.93,37.26,10.95,55.17,0
51,18,82.03,98.07,88.24,37.94,11.92,53.65,0
51,19,81.45,97.92,86.00,38.08,11.84,54.98,0
52,0,82.28,98.33,88.17,37.57,14.16,52.42,0
52,1,82.64,97.70,86.57,37.80,13.17,54.86,0
52,2,81.68,98.16,89.61,37.45,14.16,55.09,0
52,3,82.72,97.88,89.13,38.36,13.34,54.14,0
52,4,83.22,97.76,86.72,38.72,13.81,56.00,0
52,5,82.08,98.23,88.81,38.31,13.74,53.63,0
52,6,84.83,98.21,89.44,38.99,13.26,55.92,0
52,7,85.13,97.78,88.66,37.63,14.01,53.70,0
52,8,84.09,98.02,87.70,38.72,13.83,53.15,0
52,9,83.98,98.30,88.09,37.92,13.96,54.66,0
52,10,89.28,98.17,80.79,38.37,13.25,50.00,0
52,11,92.08,98.10,74.31,38.49,13.39,48.44,0
52,12,93.64,98.00,70.47,39.13,13.80,50.83,1
52,13,90.97,97.82,75.62,37.40,14.27,48.18,0
52,14,87.27,97.95,78.03,38.37,13.98,51.60,0
52,15,82.51,98.04,83.20,37.84,13.32,53.60,0
52,16,81.60,97.95,83.72,38.46,13.38,52.49,0
52,17,81.06,97.73,85.00,38.49,14.11,52.37,0
52,18,84.50,98.31,85.22,39.01,13.79,53.71,0
52,19,81.42,98.11,88.22,38.49,13.35,54.67,0
53,0,79.90,98.77,92.14,38.64,13.44,63.05,0
53,1,78.40,98.55,89.36,39.28,14.23,62.68,0
53,2,80.92,98.99,88.23,38.65,14.28,61.11,0
53,3,81.27,98.49,91.54,37.80,13.91,62.29,0
53,4,81.40,98.69,90.61,38.74,14.25,60.57,0
53,5,80.58,98.67,91.63,38.76,13.53,62.75,0
53,6,78.48,98.78,88.82,37.71,13.74,61.20,0
53,7,81.01,99.13,87.47,39.38,13.81,59.95,0
53,8,81.07,99.21,87.93,38.22,13.48,62.50,0
53,9,78.74,98.91,92.06,38.24,14.16,63.31,0
53,10,78.29,98.98,88.46,38.09,13.59,62.04,0
53,11,77.00,98.63,89.10,38.55,13.82,61.63,0
53,12,77.05,99.08,90.12,38.37,13.71,62.66,0
53,13,78.90,99.22,91.12,38.64,14.19,63.39,0
53,14,76.67,98.72,86.59,37.70,13.62,62.50,0
53,15,79.96,99.10,90.09,38.39,14.25,62.83,0
53,16,76.75,98.90,89.65,38.62,14.36,60.83,0
53,17,79.10,98.77,89.26,39.05,13.59,61.45,0
53,18,81.07,99.23,87.82,38.00,14.21,63.02,0
53,19,81.38,99.08,92.23,38.52,13.57,63.65,0
54,0,91.95,99.26,96.99,36.49,14.18,55.11,0
54,1,89.74,98.52,95.39,37.68,13.65,56.23,0
54,2,90.94,98.53,96.23,35.87,13.60,56.46,0
54,3,92.49,98.51,97.51,36.54,13.25,58.02,0
54,4,92.22,98.73,96.11,35.91,14.31,55.89,0
54,5,92.92,99.07,97.30,37.70,13.88,56.35,0
54,6,90.10,98.93,94.57,35.95,14.04,57.60,0
54,7,91.24,99.11,95.21,35.91,14.31,58.18,0
54,8,92.34,99.20,95.45,36.53,14.39,57.16,0
54,9,92.63,98.71,97.18,36.00,14.20,56.71,0
54,10,90.77,99.26,92.11,36.44,13.51,57.23,0
54,11,90.86,98.74,94.10,36.41,13.25,57.74,0
54,12,88.66,98.92,92.88,36.16,13.26,55.71,0
54,13,89.55,98.86,93.04,37.36,13.69,54.78,0
54,14,91.07,98.74,95.17,36.26,13.40,55.79,0
54,15,90.23,99.21,95.14,37.60,14.03,57.55,0
54,16,90.80,98.49,94.00,37.61,13.91,57.07,0
54,17,90.08,98.76,96.16,37.50,13.68,56.45,0
54,18,89.97,98.97,92.66,37.18,14.25,56.10,0
54,19,89.59,98.97,94.95,36.04,14.04,58.39,0
55,0,73.88,97.66,84.30,38.62,10.09,62.49,0
55,1,75.17,97.68,85.58,38.28,10.10,60.25,0
55,2,77.18,97.72,82.91,37.35,10.70,59.75,0
55,3,77.13,97.01,83.57,39.01,10.13,60.16,0
55,4,75.97,97.22,84.98,37.49,10.44,61.33,0
55,5,74.60,97.33,85.75,39.10,10.42,61.92,0
55,6,76.61,97.74,82.47,37.38,10.68,61.45,0
55,7,75.14,97.07,84.25,37.36,11.14,63.56,0
55,8,75.92,97.15,84.59,37.85,10.25,59.94,0
55,9,75.91,97.15,85.40,38.43,10.34,62.51,0
55,10,73.57,97.17,83.73,38.19,10.55,62.02,0
55,11,74.58,97.68,83.87,38.93,10.57,61.98,0
55,12,76.02,97.52,83.01,39.32,10.77,63.40,0
55,13,75.00,97.27,82.19,38.70,10.75,60.06,0
55,14,75.74,97.60,81.40,38.76,10.45,59.97,0
55,15,75.66,96.98,84.01,38.41,11.24,60.77,0
55,16,76.25,97.62,84.07,39.30,10.85,59.74,0
55,17,74.29,97.52,84.75,37.50,10.65,61.57,0
55,18,75.34,97.41,84.03,39.14,10.06,63.10,0
55,19,74.63,97.24,84.46,38.34,10.88,62.19,0
56,0,83.43,98.02,77.58,35.91,14.55,46.86,0
56,1,83.76,98.14,79.21,36.14,14.65,47.25,0
56,2,82.28,98.47,78.39,35.90,14.81,47.85,0
56,3,81.34,98.51,78.97,35.63,15.02,45.92,0
56,4,81.90,97.88,81.76,34.41,14.84,47.42,0
56,5,83.83,98.12,79.03,34.91,15.21,45.47,0
56,6,82.91,98.50,81.70,35.26,14.45,47.93,0
56,7,85.02,98.43,78.66,34.42,14.70,46.23,0
56,8,82.65,98.44,78.13,34.92,14.77,48.29,0
56,9,90.48,97.86,75.00,36.04,15.08,41.88,0
56,10,91.77,98.36,66.48,35.74,14.64,44.01,0
56,11,91.74,97.82,62.90,36.37,14.75,41.69,1
56,12,88.31,98.26,70.77,35.27,15.11,43.72,0
56,13,86.16,97.89,74.73,35.01,15.03,44.08,0
56,14,81.83,98.07,76.10,35.07,14.70,47.19,0
56,15,81.83,98.25,77.41,35.68,15.05,46.16,0
56,16,83.24,98.02,79.21,35.16,15.08,45.67,0
56,17,81.29,98.14,78.88,35.71,14.54,47.73,0
56,18,80.87,98.20,79.02,36.24,15.22,46.62,0
56,19,81.66,98.21,77.44,35.14,14.52,48.25,0
57,0,70.88,98.85,86.67,36.14,14.53,46.27,0
57,1,72.18,98.46,87.77,34.96,14.27,45.98,0
57,2,73.04,98.19,86.33,35.34,15.06,46.16,0
57,3,72.12,98.72,89.46,35.69,14.18,46.35,0
57,4,71.73,98.16,88.80,36.08,14.78,47.46,0
57,5,73.27,98.82,89.09,35.72,14.98,48.50,0
57,6,72.80,98.77,85.40,36.30,14.15,45.34,0
57,7,72.61,98.46,90.71,35.34,14.47,48.29,0
57,8,71.68,98.73,90.16,35.42,15.18,49.11,0
57,9,71.30,98.10,89.82,35.20,14.28,46.29,0
57,10,71.45,98.15,89.65,34.92,14.31,46.12,0
57,11,70.73,98.42,86.39,35.84,14.66,48.97,0
57,12,69.11,98.77,88.36,36.41,14.89,47.62,0
57,13,69.53,98.25,88.38,36.68,14.14,48.23,0
57,14,70.80,98.52,83.71,36.36,15.16,48.10,0
57,15,71.94,98.53,87.88,36.56,14.18,49.05,0
57,16,68.82,98.64,85.50,36.47,14.95,48.75,0
57,17,69.97,98.12,85.98,34.93,14.22,45.40,0
57,18,69.58,98.67,86.34,35.57,15.12,48.98,0
57,19,70.92,98.65,84.74,35.30,14.55,47.73,0
58,0,83.65,98.72,90.42,39.20,10.82,48.45,0
58,1,82.79,98.80,90.05,39.23,10.95,48.85,0
58,2,82.81,98.06,90.26,37.56,10.88,48.66,0
58,3,84.03,98.69,89.46,38.00,11.54,49.98,0
58,4,82.53,98.61,90.91,39.19,10.86,48.82,0
58,5,83.24,98.43,92.18,38.89,10.76,47.69,0
58,6,81.56,98.40,87.57,38.01,10.98,48.36,0
58,7,81.70,98.14,91.98,38.87,10.66,46.99,0
58,8,81.67,98.40,89.26,37.34,10.69,47.90,0
58,9,84.25,98.42,92.46,38.86,11.23,48.63,0
58,10,89.84,98.52,84.20,39.22,11.05,46.97,0
58,11,91.15,98.60,80.87,37.78,10.53,45.91,0
58,12,91.79,98.35,74.37,39.12,10.70,44.41,1
58,13,87.93,98.49,79.20,38.25,11.36,45.83,0
58,14,86.39,98.44,81.62,38.21,11.53,46.39,0
58,15,80.99,98.31,90.69,38.34,11.05,49.60,0
58,16,83.10,98.22,89.79,39.19,11.70,48.16,0
58,17,81.31,98.84,88.53,38.38,11.12,49.47,0
58,18,84.00,98.07,88.05,37.79,11.35,46.61,0
58,19,84.34,98.39,91.77,38.91,11.42,50.21,0
59,0,79.32,99.02,79.95,37.52,14.64,41.13,0
59,1,76.16,98.73,77.34,37.64,14.37,42.53,0
59,2,78.52,99.06,80.09,38.37,14.50,42.56,0
59,3,76.46,98.78,81.59,38.45,13.54,44.47,0
59,4,76.31,98.64,81.28,38.13,14.29,43.20,0
59,5,77.29,98.35,81.45,38.36,14.14,44.12,0
59,6,77.42,99.04,79.11,37.69,14.20,42.75,0
59,7,79.27,98.51,77.75,38.11,13.63,44.67,0
59,8,79.74,98.94,76.63,38.62,14.46,41.03,0
59,9,76.52,98.63,81.75,38.79,13.54,42.72,0
59,10,76.69,98.88,81.50,38.47,14.53,43.31,0
59,11,77.74,98.41,78.54,38.85,13.71,44.29,0
59,12,75.08,99.03,75.92,37.98,14.36,43.73,0
59,13,77.67,98.81,77.64,38.88,13.96,44.08,0
59,14,76.94,98.80,77.20,38.75,13.79,41.13,0
59,15,78.31,98.77,80.99,39.14,14.45,44.08,0
59,16,77.04,98.50,78.23,38.45,14.32,44.53,0
59,17,76.96,98.48,79.75,37.66,14.16,44.20,0
59,18,75.16,99.04,80.40,37.73,14.64,42.25,0
59,19,75.89,98.77,78.52,37.55,14.66,41.57,0
60,0,68.89,98.59,83.92,38.31,13.20,60.04,0
60,1,69.26,99.26,85.36,37.34,12.82,59.50,0
60,2,70.40,98.55,85.72,38.23,13.02,60.27,0
60,3,71.79,99.00,86.57,38.39,12.89,60.66,0
60,4,70.85,98.72,84.82,37.28,13.49,58.90,0
60,5,69.44,98.82,84.04,37.25,13.10,61.65,0
60,6,71.91,98.65,85.08,38.64,13.55,60.36,0
60,7,71.43,98.76,84.68,38.73,13.29,59.20,0
60,8,71.98,98.72,86.78,36.93,12.75,62.39,0
60,9,69.75,98.80,88.57,38.45,12.96,59.33,0
60,10,68.09,98.47,84.30,37.72,12.81,61.55,0
60,11,67.83,98.66,86.71,38.39,13.78,59.08,0
60,12,67.66,99.15,87.59,37.26,12.78,62.07,0
60,13,68.08,98.91,86.64,37.22,13.08,60.29,0
60,14,68.71,98.54,84.07,37.36,13.66,62.58,0
60,15,70.13,99.24,81.77,37.25,13.71,61.74,0
60,16,67.64,98.67,83.49,38.06,13.77,59.92,0
60,17,68.88,98.55,84.49,38.07,13.87,59.68,0
60,18,71.59,98.61,84.39,37.26,13.42,61.60,0
60,19,69.34,99.14,86.65,38.81,12.78,58.91,0
61,0,77.69,98.48,77.25,39.30,10.29,59.13,0
61,1,80.51,98.74,81.80,38.09,10.79,59.82,0
61,2,78.58,98.45,78.75,38.91,10.35,58.83,0
61,3,79.76,98.55,82.38,37.65,9.70,57.11,0
61,4,79.13,98.51,79.09,37.89,10.64,58.68,0
61,5,78.63,98.66,80.47,37.95,9.88,59.59,0
61,6,78.49,98.71,81.10,37.73,9.69,59.80,0
61,7,82.16,98.66,77.08,38.31,10.74,57.12,0
61,8,79.86,98.94,78.33,38.78,10.36,59.69,0
61,9,81.54,98.30,77.68,37.82,10.44,57.85,0
61,10,84.47,98.72,74.59,38.46,9.87,55.74,0
61,11,86.00,99.06,65.99,38.91,10.39,53.01,0
61,12,90.34,98.55,63.53,37.96,9.68,54.09,1
61,13,85.07,98.97,67.80,38.17,10.45,52.87,0
61,14,83.60,98.68,74.81,39.34,9.91,54.54,0
61,15,78.81,99.05,80.83,38.49,10.62,58.81,0
61,16,77.03,98.75,77.40,38.75,9.83,60.59,0
61,17,77.43,98.96,77.08,38.11,10.55,57.89,0
61,18,79.08,98.92,82.05,38.93,9.71,60.04,0
61,19,81.23,99.08,81.57,39.10,9.92,59.61,0
62,0,77.22,98.51,96.51,33.20,13.88,44.46,0
62,1,77.81,98.65,94.51,33.30,14.35,46.58,0
62,2,79.93,98.68,95.87,33.76,13.85,44.09,0
62,3,79.64,98.81,92.81,33.97,14.32,45.86,0
62,4,77.51,98.38,96.01,34.82,14.31,44.13,0
62,5,77.31,98.63,95.74,33.03,13.76,46.32,0
62,6,78.76,98.61,95.72,33.63,14.02,43.75,0
62,7,78.01,98.72,92.47,34.74,13.66,47.18,0
62,8,79.88,98.82,94.00,34.20,13.72,46.37,0
62,9,76.08,98.79,96.06,33.26,14.39,43.67,0
62,10,78.19,98.52,96.95,33.37,14.52,43.96,0
62,11,76.26,98.81,93.67,34.65,14.34,46.45,0
62,12,77.53,98.47,93.16,34.86,13.44,43.45,0
62,13,77.23,98.38,91.52,34.18,14.52,46.87,0
62,14,78.28,98.55,93.08,34.48,14.51,45.22,0
62,15,74.96,98.44,95.59,33.84,14.16,43.44,0
62,16,75.73,98.27,95.91,34.67,14.13,44.79,0
62,17,77.37,98.17,91.78,34.00,13.37,46.68,0
62,18,77.01,98.18,96.21,34.28,14.05,45.33,0
62,19,79.57,98.13,95.04,32.95,13.79,44.92,0
63,0,79.12,99.10,95.60,38.62,12.77,60.78,0
63,1,81.58,99.03,98.34,37.22,12.79,63.08,0
63,2,80.25,98.91,97.36,37.82,12.77,62.63,0
63,3,80.53,99.13,96.03,38.04,12.50,61.81,0
63,4,79.95,99.15,96.96,37.25,11.96,61.66,0
63,5,81.77,98.66,98.66,38.17,12.77,60.06,0
63,6,79.54,98.73,100.01,38.01,12.79,63.05,0
63,7,80.03,99.23,98.32,37.53,11.80,63.25,0
63,8,79.84,98.53,94.46,37.58,12.35,62.10,0
63,9,81.43,99.00,94.78,38.78,12.47,63.89,0
63,10,81.48,98.95,96.74,37.68,12.29,62.38,0
63,11,78.41,99.07,97.52,38.07,12.10,62.01,0
63,12,80.81,99.15,98.90,38.07,12.04,62.57,0
63,13,80.88,99.21,97.83,38.25,12.76,60.25,0
63,14,79.11,98.75,97.42,37.38,12.75,60.63,0
63,15,81.16,98.64,97.26,38.96,12.57,60.94,0
63,16,78.78,99.21,96.09,37.20,11.93,61.02,0
63,17,78.48,99.06,97.99,38.17,12.37,62.44,0
63,18,80.52,98.62,96.03,38.08,11.83,62.60,0
63,19,79.19,98.62,98.33,37.99,12.88,60.28,0
64,0,91.51,98.61,90.04,36.37,10.17,56.37,0
64,1,91.50,99.09,89.26,36.79,9.92,56.91,0
64,2,92.08,99.13,86.99,37.02,10.57,58.76,0
64,3,90.45,98.59,86.76,37.40,10.39,57.71,0
64,4,92.25,99.25,89.04,36.28,10.08,57.17,0
64,5,91.49,98.54,90.89,37.37,10.69,57.56,0
64,6,92.47,99.21,87.22,36.57,10.23,59.30,0
64,7,91.43,99.04,90.35,36.20,9.98,56.76,0
64,8,91.60,98.72,87.84,37.43,10.15,59.42,0
64,9,91.38,98.46,90.03,36.33,10.39,57.03,0
64,10,91.09,98.86,88.94,36.25,10.88,59.74,0
64,11,90.16,98.49,85.95,37.22,10.70,58.55,0
64,12,90.21,99.25,89.97,36.21,10.00,58.84,0
64,13,90.83,98.93,90.07,36.21,10.41,59.35,0
64,14,87.76,99.09,89.83,37.49,9.85,58.70,0
64,15,90.55,98.94,87.67,37.48,10.58,59.18,0
64,16,88.97,98.79,90.04,37.22,10.57,56.19,0
64,17,88.44,98.48,88.77,37.05,10.02,56.98,0
64,18,88.52,98.89,90.59,37.72,10.34,59.35,0
64,19,90.23,98.88,85.76,37.19,10.00,56.20,0
65,0,69.44,98.13,99.28,34.35,11.92,56.26,0
65,1,72.19,97.96,94.59,33.81,11.16,57.58,0
65,2,71.00,97.78,98.91,33.87,11.85,59.01,0
65,3,69.38,97.82,96.90,33.09,11.82,58.37,0
65,4,69.88,97.94,97.96,34.69,10.92,58.83,0
65,5,69.16,97.72,97.07,33.65,11.95,56.33,0
65,6,71.46,97.45,94.82,33.53,11.91,58.63,0
65,7,70.59,97.79,96.85,34.30,11.39,58.39,0
65,8,72.41,97.77,97.44,33.18,11.98,58.48,0
65,9,69.89,97.55,94.87,33.34,11.38,56.63,0
65,10,76.27,97.41,91.82,33.46,11.28,56.25,0
65,11,75.94,97.54,87.03,34.07,11.80,54.88,0
65,12,80.62,98.03,83.28,34.19,11.55,52.07,1
65,13,76.39,97.80,84.70,34.63,11.90,54.18,0
65,14,74.26,98.10,89.99,34.28,11.96,55.72,0
65,15,67.34,97.71,97.04,34.48,11.69,59.30,0
65,16,67.61,97.52,94.19,33.90,11.58,56.91,0
65,17,67.92,97.68,97.62,34.35,11.24,56.44,0
65,18,67.95,97.98,97.45,34.48,11.96,59.57,0
65,19,71.99,97.93,94.93,33.00,10.86,57.71,0
66,0,79.96,97.18,96.43,36.75,12.31,43.48,0
66,1,79.29,97.83,97.83,37.13,12.42,46.43,0
66,2,78.55,97.56,94.11,36.89,12.03,43.23,0
66,3,77.52,97.48,96.62,37.20,11.83,45.67,0
66,4,80.74,97.23,96.55,35.75,12.13,42.83,0
66,5,77.77,97.76,94.26,36.73,12.25,43.04,0
66,6,77.77,97.24,93.58,36.78,12.05,42.91,0
66,7,76.64,97.84,96.12,35.82,12.44,46.42,0
66,8,76.79,97.66,92.55,36.97,12.25,46.50,0
66,9,77.92,97.23,92.24,35.61,12.54,43.89,0
66,10,77.95,97.63,95.37,37.41,12.47,45.60,0
66,11,78.19,97.84,92.49,35.99,12.30,42.89,0
66,12,79.19,97.58,92.69,36.83,12.78,43.24,0
66,13,75.70,97.78,94.73,37.02,11.81,45.13,0
66,14,79.04,97.53,93.56,36.21,11.98,43.68,0
66,15,75.32,97.29,94.26,37.31,11.92,45.05,0
66,16,77.05,97.17,93.27,37.35,12.40,45.28,0
66,17,78.50,97.81,92.93,35.59,12.72,45.95,0
66,18,78.55,97.75,93.52,37.39,12.91,45.89,0
66,19,78.76,97.73,95.63,35.58,12.98,42.92,0
67,0,86.46,99.03,80.61,34.75,13.31,41.91,0
67,1,86.14,99.28,79.54,33.52,12.78,44.83,0
67,2,88.00,99.00,83.63,33.95,13.47,41.46,0
67,3,86.34,99.10,81.19,33.89,13.52,42.70,0
67,4,85.65,98.74,83.75,33.64,13.44,44.27,0
67,5,87.98,98.54,83.21,34.68,12.77,41.19,0
67,6,87.53,98.95,80.93,34.71,12.92,43.90,0
67,7,88.19,98.89,83.96,33.36,12.75,43.76,0
67,8,93.51,98.81,73.84,33.49,13.49,41.10,0
67,9,96.02,98.62,73.70,34.91,13.19,38.96,0
67,10,96.68,98.61,65.68,33.68,12.96,37.22,1
67,11,93.72,98.51,70.68,34.51,13.33,38.48,0
67,12,93.63,98.93,74.45,34.28,13.05,39.94,0
67,13,86.61,98.52,78.53,35.17,13.04,43.06,0
67,14,86.73,98.93,79.22,34.81,13.44,41.77,0
67,15,84.93,99.08,83.82,34.64,12.58,42.37,0
67,16,86.26,98.94,78.65,34.08,13.18,42.24,0
67,17,85.48,98.51,82.39,34.64,12.63,42.64,0
67,18,86.07,98.75,82.60,33.79,12.54,43.72,0
67,19,86.39,98.99,82.79,34.47,12.95,44.90,0
68,0,72.65,97.69,87.45,32.36,12.61,45.58,0
68,1,72.82,97.47,85.82,33.41,13.14,44.63,0
68,2,72.95,97.50,84.47,33.47,12.75,44.51,0
68,3,74.20,97.09,84.06,33.46,12.95,48.35,0
68,4,72.20,96.95,84.33,32.46,12.25,45.27,0
68,5,74.61,97.33,84.21,34.31,13.28,46.23,0
68,6,73.42,97.37,87.60,34.04,12.43,47.35,0
68,7,75.69,96.94,86.89,33.20,12.81,46.00,0
68,8,72.53,97.36,85.76,33.00,12.63,45.25,0
68,9,81.13,97.56,77.61,34.25,13.20,42.94,0
68,10,78.99,97.14,75.27,33.16,13.11,41.78,0
68,11,83.89,97.18,72.03,34.15,12.28,43.32,1
68,12,79.26,97.50,77.02,33.40,12.74,43.11,0
68,13,77.34,97.41,77.89,34.13,13.03,43.67,0
68,14,72.81,97.17,81.62,32.45,12.09,45.12,0
68,15,71.07,97.25,85.08,33.26,13.09,48.38,0
68,16,71.01,97.37,82.44,33.15,12.84,45.47,0
68,17,73.18,97.18,83.93,33.58,12.25,47.26,0
68,18,71.88,97.25,83.32,33.55,12.93,45.58,0
68,19,74.83,96.99,85.01,32.42,13.02,46.49,0
69,0,79.33,98.56,91.70,38.26,11.82,57.94,0
69,1,76.00,97.94,91.19,37.19,11.42,54.62,0
69,2,76.99,98.09,94.71,37.45,12.33,56.92,0
69,3,79.28,98.08,93.29,37.78,11.82,55.00,0
69,4,79.69,98.33,91.10,38.12,12.34,54.76,0
69,5,79.05,98.33,92.01,37.16,12.20,55.68,0
69,6,76.66,98.03,90.90,38.08,11.58,57.46,0
69,7,79.69,97.84,95.33,37.89,11.62,58.03,0
69,8,79.78,98.41,93.92,36.61,12.44,58.33,0
69,9,76.55,97.93,92.51,36.91,11.44,57.70,0
69,10,84.24,97.88,84.99,36.77,12.20,53.36,0
69,11,86.08,98.41,82.55,37.40,11.85,52.91,0
69,12,86.86,98.46,75.41,37.98,12.29,51.14,1
69,13,83.76,97.80,80.94,36.93,12.40,51.05,0
69,14,82.26,98.18,86.81,37.08,11.52,54.00,0
69,15,77.99,98.40,89.59,37.05,11.49,55.18,0
69,16,76.71,98.29,90.51,37.24,11.35,56.65,0
69,17,76.27,98.10,90.72,36.57,12.08,55.12,0
69,18,78.76,98.07,91.10,36.57,11.35,55.08,0
69,19,77.29,98.08,90.42,36.70,12.30,55.71,0
70,0,75.58,98.27,100.66,37.40,13.96,48.67,0
70,1,78.49,98.50,100.37,36.66,14.36,51.57,0
70,2,76.63,98.39,98.83,37.68,14.72,49.42,0
70,3,78.50,98.30,95.82,38.52,14.67,52.23,0
70,4,76.96,98.36,95.78,38.03,14.59,52.09,0
70,5,77.09,98.25,99.20,38.00,14.41,50.18,0
70,6,79.41,98.51,96.24,36.65,14.09,48.99,0
70,7,77.89,98.02,99.15,37.33,14.46,50.18,0
70,8,76.24,98.37,99.56,38.03,13.83,48.38,0
70,9,76.83,97.84,100.13,38.56,13.89,50.12,0
70,10,75.35,97.77,95.96,38.44,14.61,52.00,0
70,11,75.73,98.16,95.79,36.81,14.51,51.87,0
70,12,75.31,98.24,96.53,38.34,14.22,50.17,0
70,13,75.94,98.44,94.94,37.70,14.36,52.18,0
70,14,75.33,98.18,97.23,37.73,14.09,50.20,0
70,15,76.90,98.45,98.95,37.90,14.84,49.48,0
70,16,78.43,98.22,97.76,37.98,13.86,48.78,0
70,17,75.75,97.79,95.06,38.25,14.35,50.27,0
70,18,77.57,98.14,98.81,37.37,14.43,49.47,0
70,19,76.54,98.16,97.84,37.06,14.53,49.17,0
71,0,84.64,97.53,90.38,36.78,15.18,45.23,0
71,1,85.52,97.59,90.24,35.57,14.76,45.17,0
71,2,84.64,97.00,90.59,36.81,15.16,44.84,0
71,3,84.12,97.21,93.64,35.63,14.69,44.95,0
71,4,86.26,97.72,92.90,35.55,14.74,45.39,0
71,5,85.37,97.45,92.54,36.45,14.20,44.99,0
71,6,85.53,97.47,95.71,35.99,15.30,43.94,0
71,7,84.35,97.17,96.39,35.71,14.53,42.55,0
71,8,84.37,97.59,92.49,36.89,14.49,43.83,0
71,9,84.95,97.15,91.39,35.51,14.38,45.48,0
71,10,84.42,97.30,91.28,35.16,15.13,45.45,0
71,11,84.37,97.52,95.38,35.39,14.60,42.64,0
71,12,85.67,97.57,91.25,36.88,14.20,42.60,0
71,13,85.09,97.29,92.75,35.29,15.28,44.68,0
71,14,83.93,97.43,90.84,36.53,14.37,45.05,0
71,15,84.14,97.23,91.65,36.79,14.18,43.95,0
71,16,83.09,97.16,91.75,35.07,15.15,44.28,0
71,17,82.99,97.12,91.68,35.25,14.21,43.96,0
71,18,83.12,97.49,90.64,34.98,14.71,44.98,0
71,19,83.94,97.27,92.64,36.00,14.83,42.74,0
72,0,85.03,98.14,82.65,37.10,10.83,59.37,0
72,1,88.28,98.01,84.05,37.65,10.78,57.61,0
72,2,87.05,97.98,82.91,36.94,10.51,58.83,0
72,3,87.94,98.24,82.35,36.92,10.64,56.58,0
72,4,88.84,98.10,79.80,36.60,9.90,56.77,0
72,5,86.04,97.99,80.65,36.44,9.85,59.58,0
72,6,87.39,98.34,80.80,36.19,10.67,57.25,0
72,7,87.05,97.90,82.64,36.08,10.02,59.13,0
72,8,88.96,97.73,83.98,36.73,9.90,57.11,0
72,9,85.87,97.93,78.38,37.10,10.90,56.85,0
72,10,87.35,97.86,80.84,37.38,10.88,57.21,0
72,11,84.79,97.63,80.62,37.52,10.03,58.59,0
72,12,85.66,97.87,78.30,36.44,10.07,57.22,0
72,13,85.95,98.07,80.26,36.61,10.45,59.61,0
72,14,85.04,98.05,80.04,35.90,10.00,58.42,0
72,15,87.46,98.19,77.65,36.11,10.52,57.51,0
72,16,87.42,98.03,80.57,36.59,9.95,56.52,0
72,17,85.48,97.60,77.74,36.41,10.02,58.89,0
72,18,85.10,98.27,79.31,37.32,10.12,57.22,0
72,19,87.70,97.75,83.13,37.03,10.54,57.27,0
73,0,90.52,99.10,98.48,33.46,12.52,53.82,0
73,1,90.24,98.88,96.34,32.70,12.33,54.22,0
73,2,93.97,98.81,98.85,34.29,12.09,52.15,0
73,3,90.73,98.89,99.11,33.33,12.19,52.87,0
73,4,91.25,99.25,95.93,33.58,11.89,51.52,0
73,5,91.94,99.24,98.24,33.91,12.96,54.42,0
73,6,91.75,98.71,98.12,32.43,12.02,53.85,0
73,7,91.54,98.49,96.44,33.95,12.59,54.26,0
73,8,90.27,98.48,97.98,33.58,11.79,54.35,0
73,9,92.97,98.99,96.41,32.97,12.25,53.44,0
73,10,91.65,98.79,96.01,32.84,12.80,52.88,0
73,11,90.27,98.56,95.87,34.16,12.59,54.71,0
73,12,92.03,98.46,94.96,32.47,12.04,52.14,0
73,13,89.63,98.74,94.69,33.17,12.50,51.21,0
73,14,91.07,99.02,98.60,33.89,11.81,52.21,0
73,15,90.87,99.24,98.30,34.33,12.44,54.09,0
73,16,90.50,98.48,94.07,34.10,12.49,53.15,0
73,17,91.04,98.54,95.19,33.76,12.88,50.94,0
73,18,91.83,99.01,96.07,32.61,11.99,51.12,0
73,19,91.27,98.52,98.45,33.03,12.67,51.54,0
74,0,80.20,97.13,80.32,36.27,13.91,41.52,0
74,1,78.65,97.37,81.86,34.80,14.28,43.97,0
74,2,81.05,97.39,83.37,35.24,14.09,44.54,0
74,3,79.30,97.40,82.96,36.09,14.26,41.01,0
74,4,82.08,96.99,78.08,35.46,13.88,42.91,0
74,5,79.38,97.28,81.74,36.10,13.95,43.28,0
74,6,78.21,97.53,79.36,34.79,14.80,42.24,0
74,7,80.39,96.83,79.49,35.99,14.83,42.57,0
74,8,80.12,96.93,81.99,35.23,13.86,44.70,0
74,9,78.32,96.81,82.99,35.82,14.59,44.73,0
74,10,77.69,97.50,80.47,35.30,14.52,44.48,0
74,11,77.47,96.88,80.04,35.54,13.92,42.62,0
74,12,79.38,97.02,81.65,35.86,13.73,42.71,0
74,13,79.52,97.07,78.28,36.04,14.57,44.90,0
74,14,79.56,96.83,79.27,36.18,14.22,41.71,0
74,15,79.13,97.18,77.47,35.40,14.74,41.12,0
74,16,79.70,97.05,78.66,35.62,14.25,44.32,0
74,17,80.34,96.94,82.68,35.45,14.36,44.39,0
74,18,77.51,97.30,76.97,35.83,14.63,42.57,0
74,19,79.95,97.16,78.18,35.98,14.29,43.55,0
75,0,78.58,98.29,87.12,38.12,14.46,44.92,0
75,1,78.69,98.67,85.36,38.07,14.26,48.55,0
75,2,79.35,98.35,86.53,37.75,14.57,45.33,0
75,3,78.31,98.52,87.61,37.88,14.10,48.11,0
75,4,78.56,98.61,87.32,36.57,13.69,45.24,0
75,5,79.98,98.32,84.78,36.72,13.90,46.35,0
75,6,79.04,98.64,84.76,37.41,14.22,46.63,0
75,7,78.42,98.52,86.55,37.75,13.75,45.19,0
75,8,80.63,98.60,87.91,36.89,14.40,48.62,0
75,9,79.13,98.48,82.45,38.40,14.41,48.13,0
75,10,78.51,98.17,87.06,37.16,13.96,44.94,0
75,11,79.60,98.20,83.39,36.92,14.03,48.36,0
75,12,80.14,98.48,82.86,37.08,14.25,47.40,0
75,13,77.49,98.37,85.79,37.66,13.94,45.66,0
75,14,77.51,98.20,86.31,37.10,14.40,46.94,0
75,15,78.13,98.22,82.67,37.36,13.72,45.53,0
75,16,79.27,98.62,84.14,37.60,14.72,47.85,0
75,17,80.30,98.40,84.56,38.41,13.98,48.60,0
75,18,80.18,98.09,82.83,37.16,14.44,45.18,0
75,19,77.91,98.58,82.33,37.65,13.67,48.55,0
76,0,84.66,98.74,94.29,33.45,14.14,52.03,0
76,1,85.05,98.68,95.05,33.48,14.77,50.48,0
76,2,82.88,98.61,94.12,33.03,14.35,49.57,0
76,3,85.63,98.00,92.88,32.67,14.08,49.61,0
76,4,86.30,98.31,93.07,33.11,14.00,50.01,0
76,5,86.28,98.32,92.73,33.76,14.32,52.46,0
76,6,85.37,98.31,91.69,34.02,14.46,50.20,0
76,7,83.35,98.20,95.86,33.52,14.99,51.00,0
76,8,86.37,98.09,92.42,33.44,14.26,51.89,0
76,9,89.30,98.17,89.32,33.07,14.90,49.50,0
76,10,91.98,98.02,85.04,33.03,14.93,46.58,0
76,11,92.42,98.08,78.61,33.42,14.92,44.21,1
76,12,89.96,98.49,83.19,32.08,14.06,48.86,0
76,13,88.98,98.01,86.67,33.71,14.55,50.11,0
76,14,85.48,98.03,90.36,33.14,14.59,49.81,0
76,15,81.85,98.01,93.09,32.51,14.46,51.01,0
76,16,83.72,98.45,92.23,32.92,14.55,52.49,0
76,17,82.16,98.14,91.71,32.52,14.59,51.99,0
76,18,82.77,98.11,90.81,33.75,14.01,52.58,0
76,19,83.90,98.45,93.51,33.62,14.43,52.55,0
77,0,79.76,97.13,90.42,38.30,12.89,60.12,0
77,1,81.30,97.58,92.18,37.89,13.10,59.45,0
77,2,81.54,97.38,90.16,38.02,12.34,57.34,0
77,3,83.53,97.62,93.15,38.96,13.41,59.36,0
77,4,80.45,97.50,89.11,37.20,12.61,59.77,0
77,5,82.49,97.39,92.70,38.76,12.92,56.81,0
77,6,82.73,97.45,89.85,37.63,12.71,59.42,0
77,7,83.27,97.14,88.23,38.65,12.70,60.00,0
77,8,80.38,97.12,88.59,37.92,13.37,59.61,0
77,9,89.25,97.24,81.97,38.69,12.81,53.55,0
77,10,90.10,97.40,79.12,38.99,13.16,53.79,0
77,11,92.81,97.58,77.83,37.72,13.14,53.96,1
77,12,90.35,97.59,78.47,37.35,12.30,56.08,0
77,13,87.21,97.35,81.45,37.68,13.25,54.48,0
77,14,81.18,97.24,89.25,39.06,13.24,57.93,0
77,15,78.50,97.79,92.52,37.67,12.83,60.46,0
77,16,80.28,97.81,88.59,38.56,13.16,59.52,0
77,17,79.08,97.79,88.71,38.16,12.80,57.68,0
77,18,81.03,97.76,88.04,37.48,12.36,57.05,0
77,19,82.82,97.45,90.73,37.25,12.53,58.72,0
78,0,70.99,98.29,85.63,35.16,14.73,55.11,0
78,1,72.47,98.62,86.43,34.18,15.72,56.55,0
78,2,69.53,98.76,85.27,34.71,15.76,53.60,0
78,3,72.35,98.80,89.63,34.55,14.61,54.52,0
78,4,70.58,98.71,89.18,35.44,15.48,56.65,0
78,5,71.68,98.65,87.34,35.53,15.56,53.36,0
78,6,69.97,98.30,84.74,34.95,14.76,55.05,0
78,7,70.98,98.38,88.06,34.00,14.68,56.05,0
78,8,71.70,98.61,89.05,34.23,15.14,53.04,0
78,9,71.68,98.38,84.73,35.45,14.98,54.57,0
78,10,71.60,98.27,88.60,34.57,15.27,54.19,0
78,11,70.03,98.39,88.98,35.75,14.88,56.05,0
78,12,68.57,98.36,87.10,34.30,15.64,55.80,0
78,13,71.03,98.36,86.68,35.61,14.69,53.59,0
78,14,68.31,98.49,83.87,34.50,14.68,55.00,0
78,15,67.76,98.47,88.07,34.89,15.47,52.88,0
78,16,70.81,98.25,87.35,34.24,15.29,55.97,0
78,17,71.58,98.77,85.20,35.71,14.61,53.69,0
78,18,69.93,98.59,85.92,34.48,15.77,53.15,0
78,19,71.90,98.90,84.09,34.96,14.83,53.49,0
79,0,74.24,97.77,97.01,38.86,9.54,55.20,0
79,1,75.11,97.92,94.35,38.00,10.54,53.60,0
79,2,74.23,98.00,100.07,38.41,9.67,55.48,0
79,3,74.47,97.87,98.86,38.96,9.45,53.44,0
79,4,76.62,97.69,100.82,38.21,10.17,55.02,0
79,5,76.27,97.62,100.62,38.09,10.34,56.13,0
79,6,73.17,97.77,96.40,38.06,9.99,53.11,0
79,7,76.52,97.83,98.69,37.31,10.42,54.13,0
79,8,79.56,97.80,89.32,37.84,10.04,50.89,0
79,9,84.19,97.82,87.67,37.94,10.51,51.09,0
79,10,84.59,97.44,80.90,38.18,10.10,49.79,1
79,11,80.89,98.07,84.48,37.45,10.06,51.15,0
79,12,79.33,98.09,88.99,38.50,10.54,51.10,0
79,13,73.53,98.00,97.34,38.61,9.71,56.64,0
79,14,73.16,97.71,98.66,38.65,9.97,53.11,0
79,15,72.56,97.87,97.49,38.67,10.36,53.85,0
79,16,75.33,97.67,94.11,37.64,10.34,56.17,0
79,17,72.65,97.41,94.32,38.40,10.47,54.78,0
79,18,72.18,97.57,98.28,37.79,10.43,52.77,0
79,19,75.98,98.06,99.84,37.69,9.46,52.85,0
80,0,83.52,97.83,81.88,38.25,14.72,58.88,0
80,1,82.19,97.74,81.15,37.80,14.28,61.40,0
80,2,84.58,98.17,78.86,38.20,14.31,59.39,0
80,3,81.34,98.36,80.84,38.45,15.16,59.27,0
80,4,84.31,98.00,77.32,38.03,14.41,59.35,0
80,5,82.04,97.91,78.73,38.21,14.35,59.10,0
80,6,81.53,98.18,78.54,36.96,14.79,61.51,0
80,7,81.59,98.05,81.87,37.60,14.38,59.44,0
80,8,81.83,98.38,78.89,38.31,15.16,61.62,0
80,9,81.55,98.40,78.67,38.24,15.33,61.95,0
80,10,80.98,98.25,81.53,37.87,14.54,60.98,0
80,11,82.32,97.81,78.80,37.15,14.92,59.69,0
80,12,80.19,98.43,77.78,38.54,15.00,59.18,0
80,13,81.61,97.95,77.06,38.37,14.61,59.03,0
80,14,83.48,98.00,78.36,37.75,14.73,58.73,0
80,15,83.24,97.94,79.61,37.54,15.27,60.92,0
80,16,83.68,98.13,76.65,37.18,15.17,61.75,0
80,17,83.45,97.71,77.46,38.90,14.98,61.29,0
80,18,82.42,97.95,77.43,37.17,14.47,60.25,0
80,19,83.39,97.95,78.54,38.29,14.87,61.37,0
81,0,85.32,97.84,85.81,33.45,13.64,55.70,0
81,1,87.50,97.60,86.19,33.85,14.67,58.18,0
81,2,88.65,97.87,86.45,33.45,14.63,57.38,0
81,3,86.25,97.44,84.94,34.35,13.92,55.47,0
81,4,85.97,97.61,86.78,34.76,13.74,56.40,0
81,5,89.05,97.39,83.11,35.20,14.43,57.87,0
81,6,87.69,97.48,81.54,35.21,14.74,55.79,0
81,7,87.49,97.44,85.59,34.63,13.60,56.56,0
81,8,92.11,97.88,77.53,34.45,13.64,53.60,0
81,9,93.46,97.77,72.73,34.65,13.55,53.31,0
81,10,96.32,97.99,67.53,34.22,14.07,52.86,1
81,11,95.01,98.00,75.90,33.49,14.22,53.27,0
81,12,93.00,97.48,74.91,33.97,13.57,52.12,0
81,13,86.15,97.63,81.71,34.16,14.17,56.33,0
81,14,84.26,97.52,79.82,34.91,14.56,55.14,0
81,15,86.12,97.98,80.97,34.06,14.22,55.09,0
81,16,84.79,97.34,84.14,35.18,13.60,55.27,0
81,17,86.67,97.40,80.89,34.86,14.63,57.97,0
81,18,86.14,97.93,83.60,33.75,13.76,56.93,0
81,19,86.48,98.08,82.50,34.84,14.05,55.25,0
82,0,87.22,97.15,91.59,36.00,14.92,51.19,0
82,1,88.52,96.93,92.51,37.35,14.23,50.69,0
82,2,87.55,96.92,92.87,36.49,13.82,51.85,0
82,3,87.78,97.17,95.72,37.59,14.47,52.72,0
82,4,88.27,97.13,95.41,35.83,14.01,50.16,0
82,5,89.70,97.05,94.73,36.18,14.47,50.33,0
82,6,88.00,97.10,95.61,37.16,14.49,50.44,0
82,7,87.50,96.71,97.52,36.50,13.94,52.77,0
82,8,88.98,96.94,97.48,36.06,14.14,49.72,0
82,9,89.60,96.88,91.77,36.05,14.75,50.91,0
82,10,89.43,96.99,92.07,37.55,13.93,53.05,0
82,11,89.15,97.41,95.51,37.50,13.90,51.42,0
82,12,85.47,97.03,91.05,36.34,14.67,51.55,0
82,13,88.83,97.37,93.38,37.04,14.30,52.86,0
82,14,86.09,97.03,91.68,36.33,14.26,50.68,0
82,15,85.94,96.71,95.08,36.05,14.81,50.18,0
82,16,85.79,96.84,96.32,35.67,14.43,50.28,0
82,17,85.85,97.19,92.40,36.54,14.00,52.85,0
82,18,85.87,97.03,94.36,36.66,14.15,53.14,0
82,19,89.68,96.77,97.30,36.19,14.65,52.14,0
83,0,82.49,98.16,89.26,37.21,10.27,57.21,0
83,1,83.03,97.96,85.83,37.97,10.57,57.27,0
83,2,82.83,97.90,86.56,37.38,10.76,57.94,0
83,3,82.59,98.28,89.67,37.33,10.51,55.65,0
83,4,83.36,98.07,86.40,37.32,9.71,57.51,0
83,5,82.62,98.41,86.05,38.13,10.16,55.85,0
83,6,80.65,97.86,84.83,38.56,10.23,57.13,0
83,7,82.51,98.10,85.87,38.07,9.66,56.42,0
83,8,81.21,97.81,88.07,38.05,9.81,56.02,0
83,9,83.12,98.05,89.41,38.03,10.20,54.98,0
83,10,80.48,98.11,85.67,37.87,9.68,58.28,0
83,11,80.53,97.70,88.73,36.87,9.89,57.66,0
83,12,81.77,98.24,85.07,37.20,10.46,55.64,0
83,13,82.55,97.77,86.19,38.44,10.78,58.40,0
83,14,78.74,98.43,87.90,38.51,10.62,58.73,0
83,15,80.05,98.06,87.91,38.65,10.39,58.64,0
83,16,79.76,97.72,86.38,37.39,10.00,58.81,0
83,17,81.03,97.91,89.36,38.50,10.76,56.61,0
83,18,79.18,98.21,88.53,38.05,10.47,56.22,0
83,19,81.57,98.04,87.63,37.51,10.30,55.23,0
84,0,73.07,98.63,95.43,37.64,15.79,58.05,0
84,1,76.28,98.77,91.77,37.71,16.06,56.07,0
84,2,73.27,98.64,95.38,36.69,15.17,58.25,0
84,3,76.54,98.72,92.77,36.74,15.38,58.93,0
84,4,75.53,98.70,91.92,38.02,15.88,58.14,0
84,5,75.76,98.55,96.18,36.69,15.38,58.25,0
84,6,76.11,98.50,96.14,36.50,15.58,55.71,0
84,7,73.73,99.11,93.01,37.21,15.05,58.45,0
84,8,75.41,98.42,94.07,36.47,16.10,57.49,0
84,9,80.20,99.10,89.47,36.67,15.10,53.66,0
84,10,82.00,98.37,83.68,37.76,15.08,54.27,0
84,11,82.94,99.06,81.03,36.83,15.54,50.59,1
84,12,82.90,98.95,84.36,37.17,15.04,53.19,0
84,13,79.43,98.45,84.70,37.48,15.24,55.35,0
84,14,75.73,98.78,90.38,37.38,15.93,57.28,0
84,15,74.78,98.79,88.95,37.80,15.80,57.56,0
84,16,73.37,98.70,93.80,38.00,15.26,56.39,0
84,17,75.23,98.66,92.46,37.77,15.37,56.40,0
84,18,74.82,99.13,94.29,37.51,15.89,55.61,0
84,19,76.60,99.02,94.14,36.43,15.84,57.85,0
85,0,86.48,96.73,88.47,35.21,15.97,61.90,0
85,1,85.01,97.38,86.97,36.69,16.24,60.08,0
85,2,84.06,96.84,86.91,36.91,16.22,61.95,0
85,3,83.77,97.30,86.81,36.58,16.26,62.51,0
85,4,84.53,97.25,88.29,35.89,15.90,60.21,0
85,5,84.08,97.38,90.49,36.50,15.62,60.32,0
85,6,83.94,97.42,87.89,37.03,15.46,60.28,0
85,7,86.49,96.71,92.00,36.85,15.76,61.19,0
85,8,84.25,97.30,87.58,36.98,15.63,60.43,0
85,9,86.48,96.90,86.97,36.41,16.10,63.42,0
85,10,83.74,96.83,87.36,36.98,15.92,59.66,0
85,11,84.22,97.15,90.53,36.82,16.08,63.43,0
85,12,83.57,96.84,88.56,36.75,16.27,63.08,0
85,13,85.15,97.04,86.53,36.75,15.26,62.95,0
85,14,85.61,96.90,88.09,35.86,16.09,60.01,0
85,15,81.99,97.11,86.05,35.52,15.95,59.83,0
85,16,85.62,97.42,87.75,36.82,15.62,63.25,0
85,17,84.45,97.08,85.59,35.53,15.83,60.35,0
85,18,85.09,96.81,87.86,35.59,16.18,60.90,0
85,19,85.62,97.11,86.62,35.87,16.36,61.05,0
86,0,71.71,98.63,91.69,38.67,10.82,58.77,0
86,1,75.09,98.25,90.93,37.35,11.52,60.21,0
86,2,74.41,98.76,91.12,38.26,11.57,59.91,0
86,3,74.82,98.75,94.41,37.79,10.97,60.73,0
86,4,73.87,98.94,89.88,37.51,11.09,57.31,0
86,5,75.32,98.73,94.37,37.64,11.23,59.46,0
86,6,72.65,98.38,91.74,38.40,11.83,57.91,0
86,7,73.44,98.41,92.56,37.97,11.09,59.51,0
86,8,72.41,98.55,90.40,38.72,10.83,59.02,0
86,9,71.24,98.79,91.58,37.81,11.25,57.13,0
86,10,72.66,98.73,93.84,37.18,11.23,60.54,0
86,11,70.87,98.49,90.72,38.10,11.35,58.41,0
86,12,72.07,98.23,93.40,37.91,11.99,60.24,0
86,13,72.11,98.99,92.38,37.56,10.86,59.96,0
86,14,73.94,98.98,92.08,37.30,11.22,59.24,0
86,15,71.16,98.82,93.41,37.39,11.17,57.57,0
86,16,72.04,98.46,93.89,38.01,11.37,60.31,0
86,17,71.74,98.73,94.49,38.42,11.40,60.70,0
86,18,73.57,98.63,93.33,37.99,12.00,58.28,0
86,19,72.53,98.30,92.74,36.97,11.06,58.29,0
87,0,71.46,98.61,82.71,37.32,13.72,47.16,0
87,1,70.87,98.75,82.67,36.77,13.55,44.21,0
87,2,70.93,98.64,85.74,37.64,13.61,46.28,0
87,3,72.30,98.50,88.15,36.37,13.29,45.08,0
87,4,69.76,98.54,84.73,37.22,13.62,45.79,0
87,5,70.51,98.36,84.49,36.65,12.88,43.79,0
87,6,71.04,98.19,86.73,36.18,13.61,45.80,0
87,7,69.46,98.30,84.36,36.08,13.66,45.93,0
87,8,70.33,98.27,88.03,37.37,13.66,43.65,0
87,9,69.82,98.55,82.80,37.40,13.23,45.01,0
87,10,76.85,98.84,81.88,36.94,12.68,42.39,0
87,11,79.82,98.24,74.54,36.89,13.02,42.44,0
87,12,78.15,98.66,71.61,36.62,12.69,39.81,1
87,13,76.29,98.17,75.54,37.39,12.87,42.05,0
87,14,76.35,98.61,78.07,36.44,12.61,43.15,0
87,15,71.71,98.71,84.99,36.53,13.14,47.13,0
87,16,70.27,98.61,82.67,37.60,12.72,46.36,0
87,17,68.64,98.85,86.97,36.37,13.33,44.23,0
87,18,69.76,98.10,85.00,37.52,13.26,45.25,0
87,19,71.34,98.85,86.52,36.69,13.55,45.25,0
88,0,72.60,98.79,87.86,36.37,10.45,57.67,0
88,1,75.82,98.95,87.14,36.08,11.20,58.26,0
88,2,72.20,98.39,89.22,35.51,10.47,57.27,0
88,3,73.12,98.30,87.68,36.51,10.52,57.39,0
88,4,75.75,98.78,89.02,36.25,10.94,57.73,0
88,5,74.39,98.41,84.65,37.08,11.39,58.75,0
88,6,73.56,98.23,88.05,35.91,10.81,59.25,0
88,7,73.83,98.51,87.65,36.10,10.76,59.38,0
88,8,75.50,98.31,87.84,35.88,10.72,60.26,0
88,9,72.75,98.78,87.16,36.33,10.98,57.89,0
88,10,79.79,98.68,80.01,35.83,11.22,55.23,0
88,11,81.05,98.37,75.29,35.94,11.11,52.68,0
88,12,83.55,98.19,73.37,37.12,10.38,54.42,1
88,13,81.70,98.62,75.01,37.46,10.86,53.85,0
88,14,79.72,98.43,82.40,35.56,10.91,53.99,0
88,15,71.05,98.90,85.81,35.90,11.02,59.55,0
88,16,72.26,98.38,86.83,35.65,11.28,56.94,0
88,17,72.89,98.72,86.05,36.56,10.93,57.70,0
88,18,72.50,98.55,87.45,37.05,11.12,56.43,0
88,19,71.87,98.67,84.57,35.54,10.80,58.17,0
89,0,79.43,98.34,83.48,33.92,15.17,53.03,0
89,1,80.48,98.60,79.44,34.04,15.14,56.10,0
89,2,78.96,98.64,81.97,34.46,14.25,54.47,0
89,3,79.47,98.18,81.44,33.24,14.17,55.13,0
89,4,79.68,98.68,79.83,33.97,14.63,54.21,0
89,5,79.60,98.43,82.96,34.79,14.28,56.24,0
89,6,79.95,98.81,83.79,34.20,14.23,53.69,0
89,7,81.77,98.09,80.62,33.16,14.43,55.22,0
89,8,78.07,98.58,82.33,34.25,15.21,54.80,0
89,9,78.48,98.27,80.59,33.39,14.36,52.48,0
89,10,81.50,98.14,79.92,34.42,14.46,53.65,0
89,11,78.24,98.26,81.73,34.17,14.58,52.78,0
89,12,79.81,98.56,78.33,33.21,14.47,56.13,0
89,13,78.35,98.20,80.94,33.87,14.75,55.20,0
89,14,80.09,98.54,81.12,33.12,15.04,55.59,0
89,15,79.14,98.17,82.24,34.58,14.90,56.09,0
89,16,80.98,98.15,82.41,32.99,15.18,56.13,0
89,17,77.32,98.36,79.70,34.06,15.30,53.22,0
89,18,79.27,98.07,78.20,33.89,15.18,56.19,0
89,19,79.38,98.46,82.07,34.22,15.26,54.82,0
90,0,75.28,97.78,93.79,32.48,10.56,46.00,0
90,1,73.41,98.03,96.73,33.07,10.54,47.01,0
90,2,73.28,98.29,95.56,33.46,11.25,48.56,0
90,3,72.82,97.99,98.37,33.00,10.53,46.65,0
90,4,74.00,97.93,94.59,32.89,11.26,47.04,0
90,5,73.18,98.03,94.28,32.77,10.52,46.17,0
90,6,73.44,98.48,98.94,32.94,11.05,47.88,0
90,7,75.35,97.83,96.52,32.76,11.23,49.20,0
90,8,73.10,98.17,98.22,32.49,11.57,48.97,0
90,9,73.50,98.13,98.50,34.13,11.35,48.98,0
90,10,75.13,97.75,96.48,32.83,10.75,48.39,0
90,11,72.11,98.53,95.87,32.79,10.89,48.52,0
90,12,74.30,98.33,96.82,32.81,11.20,49.34,0
90,13,73.76,97.81,95.27,32.86,10.54,46.08,0
90,14,72.82,97.76,94.30,32.87,11.47,47.84,0
90,15,71.63,97.97,92.78,32.44,11.01,47.51,0
90,16,74.63,98.10,97.05,33.98,10.54,48.23,0
90,17,72.37,98.51,93.09,32.55,10.85,46.34,0
90,18,71.61,97.83,97.49,32.32,10.76,48.20,0
90,19,72.84,98.18,98.13,33.36,11.44,46.49,0
91,0,72.01,97.00,79.78,32.83,12.84,56.98,0
91,1,71.28,97.47,77.87,32.73,13.90,54.95,0
91,2,74.18,96.93,79.60,33.98,13.59,54.19,0
91,3,71.72,97.15,83.05,34.31,13.42,54.99,0
91,4,74.21,97.24,81.76,32.90,13.40,54.54,0
91,5,75.12,96.81,81.73,33.80,13.86,56.45,0
91,6,74.49,97.29,83.90,33.38,13.52,55.07,0
91,7,73.58,97.39,81.63,33.53,13.40,53.80,0
91,8,73.59,97.05,79.93,34.49,12.82,53.87,0
91,9,74.41,97.02,82.20,32.67,13.41,55.43,0
91,10,77.60,97.39,73.55,34.17,13.08,54.12,0
91,11,81.36,96.76,68.89,33.72,12.79,53.68,0
91,12,80.91,97.20,68.06,33.50,13.22,51.63,1
91,13,80.97,96.82,67.22,33.67,13.51,50.27,0
91,14,79.46,97.41,70.81,33.61,13.73,52.92,0
91,15,73.72,97.23,77.55,33.58,13.04,56.96,0
91,16,74.04,97.28,80.00,34.03,13.73,55.71,0
91,17,73.23,97.50,79.05,33.26,13.78,55.55,0
91,18,71.30,97.01,83.00,32.62,13.22,55.44,0
91,19,72.26,97.23,78.54,33.01,12.76,55.36,0
92,0,73.74,97.34,90.94,37.44,12.68,57.26,0
92,1,75.31,97.29,94.37,38.10,12.63,59.65,0
92,2,73.63,97.06,94.49,37.14,12.39,58.83,0
92,3,75.31,97.24,95.55,36.75,12.56,59.02,0
92,4,74.85,97.60,92.10,38.24,12.62,57.64,0
92,5,75.79,97.25,97.03,37.43,12.12,56.97,0
92,6,72.34,97.68,92.89,38.08,12.38,57.08,0
92,7,74.78,97.64,94.26,37.28,12.49,58.17,0
92,8,72.57,97.65,95.42,36.73,12.90,57.23,0
92,9,71.81,97.37,95.08,37.23,12.88,56.63,0
92,10,71.32,97.83,94.17,36.98,13.00,58.21,0
92,11,74.19,97.78,94.67,37.28,12.23,59.27,0
92,12,71.87,97.81,94.56,37.52,12.43,60.06,0
92,13,70.92,97.22,90.54,37.79,12.72,60.22,0
92,14,72.56,97.63,91.83,37.89,12.38,59.97,0
92,15,71.98,97.55,95.22,36.84,12.85,58.47,0
92,16,72.64,97.37,94.40,36.55,12.63,59.13,0
92,17,73.42,97.65,92.47,36.48,12.93,60.31,0
92,18,72.65,97.45,95.61,38.06,12.28,59.19,0
92,19,74.90,97.30,91.94,37.77,12.82,57.57,0
93,0,78.21,98.66,78.09,36.51,14.13,44.51,0
93,1,80.24,98.81,78.27,38.29,14.60,42.34,0
93,2,81.49,98.75,80.34,38.22,15.15,42.57,0
93,3,79.45,98.62,80.37,37.37,14.28,43.71,0
93,4,80.85,98.82,78.58,37.56,14.23,43.56,0
93,5,81.06,98.97,80.15,38.06,14.99,40.98,0
93,6,80.09,99.05,82.71,37.10,14.12,42.22,0
93,7,79.22,98.61,79.32,37.08,14.53,43.19,0
93,8,86.69,98.81,77.50,37.57,14.55,39.66,0
93,9,88.54,98.87,67.90,36.96,14.63,39.06,0
93,10,91.30,99.15,65.04,37.01,14.44,38.90,1
93,11,85.85,99.15,70.56,36.91,14.67,37.33,0
93,12,86.12,99.09,71.72,38.24,14.38,37.65,0
93,13,79.28,98.56,77.05,37.12,15.19,43.48,0
93,14,80.14,99.20,78.00,37.91,14.26,41.69,0
93,15,77.17,98.47,78.20,36.59,14.57,41.41,0
93,16,77.58,99.10,81.98,37.09,14.32,42.75,0
93,17,77.56,98.68,82.52,37.83,15.07,43.11,0
93,18,79.02,98.97,78.70,36.39,14.92,42.04,0
93,19,80.04,98.82,83.01,37.44,14.67,42.20,0
94,0,77.14,98.28,87.03,35.34,12.99,59.11,0
94,1,75.70,98.72,84.75,34.33,13.24,61.71,0
94,2,75.36,98.06,85.44,34.51,13.07,58.63,0
94,3,79.41,98.22,87.40,34.81,13.61,59.65,0
94,4,77.71,98.23,84.92,35.22,13.59,61.87,0
94,5,78.55,98.04,84.64,35.30,12.80,59.57,0
94,6,77.18,98.65,86.74,35.43,13.16,60.32,0
94,7,75.48,98.11,83.41,35.18,13.08,59.79,0
94,8,79.14,98.69,82.67,34.21,12.77,59.41,0
94,9,75.02,98.79,83.74,34.96,12.82,59.23,0
94,10,77.35,98.29,86.85,35.00,13.17,60.99,0
94,11,75.90,98.14,85.57,34.30,12.46,61.39,0
94,12,75.16,98.06,84.78,34.52,13.10,61.88,0
94,13,74.17,98.60,85.08,33.93,13.39,58.93,0
94,14,76.69,98.35,85.20,34.01,13.40,59.79,0
94,15,77.54,98.59,83.58,34.83,12.70,59.52,0
94,16,76.15,98.27,83.89,34.88,12.91,60.00,0
94,17,76.50,98.52,85.93,34.51,12.49,59.32,0
94,18,76.75,98.46,83.73,34.71,13.20,60.80,0
94,19,76.54,98.41,84.77,35.31,12.44,59.20,0
95,0,74.57,98.03,86.64,36.66,11.34,45.48,0
95,1,73.87,97.62,86.63,35.98,11.25,45.30,0
95,2,73.43,97.65,88.05,36.06,11.35,47.79,0
95,3,74.03,97.42,90.36,35.12,11.91,47.00,0
95,4,75.44,97.60,87.06,36.35,11.34,48.26,0
95,5,73.16,97.49,88.25,35.23,11.56,45.61,0
95,6,73.23,97.85,86.09,35.24,11.36,45.11,0
95,7,72.79,98.07,87.17,35.93,12.01,47.34,0
95,8,73.43,97.76,85.28,35.91,11.22,44.95,0
95,9,73.24,97.71,85.19,36.25,11.41,47.84,0
95,10,75.61,97.82,84.76,35.53,11.70,48.07,0
95,11,74.40,98.13,89.63,35.25,11.70,46.65,0
95,12,74.08,97.42,88.71,36.21,11.22,47.38,0
95,13,72.34,97.40,86.62,35.96,11.71,47.01,0
95,14,74.65,97.75,83.71,35.55,12.22,48.04,0
95,15,71.93,97.64,85.44,35.40,11.43,46.79,0
95,16,71.65,97.87,85.83,35.70,12.13,47.41,0
95,17,74.67,97.35,83.67,35.85,12.16,44.37,0
95,18,72.99,97.78,85.90,35.54,11.64,45.08,0
95,19,73.44,97.61,84.60,35.67,11.70,44.28,0
96,0,76.15,97.33,77.36,33.73,10.83,46.36,0
96,1,78.22,96.84,80.75,34.06,10.89,47.55,0
96,2,76.52,97.18,76.68,32.61,10.75,47.26,0
96,3,78.56,97.41,77.50,34.37,11.42,47.05,0
96,4,78.01,96.81,79.06,33.59,10.97,47.80,0
96,5,78.48,97.45,81.89,33.03,10.94,45.75,0
96,6,75.71,97.41,81.94,32.44,11.08,44.87,0
96,7,77.67,97.11,79.91,33.98,10.52,46.41,0
96,8,78.47,96.86,80.18,33.31,10.62,45.80,0
96,9,75.23,96.99,81.08,33.80,10.31,46.08,0
96,10,78.54,96.86,79.47,32.47,10.37,47.09,0
96,11,77.61,96.70,75.88,34.06,10.32,46.79,0
96,12,77.03,97.31,76.72,32.71,10.74,46.56,0
96,13,77.93,97.37,80.86,32.43,11.17,46.29,0
96,14,74.32,96.92,79.10,33.67,10.53,45.54,0
96,15,75.53,96.99,80.43,33.57,10.30,46.65,0
96,16,75.66,97.14,77.95,32.44,11.43,45.57,0
96,17,75.61,96.71,76.55,32.75,11.14,46.86,0
96,18,74.55,97.45,81.65,33.25,11.12,45.56,0
96,19,76.23,97.48,78.81,32.93,11.39,48.00,0
97,0,72.87,98.83,97.39,36.07,14.35,56.10,0
97,1,76.43,98.93,97.55,35.91,14.24,52.89,0
97,2,76.49,98.68,94.15,35.80,13.68,52.89,0
97,3,76.85,98.75,97.58,34.99,13.41,56.08,0
97,4,73.60,98.73,97.43,34.79,14.29,53.66,0
97,5,74.85,98.70,96.63,35.67,14.05,55.13,0
97,6,73.90,98.38,94.47,35.42,14.25,53.33,0
97,7,75.24,98.47,97.80,34.71,14.56,53.02,0
97,8,75.60,98.68,96.38,35.98,13.91,56.15,0
97,9,76.02,98.97,97.19,36.17,14.10,52.89,0
97,10,73.42,98.91,93.30,35.35,13.64,52.67,0
97,11,74.51,98.52,92.33,35.40,13.83,52.40,0
97,12,71.70,98.66,97.70,35.38,14.10,55.04,0
97,13,72.43,98.27,95.82,35.45,13.81,52.90,0
97,14,74.76,98.81,92.76,35.62,14.14,54.68,0
97,15,71.56,98.56,95.47,36.55,13.49,55.63,0
97,16,72.29,98.39,92.60,35.82,13.86,54.63,0
97,17,72.65,98.48,93.39,35.55,14.20,55.78,0
97,18,72.30,98.62,94.44,34.58,14.06,54.34,0
97,19,74.46,98.93,95.73,36.44,14.05,54.09,0
98,0,71.06,98.43,82.89,34.89,15.67,51.91,0
98,1,73.66,98.59,82.90,34.87,15.24,53.37,0
98,2,72.81,98.11,84.41,35.33,15.36,50.61,0
98,3,71.69,98.75,83.43,35.32,15.45,50.87,0
98,4,72.69,98.58,86.92,35.69,15.51,52.92,0
98,5,75.13,98.81,84.64,34.45,16.00,51.23,0
98,6,75.70,98.28,88.74,35.16,16.35,52.95,0
98,7,73.62,98.59,85.79,36.30,15.47,51.12,0
98,8,74.35,98.61,86.40,34.55,15.66,49.86,0
98,9,72.80,98.52,83.97,35.81,15.20,52.44,0
98,10,70.92,98.84,84.61,34.70,15.66,49.87,0
98,11,73.66,98.32,84.31,35.97,15.74,52.92,0
98,12,71.92,98.57,87.12,34.72,16.31,51.65,0
98,13,73.90,98.30,84.18,34.76,16.26,51.80,0
98,14,71.35,98.68,84.86,34.63,15.90,49.85,0
98,15,71.15,98.31,83.23,34.73,15.61,49.45,0
98,16,72.37,98.36,83.38,35.08,15.40,53.10,0
98,17,70.78,98.84,83.28,35.83,16.01,52.46,0
98,18,71.73,98.28,85.99,35.74,16.13,52.29,0
98,19,72.45,98.75,82.93,35.97,16.21,51.91,0
99,0,83.32,98.24,85.28,36.59,11.10,53.81,0
99,1,85.01,98.11,83.25,35.52,11.52,54.15,0
99,2,85.24,98.08,85.18,37.03,10.81,54.56,0
99,3,85.37,98.43,83.96,36.90,11.03,56.37,0
99,4,86.12,98.43,84.67,36.78,11.04,53.46,0
99,5,86.46,98.35,81.16,35.46,10.97,54.57,0
99,6,84.69,98.51,81.12,36.01,10.66,55.04,0
99,7,86.52,98.60,81.54,36.07,10.74,54.78,0
99,8,86.12,98.65,82.75,36.82,11.59,55.21,0
99,9,82.95,98.35,84.79,37.12,11.52,52.83,0
99,10,84.99,98.69,83.50,35.81,10.78,54.61,0
99,11,83.43,98.42,83.40,35.82,11.00,55.44,0
99,12,83.61,98.19,81.33,37.12,11.53,55.71,0
99,13,84.91,98.29,80.79,35.46,11.51,55.52,0
99,14,85.00,98.05,81.93,36.06,11.59,52.77,0
99,15,84.61,98.39,83.52,37.27,11.23,54.08,0
99,16,81.88,98.51,82.00,36.56,10.46,55.70,0
99,17,85.71,98.47,81.44,36.62,10.79,55.68,0
99,18,83.63,98.17,82.82,37.25,10.54,54.91,0
99,19,85.77,98.50,85.66,37.00,10.92,53.64,0
100,0,81.45,98.48,90.92,32.76,9.94,49.89,0
100,1,80.79,98.10,86.72,32.84,10.04,49.92,0
100,2,82.74,98.26,86.25,33.73,10.18,52.24,0
100,3,81.43,97.82,87.22,32.31,10.06,49.89,0
100,4,80.89,97.86,89.74,32.28,9.83,50.68,0
100,5,80.27,97.95,90.24,33.85,9.81,50.91,0
100,6,81.24,97.87,90.03,34.02,9.85,50.69,0
100,7,81.71,98.19,88.67,32.62,10.16,50.84,0
100,8,83.44,98.31,85.99,33.68,10.31,52.84,0
100,9,80.64,98.09,88.52,33.58,9.65,50.00,0
100,10,87.60,97.91,80.57,33.70,9.89,46.86,0
100,11,89.06,98.43,77.68,33.35,10.12,46.75,0
100,12,89.27,98.07,75.95,33.72,10.28,47.78,1
100,13,89.59,98.50,78.59,32.45,9.68,47.39,0
100,14,85.97,97.95,82.42,33.61,10.18,49.42,0
100,15,82.38,98.19,85.16,32.98,9.92,49.45,0
100,16,79.39,98.27,86.43,32.65,10.37,51.86,0
100,17,82.83,98.00,86.42,33.38,10.28,50.22,0
100,18,79.41,98.14,90.19,33.30,10.68,49.87,0
100,19,81.66,98.09,86.13,33.43,10.02,49.42,0
101,0,88.31,97.30,91.95,37.15,16.14,49.08,0
101,1,87.69,97.43,93.37,36.25,15.95,47.83,0
101,2,88.89,97.74,89.95,37.24,15.04,50.50,0
101,3,87.62,97.72,93.35,37.62,16.05,50.41,0
101,4,88.36,97.43,89.29,37.32,16.08,47.88,0
101,5,87.75,97.78,89.84,36.51,16.09,47.21,0
101,6,87.41,97.95,93.07,37.79,15.56,50.21,0
101,7,88.46,97.46,89.55,36.55,15.81,48.20,0
101,8,86.62,97.34,89.30,37.15,15.32,47.84,0
101,9,87.30,97.93,88.58,37.51,15.08,49.40,0
101,10,87.07,97.87,89.11,37.16,15.93,47.04,0
101,11,85.22,97.59,91.16,36.28,15.41,47.15,0
101,12,85.49,97.58,87.43,37.85,15.27,48.94,0
101,13,87.51,97.41,89.93,37.47,15.58,49.66,0
101,14,84.95,97.84,88.90,37.83,16.02,46.76,0
101,15,88.63,97.64,91.38,36.14,15.58,49.26,0
101,16,87.21,98.02,89.60,36.20,15.31,47.52,0
101,17,87.85,97.25,91.50,36.14,15.53,49.91,0
101,18,86.09,97.61,90.79,37.08,15.10,50.01,0
101,19,86.15,97.77,89.10,36.99,15.64,46.67,0
102,0,70.05,98.49,90.52,33.92,14.81,47.54,0
102,1,72.35,98.49,90.04,33.30,15.08,47.13,0
102,2,74.21,97.98,91.72,34.67,14.98,48.86,0
102,3,72.13,98.07,94.19,35.08,15.50,48.66,0
102,4,70.90,98.09,91.40,34.00,14.73,49.80,0
102,5,70.93,98.40,94.27,34.69,14.99,50.73,0
102,6,73.72,97.82,90.79,34.12,15.15,50.83,0
102,7,73.86,98.22,93.35,34.23,15.20,50.05,0
102,8,70.97,98.01,89.31,33.58,15.46,48.84,0
102,9,71.66,97.82,88.65,33.25,14.86,50.38,0
102,10,72.38,97.86,92.23,34.44,15.69,49.72,0
102,11,69.82,97.91,92.82,34.45,15.65,48.29,0
102,12,69.62,98.48,92.52,35.17,14.61,47.99,0
102,13,71.48,98.17,92.28,34.59,14.77,50.48,0
102,14,71.11,98.43,87.28,34.15,14.90,48.35,0
102,15,72.35,98.34,91.93,34.24,15.46,48.66,0
102,16,70.00,97.92,90.93,33.47,15.02,48.60,0
102,17,72.85,98.18,89.75,34.91,14.63,50.54,0
102,18,71.94,98.08,93.70,34.92,15.03,50.12,0
102,19,73.81,98.51,93.52,34.96,14.64,47.59,0
103,0,83.60,98.44,89.09,38.52,11.72,52.71,0
103,1,83.39,98.43,89.34,38.61,11.49,52.11,0
103,2,84.45,98.95,87.71,38.74,11.77,51.50,0
103,3,85.80,98.58,87.14,38.03,11.69,52.11,0
103,4,83.36,98.43,89.94,37.95,11.67,52.26,0
103,5,83.35,98.93,88.07,37.63,11.34,53.17,0
103,6,82.51,98.85,87.79,37.43,10.68,52.83,0
103,7,83.97,98.44,88.38,37.77,11.24,51.71,0
103,8,83.64,98.90,92.42,37.42,11.74,53.86,0
103,9,83.39,98.35,88.14,38.92,11.27,53.25,0
103,10,81.76,99.09,87.82,38.84,11.33,53.98,0
103,11,82.17,98.58,87.10,37.77,11.64,51.33,0
103,12,81.50,98.89,87.48,37.69,10.74,53.09,0
103,13,81.48,99.05,89.40,37.15,10.72,50.73,0
103,14,82.75,98.38,90.58,37.44,11.73,52.40,0
103,15,82.38,98.43,86.33,37.68,10.82,50.50,0
103,16,82.19,98.78,89.10,37.56,10.82,50.91,0
103,17,81.57,98.39,91.20,38.30,10.75,50.98,0
103,18,83.57,98.42,91.83,38.08,11.62,52.66,0
103,19,81.85,98.37,91.71,37.24,11.17,52.18,0
104,0,79.59,98.11,94.51,37.14,10.40,59.85,0
104,1,80.61,98.30,100.37,38.10,10.51,59.70,0
104,2,81.75,98.45,98.84,37.70,10.94,59.74,0
104,3,79.26,98.34,96.70,36.32,10.44,57.11,0
104,4,78.62,97.99,96.61,36.29,11.14,58.28,0
104,5,78.42,98.09,98.53,36.64,10.97,57.76,0
104,6,78.36,98.30,97.80,37.91,11.25,58.81,0
104,7,78.21,98.66,100.61,37.25,10.83,57.96,0
104,8,85.24,98.44,89.30,36.35,10.68,55.70,0
104,9,87.59,98.32,84.94,37.74,10.66,52.44,0
104,10,89.81,98.48,84.64,37.02,11.30,51.34,1
104,11,86.13,98.52,84.34,36.69,11.06,52.69,0
104,12,84.41,98.28,91.99,37.40,11.43,54.23,0
104,13,77.67,98.39,97.30,37.75,11.04,56.67,0
104,14,78.19,98.71,98.71,38.02,11.07,56.72,0
104,15,77.77,98.16,94.41,36.93,10.49,56.82,0
104,16,80.29,98.44,94.05,37.97,10.52,59.23,0
104,17,78.33,98.02,99.77,38.09,11.04,59.92,0
104,18,80.74,98.66,97.24,37.79,10.85,59.29,0
104,19,79.11,98.62,94.67,37.39,10.25,59.86,0
105,0,70.14,98.90,98.36,35.02,15.59,42.43,0
105,1,70.87,99.14,96.93,35.43,15.51,42.75,0
105,2,70.96,99.20,94.72,35.88,16.08,42.90,0
105,3,73.00,98.75,100.45,35.02,15.48,42.11,0
105,4,72.55,98.57,99.29,36.06,16.17,42.72,0
105,5,70.67,98.92,100.81,35.58,16.16,42.41,0
105,6,70.81,98.59,98.56,34.61,15.83,43.30,0
105,7,71.56,98.85,97.58,35.44,16.04,41.93,0
105,8,71.01,98.69,96.39,35.27,16.07,43.44,0
105,9,75.73,99.18,90.87,35.16,16.17,38.17,0
105,10,79.63,98.86,84.97,36.29,15.79,39.20,0
105,11,80.70,99.02,81.21,35.63,15.99,37.74,1
105,12,80.10,98.98,89.27,35.03,16.41,39.42,0
105,13,77.73,98.54,90.76,35.30,15.94,39.53,0
105,14,68.93,99.03,99.12,35.04,15.96,44.05,0
105,15,72.17,99.11,96.18,35.45,15.92,44.54,0
105,16,70.26,98.84,94.19,36.16,15.43,44.44,0
105,17,68.76,99.04,98.15,36.06,16.04,44.74,0
105,18,71.66,99.07,93.96,35.97,16.05,43.30,0
105,19,71.24,98.60,94.20,35.87,16.35,43.56,0
106,0,72.14,97.11,84.56,38.05,14.24,61.73,0
106,1,74.76,97.00,88.61,37.16,14.67,62.33,0
106,2,72.44,97.08,84.81,37.57,14.65,62.80,0
106,3,72.02,97.16,90.18,36.33,14.12,63.31,0
106,4,74.29,97.49,87.78,36.83,14.87,62.47,0
106,5,73.82,96.99,85.19,37.97,14.05,62.86,0
106,6,74.07,97.65,88.56,36.83,14.55,61.98,0
106,7,74.70,97.54,86.24,36.44,14.42,61.83,0
106,8,73.60,97.34,87.23,37.60,14.44,61.67,0
106,9,71.40,97.19,89.48,36.52,14.04,62.78,0
106,10,70.89,97.47,84.61,38.20,14.85,62.71,0
106,11,72.98,97.30,89.09,36.66,13.81,63.33,0
106,12,70.95,97.63,87.01,36.83,14.02,62.15,0
106,13,72.77,97.42,84.01,38.08,14.59,61.65,0
106,14,71.07,97.66,86.10,37.29,14.66,63.64,0
106,15,73.83,97.35,87.09,37.88,14.05,59.94,0
106,16,72.13,97.64,88.28,37.19,14.31,60.34,0
106,17,73.02,97.28,86.22,37.28,14.36,62.73,0
106,18,74.35,97.62,84.27,36.70,14.32,62.44,0
106,19,73.64,97.07,89.76,37.42,14.62,59.98,0
107,0,71.69,98.33,95.72,35.33,13.34,49.49,0
107,1,71.30,97.95,98.52,34.22,13.25,46.49,0
107,2,73.70,98.15,97.30,34.89,14.01,49.94,0
107,3,73.75,98.67,98.88,33.97,13.02,46.75,0
107,4,74.61,97.95,97.75,34.02,13.30,48.24,0
107,5,74.18,97.95,98.48,34.13,13.05,46.92,0
107,6,72.74,98.67,97.27,34.50,13.21,48.54,0
107,7,73.92,98.56,96.80,34.72,12.86,49.05,0
107,8,73.18,98.28,97.17,35.57,13.56,48.49,0
107,9,71.97,98.05,95.44,34.39,13.97,47.37,0
107,10,70.63,97.89,96.88,34.50,13.45,47.08,0
107,11,70.91,98.28,93.43,34.67,13.06,50.03,0
107,12,70.92,98.11,96.32,34.33,13.31,47.25,0
107,13,71.81,98.18,92.55,35.66,13.50,49.61,0
107,14,72.84,98.54,94.99,34.18,13.85,49.94,0
107,15,72.54,97.94,92.29,34.36,13.19,47.24,0
107,16,73.14,98.17,94.26,34.40,13.17,48.12,0
107,17,71.97,97.99,94.30,35.11,13.61,47.31,0
107,18,73.59,97.93,97.54,34.01,13.80,48.38,0
107,19,71.15,97.99,95.68,35.40,13.53,48.78,0
108,0,72.17,97.98,82.37,37.28,9.92,61.90,0
108,1,69.38,98.06,83.69,37.29,10.38,60.35,0
108,2,69.26,98.13,81.62,37.12,10.81,58.68,0
108,3,71.32,98.21,83.47,36.65,10.08,61.40,0
108,4,69.11,98.61,84.81,37.66,10.20,61.49,0
108,5,70.25,98.30,82.12,37.99,10.69,59.37,0
108,6,70.80,98.47,85.49,36.89,10.59,60.00,0
108,7,71.24,98.52,80.94,37.06,10.43,60.07,0
108,8,70.61,98.49,85.75,36.66,10.07,61.41,0
108,9,70.02,98.65,85.14,37.69,10.42,59.11,0
108,10,68.92,98.43,84.89,37.99,10.09,62.19,0
108,11,68.93,98.23,82.71,38.29,11.00,58.75,0
108,12,68.76,98.25,83.55,36.53,10.54,60.06,0
108,13,70.27,98.52,81.22,36.91,10.07,60.64,0
108,14,70.96,98.10,80.64,37.33,10.37,61.46,0
108,15,69.11,98.61,80.27,37.63,9.96,62.22,0
108,16,69.85,98.61,82.40,36.62,9.99,58.69,0
108,17,71.39,98.41,83.77,38.01,10.94,61.40,0
108,18,68.28,98.25,81.53,37.24,11.06,61.21,0
108,19,71.70,98.73,82.47,36.95,11.02,62.20,0
109,0,88.20,98.73,94.46,36.26,10.88,61.93,0
109,1,88.13,98.98,91.84,35.97,10.72,61.72,0
109,2,86.32,98.73,93.48,36.07,10.07,60.19,0
109,3,90.17,99.16,93.53,36.79,10.14,60.50,0
109,4,87.47,99.18,94.18,36.06,10.34,58.96,0
109,5,86.95,98.49,94.67,37.04,10.26,60.24,0
109,6,87.59,99.16,94.40,36.28,10.48,58.78,0
109,7,88.52,98.96,95.73,36.10,11.05,61.01,0
109,8,86.80,98.80,95.82,35.81,10.69,59.32,0
109,9,87.46,99.20,91.38,35.62,10.28,61.69,0
109,10,86.81,98.62,91.99,35.43,10.27,60.63,0
109,11,86.04,98.62,90.28,35.26,10.12,59.09,0
109,12,88.44,98.86,92.24,35.95,10.23,60.33,0
109,13,87.63,99.17,89.38,37.01,10.24,61.81,0
109,14,85.83,99.18,91.93,36.02,10.55,59.54,0
109,15,85.92,98.60,93.00,36.77,10.22,59.16,0
109,16,88.00,98.89,91.68,35.79,10.26,61.07,0
109,17,87.39,98.65,91.44,36.66,10.51,58.67,0
109,18,88.50,98.56,94.12,36.64,10.60,59.76,0
109,19,88.94,98.86,95.97,36.19,11.01,59.67,0
110,0,85.06,98.40,92.96,39.00,13.03,43.98,0
110,1,86.72,98.45,91.62,39.60,13.56,44.49,0
110,2,86.18,98.48,93.57,38.35,13.58,44.59,0
110,3,87.15,98.40,95.71,39.05,13.15,43.45,0
110,4,87.34,98.23,91.06,38.39,14.04,45.34,0
110,5,86.60,98.49,91.04,38.25,13.82,44.39,0
110,6,86.67,98.23,93.64,37.75,13.73,44.30,0
110,7,85.06,98.20,95.49,38.18,13.93,45.37,0
110,8,85.18,98.49,91.10,37.93,13.22,43.54,0
110,9,84.73,98.68,89.73,38.21,14.07,42.60,0
110,10,90.91,98.42,85.44,38.72,13.46,40.05,0
110,11,93.21,98.32,82.49,37.77,13.87,40.44,0
110,12,93.32,98.68,78.15,38.47,13.52,38.16,1
110,13,92.70,98.53,79.68,38.35,13.03,40.65,0
110,14,91.33,98.47,83.18,39.25,13.00,40.00,0
110,15,85.16,98.39,89.05,38.61,13.77,43.97,0
110,16,83.87,98.69,91.95,39.05,13.86,45.14,0
110,17,84.26,98.34,92.29,38.97,13.02,44.98,0
110,18,86.75,98.82,89.65,39.24,13.93,44.57,0
110,19,87.63,98.96,90.45,39.15,14.03,42.81,0
111,0,72.59,97.44,87.27,37.33,13.23,53.54,0
111,1,71.77,97.70,86.87,37.40,12.45,54.39,0
111,2,70.55,97.67,86.43,36.15,12.53,53.65,0
111,3,71.30,97.73,89.76,37.08,12.71,52.43,0
111,4,72.56,97.65,90.06,35.87,13.18,54.11,0
111,5,72.52,98.12,87.59,36.67,13.36,53.43,0
111,6,72.04,97.47,87.03,35.86,13.56,52.76,0
111,7,73.03,97.51,90.51,35.61,13.47,53.64,0
111,8,72.00,97.93,87.68,37.13,12.63,50.84,0
111,9,79.24,97.40,84.91,37.14,12.69,49.08,0
111,10,77.49,97.67,80.21,36.08,12.74,47.15,0
111,11,81.76,97.86,74.85,36.19,13.32,49.68,1
111,12,79.14,97.50,78.10,35.58,13.54,47.06,0
111,13,77.35,97.83,81.83,37.20,13.05,51.53,0
111,14,70.73,98.01,89.48,35.77,13.09,53.79,0
111,15,71.75,97.93,90.34,36.99,12.44,53.11,0
111,16,71.50,97.78,90.52,36.66,12.74,51.85,0
111,17,69.31,97.57,91.00,36.03,12.58,50.85,0
111,18,71.11,98.11,86.16,37.00,12.48,53.38,0
111,19,72.70,97.56,90.86,37.12,13.21,52.68,0
112,0,85.07,96.80,96.57,35.64,10.34,42.79,0
112,1,82.34,96.93,92.58,36.46,10.17,42.06,0
112,2,83.27,97.22,96.03,36.24,10.59,44.70,0
112,3,82.50,97.20,93.23,36.80,10.77,45.06,0
112,4,85.98,97.36,94.46,35.51,10.64,42.96,0
112,5,83.63,97.30,97.24,35.38,10.14,45.62,0
112,6,84.81,97.22,95.90,36.18,10.94,43.47,0
112,7,84.81,97.14,95.02,36.67,10.26,45.34,0
112,8,84.39,96.71,94.01,35.34,10.32,43.79,0
112,9,85.10,96.71,93.36,35.32,10.25,44.44,0
112,10,84.43,97.43,94.72,36.96,10.25,44.18,0
112,11,81.61,96.82,93.16,36.70,10.95,45.98,0
112,12,80.90,97.11,94.79,36.78,10.03,42.94,0
112,13,81.60,96.79,93.28,36.22,10.52,44.73,0
112,14,83.98,96.85,92.47,35.92,10.16,42.99,0
112,15,82.94,97.11,92.25,35.17,10.76,42.07,0
112,16,83.82,97.28,91.81,35.06,10.62,42.86,0
112,17,82.75,97.35,91.21,35.89,9.98,45.61,0
112,18,84.22,96.70,96.10,35.27,10.91,42.96,0
112,19,82.04,96.85,93.31,36.92,9.96,42.69,0
113,0,90.29,97.45,80.94,35.42,13.54,59.87,0
113,1,89.41,97.11,81.43,36.08,14.24,60.64,0
113,2,88.07,97.26,84.90,35.08,13.98,60.80,0
113,3,90.41,96.96,86.49,35.73,14.32,62.28,0
113,4,90.57,96.94,85.90,36.48,13.91,60.14,0
113,5,90.34,97.42,85.46,34.92,13.70,59.23,0
113,6,91.67,97.23,81.54,35.94,14.45,62.50,0
113,7,88.09,97.36,82.86,35.97,13.64,61.99,0
113,8,87.75,97.39,85.21,36.17,14.50,61.48,0
113,9,87.54,97.02,80.50,35.13,14.51,62.91,0
113,10,94.81,97.29,79.71,36.28,13.77,59.80,0
113,11,97.63,97.60,71.62,35.81,13.96,58.92,0
113,12,98.16,97.63,67.40,34.65,14.17,54.39,1
113,13,96.52,97.62,75.18,34.67,14.66,57.88,0
113,14,94.61,97.49,78.45,34.77,13.71,56.02,0
113,15,86.71,97.39,83.03,34.77,13.87,60.18,0
113,16,90.44,97.05,81.77,35.32,13.56,59.91,0
113,17,88.68,97.21,81.27,36.11,14.06,62.67,0
113,18,88.43,97.68,83.67,36.39,14.49,62.70,0
113,19,87.51,97.18,83.48,34.97,13.93,60.91,0
114,0,86.18,97.97,87.57,37.27,12.63,45.32,0
114,1,87.43,97.75,90.81,37.68,12.31,47.88,0
114,2,85.35,97.91,92.10,36.91,12.23,45.38,0
114,3,87.58,97.71,88.04,38.42,12.66,47.84,0
114,4,87.83,97.88,89.29,37.48,12.36,45.60,0
114,5,87.66,97.57,90.07,36.95,12.11,46.27,0
114,6,87.89,97.36,88.76,37.96,11.82,46.21,0
114,7,87.25,97.94,91.92,37.75,11.97,45.75,0
114,8,87.21,97.60,92.59,37.50,12.89,47.84,0
114,9,90.51,97.71,82.41,37.30,12.38,45.35,0
114,10,94.89,97.49,77.97,37.42,12.69,44.88,0
114,11,94.69,97.23,76.17,37.43,12.13,40.59,1
114,12,94.82,97.24,79.92,38.05,11.99,44.18,0
114,13,92.92,97.36,84.30,36.66,12.58,45.87,0
114,14,84.04,97.42,89.29,37.87,11.79,47.45,0
114,15,83.36,97.56,90.36,37.20,12.80,47.62,0
114,16,83.54,97.41,87.24,38.04,12.06,45.41,0
114,17,85.64,97.44,87.66,37.97,12.41,48.42,0
114,18,83.98,97.51,89.49,37.38,12.22,46.16,0
114,19,84.42,97.79,91.11,36.97,11.94,46.87,0
115,0,85.20,96.83,100.20,35.36,15.57,51.84,0
115,1,84.02,97.44,98.30,35.02,14.92,52.38,0
115,2,85.56,97.27,99.05,35.18,15.24,49.90,0
115,3,86.22,96.73,97.67,34.42,14.62,53.17,0
115,4,87.20,96.78,99.47,34.68,15.20,49.59,0
115,5,86.08,97.46,97.54,34.60,15.64,51.95,0
115,6,84.32,97.29,98.72,35.63,14.68,50.64,0
115,7,85.78,96.91,97.19,34.95,15.20,52.20,0
115,8,86.38,96.77,97.42,35.72,15.28,52.32,0
115,9,83.20,97.01,95.23,35.99,15.37,52.32,0
115,10,86.54,97.42,96.67,35.06,15.51,50.76,0
115,11,84.13,96.91,98.92,36.05,14.91,52.67,0
115,12,84.62,97.39,99.51,34.19,15.17,52.50,0
115,13,84.67,97.04,97.10,35.97,15.08,51.11,0
115,14,84.74,97.31,95.72,35.26,14.72,51.39,0
115,15,84.41,96.86,94.06,35.68,15.45,50.16,0
115,16,86.08,96.76,96.66,35.99,14.49,50.44,0
115,17,86.17,97.32,98.79,35.19,14.75,52.29,0
115,18,86.00,96.68,99.54,34.63,14.85,50.34,0
115,19,83.77,96.69,97.27,35.89,15.45,49.48,0
116,0,70.85,97.65,83.34,33.62,14.74,58.84,0
116,1,72.55,97.30,89.09,34.06,15.14,56.58,0
116,2,73.26,97.55,87.82,33.05,15.12,57.35,0
116,3,74.86,97.71,86.98,34.26,15.26,56.38,0
116,4,72.43,97.42,89.05,33.03,14.53,58.88,0
116,5,72.92,97.63,88.10,33.52,15.10,56.72,0
116,6,74.94,97.42,89.08,33.92,15.28,60.02,0
116,7,71.17,97.70,84.74,34.06,14.88,58.08,0
116,8,71.23,97.85,86.72,32.85,14.53,56.29,0
116,9,71.50,97.36,88.41,34.69,14.50,59.95,0
116,10,79.48,97.34,77.10,33.27,14.63,53.22,0
116,11,79.61,97.23,77.90,33.85,14.59,53.19,0
116,12,81.48,97.36,74.02,33.86,15.20,51.24,1
116,13,81.16,97.60,77.66,33.48,14.38,53.08,0
116,14,76.16,97.38,78.95,34.06,14.52,54.43,0
116,15,70.73,97.85,83.56,34.57,15.29,58.15,0
116,16,73.50,97.70,85.16,33.05,14.66,57.33,0
116,17,72.39,97.52,86.60,33.29,15.11,59.53,0
116,18,70.62,97.62,86.12,34.41,14.47,58.24,0
116,19,70.69,97.42,84.31,34.31,14.50,59.77,0
117,0,85.47,98.97,88.86,35.21,12.38,43.03,0
117,1,86.61,98.83,90.12,35.48,11.83,43.04,0
117,2,87.41,99.11,90.41,35.06,11.82,43.87,0
117,3,85.88,99.21,91.10,35.67,11.68,41.96,0
117,4,84.85,99.04,90.38,35.13,11.88,42.12,0
117,5,84.55,98.74,89.42,34.41,11.42,42.25,0
117,6,86.97,99.36,90.43,34.50,11.72,41.65,0
117,7,85.97,99.06,90.96,34.39,11.58,41.81,0
117,8,87.75,98.67,89.35,35.49,12.28,42.78,0
117,9,85.08,99.03,86.88,34.19,11.83,42.44,0
117,10,87.42,98.63,90.56,34.44,12.09,42.12,0
117,11,83.84,99.03,88.68,34.40,12.29,42.95,0
117,12,83.74,98.65,87.77,34.87,11.71,44.03,0
117,13,85.25,99.27,87.04,34.51,11.99,42.63,0
117,14,86.28,98.76,87.21,35.70,12.28,43.29,0
117,15,83.92,98.98,88.19,34.24,11.56,42.32,0
117,16,84.81,98.71,90.70,34.62,11.29,43.84,0
117,17,86.24,99.12,86.99,35.74,11.92,44.08,0
117,18,83.92,99.25,86.84,34.46,11.84,43.49,0
117,19,84.24,99.12,88.67,34.47,11.67,42.87,0
118,0,85.62,99.09,94.79,34.99,11.03,41.23,0
118,1,85.85,98.71,98.13,36.41,10.20,44.09,0
118,2,85.49,98.69,99.77,34.57,10.47,44.25,0
118,3,87.01,98.94,95.45,35.71,11.07,40.99,0
118,4,86.34,98.58,97.42,36.12,10.01,43.97,0
118,5,86.12,98.95,100.49,35.64,9.93,40.92,0
118,6,86.54,99.01,97.36,35.08,10.96,42.90,0
118,7,83.65,98.65,95.45,35.36,10.95,42.51,0
118,8,90.78,98.79,91.26,36.44,10.43,38.49,0
118,9,94.57,98.43,90.76,36.14,10.49,38.75,0
118,10,95.94,99.06,82.89,35.68,10.21,37.12,1
118,11,90.52,98.34,86.92,35.68,10.16,38.74,0
118,12,90.51,98.83,93.39,35.19,10.47,39.53,0
118,13,82.29,98.56,96.64,36.00,10.32,42.30,0
118,14,83.87,98.88,95.96,35.53,10.62,43.80,0
118,15,82.35,99.10,96.11,35.88,10.39,44.10,0
118,16,82.85,98.74,94.92,35.61,10.31,43.70,0
118,17,82.46,99.01,96.42,35.97,10.30,43.48,0
118,18,83.89,98.81,98.49,35.33,10.74,41.02,0
118,19,83.16,98.41,98.22,36.24,9.97,42.50,0
119,0,78.41,98.49,84.79,35.34,11.34,61.06,0
119,1,81.61,98.22,88.36,34.41,11.00,61.97,0
119,2,79.47,98.18,85.38,35.40,11.09,61.70,0
119,3,79.24,97.88,88.11,34.01,11.29,60.26,0
119,4,80.11,98.21,87.70,35.00,11.35,60.99,0
119,5,79.92,97.84,88.00,34.23,11.52,60.70,0
119,6,80.22,98.32,85.02,33.74,11.10,61.04,0
119,7,79.88,97.82,89.27,34.00,11.06,61.04,0
119,8,79.57,98.09,86.66,34.92,12.01,59.04,0
119,9,85.11,98.50,81.66,34.96,11.42,59.05,0
119,10,85.67,97.89,75.04,33.69,10.93,58.82,0
119,11,88.13,98.52,75.66,34.77,11.41,55.71,1
119,12,87.60,97.84,79.34,33.45,11.84,55.87,0
119,13,85.09,97.88,79.91,35.28,11.26,59.71,0
119,14,77.37,98.28,84.30,34.38,10.86,61.26,0
119,15,80.27,98.33,84.83,33.90,10.92,58.90,0
119,16,78.30,98.00,83.65,34.98,10.86,59.58,0
119,17,79.24,98.35,89.50,35.24,10.91,62.17,0
119,18,77.55,98.04,84.63,34.07,11.05,60.00,0
119,19,79.03,97.87,89.26,33.87,11.99,60.38,0
120,0,87.50,98.60,88.45,37.87,14.32,45.31,0
120,1,89.21,98.68,84.39,37.32,14.41,48.37,0
120,2,87.27,99.05,85.20,37.38,14.49,46.33,0
120,3,88.65,99.01,89.12,38.30,14.79,45.06,0
120,4,87.08,98.85,87.36,38.49,13.98,45.27,0
120,5,87.16,98.55,85.05,37.96,14.44,47.47,0
120,6,86.87,99.14,87.25,36.79,14.14,44.89,0
120,7,86.81,99.20,85.02,37.05,14.53,47.44,0
120,8,88.02,98.88,85.12,38.42,13.96,44.95,0
120,9,86.83,99.04,83.92,38.20,14.29,44.83,0
120,10,87.83,99.25,88.34,36.65,13.95,46.65,0
120,11,88.20,99.03,82.54,37.74,14.05,47.93,0
120,12,88.44,98.94,83.56,38.28,14.57,44.69,0
120,13,88.42,99.30,86.26,38.38,14.26,47.58,0
120,14,88.36,98.76,86.81,36.85,14.22,48.31,0
120,15,87.23,98.81,83.61,37.67,14.34,46.24,0
120,16,85.63,98.64,85.86,38.07,14.31,44.67,0
120,17,88.08,99.29,83.15,37.53,13.80,47.20,0
120,18,89.01,98.89,87.95,36.84,14.83,46.54,0
120,19,87.26,99.10,85.42,36.95,13.90,48.05,0
121,0,82.78,97.77,80.95,39.26,15.71,53.79,0
121,1,82.36,97.34,80.39,38.23,15.63,54.62,0
121,2,83.67,97.15,77.44,38.35,16.20,52.31,0
121,3,84.07,97.31,81.39,38.18,16.00,52.10,0
121,4,86.22,97.77,81.36,39.87,16.07,55.55,0
121,5,84.94,97.74,78.32,39.62,15.91,54.91,0
121,6,82.67,97.58,78.96,39.25,15.95,52.37,0
121,7,85.06,97.41,82.43,38.96,15.89,54.83,0
121,8,84.38,97.29,77.85,39.89,15.64,54.16,0
121,9,85.05,97.12,77.36,39.44,15.86,54.44,0
121,10,84.21,97.11,79.57,39.45,15.63,54.29,0
121,11,82.82,97.43,78.68,38.70,15.16,52.99,0
121,12,83.84,97.62,79.46,39.23,15.50,53.19,0
121,13,81.08,97.35,77.01,37.96,15.45,53.98,0
121,14,83.38,97.51,78.05,39.27,15.02,54.30,0
121,15,82.94,97.25,75.78,39.37,16.18,54.48,0
121,16,82.86,97.76,75.72,38.65,15.14,52.73,0
121,17,81.94,97.16,77.40,39.85,15.34,54.92,0
121,18,84.84,97.13,80.69,39.67,15.85,53.02,0
121,19,82.93,97.53,81.12,38.09,15.15,55.42,0
122,0,83.56,98.44,93.04,37.54,10.82,62.76,0
122,1,81.92,98.49,97.14,36.94,10.76,62.72,0
122,2,82.33,99.00,97.32,38.30,11.45,62.60,0
122,3,83.49,99.07,95.06,37.24,11.47,61.56,0
122,4,84.47,98.56,94.30,37.40,11.24,61.19,0
122,5,82.54,98.81,97.57,37.21,11.57,63.39,0
122,6,81.06,98.70,96.49,38.66,11.57,60.99,0
122,7,84.33,98.96,97.91,37.50,11.04,61.58,0
122,8,84.39,99.02,93.18,37.05,10.67,61.45,0
122,9,82.78,98.86,93.51,38.20,11.18,60.29,0
122,10,87.92,99.22,88.70,37.67,11.41,59.84,0
122,11,91.47,98.53,86.62,38.55,11.45,57.67,0
122,12,89.81,98.95,82.96,36.94,10.99,55.44,1
122,13,89.58,98.78,85.69,38.35,11.00,59.42,0
122,14,86.17,98.57,87.37,37.50,11.30,58.29,0
122,15,82.01,98.63,95.99,37.75,11.14,63.51,0
122,16,82.76,98.73,96.93,37.00,11.11,61.18,0
122,17,82.10,98.43,97.32,38.07,10.68,61.88,0
122,18,81.84,98.80,92.72,36.88,10.79,60.39,0
122,19,81.69,98.92,95.57,37.88,10.88,62.21,0
123,0,80.90,97.65,85.02,34.48,12.57,53.70,0
123,1,80.58,98.31,87.65,34.32,13.04,56.54,0
123,2,81.31,97.59,90.57,35.72,12.77,53.64,0
123,3,81.67,97.57,89.57,34.17,13.64,54.14,0
123,4,80.42,97.61,87.76,35.39,12.57,56.24,0
123,5,80.02,98.12,88.24,33.91,13.31,54.34,0
123,6,81.30,97.67,86.39,35.61,13.61,53.55,0
123,7,83.17,97.84,86.49,35.18,13.54,54.99,0
123,8,81.22,97.98,86.98,34.42,13.48,54.91,0
123,9,82.86,97.81,86.25,35.24,12.72,56.67,0
123,10,82.10,98.01,90.33,34.98,12.75,55.69,0
123,11,80.39,97.90,86.91,34.83,13.19,53.05,0
123,12,78.47,98.06,85.11,34.83,12.85,55.07,0
123,13,78.66,97.95,85.60,35.47,12.91,54.79,0
123,14,80.23,98.18,89.69,35.66,12.65,54.12,0
123,15,78.68,98.12,84.10,34.19,12.62,54.12,0
123,16,79.11,97.83,85.39,34.77,12.80,54.46,0
123,17,78.86,98.34,84.42,34.32,12.86,53.44,0
123,18,80.08,97.92,85.09,35.15,13.25,55.44,0
123,19,81.68,97.56,86.57,34.74,12.61,54.44,0
124,0,83.58,97.77,82.11,34.77,15.42,42.08,0
124,1,83.02,97.54,82.48,35.64,14.70,42.58,0
124,2,81.77,97.73,82.39,35.33,15.08,41.62,0
124,3,82.71,97.41,79.94,35.20,14.38,40.81,0
124,4,83.95,97.54,82.72,35.64,15.12,40.86,0
124,5,80.98,97.80,78.97,34.64,14.81,42.93,0
124,6,82.95,97.44,78.82,34.85,15.45,42.07,0
124,7,84.06,97.54,83.48,36.19,15.25,44.14,0
124,8,84.32,98.09,81.81,35.95,15.40,43.49,0
124,9,82.93,97.59,80.40,35.82,14.97,43.15,0
124,10,82.12,98.05,80.75,35.84,15.18,43.46,0
124,11,80.88,97.36,77.46,34.69,14.39,42.52,0
124,12,79.77,97.42,77.63,34.25,15.13,43.70,0
124,13,79.61,97.91,79.52,36.11,15.25,43.40,0
124,14,80.57,97.41,80.64,35.17,14.99,40.85,0
124,15,79.46,97.87,80.14,35.32,15.29,44.69,0
124,16,82.29,97.32,79.92,34.76,15.19,43.51,0
124,17,82.58,97.87,82.21,34.75,15.31,43.68,0
124,18,81.93,97.82,81.01,35.77,15.24,43.78,0
124,19,80.49,97.77,78.10,36.13,14.95,43.00,0
125,0,87.54,97.90,78.12,34.01,12.24,56.92,0
125,1,88.89,97.66,82.19,33.82,11.53,59.22,0
125,2,86.17,97.87,83.33,35.33,12.55,57.62,0
125,3,87.15,98.38,82.83,34.32,11.72,59.59,0
125,4,89.27,98.02,77.77,34.01,12.56,57.03,0
125,5,88.86,98.00,81.28,34.29,11.84,57.83,0
125,6,87.49,97.87,77.93,34.60,12.64,59.15,0
125,7,87.11,97.90,78.14,33.81,12.04,57.28,0
125,8,89.82,98.27,80.91,34.87,12.65,57.85,0
125,9,89.43,97.63,77.85,34.09,12.16,56.86,0
125,10,86.02,97.98,77.58,34.64,12.18,58.58,0
125,11,85.74,98.07,76.54,34.54,12.27,58.62,0
125,12,86.13,98.11,82.07,33.65,11.74,59.74,0
125,13,87.72,98.03,76.30,34.86,11.87,56.67,0
125,14,87.11,98.32,79.07,33.75,12.08,57.47,0
125,15,85.82,98.37,80.54,35.14,12.01,58.44,0
125,16,87.26,98.10,80.77,34.41,11.55,59.92,0
125,17,86.10,97.93,77.27,33.38,12.01,57.79,0
125,18,87.09,98.26,81.39,33.88,12.22,56.59,0
125,19,86.12,97.94,77.57,33.42,11.52,59.17,0
126,0,69.59,98.33,84.96,37.71,14.73,48.91,0
126,1,70.99,98.08,84.88,38.37,15.74,50.42,0
126,2,71.16,98.08,86.64,37.90,15.20,52.08,0
126,3,70.89,98.52,86.86,36.57,15.11,50.34,0
126,4,72.01,98.01,85.00,36.70,15.62,50.32,0
126,5,70.03,98.31,83.30,36.55,14.86,48.21,0
126,6,70.69,98.12,83.19,37.32,15.36,48.22,0
126,7,73.21,98.11,82.56,37.38,14.95,52.04,0
126,8,70.17,98.25,83.05,37.12,15.10,48.96,0
126,9,71.70,98.07,87.52,38.43,14.67,48.51,0
126,10,77.94,98.24,76.87,38.33,15.66,47.40,0
126,11,78.35,98.29,76.44,37.89,15.16,45.59,0
126,12,81.83,98.69,72.99,37.90,14.77,44.33,1
126,13,78.28,98.07,75.11,37.34,15.69,46.29,0
126,14,75.72,98.57,80.54,38.31,15.07,45.71,0
126,15,68.50,98.19,81.31,36.52,15.38,49.48,0
126,16,71.55,98.77,82.37,37.41,14.62,51.91,0
126,17,69.01,98.38,86.16,38.05,15.15,50.39,0
126,18,69.67,98.73,86.95,37.76,15.17,52.03,0
126,19,70.64,98.26,83.92,37.81,15.26,48.84,0
127,0,82.37,98.66,93.22,37.82,11.09,46.24,0
127,1,79.43,98.55,94.10,36.62,11.40,48.80,0
127,2,81.88,98.70,92.10,37.38,11.45,46.84,0
127,3,81.40,99.10,90.55,37.24,11.27,49.81,0
127,4,80.33,98.82,90.38,37.67,11.49,45.94,0
127,5,81.49,99.15,93.66,36.98,11.65,47.42,0
127,6,82.10,99.29,94.43,37.12,11.42,49.64,0
127,7,82.25,99.30,95.43,37.89,12.05,49.71,0
127,8,80.43,99.14,92.43,36.94,11.16,47.90,0
127,9,80.02,98.65,94.59,37.32,11.84,49.13,0
127,10,79.06,98.63,92.34,37.46,11.97,48.49,0
127,11,79.19,98.55,92.41,35.98,11.02,47.98,0
127,12,80.48,99.17,90.40,36.29,12.05,47.33,0
127,13,78.54,98.62,91.00,36.16,11.59,48.87,0
127,14,80.47,99.23,91.90,36.16,11.22,47.84,0
127,15,80.37,99.22,89.54,37.82,11.52,47.17,0
127,16,80.04,99.22,89.06,36.52,11.87,49.64,0
127,17,80.08,98.69,92.80,37.85,12.05,47.61,0
127,18,79.71,98.53,90.24,36.98,11.61,48.61,0
127,19,80.72,99.24,92.66,37.54,11.10,46.00,0
128,0,85.87,97.59,89.50,33.66,11.82,54.45,0
128,1,86.24,97.19,89.62,34.22,11.57,53.78,0
128,2,88.93,96.92,90.74,34.00,11.83,51.39,0
128,3,86.47,97.21,88.78,34.72,12.39,53.81,0
128,4,88.29,96.85,86.92,35.10,11.68,52.41,0
128,5,88.51,97.14,89.31,34.31,11.65,52.34,0
128,6,86.58,96.88,86.99,35.20,11.92,55.07,0
128,7,86.07,96.95,89.78,34.68,11.59,55.12,0
128,8,91.67,97.21,84.18,34.46,12.66,51.79,0
128,9,93.01,97.34,76.30,33.79,11.96,48.33,0
128,10,96.84,97.20,72.62,34.44,12.24,49.05,1
128,11,96.35,97.21,74.53,34.77,12.66,48.15,0
128,12,93.26,97.13,79.10,34.69,12.00,50.73,0
128,13,87.58,96.88,89.89,34.01,12.29,54.05,0
128,14,85.71,97.01,86.68,34.97,11.94,53.30,0
128,15,84.09,96.90,88.29,35.45,11.84,54.85,0
128,16,86.54,97.37,87.48,33.56,12.21,53.76,0
128,17,88.01,97.20,87.52,34.72,12.34,53.72,0
128,18,87.41,97.15,86.03,34.72,11.80,52.65,0
128,19,85.93,97.04,89.88,34.75,11.53,52.94,0
129,0,70.92,97.86,93.42,38.68,12.48,59.21,0
129,1,72.72,97.93,89.72,37.58,12.61,59.09,0
129,2,73.17,98.32,88.09,39.13,12.73,57.43,0
129,3,74.63,97.94,92.32,37.23,12.47,59.70,0
129,4,73.95,97.76,93.04,37.92,12.99,57.46,0
129,5,74.81,98.16,88.95,39.06,13.00,57.65,0
129,6,72.98,98.04,91.61,38.05,13.42,59.53,0
129,7,74.94,98.16,90.91,37.67,13.44,57.41,0
129,8,77.81,97.77,83.39,37.65,12.43,53.34,0
129,9,79.00,97.71,78.84,37.27,12.51,55.43,0
129,10,80.55,97.75,78.54,39.07,12.79,52.88,1
129,11,80.92,98.13,79.15,38.35,13.05,54.90,0
129,12,79.23,98.00,84.03,38.76,12.48,54.46,0
129,13,71.74,97.99,88.44,38.03,12.57,57.11,0
129,14,70.31,98.16,90.40,39.19,13.42,57.43,0
129,15,70.73,97.96,89.14,38.56,12.87,58.67,0
129,16,70.09,97.67,88.71,39.15,13.06,56.80,0
129,17,70.25,98.17,90.73,38.21,12.89,58.13,0
129,18,72.70,97.90,87.40,38.82,13.07,58.40,0
129,19,73.02,98.15,93.46,38.32,13.36,58.48,0
130,0,84.14,98.20,98.95,35.43,10.22,47.46,0
130,1,85.86,98.87,94.57,34.72,10.76,49.89,0
130,2,86.61,98.36,94.82,34.77,10.82,48.59,0
130,3,85.94,98.84,99.31,34.11,11.09,49.97,0
130,4,86.29,98.34,98.74,34.15,11.18,48.99,0
130,5,84.69,98.41,97.79,34.27,10.48,49.18,0
130,6,87.36,98.62,94.78,35.42,10.22,50.09,0
130,7,86.36,98.36,97.76,35.70,10.36,48.76,0
130,8,87.24,98.40,95.92,35.15,11.27,48.22,0
130,9,85.99,98.23,96.02,34.20,10.47,50.26,0
130,10,85.10,98.50,94.31,35.14,10.52,47.70,0
130,11,83.93,98.56,93.69,35.05,10.93,50.84,0
130,12,84.39,98.72,98.40,34.03,10.79,49.04,0
130,13,83.53,98.66,93.89,34.47,10.48,49.16,0
130,14,83.58,98.56,95.79,34.42,10.86,47.71,0
130,15,83.57,98.69,95.42,34.42,10.54,49.46,0
130,16,85.56,98.94,99.31,34.74,10.98,49.64,0
130,17,84.66,98.40,97.73,34.63,10.45,47.83,0
130,18,85.08,98.60,97.37,35.65,11.30,49.47,0
130,19,86.31,98.30,95.22,35.11,10.63,50.17,0
131,0,90.19,98.85,93.70,34.68,15.70,53.38,0
131,1,93.10,99.29,95.31,35.67,16.22,54.68,0
131,2,93.65,98.74,94.22,35.53,16.28,53.63,0
131,3,91.75,99.10,97.54,35.04,15.21,52.99,0
131,4,90.82,99.00,94.37,35.29,15.90,54.14,0
131,5,92.55,99.28,97.52,35.48,15.17,54.42,0
131,6,91.14,98.67,93.49,34.66,15.22,53.86,0
131,7,91.04,98.78,94.34,35.47,15.66,53.28,0
131,8,91.86,98.67,98.37,34.59,16.24,52.21,0
131,9,92.91,98.99,94.33,35.67,15.38,54.96,0
131,10,90.51,98.63,93.90,35.55,15.46,55.27,0
131,11,89.48,98.61,93.23,34.97,15.78,54.53,0
131,12,90.86,98.53,95.48,34.30,15.47,54.45,0
131,13,89.42,98.80,92.39,35.49,15.31,53.28,0
131,14,91.68,98.69,91.53,35.07,16.24,53.21,0
131,15,90.52,98.79,97.29,34.38,15.18,55.23,0
131,16,90.18,98.85,91.80,34.56,15.90,52.75,0
131,17,90.08,99.28,95.61,34.34,16.10,55.13,0
131,18,91.61,99.02,93.81,35.12,15.94,54.91,0
131,19,92.59,98.91,98.10,35.65,15.17,51.72,0
132,0,80.58,97.74,94.71,34.14,11.75,59.11,0
132,1,83.17,97.52,95.75,33.49,10.93,59.54,0
132,2,82.15,97.28,91.62,34.42,11.06,56.83,0
132,3,83.58,97.49,91.83,33.36,11.36,60.16,0
132,4,82.18,97.26,97.13,33.12,10.87,56.82,0
132,5,82.12,97.69,93.95,33.18,11.37,60.11,0
132,6,83.73,97.60,93.80,34.13,11.71,56.95,0
132,7,83.78,97.76,95.77,32.45,11.31,58.97,0
132,8,83.32,97.40,96.21,33.70,10.95,58.47,0
132,9,82.49,97.62,93.08,33.84,11.13,58.31,0
132,10,82.41,97.38,93.70,33.77,10.76,57.43,0
132,11,80.72,97.11,95.12,32.67,10.82,58.31,0
132,12,81.86,96.98,94.80,34.26,11.33,58.52,0
132,13,79.64,97.35,94.90,32.98,11.25,58.68,0
132,14,79.81,97.63,93.90,34.16,11.47,59.26,0
132,15,81.04,97.11,92.33,34.22,10.78,57.57,0
132,16,81.42,97.18,95.48,33.37,11.40,57.64,0
132,17,82.51,97.57,92.68,33.14,11.75,57.08,0
132,18,82.33,97.62,92.03,34.08,11.26,59.84,0
132,19,82.27,97.37,90.88,34.29,11.15,57.17,0
133,0,83.40,98.38,78.94,35.75,15.34,44.76,0
133,1,83.28,98.33,79.33,36.02,15.89,42.91,0
133,2,84.19,98.39,79.46,35.41,16.03,44.09,0
133,3,83.71,98.19,79.89,35.63,15.72,43.33,0
133,4,83.63,98.34,81.03,36.90,15.08,45.49,0
133,5,84.02,97.81,79.88,35.71,15.06,43.29,0
133,6,81.92,98.07,76.91,35.54,15.88,42.27,0
133,7,81.36,97.71,78.62,36.68,15.57,43.33,0
133,8,80.96,97.99,80.58,36.36,15.95,43.09,0
133,9,82.49,98.15,78.32,35.55,15.68,43.72,0
133,10,83.73,98.37,80.93,36.51,15.73,44.19,0
133,11,82.42,98.18,81.19,35.58,15.98,43.34,0
133,12,81.32,98.12,81.42,36.17,15.03,44.12,0
133,13,83.18,98.42,77.92,35.98,15.85,44.56,0
133,14,79.84,97.83,77.99,35.71,15.79,43.70,0
133,15,83.01,97.74,81.35,36.43,15.24,45.36,0
133,16,80.19,98.08,78.48,36.82,15.05,45.25,0
133,17,81.10,98.41,79.58,35.97,15.12,42.84,0
133,18,80.81,97.73,79.75,36.91,15.24,44.40,0
133,19,83.94,98.11,77.53,35.64,15.60,43.57,0
134,0,70.40,97.76,81.25,36.91,12.44,58.24,0
134,1,72.84,98.14,85.85,37.43,12.40,60.64,0
134,2,69.84,97.84,86.06,37.05,12.15,57.90,0
134,3,73.23,97.97,84.10,37.18,11.95,61.49,0
134,4,69.79,97.74,84.78,37.13,12.14,61.02,0
134,5,72.50,98.41,80.86,36.42,12.16,57.87,0
134,6,72.88,97.77,85.46,37.99,11.97,58.86,0
134,7,71.73,98.03,81.76,37.39,11.49,60.74,0
134,8,71.01,98.03,84.57,36.26,12.10,61.03,0
134,9,75.84,98.28,77.28,36.53,11.72,57.94,0
134,10,78.43,97.94,74.86,36.21,12.42,57.41,0
134,11,81.21,98.38,68.27,37.78,12.06,54.81,1
134,12,77.16,98.39,73.95,36.58,12.44,53.83,0
134,13,76.97,97.92,78.49,37.82,11.36,55.46,0
134,14,68.43,98.11,80.46,36.37,12.41,61.27,0
134,15,70.00,98.09,83.59,37.97,11.89,58.36,0
134,16,69.88,98.02,82.12,36.55,12.42,58.58,0
134,17,69.51,98.09,84.16,36.36,12.30,60.54,0
134,18,68.78,98.39,84.37,37.00,11.88,57.61,0
134,19,72.51,98.06,81.49,37.30,12.43,59.00,0
135,0,80.73,98.87,89.85,36.02,10.56,58.07,0
135,1,81.78,98.84,90.45,35.55,10.57,57.46,0
135,2,83.90,99.12,89.77,34.58,9.98,56.29,0
135,3,80.34,98.58,91.45,34.44,11.16,59.47,0
135,4,83.61,98.94,87.88,35.47,10.50,57.03,0
135,5,83.44,98.69,91.44,35.12,10.69,57.21,0
135,6,82.23,98.62,88.89,36.21,10.04,58.40,0
135,7,81.32,99.28,91.54,34.82,10.03,58.39,0
135,8,80.84,98.86,92.31,35.22,10.42,55.97,0
135,9,79.91,98.70,88.83,35.71,10.02,55.82,0
135,10,81.18,99.25,91.65,35.04,11.00,57.10,0
135,11,81.96,98.97,86.54,34.65,10.76,59.44,0
135,12,82.24,98.58,91.58,34.56,10.90,56.08,0
135,13,79.42,98.97,88.16,35.33,10.40,56.00,0
135,14,80.26,98.78,90.26,35.73,10.39,57.42,0
135,15,82.63,99.15,85.79,34.97,10.59,56.49,0
135,16,81.88,99.27,86.00,35.26,10.64,57.86,0
135,17,81.30,98.57,90.22,34.42,10.74,57.12,0
135,18,79.62,99.27,88.56,35.03,10.64,57.84,0
135,19,81.92,99.27,89.44,36.10,9.97,58.07,0
136,0,91.36,97.40,94.31,34.15,15.81,61.01,0
136,1,92.36,97.75,95.23,35.31,15.15,58.25,0
136,2,91.18,97.49,92.72,34.66,15.29,60.93,0
136,3,92.47,97.13,93.33,34.89,15.50,59.59,0
136,4,93.58,97.69,93.18,35.26,15.48,58.34,0
136,5,93.50,97.62,95.25,33.74,14.97,60.19,0
136,6,91.07,97.39,93.40,34.06,15.85,59.14,0
136,7,92.52,97.72,91.16,34.51,15.61,60.67,0
136,8,89.98,97.23,94.19,34.84,15.53,59.78,0
136,9,90.79,97.53,95.02,33.73,15.44,60.89,0
136,10,91.26,97.53,91.51,34.57,14.96,59.06,0
136,11,90.88,97.06,91.82,34.73,15.29,60.69,0
136,12,90.55,97.15,90.56,33.40,14.94,59.72,0
136,13,90.46,97.17,89.83,34.55,15.86,58.12,0
136,14,90.99,97.02,89.61,33.68,15.83,58.90,0
136,15,92.16,96.99,94.35,34.53,15.81,57.82,0
136,16,89.39,96.98,93.33,34.75,14.91,59.41,0
136,17,90.73,97.25,94.21,35.01,15.15,58.69,0
136,18,90.78,97.19,92.50,33.86,15.67,58.27,0
136,19,92.56,97.68,94.16,33.58,14.80,57.44,0
137,0,77.79,97.32,75.87,38.70,11.99,62.70,0
137,1,77.65,97.14,79.15,37.28,12.50,60.64,0
137,2,77.95,97.63,80.30,38.50,12.56,62.71,0
137,3,77.57,97.25,79.83,38.60,13.00,60.71,0
137,4,75.36,97.82,80.03,37.68,12.82,60.61,0
137,5,76.92,97.45,78.92,38.69,12.41,59.32,0
137,6,76.30,97.35,78.52,37.65,11.85,59.81,0
137,7,75.65,97.61,77.18,38.39,12.16,60.52,0
137,8,77.09,97.45,79.22,37.16,12.08,59.60,0
137,9,75.77,97.04,77.61,38.35,12.84,59.71,0
137,10,75.23,97.33,76.88,37.40,12.72,59.26,0
137,11,77.67,97.73,76.40,38.36,12.42,59.94,0
137,12,75.76,97.24,76.19,37.89,12.63,60.14,0
137,13,74.41,97.28,78.75,37.57,12.78,60.35,0
137,14,76.76,97.28,76.31,37.66,12.51,61.00,0
137,15,76.40,97.50,77.80,37.49,11.97,61.70,0
137,16,77.32,97.77,80.41,37.32,12.81,60.68,0
137,17,74.37,97.72,74.90,37.73,12.58,62.91,0
137,18,77.69,97.70,77.04,37.17,12.46,61.25,0
137,19,76.27,97.77,78.69,38.91,12.37,60.84,0
138,0,80.94,97.32,94.31,33.35,15.79,54.33,0
138,1,84.33,97.60,92.79,32.60,16.02,54.34,0
138,2,82.15,97.76,93.30,33.14,15.79,53.72,0
138,3,83.04,97.26,91.43,33.82,15.14,53.50,0
138,4,84.47,97.59,94.64,33.07,15.22,53.53,0
138,5,82.16,97.88,92.09,33.63,15.40,56.42,0
138,6,81.87,97.40,94.95,33.81,15.54,53.36,0
138,7,81.22,97.77,95.04,33.55,14.98,56.18,0
138,8,81.97,97.26,94.41,33.45,15.46,56.61,0
138,9,82.79,97.52,96.41,33.21,15.74,54.25,0
138,10,82.99,97.64,91.84,32.61,15.99,53.56,0
138,11,80.46,97.74,91.84,33.25,15.18,55.18,0
138,12,81.69,97.81,93.18,34.10,15.73,55.16,0
138,13,81.17,97.38,92.36,33.72,15.00,53.99,0
138,14,81.42,97.75,92.10,32.65,15.01,53.32,0
138,15,82.84,97.80,93.14,32.81,14.98,57.15,0
138,16,82.76,97.94,94.80,33.23,15.50,54.81,0
138,17,81.61,97.88,95.18,32.28,15.02,56.05,0
138,18,81.26,97.75,94.58,33.05,14.99,55.13,0
138,19,83.61,98.00,93.44,32.19,15.73,54.11,0
139,0,89.75,98.27,82.62,36.29,13.32,62.10,0
139,1,92.77,98.29,85.72,36.59,12.69,60.81,0
139,2,91.21,98.19,83.89,37.80,12.89,60.70,0
139,3,91.25,98.26,80.45,36.92,12.49,61.47,0
139,4,92.87,97.90,83.64,37.62,13.05,62.69,0
139,5,90.70,97.86,82.28,36.20,13.43,59.48,0
139,6,92.86,98.15,85.68,37.49,12.58,62.46,0
139,7,92.90,98.28,81.31,37.28,12.66,61.96,0
139,8,89.51,97.77,80.75,37.76,12.67,62.66,0
139,9,92.63,98.34,83.16,37.97,12.78,61.54,0
139,10,89.24,97.81,80.22,36.30,12.42,59.65,0
139,11,88.63,98.03,83.28,37.22,12.48,62.83,0
139,12,89.99,98.28,81.90,36.52,13.09,60.89,0
139,13,89.44,97.87,84.70,37.80,13.27,61.33,0
139,14,90.84,98.04,84.27,36.99,12.60,59.71,0
139,15,89.88,98.40,79.94,36.71,13.11,59.50,0
139,16,90.76,98.31,82.83,36.25,13.10,62.72,0
139,17,92.25,98.10,84.86,36.54,12.91,61.46,0
139,18,89.96,98.26,80.37,36.40,13.16,59.93,0
139,19,91.15,97.92,81.78,37.29,12.93,61.84,0
140,0,72.70,98.15,81.78,35.14,14.36,42.61,0
140,1,74.93,97.90,83.93,33.94,14.12,43.48,0
140,2,76.65,98.10,79.52,34.44,14.58,42.77,0
140,3,73.80,97.83,83.47,34.13,14.29,41.75,0
140,4,74.21,97.82,84.63,33.49,14.27,43.23,0
140,5,74.39,98.38,82.40,34.11,14.02,45.28,0
140,6,73.25,98.05,81.61,34.27,14.17,43.46,0
140,7,74.16,97.88,79.32,33.44,14.30,44.82,0
140,8,74.29,98.34,82.53,35.21,13.53,44.28,0
140,9,79.66,98.38,76.86,34.64,14.19,41.54,0
140,10,81.21,98.23,70.83,34.53,14.62,40.93,0
140,11,85.33,98.28,69.33,33.95,14.05,39.13,1
140,12,82.90,98.41,70.33,34.12,13.54,40.01,0
140,13,81.16,98.00,73.47,33.79,14.25,42.65,0
140,14,74.31,98.12,81.49,35.31,13.54,44.61,0
140,15,72.00,98.14,81.72,34.94,13.69,41.86,0
140,16,75.47,98.39,78.39,34.04,13.68,42.05,0
140,17,75.19,97.89,78.89,33.57,13.61,42.82,0
140,18,72.76,98.55,81.96,33.83,14.35,43.06,0
140,19,73.76,97.84,83.56,34.42,14.52,43.89,0
141,0,82.66,97.40,80.72,32.83,15.08,42.80,0
141,1,80.91,97.27,80.70,33.27,15.50,42.92,0
141,2,82.00,97.39,83.50,32.43,14.63,44.07,0
141,3,83.79,97.37,81.47,32.45,14.73,42.24,0
141,4,84.59,97.54,80.34,32.77,15.21,42.90,0
141,5,84.92,97.18,80.36,32.40,15.39,43.34,0
141,6,83.15,97.36,83.80,32.52,14.87,40.75,0
141,7,83.66,97.36,83.29,32.75,14.86,43.15,0
141,8,81.06,97.41,79.76,32.76,14.98,42.32,0
141,9,82.79,97.44,80.31,34.18,15.08,43.63,0
141,10,87.57,97.71,76.67,33.75,15.25,39.86,0
141,11,89.44,97.23,72.40,32.39,15.26,39.08,0
141,12,90.06,97.50,64.68,32.94,15.07,38.41,1
141,13,90.32,97.55,69.88,33.33,14.78,36.71,0
141,14,87.14,97.60,76.52,33.75,15.16,38.21,0
141,15,81.07,97.50,83.34,32.26,15.52,42.11,0
141,16,80.85,97.80,82.64,32.53,15.62,40.49,0
141,17,83.45,97.07,83.20,33.31,14.78,43.51,0
141,18,81.21,97.24,78.55,33.41,14.91,43.61,0
141,19,81.89,97.70,82.28,33.64,14.99,43.90,0
142,0,82.32,98.72,91.05,36.19,15.90,57.07,0
142,1,84.45,98.70,89.08,37.38,15.51,54.12,0
142,2,85.99,98.51,87.47,37.03,15.63,53.88,0
142,3,85.87,98.32,88.30,37.34,16.51,56.46,0
142,4,85.19,98.57,93.15,36.89,15.62,54.52,0
142,5,84.13,98.37,92.72,37.83,15.45,57.36,0
142,6,84.82,98.25,90.96,37.49,16.22,53.56,0
142,7,82.57,98.23,90.25,37.18,15.90,54.78,0
142,8,85.03,98.22,89.91,37.05,16.41,56.27,0
142,9,84.02,98.46,91.54,36.13,15.88,56.90,0
142,10,85.48,98.21,89.54,36.36,15.71,56.62,0
142,11,82.59,98.10,88.77,36.33,16.48,53.61,0
142,12,83.27,98.18,89.32,36.45,16.09,56.65,0
142,13,82.09,98.14,86.59,37.42,16.22,53.72,0
142,14,84.18,98.78,88.48,36.52,15.81,55.96,0
142,15,81.79,98.50,90.28,37.64,16.29,55.74,0
142,16,83.26,98.78,91.04,37.59,15.70,55.28,0
142,17,85.01,98.53,87.39,37.06,15.35,56.57,0
142,18,82.24,98.33,91.33,36.17,16.32,54.99,0
142,19,84.87,98.29,89.11,37.05,15.81,55.26,0
143,0,71.69,98.12,91.71,39.23,12.86,49.10,0
143,1,71.00,98.48,96.07,39.41,12.17,48.73,0
143,2,70.45,98.55,96.32,38.02,12.06,48.50,0
143,3,69.99,98.43,94.62,37.96,12.60,45.93,0
143,4,69.68,98.25,94.98,38.70,12.27,48.68,0
143,5,69.84,98.33,97.24,38.26,12.33,47.18,0
143,6,70.05,98.35,92.96,38.06,12.37,47.82,0
143,7,69.53,98.23,93.79,39.13,12.11,47.76,0
143,8,71.73,98.62,95.34,37.96,13.01,48.29,0
143,9,72.54,98.38,96.55,39.60,12.79,46.46,0
143,10,70.71,97.89,94.62,39.59,12.86,47.77,0
143,11,68.60,97.91,94.57,38.35,13.14,47.26,0
143,12,70.97,98.66,93.25,39.40,12.02,45.66,0
143,13,71.62,98.15,93.12,39.52,12.94,46.61,0
143,14,69.13,98.65,95.14,38.00,12.35,48.04,0
143,15,70.68,98.05,96.42,39.51,12.71,46.63,0
143,16,68.56,97.97,95.31,39.18,12.71,45.63,0
143,17,68.54,98.15,96.99,38.03,12.43,48.88,0
143,18,70.06,97.94,95.04,39.31,11.98,46.74,0
143,19,72.49,98.39,93.02,38.28,12.70,48.47,0
144,0,92.23,98.38,93.34,37.08,14.98,52.11,0
144,1,89.94,98.67,95.11,37.29,14.44,52.06,0
144,2,90.06,98.55,98.54,37.13,14.17,50.95,0
144,3,93.18,98.25,97.19,37.56,15.05,51.06,0
144,4,93.11,98.50,99.46,37.27,14.70,52.00,0
144,5,90.22,98.68,95.06,36.79,14.57,52.68,0
144,6,90.77,98.40,97.92,36.46,14.88,53.09,0
144,7,91.78,98.75,98.20,37.45,14.44,51.43,0
144,8,89.36,98.25,96.44,37.36,14.75,52.86,0
144,9,92.78,98.79,95.61,37.64,14.91,52.22,0
144,10,90.29,98.40,93.26,37.67,14.71,53.51,0
144,11,88.94,98.56,92.80,36.39,14.43,53.99,0
144,12,89.68,98.48,94.79,35.68,14.34,51.18,0
144,13,89.37,98.85,92.71,37.24,14.83,52.52,0
144,14,91.28,98.31,92.43,37.05,14.64,53.37,0
144,15,88.38,98.32,95.58,36.34,13.91,52.39,0
144,16,90.29,98.54,93.35,35.84,14.83,54.07,0
144,17,88.96,98.61,97.17,37.09,14.50,51.52,0
144,18,89.17,98.83,95.89,36.30,14.72,54.22,0
144,19,90.09,98.56,96.78,36.93,14.15,52.28,0
145,0,77.46,99.00,88.58,34.75,11.17,48.75,0
145,1,78.55,98.75,84.37,35.06,10.35,47.67,0
145,2,78.26,99.23,88.22,34.89,11.03,45.53,0
145,3,81.09,99.10,87.46,33.86,10.70,48.13,0
145,4,81.71,98.90,88.13,34.64,10.64,48.35,0
145,5,81.20,98.89,87.27,34.68,10.80,47.76,0
145,6,78.66,98.95,87.79,34.52,10.77,47.69,0
145,7,78.15,99.36,86.36,35.69,10.36,47.37,0
145,8,80.96,99.29,84.93,34.27,10.87,47.04,0
145,9,79.74,99.37,83.40,34.19,10.95,46.64,0
145,10,77.85,99.22,87.56,34.59,11.30,47.92,0
145,11,77.11,99.10,84.11,34.09,10.74,45.90,0
145,12,78.37,98.90,83.05,33.81,10.23,46.73,0
145,13,77.69,99.33,83.48,34.16,10.99,46.93,0
145,14,78.66,99.00,86.82,34.03,11.30,47.03,0
145,15,78.95,99.33,86.90,34.43,10.49,47.68,0
145,16,80.05,99.10,82.38,35.36,11.35,46.90,0
145,17,78.05,99.11,84.78,33.96,11.25,45.64,0
145,18,78.53,99.02,88.22,35.12,11.37,47.75,0
145,19,78.01,99.36,83.56,34.50,11.30,46.56,0
146,0,87.97,98.19,94.13,35.86,12.88,49.20,0
146,1,89.82,98.86,96.12,37.31,13.63,47.91,0
146,2,89.86,98.59,95.64,37.06,12.87,49.88,0
146,3,91.99,98.85,92.70,35.85,12.75,49.81,0
146,4,90.32,98.66,95.94,37.27,12.48,50.69,0
146,5,90.39,98.12,97.50,36.90,13.38,47.74,0
146,6,91.78,98.34,95.43,36.10,13.02,50.54,0
146,7,89.70,98.10,92.61,36.12,13.01,50.70,0
146,8,88.99,98.15,93.70,36.01,13.25,49.86,0
146,9,88.76,98.77,96.58,37.44,13.31,50.27,0
146,10,90.32,98.52,96.63,35.57,12.97,51.47,0
146,11,87.76,98.63,95.88,36.81,13.58,47.82,0
146,12,90.86,98.54,93.41,36.37,13.43,48.63,0
146,13,88.43,98.18,91.90,37.34,13.23,51.47,0
146,14,88.40,98.23,92.62,36.27,13.01,51.35,0
146,15,87.38,98.75,94.00,37.40,13.17,51.42,0
146,16,90.09,98.31,94.04,35.91,12.68,50.83,0
146,17,90.77,98.52,91.54,36.17,12.82,48.06,0
146,18,87.68,98.70,91.20,36.81,13.17,50.10,0
146,19,89.27,98.68,96.56,35.49,13.25,48.68,0
147,0,87.71,97.84,97.44,36.72,10.63,50.80,0
147,1,84.66,97.81,97.22,35.45,10.12,51.43,0
147,2,84.39,97.76,96.39,36.04,10.82,51.70,0
147,3,86.24,97.25,94.84,36.51,11.02,48.36,0
147,4,87.57,97.56,96.99,36.67,10.58,50.46,0
147,5,88.30,97.06,95.17,37.21,10.41,48.69,0
147,6,86.48,97.14,97.95,35.42,10.55,50.91,0
147,7,87.98,97.63,99.44,35.78,10.78,49.71,0
147,8,85.16,97.36,97.69,35.54,10.13,51.69,0
147,9,85.50,97.38,94.92,36.42,11.12,51.87,0
147,10,84.74,97.45,96.61,37.21,10.14,48.68,0
147,11,86.35,97.13,96.88,35.74,11.02,50.63,0
147,12,84.52,97.39,98.17,36.06,10.81,48.85,0
147,13,83.95,97.49,99.20,37.34,10.49,48.74,0
147,14,83.01,97.72,98.62,35.73,10.64,52.07,0
147,15,86.96,97.82,94.29,36.59,10.91,52.16,0
147,16,83.99,97.83,96.97,36.74,10.57,50.51,0
147,17,86.63,97.10,96.71,37.25,10.91,51.09,0
147,18,83.86,97.09,98.17,37.30,10.37,49.89,0
147,19,87.52,97.28,94.57,36.01,11.11,49.43,0
148,0,82.84,98.42,80.14,38.84,12.62,56.30,0
148,1,80.72,98.10,80.56,38.14,12.68,54.40,0
148,2,81.00,97.92,80.49,38.41,12.24,54.20,0
148,3,83.46,98.38,84.16,38.38,13.04,57.71,0
148,4,81.18,98.01,82.96,39.28,11.96,55.15,0
148,5,84.39,98.26,83.22,37.53,12.02,55.23,0
148,6,84.56,97.78,82.55,38.99,12.38,56.20,0
148,7,81.25,98.34,84.24,39.17,12.23,54.28,0
148,8,82.31,97.82,81.77,37.84,12.28,56.85,0
148,9,86.38,97.91,78.85,37.95,12.76,52.20,0
148,10,88.27,97.87,71.61,39.28,12.58,54.14,0
148,11,91.95,97.78,65.68,39.14,12.67,50.06,1
148,12,89.96,98.45,71.14,37.82,12.40,50.92,0
148,13,86.10,97.90,72.99,38.34,12.56,54.94,0
148,14,82.99,98.27,80.55,39.14,12.02,57.71,0
148,15,80.88,98.28,80.55,37.76,12.84,55.06,0
148,16,79.95,97.91,79.79,38.91,12.38,55.03,0
148,17,83.33,98.22,81.63,37.69,12.71,55.83,0
148,18,81.04,98.42,83.86,38.88,12.09,56.20,0
148,19,80.99,98.24,83.08,38.37,12.01,57.74,0
149,0,84.39,98.62,81.22,35.25,15.36,61.53,0
149,1,84.65,99.18,85.52,36.18,16.25,59.46,0
149,2,86.25,98.53,86.18,36.24,15.42,57.90,0
149,3,85.92,98.95,85.77,37.02,15.31,59.95,0
149,4,85.99,98.64,82.69,35.24,15.95,58.57,0
149,5,86.09,98.58,83.95,35.55,15.39,58.75,0
149,6,83.73,99.09,84.46,36.51,15.98,60.32,0
149,7,84.58,98.54,84.84,35.04,15.48,61.11,0
149,8,85.94,98.58,84.79,35.38,16.19,59.29,0
149,9,83.03,98.86,86.00,36.24,15.72,57.78,0
149,10,85.32,98.77,80.76,36.27,16.26,61.04,0
149,11,86.17,98.92,84.40,36.32,15.78,59.72,0
149,12,84.02,99.24,84.44,35.34,15.95,58.10,0
149,13,85.58,99.02,84.42,35.88,15.61,60.01,0
149,14,84.05,98.90,80.37,35.21,15.39,60.76,0
149,15,83.27,98.90,80.59,36.15,15.20,59.14,0
149,16,84.28,99.09,79.93,36.70,15.19,60.75,0
149,17,82.66,98.58,82.81,35.41,15.98,61.55,0
149,18,84.92,99.24,84.29,36.71,15.98,61.08,0
149,19,83.60,98.73,85.62,36.10,15.24,59.46,0
150,0,90.81,97.83,97.47,35.12,11.00,46.63,0
150,1,87.67,97.62,95.43,34.57,10.22,46.74,0
150,2,89.00,97.77,96.47,34.88,10.21,46.67,0
150,3,89.77,97.77,97.54,34.62,10.78,48.33,0
150,4,87.99,97.65,99.30,34.21,10.03,48.49,0
150,5,88.37,97.76,98.41,35.64,10.77,47.09,0
150,6,88.53,97.39,100.14,35.50,10.59,47.67,0
150,7,88.33,97.91,98.96,34.83,10.73,49.29,0
150,8,89.49,97.47,100.95,35.78,10.82,47.68,0
150,9,91.20,97.61,95.18,35.84,10.53,47.92,0
150,10,88.73,97.89,97.04,35.00,10.09,48.76,0
150,11,89.20,97.54,100.24,33.97,10.21,46.60,0
150,12,87.73,97.72,94.95,33.97,10.07,49.90,0
150,13,89.94,97.61,99.23,35.72,10.61,49.61,0
150,14,88.58,97.30,99.52,34.22,10.88,47.38,0
150,15,86.88,97.32,98.23,34.70,10.26,49.36,0
150,16,90.17,97.65,98.42,33.93,10.84,47.58,0
150,17,89.67,97.53,94.73,35.75,10.59,47.01,0
150,18,87.70,97.92,96.71,34.26,9.92,46.60,0
150,19,89.26,97.58,96.42,35.11,11.01,46.68,0
151,0,81.69,98.04,92.00,37.67,10.91,47.57,0
151,1,81.83,98.34,93.33,37.75,10.41,49.87,0
151,2,81.13,98.19,94.78,39.36,11.30,50.48,0
151,3,82.56,97.86,94.25,39.19,11.18,48.82,0
151,4,80.11,98.27,94.31,38.12,10.65,49.73,0
151,5,78.92,98.22,96.01,38.57,11.07,50.17,0
151,6,82.01,98.44,94.85,37.46,10.44,48.26,0
151,7,82.44,98.07,90.61,39.17,10.60,49.06,0
151,8,82.02,98.17,93.94,39.12,11.33,47.01,0
151,9,80.97,97.79,92.75,39.27,11.15,50.88,0
151,10,79.97,98.19,91.41,39.17,10.36,49.47,0
151,11,80.90,97.83,93.97,39.36,10.38,47.32,0
151,12,78.04,98.52,94.44,38.08,11.30,48.80,0
151,13,78.97,98.13,90.52,37.66,10.72,50.51,0
151,14,77.46,97.90,92.47,39.25,11.24,49.79,0
151,15,78.56,98.48,89.07,38.95,10.79,49.68,0
151,16,77.48,97.83,90.30,38.29,10.26,48.07,0
151,17,80.60,98.52,91.17,38.55,11.03,47.02,0
151,18,78.33,98.07,89.98,37.50,10.80,48.37,0
151,19,80.99,98.09,90.15,38.28,11.17,50.87,0
152,0,73.86,96.92,89.94,35.43,10.09,51.55,0
152,1,73.93,97.54,90.55,34.75,10.46,49.58,0
152,2,74.47,97.22,93.30,34.73,10.53,48.74,0
152,3,74.27,97.29,89.00,33.92,10.52,49.98,0
152,4,73.90,96.94,91.24,34.04,9.90,50.31,0
152,5,74.04,96.79,91.82,34.35,10.50,51.25,0
152,6,73.08,96.94,93.51,34.78,10.96,50.56,0
152,7,72.81,97.20,93.83,34.39,10.41,49.42,0
152,8,72.92,97.29,91.17,34.46,10.89,49.20,0
152,9,73.59,97.01,91.82,35.16,10.52,47.69,0
152,10,80.29,96.93,87.25,35.11,10.08,46.70,0
152,11,83.70,96.86,83.63,35.48,10.33,45.18,0
152,12,83.49,97.42,77.66,34.34,9.89,42.84,1
152,13,82.27,97.48,81.59,35.62,9.86,45.31,0
152,14,78.18,97.47,82.04,33.91,10.97,45.70,0
152,15,72.54,97.01,91.04,35.25,10.94,50.66,0
152,16,74.84,97.01,89.30,34.41,10.21,49.16,0
152,17,73.47,96.93,88.95,33.85,10.85,47.98,0
152,18,74.67,96.77,89.28,34.82,9.80,50.45,0
152,19,73.38,97.25,89.05,34.66,10.38,49.00,0
153,0,90.44,97.61,95.25,36.50,11.06,58.17,0
153,1,89.31,97.36,91.85,36.56,11.16,56.00,0
153,2,88.63,96.93,90.35,36.38,11.30,55.33,0
153,3,91.20,97.17,95.78,36.50,10.55,57.63,0
153,4,89.81,97.58,96.21,37.48,10.70,56.12,0
153,5,91.25,97.41,90.99,36.17,10.35,56.07,0
153,6,91.29,97.36,93.18,37.19,10.91,55.81,0
153,7,92.03,97.01,92.06,36.12,10.57,56.53,0
153,8,89.30,97.30,91.15,36.96,11.17,58.44,0
153,9,91.05,97.11,92.95,36.24,10.28,58.95,0
153,10,90.47,97.24,90.04,35.77,11.09,56.10,0
153,11,87.53,97.58,94.29,37.22,10.94,56.86,0
153,12,89.16,97.65,93.10,37.10,10.75,56.09,0
153,13,87.96,96.98,91.75,36.85,10.89,59.15,0
153,14,86.87,96.93,93.43,36.15,10.71,58.90,0
153,15,89.49,97.24,91.49,36.65,10.22,56.13,0
153,16,87.10,97.60,90.97,35.75,10.38,57.30,0
153,17,89.01,97.32,94.03,37.13,10.33,58.97,0
153,18,87.81,96.97,93.86,36.20,10.22,55.32,0
153,19,89.40,97.01,94.37,35.79,10.25,58.28,0
154,0,85.52,98.02,96.36,34.42,11.71,62.82,0
154,1,86.51,98.04,99.66,33.30,11.08,59.98,0
154,2,86.94,98.02,99.13,33.32,11.42,59.99,0
154,3,87.56,97.60,96.81,33.16,12.07,61.06,0
154,4,89.99,97.95,97.83,34.27,11.42,59.93,0
154,5,88.49,97.61,97.75,34.61,11.12,59.60,0
154,6,88.86,97.60,95.00,33.86,11.99,59.82,0
154,7,88.02,98.09,98.27,34.87,11.96,62.92,0
154,8,88.30,97.82,99.76,34.49,11.92,62.96,0
154,9,87.79,98.05,99.26,33.01,11.90,62.75,0
154,10,86.56,97.76,96.47,34.59,11.69,62.35,0
154,11,87.53,97.66,97.49,34.50,11.57,59.54,0
154,12,85.13,98.05,95.85,33.55,11.68,63.29,0
154,13,87.78,98.11,98.47,34.31,11.00,62.42,0
154,14,85.45,97.96,96.02,34.26,11.28,60.28,0
154,15,85.33,97.84,96.11,33.47,11.12,60.66,0
154,16,87.35,97.87,94.91,34.81,11.36,61.05,0
154,17,85.78,98.00,93.73,34.78,11.79,62.97,0
154,18,87.03,97.53,95.16,34.82,11.26,62.60,0
154,19,89.23,97.83,96.60,34.41,11.69,62.66,0
155,0,73.98,97.65,91.35,39.18,13.28,59.45,0
155,1,73.75,97.95,90.51,37.70,13.29,57.23,0
155,2,71.79,98.04,89.08,37.35,13.61,56.98,0
155,3,73.12,98.12,89.98,38.33,13.49,59.71,0
155,4,71.94,97.94,92.29,38.07,12.83,58.96,0
155,5,72.66,97.72,90.50,39.09,12.67,57.31,0
155,6,74.02,97.83,89.63,38.16,12.70,57.80,0
155,7,72.11,97.78,88.18,37.98,13.38,58.52,0
155,8,74.34,97.63,90.86,38.09,13.09,59.27,0
155,9,72.98,97.74,89.20,38.83,13.54,56.82,0
155,10,77.37,97.74,82.40,38.84,13.65,54.97,0
155,11,82.10,97.69,79.70,39.11,13.01,54.46,0
155,12,84.18,98.30,75.92,39.11,12.92,53.33,1
155,13,81.64,98.11,81.02,37.48,13.24,52.87,0
155,14,76.91,98.21,84.75,38.51,12.98,56.79,0
155,15,70.23,98.20,89.37,37.47,12.82,59.88,0
155,16,71.19,97.84,88.57,38.46,13.02,58.36,0
155,17,71.07,98.22,90.84,39.17,13.01,58.39,0
155,18,71.77,98.00,92.32,38.77,13.57,56.83,0
155,19,72.76,97.58,91.06,37.32,13.18,56.70,0
156,0,77.66,98.65,89.35,38.77,13.19,43.38,0
156,1,75.53,98.33,87.12,39.30,14.14,44.53,0
156,2,75.66,98.44,87.10,38.09,14.22,42.62,0
156,3,75.93,98.85,88.20,38.69,13.48,43.73,0
156,4,75.78,98.76,87.59,39.03,13.40,45.61,0
156,5,77.37,98.89,86.79,39.03,13.87,46.08,0
156,6,77.57,98.84,91.74,38.39,13.96,46.14,0
156,7,75.81,98.21,91.35,38.36,13.59,45.45,0
156,8,77.05,98.88,91.66,38.37,13.95,45.34,0
156,9,77.62,98.32,88.39,37.92,13.77,43.27,0
156,10,74.31,98.50,86.11,38.15,13.61,45.79,0
156,11,75.77,98.48,90.33,37.83,14.01,46.30,0
156,12,74.30,98.75,86.78,38.11,13.65,43.00,0
156,13,75.44,98.71,87.79,38.21,13.42,43.39,0
156,14,76.91,98.22,86.91,37.99,14.37,43.77,0
156,15,75.42,98.46,87.46,38.70,13.70,43.15,0
156,16,76.94,98.84,89.64,39.36,14.37,46.02,0
156,17,77.47,98.46,86.86,39.28,13.56,45.82,0
156,18,75.82,98.52,90.69,37.93,14.10,45.42,0
156,19,77.25,98.67,87.46,39.06,13.78,43.36,0
157,0,74.59,97.78,85.06,37.26,11.62,52.98,0
157,1,74.81,98.10,88.15,37.20,11.96,55.34,0
157,2,76.73,98.15,87.87,37.92,11.64,53.33,0
157,3,74.09,98.02,89.17,38.05,11.94,55.04,0
157,4,73.34,97.82,88.41,37.17,11.97,53.18,0
157,5,75.10,98.06,91.26,37.01,11.96,53.36,0
157,6,74.75,98.28,87.49,37.99,11.32,51.39,0
157,7,73.88,97.66,88.11,37.94,11.69,53.08,0
157,8,73.08,97.80,90.63,38.24,11.60,53.86,0
157,9,76.24,98.01,88.29,36.59,11.60,51.73,0
157,10,75.88,97.55,90.24,36.46,11.04,51.66,0
157,11,72.11,97.96,84.42,38.20,11.56,53.47,0
157,12,72.36,97.80,86.47,37.56,11.85,53.59,0
157,13,73.41,97.65,88.94,36.43,11.50,52.99,0
157,14,73.68,97.88,85.18,36.98,11.58,51.89,0
157,15,75.29,97.68,86.86,36.81,12.20,52.05,0
157,16,71.96,97.59,85.11,37.10,12.02,55.29,0
157,17,73.55,97.58,89.76,37.11,12.07,51.75,0
157,18,73.06,97.72,90.12,36.35,11.92,52.52,0
157,19,73.46,98.15,88.67,37.39,11.75,53.51,0
158,0,85.79,97.15,94.68,33.64,11.33,41.79,0
158,1,82.66,97.12,98.69,33.80,11.00,42.20,0
158,2,83.20,97.31,94.53,32.72,10.87,41.03,0
158,3,86.47,97.22,95.20,32.48,10.84,42.32,0
158,4,85.05,97.24,97.95,33.57,10.85,43.81,0
158,5,85.09,96.85,98.39,33.22,10.66,43.10,0
158,6,86.95,97.35,96.26,33.78,11.53,44.04,0
158,7,84.43,96.92,96.04,32.62,11.26,44.05,0
158,8,85.55,97.23,99.13,33.89,10.90,43.22,0
158,9,85.68,97.48,94.79,33.92,10.81,40.58,0
158,10,85.02,97.17,94.19,32.43,10.91,41.43,0
158,11,84.91,97.37,96.38,33.31,10.88,42.47,0
158,12,84.90,96.96,97.13,33.01,11.44,40.52,0
158,13,82.10,97.12,92.46,33.89,11.70,43.03,0
158,14,85.33,97.42,97.27,32.44,11.38,41.12,0
158,15,83.39,96.99,95.55,33.08,11.83,41.58,0
158,16,84.66,97.12,97.96,32.63,11.09,43.69,0
158,17,83.23,97.03,94.58,33.21,11.80,40.52,0
158,18,86.01,97.23,93.90,32.82,11.41,43.42,0
158,19,82.64,97.60,96.52,33.45,10.73,42.26,0
159,0,85.62,96.88,85.79,33.17,15.68,40.78,0
159,1,84.12,96.74,84.35,32.86,16.07,41.67,0
159,2,86.47,97.36,88.21,32.14,15.45,40.37,0
159,3,85.45,97.19,88.28,32.59,15.35,43.26,0
159,4,85.44,96.97,86.41,33.33,16.10,43.29,0
159,5,88.30,96.93,85.83,32.81,15.92,43.65,0
159,6,86.60,97.48,88.93,32.17,16.07,43.28,0
159,7,87.95,97.18,89.19,32.35,15.95,43.01,0
159,8,86.94,97.27,89.21,32.77,16.24,41.87,0
159,9,84.97,96.88,84.15,33.41,15.74,40.25,0
159,10,86.53,97.03,85.06,32.83,15.90,41.76,0
159,11,83.58,96.86,84.35,33.86,15.96,40.93,0
159,12,83.96,96.88,88.17,34.01,15.78,42.12,0
159,13,86.44,96.78,86.95,33.49,16.46,44.14,0
159,14,86.26,97.18,85.16,33.85,15.47,41.53,0
159,15,85.86,97.40,85.80,33.72,15.73,41.26,0
159,16,84.83,97.13,82.85,33.10,15.45,41.71,0
159,17,85.05,97.36,83.43,33.59,15.53,42.57,0
159,18,85.46,96.96,87.63,33.40,16.33,41.40,0
159,19,84.83,97.53,85.60,32.78,16.02,43.93,0
160,0,72.36,97.32,98.01,34.36,14.72,53.68,0
160,1,72.48,97.41,96.52,33.83,13.86,55.44,0
160,2,71.61,96.96,99.72,34.11,14.67,54.19,0
160,3,71.74,97.44,96.27,34.42,14.07,55.45,0
160,4,71.94,97.38,95.51,34.48,14.82,53.42,0
160,5,73.69,97.12,97.24,33.58,14.65,55.07,0
160,6,74.84,97.22,100.04,33.77,14.29,53.45,0
160,7,74.96,97.21,95.90,34.27,14.31,54.25,0
160,8,71.43,97.21,95.35,34.05,13.87,54.93,0
160,9,72.37,97.26,96.90,34.89,14.27,55.97,0
160,10,71.91,97.21,99.54,33.32,14.63,54.42,0
160,11,72.28,97.34,96.78,33.49,14.43,52.59,0
160,12,72.90,97.26,96.02,35.09,14.54,54.66,0
160,13,72.69,97.08,95.31,34.40,14.37,53.17,0
160,14,70.83,96.71,95.48,34.63,14.67,52.36,0
160,15,71.32,97.42,94.28,35.07,14.85,55.41,0
160,16,71.88,97.30,98.50,34.51,13.76,54.80,0
160,17,70.53,97.37,93.70,33.31,14.58,53.76,0
160,18,71.82,96.97,93.72,34.88,13.91,56.01,0
160,19,73.51,97.20,94.46,34.60,14.71,55.04,0
161,0,71.14,98.02,95.25,38.10,16.02,58.19,0
161,1,70.14,98.06,95.76,37.63,15.37,54.78,0
161,2,69.81,98.30,95.09,37.14,15.17,56.10,0
161,3,71.74,97.69,94.46,36.84,15.99,57.11,0
161,4,72.60,97.63,95.43,36.94,15.91,56.45,0
161,5,69.10,97.80,93.37,36.33,15.90,56.92,0
161,6,72.26,97.58,93.00,36.70,15.75,58.12,0
161,7,69.12,97.83,95.24,37.73,15.63,55.22,0
161,8,69.67,97.97,94.72,37.01,16.24,57.28,0
161,9,69.91,97.88,97.25,37.88,15.10,56.91,0
161,10,76.11,97.59,91.75,36.30,15.88,54.89,0
161,11,75.84,97.72,83.34,37.76,15.82,50.32,0
161,12,79.15,97.93,81.28,36.89,15.34,50.80,1
161,13,76.44,97.66,85.31,36.63,15.17,50.85,0
161,14,73.93,98.05,87.45,36.91,15.85,52.24,0
161,15,70.57,97.55,91.53,37.00,15.93,56.20,0
161,16,71.38,97.58,95.65,37.30,15.96,55.14,0
161,17,71.44,97.95,97.15,36.98,16.27,56.18,0
161,18,68.31,97.59,93.16,37.17,15.77,57.70,0
161,19,72.09,97.79,92.09,37.90,16.15,54.36,0
162,0,83.06,98.42,77.05,38.56,13.12,61.86,0
162,1,86.13,98.14,79.06,38.36,13.60,60.05,0
162,2,86.55,98.32,81.93,38.32,13.62,59.25,0
162,3,84.96,98.15,77.88,38.65,13.40,61.09,0
162,4,84.31,97.93,81.00,37.87,13.00,61.68,0
162,5,87.35,98.23,78.89,38.67,14.11,61.96,0
162,6,87.44,98.37,77.27,39.46,13.96,60.90,0
162,7,85.65,97.85,79.38,39.10,13.09,60.66,0
162,8,85.86,98.14,76.63,37.92,13.72,59.78,0
162,9,86.16,98.28,78.59,39.23,13.22,63.11,0
162,10,86.70,98.36,78.19,39.52,13.39,63.21,0
162,11,86.05,98.07,79.74,38.26,13.32,62.58,0
162,12,86.08,98.20,79.03,39.38,14.01,60.48,0
162,13,82.28,98.20,75.58,38.50,13.41,61.67,0
162,14,84.51,98.47,80.65,38.24,13.73,60.67,0
162,15,83.34,97.98,78.22,38.05,13.96,59.80,0
162,16,82.48,98.34,79.55,38.76,13.86,62.32,0
162,17,85.24,98.13,76.31,38.22,13.09,59.77,0
162,18,84.93,98.59,80.12,38.01,13.77,62.10,0
162,19,86.74,98.30,77.96,39.37,13.26,61.30,0
163,0,85.87,97.60,98.10,32.91,12.24,58.52,0
163,1,86.44,97.46,97.87,34.44,12.09,57.87,0
163,2,86.64,97.85,98.13,33.81,12.27,57.09,0
163,3,86.08,97.86,95.43,32.92,12.50,57.40,0
163,4,85.66,97.38,96.64,32.69,11.60,57.76,0
163,5,85.95,97.27,99.55,33.09,12.07,56.68,0
163,6,84.97,97.64,97.20,32.77,12.68,58.96,0
163,7,87.71,97.51,95.92,34.25,12.45,57.67,0
163,8,83.62,97.26,98.08,33.97,12.14,58.65,0
163,9,91.89,97.59,91.51,33.43,12.46,55.14,0
163,10,91.81,97.75,84.64,33.08,12.09,54.13,0
163,11,94.98,97.58,80.97,33.63,11.99,51.90,1
163,12,93.52,97.56,87.78,33.53,11.79,54.32,0
163,13,92.44,97.67,89.20,32.55,11.61,53.55,0
163,14,85.18,97.83,95.90,33.02,12.30,56.48,0
163,15,84.34,97.87,97.12,32.51,12.65,57.72,0
163,16,84.46,97.78,98.07,34.14,11.91,57.80,0
163,17,82.97,97.59,96.93,33.54,11.52,56.88,0
163,18,86.18,97.33,94.65,32.73,12.07,57.40,0
163,19,83.57,97.36,96.95,32.75,12.23,59.37,0
164,0,76.81,98.47,82.53,32.72,13.83,51.44,0
164,1,74.88,98.27,80.24,34.57,13.95,50.56,0
164,2,75.09,98.69,82.60,33.56,13.82,52.17,0
164,3,76.02,98.36,83.19,34.49,14.13,52.05,0
164,4,76.10,98.17,81.17,34.37,13.24,51.24,0
164,5,77.98,98.38,86.67,32.79,13.53,51.59,0
164,6,76.12,98.17,84.45,33.55,13.54,49.12,0
164,7,74.80,98.26,85.75,34.00,13.70,48.99,0
164,8,76.65,98.76,81.50,33.43,14.06,50.11,0
164,9,74.10,98.74,83.84,33.87,14.01,50.79,0
164,10,76.12,98.34,80.48,33.42,13.37,50.14,0
164,11,75.34,98.17,81.94,33.96,13.30,50.80,0
164,12,74.17,98.82,85.20,33.33,14.21,51.35,0
164,13,76.95,98.63,82.86,32.68,13.52,49.90,0
164,14,74.78,98.44,82.56,33.95,13.26,50.97,0
164,15,73.43,98.70,81.21,32.90,14.23,48.96,0
164,16,77.14,98.65,85.25,33.70,13.46,50.35,0
164,17,76.06,98.84,83.54,34.03,13.40,52.32,0
164,18,75.11,98.64,85.06,32.62,13.99,49.09,0
164,19,77.52,98.55,85.85,34.31,14.36,51.91,0
165,0,85.26,99.36,98.03,36.49,11.98,45.58,0
165,1,86.83,98.89,93.99,36.48,12.19,45.40,0
165,2,88.30,98.73,97.03,36.34,12.24,45.61,0
165,3,85.92,98.60,94.67,36.21,12.14,43.25,0
165,4,86.23,99.10,94.47,37.26,12.29,44.64,0
165,5,88.90,98.81,94.92,36.80,11.89,46.59,0
165,6,87.33,98.77,97.17,36.42,12.09,45.75,0
165,7,88.20,98.69,96.49,36.20,12.08,45.36,0
165,8,85.62,98.93,96.03,36.14,12.39,44.44,0
165,9,88.64,99.21,96.31,37.47,12.07,45.25,0
165,10,86.52,99.05,97.68,37.35,12.47,43.43,0
165,11,85.80,98.68,92.26,37.31,12.84,43.79,0
165,12,88.25,99.12,96.12,36.88,12.45,43.86,0
165,13,86.12,99.25,93.76,36.97,12.60,43.17,0
165,14,87.61,99.01,95.97,37.57,12.53,44.42,0
165,15,85.24,98.97,97.31,35.94,12.86,45.87,0
165,16,87.42,99.23,94.82,36.68,12.87,43.69,0
165,17,86.67,98.77,94.96,36.42,12.04,46.51,0
165,18,87.28,98.80,93.24,36.56,12.24,44.81,0
165,19,85.84,99.19,97.60,37.45,12.90,43.36,0
166,0,79.01,98.11,89.29,37.05,12.94,47.37,0
166,1,79.80,98.23,90.59,35.60,12.57,46.71,0
166,2,78.10,97.75,94.87,36.02,12.47,45.26,0
166,3,79.60,97.58,92.90,37.24,12.21,47.98,0
166,4,79.99,98.19,92.57,35.65,12.72,47.43,0
166,5,79.77,98.07,90.44,35.65,12.51,45.15,0
166,6,78.81,97.88,92.23,36.88,12.55,46.85,0
166,7,80.26,98.05,92.04,36.10,12.59,47.83,0
166,8,78.01,97.55,89.89,36.47,12.89,46.08,0
166,9,78.68,98.24,92.58,35.74,13.13,48.47,0
166,10,76.52,98.19,90.64,36.37,12.34,47.82,0
166,11,77.04,97.80,93.83,36.86,12.86,48.46,0
166,12,78.15,97.57,92.14,37.29,13.11,46.74,0
166,13,76.76,97.94,90.39,36.66,12.76,46.98,0
166,14,77.44,97.74,93.95,36.81,12.49,46.78,0
166,15,77.23,97.86,91.32,36.24,12.59,47.21,0
166,16,76.17,97.93,90.68,36.55,13.09,45.26,0
166,17,79.04,98.12,90.50,35.59,12.93,47.40,0
166,18,78.52,98.13,94.70,35.43,12.86,46.36,0
166,19,78.25,98.01,90.26,36.75,13.02,44.71,0
167,0,85.16,98.90,86.91,34.33,11.78,50.00,0
167,1,87.55,98.94,82.48,34.35,12.33,50.49,0
167,2,86.44,98.85,83.12,34.89,12.04,51.65,0
167,3,86.71,99.01,82.20,34.58,12.34,51.21,0
167,4,86.99,98.97,84.02,34.42,11.50,50.25,0
167,5,87.19,98.93,87.94,34.25,11.79,49.91,0
167,6,87.79,98.53,85.08,34.69,12.29,52.68,0
167,7,86.23,99.20,83.44,33.77,11.65,51.47,0
167,8,86.69,99.07,83.21,34.44,11.99,51.84,0
167,9,85.58,98.89,85.20,33.95,11.35,52.51,0
167,10,86.96,98.58,83.40,34.86,11.31,50.59,0
167,11,84.60,99.17,81.03,33.17,11.43,51.61,0
167,12,83.41,99.02,85.51,33.42,11.67,53.28,0
167,13,83.83,98.62,82.32,34.60,11.37,51.10,0
167,14,86.83,99.19,86.25,33.71,11.53,53.00,0
167,15,85.02,98.72,80.48,34.45,11.30,52.22,0
167,16,84.93,98.87,85.79,34.91,11.38,51.10,0
167,17,85.32,98.88,84.42,34.40,12.08,53.01,0
167,18,86.81,98.61,82.11,34.31,11.62,52.86,0
167,19,85.78,98.47,81.51,34.89,12.45,49.88,0
168,0,89.63,98.45,78.18,37.22,15.36,51.57,0
168,1,89.51,98.00,83.07,36.29,15.05,54.43,0
168,2,89.84,98.11,78.42,36.79,14.41,54.03,0
168,3,92.35,97.94,79.02,36.17,14.39,53.83,0
168,4,91.10,98.34,82.79,36.93,14.57,54.24,0
168,5,90.63,98.66,83.09,35.96,14.81,52.17,0
168,6,91.91,98.25,80.46,36.77,14.46,54.27,0
168,7,91.38,98.48,80.98,35.92,15.26,54.77,0
168,8,89.84,98.22,81.68,36.47,15.30,54.37,0
168,9,90.20,97.97,81.48,36.52,14.72,52.38,0
168,10,89.69,98.39,82.91,35.85,15.51,53.77,0
168,11,88.12,98.00,82.26,37.26,15.40,53.66,0
168,12,89.22,98.14,82.56,36.35,15.14,52.45,0
168,13,88.43,98.21,81.43,37.32,14.79,54.40,0
168,14,88.18,98.69,77.54,37.62,15.23,52.41,0
168,15,90.11,98.14,77.45,35.76,14.59,53.15,0
168,16,91.20,98.33,81.33,37.29,14.48,53.80,0
168,17,88.15,98.30,80.08,37.64,14.41,53.23,0
168,18,91.66,97.99,79.77,36.27,14.64,54.92,0
168,19,90.59,98.35,78.92,35.86,15.50,51.14,0
169,0,70.42,97.38,88.23,34.03,13.14,52.81,0
169,1,70.96,97.53,86.52,34.62,14.04,51.72,0
169,2,70.30,98.05,89.78,33.28,13.75,54.09,0
169,3,71.12,97.35,87.30,34.09,13.76,51.57,0
169,4,73.01,97.77,90.83,33.64,13.02,51.65,0
169,5,72.08,97.56,91.84,34.01,13.85,52.24,0
169,6,71.67,97.80,87.93,34.50,13.99,53.19,0
169,7,71.50,97.93,88.19,34.63,13.92,50.79,0
169,8,73.22,98.08,90.28,34.30,14.00,52.67,0
169,9,70.72,97.96,88.21,33.36,13.83,52.80,0
169,10,72.44,97.40,86.76,34.67,13.27,52.83,0
169,11,70.45,97.87,86.32,33.38,13.77,50.64,0
169,12,71.18,97.80,86.16,34.02,13.06,54.05,0
169,13,72.24,98.11,89.47,34.37,13.41,50.83,0
169,14,70.74,98.05,87.44,33.76,13.11,54.17,0
169,15,68.58,97.56,90.17,34.41,14.00,53.46,0
169,16,70.43,97.83,88.05,34.53,13.41,50.87,0
169,17,72.34,97.93,86.87,34.39,14.13,51.46,0
169,18,70.43,98.03,89.78,34.08,13.20,53.36,0
169,19,72.52,97.49,90.03,33.30,13.22,51.80,0
170,0,83.56,97.44,83.27,35.09,10.88,60.53,0
170,1,83.33,97.62,81.99,35.42,11.38,63.37,0
170,2,84.84,97.24,83.61,34.68,10.65,61.79,0
170,3,81.65,97.22,83.01,35.52,10.44,61.09,0
170,4,83.07,97.23,81.45,34.79,11.05,62.28,0
170,5,83.98,97.82,81.03,36.19,11.02,63.39,0
170,6,84.83,97.33,78.68,36.17,10.54,60.33,0
170,7,83.01,97.19,79.65,34.77,10.88,63.59,0
170,8,87.34,97.37,71.88,35.37,10.73,56.70,0
170,9,89.24,97.17,69.78,35.50,10.41,56.53,0
170,10,93.04,97.36,63.83,34.38,11.55,58.25,1
170,11,89.92,97.86,70.85,34.29,10.83,59.29,0
170,12,87.66,97.19,70.93,35.56,10.63,60.28,0
170,13,80.07,97.22,81.16,35.38,10.63,60.43,0
170,14,82.25,97.15,80.32,35.18,11.42,61.32,0
170,15,81.96,97.29,78.23,36.00,10.79,62.74,0
170,16,80.13,97.40,77.64,35.02,11.41,61.40,0
170,17,81.40,97.14,82.73,34.48,10.59,60.23,0
170,18,84.24,97.47,82.46,35.20,11.10,63.05,0
170,19,82.41,97.15,78.18,36.06,10.96,63.15,0
171,0,73.69,97.31,88.74,34.27,14.03,53.27,0
171,1,71.98,97.36,86.82,32.90,13.39,52.57,0
171,2,74.64,97.49,88.55,33.41,13.76,50.80,0
171,3,73.80,97.44,88.33,33.14,13.90,51.13,0
171,4,74.91,97.32,86.62,34.41,13.54,50.93,0
171,5,73.51,97.79,88.84,33.90,13.55,53.43,0
171,6,74.57,97.16,90.25,34.48,13.79,51.08,0
171,7,74.31,97.10,89.87,34.60,14.29,53.67,0
171,8,72.64,97.67,89.73,33.56,13.68,51.37,0
171,9,70.94,97.54,88.96,33.64,14.22,52.40,0
171,10,78.41,97.43,78.89,33.01,13.82,48.94,0
171,11,82.00,97.32,75.55,34.26,13.79,48.32,0
171,12,81.04,97.69,75.77,33.30,13.66,48.06,1
171,13,79.39,97.84,76.27,33.40,13.66,49.00,0
171,14,77.08,97.17,80.82,33.29,13.79,50.74,0
171,15,69.95,97.37,85.42,33.27,13.62,51.06,0
171,16,70.26,97.60,87.08,33.42,14.34,53.28,0
171,17,72.44,97.60,85.71,33.25,13.34,53.41,0
171,18,71.42,97.70,85.55,32.71,13.24,54.45,0
171,19,70.95,97.21,91.04,33.47,14.14,52.45,0
172,0,86.56,98.40,87.22,36.91,11.48,45.19,0
172,1,83.01,98.87,86.80,38.01,11.47,46.17,0
172,2,83.31,98.87,87.44,36.52,11.46,47.18,0
172,3,83.42,98.34,84.62,36.87,10.82,45.01,0
172,4,86.19,98.76,89.26,37.45,10.92,48.18,0
172,5,84.34,98.84,83.34,36.62,10.74,45.94,0
172,6,85.38,98.55,85.23,38.22,10.59,44.63,0
172,7,84.96,98.42,84.36,36.49,11.46,46.62,0
172,8,83.61,98.63,88.80,37.92,11.39,48.23,0
172,9,86.69,98.75,83.26,37.82,11.15,48.52,0
172,10,83.12,98.55,86.03,38.00,11.17,48.12,0
172,11,83.81,98.90,86.72,37.26,11.15,45.47,0
172,12,83.30,98.24,83.25,36.92,11.44,48.03,0
172,13,85.48,98.67,81.93,37.44,10.93,47.33,0
172,14,85.50,98.53,82.82,36.65,10.63,46.12,0
172,15,82.80,98.79,81.91,37.16,11.38,46.58,0
172,16,83.58,98.66,86.92,37.12,11.26,47.78,0
172,17,85.14,98.73,82.78,37.99,11.01,46.80,0
172,18,85.17,98.73,82.46,36.95,11.45,47.88,0
172,19,86.51,98.66,83.82,38.32,11.54,44.67,0
173,0,78.69,98.74,86.88,34.58,13.59,44.10,0
173,1,77.34,98.45,84.17,34.42,14.17,46.28,0
173,2,75.90,98.47,86.82,33.73,13.87,45.45,0
173,3,79.43,98.44,84.42,33.70,13.53,45.18,0
173,4,77.47,99.05,88.24,34.18,13.86,47.65,0
173,5,77.03,98.87,86.01,34.06,14.00,44.45,0
173,6,79.40,99.14,88.97,33.38,13.72,47.02,0
173,7,78.30,99.14,86.99,33.65,14.32,47.68,0
173,8,75.44,99.11,86.37,32.98,13.68,46.48,0
173,9,74.89,98.86,85.17,33.79,13.90,45.03,0
173,10,75.44,99.15,87.04,33.57,13.93,47.86,0
173,11,74.88,98.86,86.29,33.97,13.99,45.51,0
173,12,75.82,99.01,87.19,33.83,14.26,44.36,0
173,13,76.64,98.49,82.66,34.74,14.14,45.58,0
173,14,75.32,98.66,84.44,34.59,14.16,47.29,0
173,15,76.79,98.82,85.42,34.32,13.50,44.94,0
173,16,78.04,98.72,85.35,34.30,13.76,44.36,0
173,17,75.23,98.83,85.06,33.33,14.21,45.52,0
173,18,77.53,98.83,88.10,33.60,14.41,44.86,0
173,19,75.28,98.63,85.11,33.70,14.66,44.09,0
174,0,77.59,97.30,96.15,37.83,14.87,57.51,0
174,1,78.85,97.41,92.89,38.23,15.78,59.04,0
174,2,75.75,97.28,93.22,37.06,15.81,58.89,0
174,3,76.84,97.31,95.34,38.05,15.45,58.71,0
174,4,77.86,97.05,96.41,37.22,15.72,55.62,0
174,5,76.94,97.28,96.87,37.75,15.66,57.89,0
174,6,75.84,96.76,97.53,38.53,15.56,56.69,0
174,7,75.53,97.20,95.54,37.86,15.61,56.54,0
174,8,76.86,96.87,92.96,36.91,15.14,55.80,0
174,9,76.32,96.81,92.83,38.55,15.64,58.49,0
174,10,78.38,97.34,98.04,36.92,14.97,56.38,0
174,11,75.38,97.26,97.15,37.82,15.77,59.07,0
174,12,74.54,97.13,97.63,37.06,15.21,55.69,0
174,13,75.44,96.78,95.31,37.46,15.45,58.23,0
174,14,77.88,96.98,93.32,37.98,14.66,58.33,0
174,15,76.09,96.91,92.93,38.87,15.63,59.35,0
174,16,75.36,96.74,93.72,37.32,14.86,55.90,0
174,17,75.83,97.48,93.39,37.18,15.68,58.99,0
174,18,74.86,96.93,96.00,36.91,15.15,58.42,0
174,19,75.28,97.24,93.04,37.47,14.62,59.21,0
175,0,84.72,98.52,78.08,38.98,14.05,56.40,0
175,1,85.14,98.68,81.33,39.23,14.37,55.29,0
175,2,88.13,98.33,80.99,38.35,14.41,53.80,0
175,3,87.02,98.62,81.61,39.17,13.72,56.97,0
175,4,85.17,97.99,81.20,38.02,14.09,55.27,0
175,5,86.00,98.02,82.22,38.40,14.43,54.23,0
175,6,85.29,98.39,79.98,38.05,13.86,56.84,0
175,7,87.30,98.60,81.02,39.16,13.70,55.40,0
175,8,86.65,98.19,83.98,37.64,13.97,56.92,0
175,9,85.07,98.18,81.42,37.77,14.36,55.08,0
175,10,85.32,98.67,80.53,37.62,14.27,56.03,0
175,11,87.29,98.27,81.88,37.95,13.94,54.29,0
175,12,87.05,98.15,80.76,38.79,13.78,54.93,0
175,13,85.29,98.12,82.72,39.34,14.42,54.20,0
175,14,85.42,98.09,81.47,38.91,13.85,55.42,0
175,15,85.94,98.71,82.36,39.11,14.68,55.05,0
175,16,85.09,98.40,78.50,39.03,14.68,56.52,0
175,17,86.77,98.18,83.29,38.96,13.78,54.00,0
175,18,85.14,98.38,78.22,37.87,14.35,55.48,0
175,19,86.17,98.26,78.91,38.02,14.20,55.33,0
176,0,71.63,97.08,80.79,36.19,12.59,47.45,0
176,1,74.43,97.04,80.94,35.99,12.37,47.65,0
176,2,74.99,97.61,83.76,36.50,12.70,48.41,0
176,3,73.84,97.05,82.58,36.31,12.50,47.75,0
176,4,72.66,97.64,84.93,37.36,12.78,49.30,0
176,5,74.32,97.39,83.86,36.45,12.01,50.13,0
176,6,72.63,97.05,82.95,35.71,11.81,47.78,0
176,7,73.32,97.02,84.36,35.76,12.77,48.78,0
176,8,73.12,97.43,82.39,37.31,12.02,47.38,0
176,9,75.46,97.42,84.10,37.52,12.00,49.45,0
176,10,72.99,97.51,82.18,36.71,12.59,49.96,0
176,11,73.68,97.14,84.06,37.15,12.18,48.73,0
176,12,74.79,97.17,80.63,35.87,11.81,48.25,0
176,13,72.95,96.89,80.12,36.13,12.44,47.11,0
176,14,71.62,97.40,81.95,36.46,12.31,48.59,0
176,15,71.16,96.99,79.56,37.15,12.53,47.52,0
176,16,74.05,97.48,82.47,37.41,12.28,48.55,0
176,17,73.80,97.31,81.80,37.44,12.82,49.89,0
176,18,74.80,97.54,83.79,36.34,12.25,47.22,0
176,19,73.38,97.00,81.55,36.35,12.15,50.64,0
177,0,91.86,97.33,89.40,33.20,12.67,47.48,0
177,1,91.57,97.88,91.07,34.68,12.50,46.16,0
177,2,92.55,97.86,91.18,33.90,12.59,47.87,0
177,3,92.58,98.07,89.93,33.62,12.77,46.61,0
177,4,91.49,97.76,91.97,33.07,12.31,46.23,0
177,5,93.26,97.51,91.48,33.99,12.89,48.08,0
177,6,91.67,97.68,91.62,34.17,12.25,47.67,0
177,7,91.87,97.56,92.35,34.66,11.85,47.00,0
177,8,98.01,97.58,85.60,34.49,12.10,43.33,0
177,9,100.65,97.58,78.82,34.45,12.55,41.55,0
177,10,98.86,97.69,74.95,33.11,11.72,41.23,1
177,11,99.63,97.47,81.69,34.15,12.90,41.69,0
177,12,95.00,97.37,84.25,33.88,12.63,43.92,0
177,13,91.02,97.74,89.77,32.85,12.20,45.24,0
177,14,90.94,97.35,92.62,33.02,12.48,47.18,0
177,15,90.50,97.86,91.66,33.48,12.44,48.52,0
177,16,89.94,97.67,88.99,33.43,11.83,48.28,0
177,17,91.47,97.32,89.46,33.53,12.46,45.60,0
177,18,91.86,97.61,91.04,34.07,11.79,45.28,0
177,19,91.57,97.32,88.28,33.04,12.19,48.42,0
178,0,87.30,98.19,81.45,32.37,11.33,49.39,0
178,1,85.83,98.16,81.72,32.67,11.42,51.52,0
178,2,85.85,98.16,82.89,32.76,11.28,52.57,0
178,3,84.48,98.32,82.55,33.51,11.68,51.92,0
178,4,85.96,97.86,81.16,34.08,11.46,49.73,0
178,5,87.27,97.80,79.34,34.11,11.89,51.40,0
178,6,85.52,98.06,80.56,33.11,11.75,51.22,0
178,7,84.80,98.45,82.95,33.02,11.01,50.36,0
178,8,86.72,98.15,80.39,32.52,11.04,51.01,0
178,9,86.93,97.98,83.60,33.76,11.87,49.34,0
178,10,86.74,98.20,78.21,32.86,11.66,49.91,0
178,11,85.85,98.15,81.79,32.34,11.02,52.13,0
178,12,85.84,98.24,77.46,32.26,11.64,51.54,0
178,13,83.36,98.55,77.57,34.19,11.34,52.32,0
178,14,86.68,98.21,82.94,33.25,11.22,50.61,0
178,15,86.06,98.17,80.78,32.52,11.80,49.00,0
178,16,85.42,98.42,78.81,33.08,11.94,50.83,0
178,17,86.20,98.26,79.97,33.18,11.58,50.48,0
178,18,85.83,98.38,81.86,32.63,11.83,51.68,0
178,19,84.26,98.42,79.29,32.54,11.48,48.69,0
179,0,72.31,97.84,85.04,34.66,13.50,47.21,0
179,1,73.11,97.26,82.80,34.31,13.45,47.34,0
179,2,72.50,97.16,82.99,35.67,13.14,48.53,0
179,3,73.14,97.76,85.17,33.85,13.65,48.81,0
179,4,72.68,97.44,81.67,33.94,13.42,46.54,0
179,5,73.02,97.35,85.61,34.20,13.76,47.64,0
179,6,73.48,97.36,85.95,35.25,12.65,47.75,0
179,7,73.17,97.55,83.22,35.09,13.75,49.27,0
179,8,73.94,97.25,84.68,34.62,13.50,48.31,0
179,9,72.03,97.51,79.70,33.92,12.64,46.72,0
179,10,70.97,97.58,82.21,34.22,13.53,46.98,0
179,11,72.24,97.31,79.51,35.65,12.99,45.93,0
179,12,72.95,97.78,83.34,34.26,13.14,46.70,0
179,13,70.81,97.73,81.32,34.30,12.90,47.44,0
179,14,71.37,97.18,81.91,34.09,13.56,47.26,0
179,15,71.65,97.57,80.28,35.02,13.23,47.21,0
179,16,70.03,97.42,83.33,34.03,12.67,48.24,0
179,17,73.37,97.84,83.97,35.11,13.32,49.02,0
179,18,73.96,97.27,79.41,35.15,13.50,46.41,0
179,19,73.89,97.89,81.40,35.71,13.49,48.12,0
180,0,78.56,97.72,88.79,34.62,14.05,59.85,0
180,1,78.80,98.04,91.63,35.08,14.37,60.29,0
180,2,81.49,97.86,91.33,34.70,14.69,59.31,0
180,3,81.83,98.13,87.76,35.79,14.62,58.10,0
180,4,79.09,97.98,88.23,34.89,14.69,58.67,0
180,5,79.71,97.88,88.32,35.94,14.41,59.99,0
180,6,81.25,97.52,93.53,34.57,14.60,59.77,0
180,7,79.06,97.95,93.46,34.91,15.06,58.40,0
180,8,79.03,97.70,92.39,34.67,14.59,61.28,0
180,9,81.33,97.87,91.66,34.65,15.13,59.31,0
180,10,79.64,98.23,87.46,35.22,14.03,60.93,0
180,11,79.78,97.50,87.22,34.38,14.52,59.79,0
180,12,79.08,98.08,88.15,35.24,14.59,61.38,0
180,13,77.68,98.17,90.59,36.05,13.99,58.90,0
180,14,78.77,97.59,92.07,34.63,15.06,61.12,0
180,15,80.43,97.92,86.67,35.38,14.66,59.94,0
180,16,78.96,98.08,89.56,34.60,14.75,61.11,0
180,17,77.77,97.65,91.38,34.88,14.76,60.68,0
180,18,80.14,97.82,92.58,35.92,15.12,57.99,0
180,19,80.71,98.01,92.51,35.85,15.12,61.25,0
181,0,82.34,96.93,82.98,34.83,15.86,51.81,0
181,1,78.90,96.97,84.06,34.33,15.90,52.23,0
181,2,79.71,97.18,80.47,33.84,15.52,53.82,0
181,3,79.44,97.27,85.26,34.43,16.04,52.85,0
181,4,82.10,97.43,83.24,33.35,15.15,53.22,0
181,5,82.95,96.87,84.95,34.40,15.76,52.59,0
181,6,83.07,97.17,80.70,33.57,16.03,53.68,0
181,7,82.68,97.56,80.00,33.29,15.86,51.91,0
181,8,81.61,97.60,82.93,33.39,15.00,51.41,0
181,9,80.76,96.97,80.36,34.84,15.23,54.05,0
181,10,81.66,97.46,78.85,32.93,15.88,53.02,0
181,11,80.71,97.16,83.13,33.97,15.53,50.21,0
181,12,80.88,97.40,82.26,32.96,15.96,53.99,0
181,13,80.14,97.22,78.16,33.14,15.57,50.84,0
181,14,78.36,97.35,78.15,33.95,15.17,52.03,0
181,15,79.30,97.61,79.34,33.24,15.52,50.47,0
181,16,81.34,97.52,79.15,33.57,15.57,51.41,0
181,17,80.74,96.93,81.37,34.03,15.51,51.36,0
181,18,80.92,97.22,80.72,33.36,15.37,52.99,0
181,19,82.47,97.38,80.62,34.52,15.94,50.52,0
182,0,73.24,97.26,83.93,33.12,13.59,60.06,0
182,1,72.23,97.85,84.82,33.70,12.89,59.55,0
182,2,73.82,97.22,85.17,34.54,13.26,57.34,0
182,3,72.25,97.57,84.07,33.19,13.37,60.02,0
182,4,71.96,97.11,81.56,34.04,12.92,57.14,0
182,5,73.35,97.08,87.29,34.30,13.52,57.08,0
182,6,72.11,97.36,83.56,33.63,12.55,59.73,0
182,7,72.82,97.29,86.58,33.05,12.72,60.46,0
182,8,71.48,97.29,84.22,33.08,13.60,60.22,0
182,9,72.49,97.39,83.44,34.29,12.53,60.39,0
182,10,73.96,97.60,83.91,33.94,12.46,58.16,0
182,11,73.39,97.76,81.85,34.01,13.32,58.02,0
182,12,73.41,97.68,83.17,34.26,13.45,58.73,0
182,13,73.84,97.83,84.73,33.02,13.10,57.24,0
182,14,72.34,97.30,80.09,33.04,12.88,58.74,0
182,15,72.67,97.38,81.54,33.74,13.16,58.49,0
182,16,70.94,97.69,81.48,33.91,12.90,58.19,0
182,17,73.06,97.44,83.34,33.26,12.85,57.54,0
182,18,72.06,97.59,83.72,34.73,13.41,57.22,0
182,19,71.35,97.63,81.24,33.72,13.63,59.67,0
183,0,82.79,97.73,91.01,38.84,11.58,41.75,0
183,1,83.28,98.05,93.42,38.64,11.62,43.16,0
183,2,83.36,98.35,96.05,39.28,12.36,44.56,0
183,3,84.89,98.06,92.12,38.46,12.58,42.14,0
183,4,85.17,98.23,94.37,38.22,12.44,44.24,0
183,5,85.83,98.00,92.38,38.11,11.53,40.95,0
183,6,83.25,97.69,94.17,39.18,12.02,43.02,0
183,7,84.70,97.81,91.09,39.46,12.29,43.97,0
183,8,83.72,98.28,95.55,39.41,11.84,43.88,0
183,9,85.12,98.38,92.18,39.25,12.49,41.91,0
183,10,84.24,97.72,95.03,38.92,12.18,43.15,0
183,11,82.74,97.73,95.58,39.36,12.11,43.21,0
183,12,82.70,98.38,90.73,38.95,12.34,43.32,0
183,13,82.09,98.30,90.50,39.20,12.43,44.50,0
183,14,81.02,97.64,91.01,38.57,11.87,40.99,0
183,15,83.84,98.01,91.43,38.18,12.69,41.93,0
183,16,83.95,97.66,94.03,38.58,12.04,42.76,0
183,17,84.56,98.13,92.06,38.11,11.96,42.04,0
183,18,83.80,97.82,91.88,39.01,12.00,44.60,0
183,19,82.16,97.60,92.76,39.46,12.11,42.81,0
184,0,68.98,99.09,97.43,33.82,10.17,50.18,0
184,1,71.97,98.65,96.34,33.86,9.55,48.79,0
184,2,72.14,98.85,98.23,33.73,9.45,49.57,0
184,3,69.29,98.38,94.95,32.29,10.60,50.09,0
184,4,72.48,98.77,94.22,32.26,9.95,49.00,0
184,5,68.89,98.82,95.12,33.88,9.59,47.78,0
184,6,71.85,98.67,96.88,33.56,10.01,48.57,0
184,7,70.70,98.44,94.43,32.71,10.13,49.78,0
184,8,70.24,98.49,97.62,32.33,10.47,50.09,0
184,9,72.11,98.46,98.34,34.06,10.50,46.66,0
184,10,70.85,99.01,98.02,34.16,10.41,48.38,0
184,11,68.62,98.35,95.07,33.32,9.42,48.75,0
184,12,67.98,98.67,95.25,33.77,10.06,49.76,0
184,13,69.89,98.83,97.38,32.89,10.11,47.32,0
184,14,70.48,99.06,95.97,33.03,10.45,50.29,0
184,15,68.64,98.98,94.77,33.35,10.56,48.91,0
184,16,69.59,98.74,93.60,33.72,9.44,48.64,0
184,17,68.78,99.02,93.14,32.67,10.55,48.15,0
184,18,69.08,98.47,95.92,32.49,9.77,47.47,0
184,19,68.40,98.62,94.09,33.69,9.63,50.02,0
185,0,88.28,97.37,92.20,33.86,10.46,42.76,0
185,1,89.85,97.47,89.15,33.47,11.28,40.75,0
185,2,88.83,97.76,88.75,33.58,11.26,42.03,0
185,3,87.50,97.40,88.72,34.38,11.13,42.05,0
185,4,90.02,97.25,89.72,33.44,10.69,42.21,0
185,5,89.83,97.50,87.41,33.79,10.92,44.46,0
185,6,88.18,97.73,90.90,34.67,10.95,43.26,0
185,7,89.30,97.23,90.52,34.89,11.19,44.37,0
185,8,88.13,97.54,89.79,33.86,10.50,43.30,0
185,9,89.21,97.00,92.07,34.67,11.00,43.37,0
185,10,86.22,97.64,88.77,33.48,10.83,40.88,0
185,11,89.51,97.25,89.53,34.15,11.37,43.66,0
185,12,88.21,97.40,86.46,34.67,11.47,41.68,0
185,13,88.24,96.99,89.99,34.42,11.19,42.69,0
185,14,88.69,97.36,89.27,34.18,11.00,42.15,0
185,15,89.28,97.52,88.51,35.33,11.15,43.06,0
185,16,86.23,97.45,85.79,34.50,11.41,41.82,0
185,17,86.85,96.99,91.56,34.94,11.13,42.78,0
185,18,87.94,97.05,87.30,34.77,11.56,42.45,0
185,19,89.81,97.41,87.71,35.25,10.70,44.05,0
186,0,82.94,99.15,83.20,35.30,10.14,45.64,0
186,1,81.03,98.57,82.99,34.83,10.55,46.92,0
186,2,80.89,99.13,81.12,36.17,10.27,45.38,0
186,3,81.97,99.00,81.00,34.51,9.89,46.19,0
186,4,81.93,98.70,81.86,34.70,10.14,46.27,0
186,5,81.17,98.89,85.98,35.49,10.88,46.99,0
186,6,84.77,98.90,86.38,35.36,10.76,45.55,0
186,7,82.55,98.65,84.31,35.21,10.01,48.36,0
186,8,81.70,98.92,83.52,34.58,9.97,45.99,0
186,9,80.94,98.90,85.54,34.77,10.08,48.17,0
186,10,80.09,98.39,85.65,34.57,10.03,48.61,0
186,11,82.39,98.80,79.94,35.51,10.93,47.62,0
186,12,80.33,99.03,79.35,36.13,10.56,47.61,0
186,13,82.28,99.07,80.74,34.98,10.86,47.11,0
186,14,82.70,99.16,82.27,35.53,10.29,45.64,0
186,15,81.93,99.02,81.85,34.60,10.39,47.80,0
186,16,80.37,98.68,80.30,35.74,10.73,47.24,0
186,17,83.00,98.98,84.02,36.04,10.91,45.97,0
186,18,81.12,98.63,79.98,34.80,10.40,46.17,0
186,19,82.55,98.98,80.91,35.17,10.14,45.53,0
187,0,70.56,97.18,93.38,38.79,10.38,47.54,0
187,1,70.63,96.98,96.00,38.41,10.24,48.69,0
187,2,70.74,96.95,93.73,38.02,10.18,46.08,0
187,3,72.58,97.16,93.17,38.51,10.97,47.79,0
187,4,74.27,96.99,98.56,37.96,10.88,47.26,0
187,5,74.91,97.56,96.55,38.60,11.06,49.16,0
187,6,71.13,97.42,97.53,38.82,10.60,46.33,0
187,7,74.57,97.12,92.77,38.62,10.38,45.85,0
187,8,71.41,97.56,92.77,38.83,10.68,48.53,0
187,9,70.97,97.37,95.85,38.77,11.08,45.80,0
187,10,72.27,97.55,94.58,37.82,10.67,46.50,0
187,11,70.52,97.27,93.19,38.04,10.35,46.99,0
187,12,71.01,97.51,96.83,39.21,10.77,47.12,0
187,13,71.65,97.11,96.55,39.21,10.12,48.60,0
187,14,70.93,97.15,93.21,39.20,10.56,46.19,0
187,15,70.64,97.23,96.24,38.91,10.22,47.74,0
187,16,72.59,97.53,96.12,39.02,10.55,48.41,0
187,17,73.06,97.65,95.24,38.85,10.47,48.19,0
187,18,73.42,97.15,91.93,37.89,10.20,47.54,0
187,19,71.05,97.46,96.80,38.82,11.03,45.98,0
188,0,78.09,97.32,78.42,37.94,15.01,53.65,0
188,1,78.91,97.50,77.54,37.80,14.18,51.84,0
188,2,78.82,96.79,80.82,39.72,14.18,51.80,0
188,3,76.59,97.05,78.97,38.75,14.57,54.27,0
188,4,76.67,96.80,81.17,39.42,14.14,53.81,0
188,5,79.33,97.57,82.34,38.00,14.88,51.24,0
188,6,78.37,96.96,78.88,38.90,14.44,53.69,0
188,7,76.35,97.33,81.49,38.73,14.17,51.70,0
188,8,76.99,97.07,76.99,39.58,15.12,52.91,0
188,9,76.58,96.91,78.29,38.85,15.28,54.08,0
188,10,79.21,97.55,81.54,38.70,14.40,51.45,0
188,11,76.39,97.26,78.23,39.00,14.62,54.46,0
188,12,78.40,97.21,76.19,39.10,14.60,53.94,0
188,13,74.90,97.28,81.49,38.79,14.75,53.82,0
188,14,77.23,97.47,76.49,38.57,15.14,53.08,0
188,15,77.66,96.78,77.20,38.85,14.82,52.41,0
188,16,77.89,97.27,78.45,39.09,14.29,52.99,0
188,17,78.12,97.32,81.54,38.16,14.13,52.36,0
188,18,76.79,97.25,80.71,38.93,14.70,52.56,0
188,19,78.60,97.15,79.05,38.16,15.09,52.69,0
189,0,89.76,98.81,96.91,39.05,12.98,52.65,0
189,1,90.18,98.43,95.75,38.72,13.05,54.59,0
189,2,90.68,98.72,97.98,37.29,12.35,54.57,0
189,3,89.71,98.45,98.54,38.79,12.17,55.18,0
189,4,91.45,98.68,93.58,38.70,12.28,54.55,0
189,5,92.82,98.69,96.23,38.48,12.83,53.05,0
189,6,91.73,98.60,98.85,37.89,12.15,55.15,0
189,7,90.08,98.63,96.41,38.16,12.46,53.81,0
189,8,89.20,98.78,95.50,37.52,12.87,55.33,0
189,9,91.25,98.51,97.45,38.94,12.40,51.69,0
189,10,89.10,98.58,93.79,38.78,13.00,51.89,0
189,11,89.03,98.71,93.01,38.19,12.45,54.01,0
189,12,91.02,98.72,94.19,37.27,12.60,53.24,0
189,13,89.01,98.14,94.19,38.25,12.75,52.86,0
189,14,88.80,98.67,92.17,38.37,13.12,52.06,0
189,15,89.85,98.70,93.85,39.08,12.14,53.46,0
189,16,90.33,98.46,97.25,38.22,12.24,53.80,0
189,17,89.54,98.56,95.30,38.93,12.40,55.12,0
189,18,90.37,98.59,92.72,38.05,12.61,52.46,0
189,19,90.90,98.62,92.76,39.11,12.56,51.82,0
190,0,86.97,98.98,81.29,38.21,13.92,46.98,0
190,1,87.08,99.13,81.18,37.68,13.92,48.03,0
190,2,85.75,98.75,77.45,37.50,13.05,45.10,0
190,3,84.71,98.64,77.27,38.09,13.21,46.65,0
190,4,87.07,98.44,81.62,38.47,13.33,47.54,0
190,5,85.66,98.98,82.49,38.67,13.27,45.56,0
190,6,86.65,98.65,77.05,39.27,13.52,46.12,0
190,7,87.02,98.89,76.69,37.80,12.75,47.38,0
190,8,86.95,98.95,79.99,39.48,13.65,45.95,0
190,9,83.96,98.87,77.87,38.47,13.51,48.68,0
190,10,85.90,98.68,78.18,37.90,13.62,45.97,0
190,11,86.14,99.09,75.41,37.58,13.20,48.71,0
190,12,86.60,98.61,79.07,39.18,13.39,48.06,0
190,13,84.14,98.85,75.29,37.96,13.58,48.16,0
190,14,82.64,98.69,80.76,38.96,13.32,48.34,0
190,15,85.93,98.50,79.01,37.80,13.02,46.13,0
190,16,86.23,98.84,80.39,39.09,13.19,45.48,0
190,17,85.35,98.99,77.15,38.89,12.80,46.92,0
190,18,85.59,98.61,75.81,38.59,12.89,45.27,0
190,19,87.00,98.73,79.74,38.73,12.98,46.44,0
191,0,76.64,97.20,85.40,35.50,12.11,58.01,0
191,1,77.52,97.65,83.61,35.41,11.63,56.96,0
191,2,78.25,97.29,80.83,33.94,12.00,56.81,0
191,3,77.21,97.39,81.83,35.12,11.80,56.71,0
191,4,78.66,97.32,83.37,34.16,11.93,57.51,0
191,5,79.38,96.96,82.90,34.03,11.59,56.72,0
191,6,78.36,96.96,84.17,34.62,12.11,59.65,0
191,7,80.22,97.48,80.87,35.30,11.11,59.01,0
191,8,86.51,97.05,76.01,35.42,11.33,55.48,0
191,9,86.68,97.10,73.94,34.98,11.82,53.32,0
191,10,86.57,97.61,66.35,33.89,11.56,52.50,1
191,11,87.60,96.95,69.20,35.29,12.16,54.77,0
191,12,84.35,97.28,77.09,34.09,11.06,56.50,0
191,13,76.21,97.27,81.45,34.89,11.54,58.07,0
191,14,76.06,97.37,83.61,34.99,11.93,56.68,0
191,15,77.84,97.35,81.13,34.02,11.64,55.87,0
191,16,79.11,97.39,80.47,34.88,11.06,55.80,0
191,17,79.26,96.93,80.43,34.70,11.45,58.92,0
191,18,80.23,97.09,80.51,35.06,11.78,56.56,0
191,19,80.34,97.21,82.21,34.66,11.16,59.24,0
192,0,72.26,97.95,94.58,35.16,12.28,49.91,0
192,1,72.81,97.53,93.44,35.98,12.24,48.63,0
192,2,73.31,97.37,91.20,35.71,12.39,47.35,0
192,3,74.52,97.93,92.41,34.82,11.93,49.58,0
192,4,72.56,97.58,93.73,34.33,12.83,50.08,0
192,5,71.74,97.72,96.40,34.67,12.95,50.61,0
192,6,72.87,97.79,95.92,34.41,12.00,50.34,0
192,7,73.50,97.57,91.41,34.65,12.50,49.86,0
192,8,73.64,97.49,95.57,35.69,12.50,49.11,0
192,9,71.65,97.23,95.53,34.34,12.06,51.02,0
192,10,71.82,97.48,93.62,35.62,12.80,50.22,0
192,11,72.52,97.40,91.48,34.54,12.28,50.39,0
192,12,71.31,97.71,94.31,35.01,12.71,49.90,0
192,13,72.31,97.20,95.06,35.66,12.31,49.30,0
192,14,73.84,97.42,90.00,34.92,11.84,51.05,0
192,15,70.26,97.40,92.75,35.83,12.75,50.59,0
192,16,71.21,97.84,93.57,34.77,12.61,48.66,0
192,17,72.17,97.54,95.76,36.14,12.34,51.11,0
192,18,73.64,97.81,91.84,34.46,12.39,48.19,0
192,19,71.22,97.64,96.02,34.21,12.68,49.57,0
193,0,73.20,97.63,85.41,33.06,11.69,46.36,0
193,1,72.71,97.21,83.45,33.32,10.54,48.43,0
193,2,75.79,97.61,81.01,33.97,10.87,48.95,0
193,3,75.73,97.55,82.29,34.22,10.84,49.88,0
193,4,73.16,97.00,81.03,33.90,11.17,46.80,0
193,5,72.95,97.22,85.48,34.09,10.55,46.72,0
193,6,75.63,97.46,82.40,32.89,10.82,49.90,0
193,7,74.29,97.19,85.96,33.60,11.46,49.28,0
193,8,74.39,97.41,85.82,33.84,10.76,47.94,0
193,9,71.76,97.55,83.52,34.62,11.60,49.92,0
193,10,71.44,97.52,84.44,33.41,10.62,48.97,0
193,11,74.31,97.22,84.32,34.56,11.39,48.89,0
193,12,72.64,97.65,82.32,33.34,10.69,46.15,0
193,13,70.95,97.63,80.86,33.20,11.61,46.14,0
193,14,71.77,97.49,79.93,33.34,11.24,47.37,0
193,15,73.08,97.73,83.55,33.35,10.53,48.40,0
193,16,71.59,97.17,80.50,33.06,11.22,48.06,0
193,17,71.07,97.57,84.54,33.12,10.61,47.57,0
193,18,75.17,97.59,83.30,33.81,11.54,46.47,0
193,19,74.29,97.63,84.81,34.21,10.55,47.91,0
194,0,80.35,98.65,89.21,33.94,15.24,43.45,0
194,1,83.64,98.17,88.66,34.15,14.35,40.88,0
194,2,80.63,98.44,88.75,34.36,15.16,43.10,0
194,3,80.70,98.06,88.17,34.94,14.38,43.29,0
194,4,82.40,98.16,88.95,34.84,14.23,43.26,0
194,5,82.85,98.35,84.79,34.13,15.26,42.24,0
194,6,80.88,98.54,88.53,35.14,15.28,43.57,0
194,7,84.13,98.50,88.08,34.82,15.27,43.65,0
194,8,83.64,98.18,89.38,35.14,14.41,42.91,0
194,9,81.43,98.45,87.79,33.93,14.88,42.88,0
194,10,80.08,98.30,84.66,35.68,14.87,42.92,0
194,11,80.04,98.73,87.30,34.14,14.37,40.71,0
194,12,79.52,98.30,84.13,35.22,14.90,42.31,0
194,13,79.77,98.75,84.79,35.41,14.92,43.40,0
194,14,82.67,98.71,84.53,34.39,15.08,41.47,0
194,15,82.58,98.01,83.58,35.67,14.82,42.32,0
194,16,81.93,97.99,83.43,35.55,14.56,40.10,0
194,17,80.28,98.55,83.72,35.16,14.85,43.36,0
194,18,81.75,98.53,89.37,33.91,15.20,42.69,0
194,19,81.46,98.24,88.36,34.41,14.17,42.89,0
195,0,87.87,97.56,84.21,33.67,11.07,43.78,0
195,1,88.77,97.38,82.59,34.77,11.45,44.80,0
195,2,88.73,97.14,83.75,35.14,10.45,43.26,0
195,3,91.27,97.02,83.94,34.70,10.62,44.96,0
195,4,89.62,97.68,83.48,34.49,10.89,45.11,0
195,5,91.94,97.24,86.90,34.88,10.84,45.60,0
195,6,91.93,97.43,83.44,34.74,11.00,41.85,0
195,7,88.48,97.50,86.12,34.73,11.25,43.22,0
195,8,87.83,97.00,81.36,35.43,10.85,41.67,0
195,9,90.01,97.40,84.41,35.17,11.06,44.19,0
195,10,87.90,97.61,81.42,34.46,11.03,43.69,0
195,11,90.41,97.40,85.63,34.52,11.23,43.41,0
195,12,86.92,97.13,83.66,34.40,10.76,43.63,0
195,13,86.59,97.58,81.32,35.53,10.76,43.00,0
195,14,89.72,96.96,85.89,35.44,11.47,44.86,0
195,15,88.04,97.08,80.31,35.05,10.74,44.34,0
195,16,90.23,97.50,81.08,34.24,11.11,42.19,0
195,17,88.81,97.39,82.56,34.87,11.31,42.24,0
195,18,88.67,97.12,82.15,33.86,11.21,44.67,0
195,19,88.93,97.10,83.96,35.26,11.03,43.67,0
196,0,91.39,98.73,82.19,33.21,13.24,48.89,0
196,1,93.07,98.14,77.46,33.14,13.41,51.41,0
196,2,91.24,98.18,82.25,33.24,13.31,49.70,0
196,3,91.72,98.37,79.18,32.85,12.61,48.14,0
196,4,91.09,98.11,81.42,33.83,13.30,49.38,0
196,5,92.39,98.43,82.64,32.73,13.05,48.38,0
196,6,92.60,98.63,81.42,33.83,12.53,49.76,0
196,7,91.77,98.64,81.96,33.98,12.97,48.54,0
196,8,92.94,98.38,77.17,33.39,13.43,47.68,0
196,9,90.31,98.04,81.98,33.84,12.96,49.32,0
196,10,92.40,98.73,79.85,33.56,12.53,48.29,0
196,11,89.87,98.76,81.18,33.57,13.70,50.97,0
196,12,92.72,98.38,79.01,33.80,13.67,48.59,0
196,13,90.57,98.17,80.69,33.12,12.65,48.15,0
196,14,90.80,98.66,80.75,33.96,12.70,49.03,0
196,15,90.46,98.54,78.62,32.75,12.66,47.84,0
196,16,93.20,98.52,80.96,33.49,13.43,49.16,0
196,17,91.12,97.98,79.35,32.63,13.36,48.59,0
196,18,91.80,98.22,77.18,33.51,13.03,48.05,0
196,19,92.50,98.16,81.71,33.10,12.78,48.16,0
197,0,75.98,98.58,86.75,35.47,11.43,49.51,0
197,1,76.74,98.65,86.85,33.93,11.20,50.27,0
197,2,74.99,98.39,88.06,34.54,12.10,48.75,0
197,3,77.04,98.48,86.88,35.12,12.14,48.72,0
197,4,76.58,98.63,89.05,34.42,11.70,50.05,0
197,5,78.14,98.82,86.44,35.50,11.19,51.23,0
197,6,74.65,98.69,89.95,34.30,11.91,50.31,0
197,7,75.04,98.45,89.18,35.52,12.25,51.71,0
197,8,77.07,99.01,90.48,34.36,11.81,47.82,0
197,9,73.83,98.28,87.39,34.32,11.33,51.08,0
197,10,76.34,98.66,89.91,35.60,11.14,49.40,0
197,11,74.60,98.63,84.28,35.33,11.34,49.03,0
197,12,74.49,98.68,87.12,35.35,11.52,50.40,0
197,13,74.74,98.88,86.40,35.33,11.63,50.08,0
197,14,75.00,98.85,83.93,34.40,11.97,48.07,0
197,15,74.11,98.98,85.41,33.96,11.62,48.59,0
197,16,75.44,98.58,84.64,34.60,11.60,49.86,0
197,17,76.62,98.34,88.12,35.28,12.08,48.13,0
197,18,74.94,98.53,87.89,35.65,11.94,49.52,0
197,19,74.85,98.29,84.48,34.74,11.41,49.04,0
198,0,72.43,98.11,77.70,34.32,12.38,61.35,0
198,1,71.81,98.32,81.47,35.81,11.65,62.84,0
198,2,74.98,98.77,75.89,35.84,11.70,61.14,0
198,3,73.50,98.20,81.43,35.57,11.71,60.11,0
198,4,72.64,98.15,81.36,34.24,11.57,62.67,0
198,5,75.23,98.62,78.71,35.60,11.76,59.50,0
198,6,71.73,98.26,80.20,34.99,11.88,59.82,0
198,7,72.88,98.22,80.01,35.34,11.67,61.08,0
198,8,72.48,98.29,77.64,35.39,12.29,59.92,0
198,9,71.32,98.59,79.50,34.67,12.22,62.83,0
198,10,73.12,98.14,75.52,34.56,12.35,62.02,0
198,11,72.15,98.19,77.72,34.20,12.19,60.00,0
198,12,73.21,98.10,78.59,35.83,11.64,60.22,0
198,13,72.06,98.57,79.12,35.14,12.10,63.44,0
198,14,72.00,98.26,79.56,34.83,11.98,62.56,0
198,15,71.46,98.66,77.19,35.90,12.20,61.21,0
198,16,70.37,98.17,76.41,34.29,11.42,60.27,0
198,17,74.19,98.27,77.85,34.58,12.28,62.77,0
198,18,72.55,98.24,77.10,35.18,12.15,60.20,0
198,19,71.28,98.13,77.73,34.32,12.09,62.16,0
199,0,73.28,97.90,90.28,37.71,9.82,57.30,0
199,1,71.75,98.09,92.61,37.20,10.12,55.69,0
199,2,71.39,98.01,89.59,37.83,10.06,55.47,0
199,3,73.81,97.70,91.23,37.66,10.44,53.87,0
199,4,74.41,98.05,93.49,36.63,9.69,56.31,0
199,5,71.55,98.18,92.56,37.13,9.61,56.00,0
199,6,71.53,98.05,90.53,37.31,10.02,56.48,0
199,7,72.46,98.15,95.25,37.27,10.13,54.84,0
199,8,73.27,97.87,90.30,36.64,10.62,53.84,0
199,9,71.63,97.77,92.36,36.47,10.61,56.76,0
199,10,70.74,97.82,91.24,37.94,9.97,57.09,0
199,11,69.52,98.30,90.80,37.01,10.33,57.50,0
199,12,70.39,97.88,92.28,37.26,9.90,54.32,0
199,13,69.42,97.99,94.14,36.80,10.18,57.19,0
199,14,70.96,98.47,92.67,36.99,9.70,57.46,0
199,15,69.13,97.75,91.80,36.87,9.99,54.53,0
199,16,70.30,98.17,89.81,36.33,10.26,56.52,0
199,17,72.98,97.95,92.16,36.54,10.75,56.25,0
199,18,71.09,98.37,93.71,36.90,9.71,55.63,0
199,19,72.95,98.43,93.02,37.18,10.11,55.12,0
200,0,86.23,97.84,85.41,36.63,12.54,62.18,0
200,1,86.20,97.71,86.54,35.65,11.77,59.35,0
200,2,87.15,97.58,84.54,35.79,11.59,60.77,0
200,3,87.20,97.58,87.98,36.13,12.10,61.26,0
200,4,84.09,98.20,84.53,37.24,11.50,60.15,0
200,5,87.00,97.52,89.69,35.42,12.35,61.96,0
200,6,85.60,97.61,87.36,35.55,12.25,60.21,0
200,7,85.18,97.88,85.91,35.64,11.88,62.16,0
200,8,85.11,97.82,86.02,36.93,12.16,59.15,0
200,9,89.99,97.86,83.29,36.40,12.06,59.27,0
200,10,94.34,98.16,75.05,37.25,11.80,55.08,0
200,11,93.83,98.23,71.54,35.60,12.29,57.05,1
200,12,90.55,98.16,75.86,35.56,12.57,54.41,0
200,13,89.78,98.28,80.23,35.40,12.00,57.70,0
200,14,82.39,97.54,85.68,36.62,12.36,59.30,0
200,15,85.88,97.48,86.85,36.31,11.66,61.49,0
200,16,82.90,97.89,84.29,35.47,12.39,59.89,0
200,17,84.55,97.78,87.59,36.09,12.28,61.24,0
200,18,85.44,97.62,86.75,37.09,11.56,60.28,0
200,19,84.47,98.21,86.10,36.61,12.47,59.09,0
201,0,86.75,97.53,81.50,34.70,13.99,48.89,0
201,1,86.06,97.16,78.68,33.81,13.59,49.10,0
201,2,87.71,97.30,82.39,34.70,14.19,48.43,0
201,3,85.36,97.72,79.14,33.01,13.80,47.22,0
201,4,87.32,97.52,78.36,33.59,13.54,46.47,0
201,5,86.91,97.16,78.62,33.12,13.57,45.86,0
201,6,85.32,97.20,79.09,33.04,14.33,46.72,0
201,7,86.01,97.34,80.06,34.46,13.62,48.86,0
201,8,88.62,97.65,81.58,33.74,13.55,48.65,0
201,9,84.86,97.44,80.18,33.42,13.90,48.57,0
201,10,87.33,97.01,78.51,34.77,14.69,49.02,0
201,11,87.14,97.48,79.11,34.23,14.48,46.82,0
201,12,85.90,97.01,78.28,34.66,14.42,48.83,0
201,13,83.81,97.61,80.22,33.29,13.92,46.41,0
201,14,85.84,97.02,77.82,33.48,14.69,47.59,0
201,15,86.03,97.64,82.40,33.70,13.82,48.26,0
201,16,83.95,97.27,79.60,33.85,14.65,47.51,0
201,17,85.71,97.24,77.14,33.53,14.53,45.63,0
201,18,86.15,97.17,82.10,34.14,13.72,47.79,0
201,19,84.95,97.47,81.65,34.88,13.91,49.44,0
202,0,80.22,98.49,95.20,33.82,15.88,48.54,0
202,1,82.23,98.53,92.66,33.67,15.42,47.89,0
202,2,81.20,98.02,93.36,33.75,16.29,49.92,0
202,3,80.30,98.38,94.86,32.70,16.18,51.07,0
202,4,80.74,97.88,95.57,33.85,15.91,50.50,0
202,5,82.94,98.10,92.68,34.14,16.23,48.09,0
202,6,84.16,98.23,94.87,32.78,16.10,50.01,0
202,7,80.41,98.58,96.30,33.84,15.46,50.26,0
202,8,81.89,98.48,97.46,32.52,15.42,48.61,0
202,9,83.53,98.61,92.57,33.40,16.23,48.74,0
202,10,82.81,98.50,93.99,32.75,15.49,50.10,0
202,11,79.86,98.13,94.26,34.12,16.35,48.40,0
202,12,80.18,98.46,91.43,33.59,15.60,50.25,0
202,13,80.13,98.10,96.74,33.67,15.78,49.84,0
202,14,82.60,98.27,92.56,33.53,15.39,50.29,0
202,15,79.31,98.17,95.44,34.21,15.91,50.39,0
202,16,80.22,98.51,95.95,34.06,16.16,50.12,0
202,17,80.31,98.30,97.08,33.37,16.41,48.34,0
202,18,80.65,98.09,96.01,32.90,15.71,48.83,0
202,19,81.41,97.97,94.56,33.66,15.76,49.52,0
203,0,80.57,97.48,90.32,37.68,12.45,55.36,0
203,1,81.22,97.76,90.43,37.81,12.94,54.32,0
203,2,81.36,97.75,95.21,37.61,12.87,51.64,0
203,3,83.16,97.32,91.52,38.05,12.37,52.88,0
203,4,82.54,97.63,90.96,37.84,12.14,53.16,0
203,5,82.54,97.81,92.89,38.95,12.64,55.46,0
203,6,80.44,97.97,91.81,37.68,13.03,54.56,0
203,7,80.88,97.79,93.49,36.97,13.11,55.27,0
203,8,81.75,97.39,92.83,38.26,12.04,52.78,0
203,9,80.48,97.84,94.95,38.71,12.90,55.06,0
203,10,82.25,98.00,91.91,38.52,12.99,51.78,0
203,11,79.69,97.54,89.12,38.89,12.28,54.75,0
203,12,81.47,97.58,89.76,38.05,12.36,53.96,0
203,13,81.36,97.71,91.48,37.47,13.11,55.22,0
203,14,81.88,97.99,92.16,37.35,12.89,54.62,0
203,15,78.63,97.41,89.05,37.88,12.71,55.09,0
203,16,79.69,97.60,93.44,38.12,12.98,53.69,0
203,17,82.29,97.67,94.15,38.49,13.16,53.95,0
203,18,79.48,97.80,91.39,37.68,12.22,52.13,0
203,19,80.78,97.64,89.09,38.12,13.13,55.01,0
204,0,90.53,98.52,83.23,38.34,10.60,56.49,0
204,1,90.33,98.48,87.47,38.57,10.05,57.40,0
204,2,90.40,98.64,82.04,37.97,9.62,54.80,0
204,3,92.92,97.88,87.80,37.97,9.69,56.98,0
204,4,93.08,98.27,87.87,38.10,10.58,57.13,0
204,5,92.60,98.33,87.54,37.94,10.48,56.64,0
204,6,93.40,98.19,85.53,38.95,9.68,55.02,0
204,7,91.64,97.94,85.56,38.94,10.64,57.09,0
204,8,91.44,98.56,85.16,39.69,9.95,53.49,0
204,9,92.53,97.95,85.68,38.64,10.34,54.85,0
204,10,92.64,98.61,86.68,37.89,10.62,56.70,0
204,11,89.53,98.64,82.15,38.25,10.00,55.98,0
204,12,92.03,97.90,86.20,38.92,10.49,53.46,0
204,13,89.96,97.92,84.17,37.87,10.56,57.31,0
204,14,90.17,98.32,82.07,39.56,10.06,56.04,0
204,15,89.19,98.11,85.09,38.23,10.55,54.10,0
204,16,90.84,98.09,81.90,39.36,10.21,57.14,0
204,17,91.96,97.95,83.86,39.66,9.85,54.50,0
204,18,89.76,97.95,83.05,39.18,9.80,55.72,0
204,19,92.65,98.44,81.87,39.68,10.47,54.67,0
205,0,73.57,97.90,91.02,33.31,10.29,60.40,0
205,1,73.63,98.15,90.83,33.80,10.57,59.06,0
205,2,73.53,97.98,86.99,34.71,10.07,58.49,0
205,3,73.67,97.81,88.31,34.07,9.82,57.52,0
205,4,74.31,98.14,92.70,33.59,10.14,58.72,0
205,5,72.84,98.46,90.02,33.25,10.57,57.39,0
205,6,73.57,98.49,92.28,34.92,10.58,57.38,0
205,7,72.34,97.99,89.29,34.09,10.16,61.13,0
205,8,74.06,97.98,88.30,33.58,10.68,60.98,0
205,9,74.32,98.51,87.36,34.45,10.47,61.09,0
205,10,74.90,97.86,87.32,33.70,10.01,60.43,0
205,11,75.11,97.93,89.71,35.01,10.31,58.60,0
205,12,72.77,98.06,88.15,33.40,10.25,60.25,0
205,13,73.56,98.50,86.60,34.95,10.59,57.37,0
205,14,71.23,98.40,86.30,34.12,10.22,60.17,0
205,15,74.39,98.21,87.68,34.85,9.78,59.46,0
205,16,74.34,98.29,86.35,34.23,10.34,57.69,0
205,17,72.52,98.16,90.95,34.88,10.68,58.81,0
205,18,73.51,98.11,89.45,33.83,9.72,59.89,0
205,19,74.83,98.45,89.15,33.34,9.95,58.85,0
206,0,80.21,98.57,97.66,33.09,15.59,42.63,0
206,1,78.64,98.63,93.17,33.65,14.93,40.81,0
206,2,79.28,98.31,97.47,34.45,15.85,40.77,0
206,3,80.69,98.76,97.38,32.64,14.88,40.43,0
206,4,81.60,98.69,97.60,34.27,14.81,41.10,0
206,5,80.66,98.65,99.11,34.29,15.02,40.10,0
206,6,81.54,98.42,98.23,33.93,15.81,40.85,0
206,7,81.61,98.54,94.82,34.36,14.72,41.42,0
206,8,82.19,98.64,98.38,33.85,15.40,41.13,0
206,9,79.39,98.65,94.15,33.93,15.43,40.86,0
206,10,81.66,98.43,94.75,34.01,14.86,42.83,0
206,11,78.59,98.50,97.01,33.87,15.05,43.06,0
206,12,78.89,98.90,96.22,33.40,15.11,43.22,0
206,13,80.59,98.89,95.01,33.15,15.84,42.46,0
206,14,78.68,98.90,97.32,33.80,15.42,43.14,0
206,15,80.37,99.06,95.37,33.66,15.64,42.86,0
206,16,80.66,99.07,93.31,33.59,15.55,42.87,0
206,17,79.75,98.48,93.27,32.73,15.09,43.16,0
206,18,80.08,98.96,93.30,33.33,15.78,43.34,0
206,19,80.79,98.77,94.26,33.99,15.19,41.36,0
207,0,84.09,98.01,81.15,38.72,11.62,45.95,0
207,1,82.33,98.06,80.34,39.02,12.02,45.34,0
207,2,82.43,98.38,76.50,37.62,12.09,46.16,0
207,3,83.07,98.07,80.43,39.26,11.40,45.42,0
207,4,82.01,98.48,81.33,38.99,11.34,43.67,0
207,5,83.93,98.29,81.32,39.35,11.85,46.74,0
207,6,84.08,98.18,80.85,39.15,11.95,46.64,0
207,7,85.09,98.67,79.36,38.12,11.40,47.08,0
207,8,83.99,98.41,81.45,38.21,11.87,44.47,0
207,9,82.79,98.71,80.47,38.52,11.89,46.57,0
207,10,83.60,98.41,80.94,39.04,11.50,44.89,0
207,11,82.76,98.24,80.51,38.14,11.80,45.63,0
207,12,83.65,98.41,77.53,39.44,11.23,44.91,0
207,13,83.66,98.59,77.19,37.49,11.34,46.00,0
207,14,80.32,98.14,79.30,38.78,11.84,46.20,0
207,15,83.90,98.06,78.47,37.60,11.39,44.02,0
207,16,83.43,98.08,78.17,37.99,12.15,47.03,0
207,17,84.18,98.26,74.93,38.39,11.88,43.76,0
207,18,83.66,98.35,80.25,38.51,12.02,46.91,0
207,19,82.17,98.55,77.75,38.21,12.12,43.89,0
208,0,90.54,98.44,83.26,34.93,13.00,59.71,0
208,1,90.17,98.92,84.79,34.69,12.83,59.09,0
208,2,90.32,98.65,86.09,36.36,12.00,59.89,0
208,3,89.81,98.47,86.69,36.06,12.46,59.56,0
208,4,89.92,98.43,84.91,36.01,12.97,57.11,0
208,5,90.82,98.88,85.41,35.75,12.86,59.48,0
208,6,89.67,98.33,87.45,36.10,11.99,60.26,0
208,7,90.91,98.62,85.34,36.11,12.11,58.60,0
208,8,90.86,98.92,85.49,35.55,11.92,56.88,0
208,9,91.64,98.93,86.48,35.88,12.87,59.06,0
208,10,88.18,98.82,81.22,35.53,12.47,60.29,0
208,11,91.00,98.91,85.48,34.70,12.59,60.25,0
208,12,90.19,98.63,82.29,36.45,11.99,60.31,0
208,13,87.02,98.63,81.26,34.65,11.92,60.54,0
208,14,88.28,98.23,85.52,35.67,12.65,60.11,0
208,15,89.86,98.68,82.68,35.28,12.62,57.75,0
208,16,90.07,98.30,81.01,36.02,12.90,57.71,0
208,17,89.60,98.67,82.78,36.15,12.75,58.45,0
208,18,90.11,98.17,86.11,34.54,12.66,57.63,0
208,19,89.15,98.25,85.96,34.76,12.05,58.29,0
209,0,78.10,97.24,95.26,34.30,15.96,52.11,0
209,1,77.86,97.85,100.69,34.83,15.33,51.29,0
209,2,79.13,97.55,98.14,35.72,15.61,52.79,0
209,3,80.09,97.27,96.67,35.94,15.45,50.71,0
209,4,79.85,97.29,100.00,35.50,15.43,52.69,0
209,5,79.78,97.49,98.35,34.70,15.23,50.68,0
209,6,79.60,97.92,95.51,34.46,15.28,50.82,0
209,7,78.79,97.79,98.08,35.09,15.57,52.98,0
209,8,78.78,97.64,99.44,34.06,15.57,52.58,0
209,9,77.51,97.58,98.10,35.28,15.50,52.38,0
209,10,76.34,97.66,96.50,34.01,15.84,49.26,0
209,11,76.39,97.39,95.04,34.09,15.21,52.08,0
209,12,79.53,97.64,98.39,35.47,15.54,52.18,0
209,13,79.50,97.32,97.00,35.47,15.21,52.88,0
209,14,76.38,97.71,98.47,35.11,15.04,52.46,0
209,15,79.13,98.00,96.04,34.29,15.16,52.27,0
209,16,76.27,97.58,99.48,34.75,15.46,50.58,0
209,17,79.43,97.59,95.70,35.86,15.03,49.33,0
209,18,76.89,97.63,99.87,35.45,15.73,50.69,0
209,19,77.79,97.45,96.34,34.66,15.89,49.86,0
210,0,82.41,96.94,85.55,34.42,11.42,51.96,0
210,1,81.86,97.22,81.10,34.94,12.27,51.31,0
210,2,80.80,97.10,84.73,33.97,12.03,52.26,0
210,3,80.52,96.92,86.40,34.83,12.43,50.61,0
210,4,83.24,97.19,85.08,33.36,12.42,49.68,0
210,5,82.61,96.91,86.47,34.24,11.70,51.59,0
210,6,81.20,97.41,85.48,34.89,11.44,51.54,0
210,7,80.84,97.03,83.25,34.42,11.99,51.32,0
210,8,82.22,96.81,83.08,33.75,11.36,48.64,0
210,9,81.44,97.47,82.12,33.86,12.29,50.55,0
210,10,80.00,97.09,84.01,34.75,11.60,50.77,0
210,11,82.19,97.28,80.45,34.93,11.42,51.49,0
210,12,79.55,96.93,80.20,33.45,12.00,50.73,0
210,13,79.15,96.84,85.32,35.08,11.84,51.78,0
210,14,82.14,96.98,80.39,34.88,11.32,50.10,0
210,15,80.55,97.47,79.46,33.62,12.07,51.12,0
210,16,79.18,97.07,80.17,34.82,12.25,52.00,0
210,17,81.36,97.32,85.65,34.47,11.38,51.65,0
210,18,82.95,97.00,81.90,34.62,11.53,51.20,0
210,19,81.61,96.91,86.13,34.81,12.34,52.20,0
211,0,92.82,98.39,91.36,34.37,10.73,57.11,0
211,1,90.42,98.18,89.57,35.02,11.41,58.63,0
211,2,90.39,98.09,91.45,36.14,11.36,55.60,0
211,3,92.67,98.49,91.34,35.68,11.03,57.99,0
211,4,90.90,98.34,90.54,35.14,11.57,56.19,0
211,5,93.43,98.19,94.42,36.12,10.67,56.07,0
211,6,91.77,98.17,90.48,34.84,11.61,56.70,0
211,7,91.39,98.63,90.93,36.27,11.31,58.10,0
211,8,89.55,97.95,94.94,35.52,11.28,57.08,0
211,9,90.84,98.15,89.99,35.80,11.40,57.73,0
211,10,90.02,98.63,91.43,36.01,11.03,56.72,0
211,11,88.73,98.19,89.06,34.62,10.98,56.67,0
211,12,92.08,98.32,93.11,36.21,10.77,57.29,0
211,13,89.93,98.18,93.39,35.21,10.94,58.49,0
211,14,89.26,98.18,92.40,35.01,11.06,58.49,0
211,15,88.30,98.55,91.68,35.39,11.66,55.22,0
211,16,91.91,98.42,91.07,36.10,11.63,56.43,0
211,17,90.91,98.65,92.39,35.53,11.31,55.65,0
211,18,91.29,98.32,89.17,35.65,10.88,56.78,0
211,19,91.93,98.61,92.21,35.62,11.20,55.54,0
212,0,85.37,98.87,85.69,32.72,13.55,55.26,0
212,1,86.20,98.74,84.56,34.31,13.37,55.70,0
212,2,86.96,98.96,85.04,34.03,13.98,58.01,0
212,3,85.90,98.81,82.77,34.23,12.94,56.89,0
212,4,85.55,98.47,84.01,33.14,13.10,56.72,0
212,5,85.81,99.06,82.18,34.34,13.15,57.26,0
212,6,87.78,98.80,84.68,33.91,13.75,59.04,0
212,7,84.93,98.45,82.21,33.66,13.91,56.72,0
212,8,84.16,98.43,87.02,33.79,13.74,55.43,0
212,9,86.00,98.91,83.97,33.41,13.78,57.12,0
212,10,86.08,98.66,81.92,33.03,13.46,57.58,0
212,11,83.50,99.09,83.04,32.84,13.89,56.93,0
212,12,83.90,99.01,84.76,33.13,13.61,55.20,0
212,13,84.18,99.03,81.27,32.67,13.13,55.83,0
212,14,84.61,99.02,80.45,32.70,13.22,57.58,0
212,15,83.05,98.78,84.30,32.71,14.06,56.83,0
212,16,86.13,99.19,83.40,33.71,13.40,55.23,0
212,17,87.09,99.15,81.35,33.70,13.31,59.06,0
212,18,84.75,98.66,86.56,33.64,12.95,55.14,0
212,19,84.95,98.91,81.39,32.73,13.78,58.13,0
213,0,69.18,98.29,93.53,33.35,12.57,56.72,0
213,1,71.87,97.94,92.84,32.51,12.14,54.84,0
213,2,72.59,97.99,92.58,33.83,12.99,57.28,0
213,3,71.31,98.00,96.45,33.87,12.24,56.15,0
213,4,72.20,97.86,97.06,34.39,12.30,56.75,0
213,5,69.83,98.37,96.95,33.97,12.03,55.74,0
213,6,73.15,98.35,94.32,32.44,12.14,57.58,0
213,7,69.57,98.14,96.88,32.47,12.82,56.29,0
213,8,70.64,97.94,95.17,32.83,12.43,54.86,0
213,9,68.75,98.04,93.87,32.41,12.68,56.59,0
213,10,71.09,98.32,96.67,33.79,12.89,56.57,0
213,11,69.04,97.78,92.18,34.13,12.66,55.48,0
213,12,68.99,98.10,91.45,32.44,12.52,58.05,0
213,13,69.91,98.25,92.87,33.25,12.44,55.28,0
213,14,71.46,98.42,92.66,33.93,12.69,57.88,0
213,15,71.17,98.47,91.30,34.21,12.18,56.86,0
213,16,71.09,98.03,94.79,33.12,12.74,57.80,0
213,17,68.81,98.15,94.57,33.17,12.91,54.88,0
213,18,71.98,97.70,96.28,33.54,12.34,54.97,0
213,19,68.93,97.90,93.01,33.94,12.69,58.80,0
214,0,76.81,97.88,76.31,36.87,10.04,48.16,0
214,1,79.95,97.90,76.69,38.43,10.49,49.67,0
214,2,80.48,97.67,80.56,37.98,10.98,48.62,0
214,3,78.79,97.46,80.56,36.64,10.18,47.61,0
214,4,79.54,97.95,77.28,37.14,10.31,50.57,0
214,5,79.17,98.09,77.67,37.64,10.85,48.83,0
214,6,80.01,97.94,78.23,37.07,10.01,49.42,0
214,7,76.77,97.64,77.03,36.89,9.87,50.68,0
214,8,78.99,97.93,78.26,37.92,10.14,47.53,0
214,9,84.44,97.52,71.02,36.84,10.46,46.44,0
214,10,87.66,97.89,66.22,37.40,10.32,46.24,0
214,11,86.68,97.76,63.54,37.48,10.97,43.59,1
214,12,87.01,97.61,69.98,37.12,9.90,47.41,0
214,13,84.55,97.81,72.18,37.37,10.67,47.44,0
214,14,76.50,98.12,77.84,37.07,11.05,50.26,0
214,15,75.44,97.93,75.17,38.32,10.27,49.60,0
214,16,76.51,97.89,79.75,37.57,10.98,49.81,0
214,17,76.91,97.54,78.81,36.88,10.84,47.45,0
214,18,76.24,97.63,75.36,37.14,10.28,47.52,0
214,19,79.51,97.83,80.58,37.44,10.02,49.49,0
215,0,80.81,98.46,84.15,34.61,10.37,60.75,0
215,1,79.69,98.19,84.84,34.76,10.30,60.14,0
215,2,77.96,98.63,85.53,35.19,10.99,62.54,0
215,3,79.08,98.25,84.96,35.38,11.00,62.87,0
215,4,79.84,98.45,87.33,35.64,10.45,61.85,0
215,5,80.87,98.48,85.03,35.39,10.38,62.52,0
215,6,78.90,98.66,85.97,33.87,10.82,62.85,0
215,7,79.46,98.46,87.07,33.74,10.80,61.68,0
215,8,80.81,98.70,85.28,35.17,11.44,59.69,0
215,9,81.08,98.20,88.61,34.16,11.44,62.53,0
215,10,86.49,98.62,83.08,34.81,11.23,59.17,0
215,11,85.17,98.33,76.45,34.63,10.85,59.55,0
215,12,88.69,98.32,73.27,34.22,10.76,55.58,1
215,13,86.06,98.50,78.74,35.56,10.44,57.60,0
215,14,84.04,98.94,79.68,33.78,11.33,56.87,0
215,15,80.35,98.16,87.07,34.70,10.52,63.21,0
215,16,80.30,98.84,86.76,35.29,11.36,60.60,0
215,17,76.90,98.42,84.56,34.08,10.50,62.78,0
215,18,78.48,98.70,87.53,34.76,11.24,61.85,0
215,19,80.51,98.89,86.53,34.49,10.43,62.98,0
216,0,78.81,98.05,86.74,36.13,12.19,42.85,0
216,1,77.18,97.99,90.42,36.64,11.78,41.31,0
216,2,78.44,97.95,89.31,35.44,11.91,42.24,0
216,3,76.25,97.52,89.58,35.60,11.96,42.60,0
216,4,78.48,98.04,89.02,36.75,12.51,42.87,0
216,5,79.07,97.99,90.68,35.37,12.36,42.86,0
216,6,77.03,97.50,90.67,35.46,11.44,40.96,0
216,7,75.59,97.93,85.82,36.87,11.48,42.77,0
216,8,82.77,97.52,85.15,35.08,11.78,38.41,0
216,9,84.34,97.99,76.63,36.56,12.43,40.14,0
216,10,84.83,97.95,75.15,35.56,12.56,38.00,1
216,11,83.95,97.91,79.40,35.12,12.44,37.89,0
216,12,82.63,98.20,78.52,36.10,11.72,40.94,0
216,13,75.99,98.06,88.09,36.98,11.99,43.81,0
216,14,76.51,98.09,86.13,36.21,12.42,40.91,0
216,15,75.37,97.90,85.28,36.86,11.64,42.06,0
216,16,75.74,98.05,87.94,35.86,12.08,42.40,0
216,17,77.40,97.70,85.66,36.26,11.94,41.95,0
216,18,75.40,98.07,87.08,35.82,11.78,40.79,0
216,19,75.91,97.48,85.69,36.81,12.21,41.08,0
217,0,86.95,98.55,90.99,34.80,10.62,53.27,0
217,1,85.07,98.18,91.66,34.12,11.07,57.03,0
217,2,85.91,98.81,92.94,33.91,11.17,56.76,0
217,3,85.67,98.13,94.71,34.10,10.64,55.03,0
217,4,85.05,98.41,91.59,35.38,11.24,53.27,0
217,5,87.07,98.77,93.62,35.36,11.09,55.29,0
217,6,87.14,98.75,91.68,34.34,11.38,53.41,0
217,7,87.73,98.81,92.22,35.17,11.29,54.37,0
217,8,85.72,98.56,90.40,35.45,10.38,53.28,0
217,9,87.99,98.49,92.37,35.18,10.86,56.23,0
217,10,93.38,98.35,86.31,34.19,11.05,52.94,0
217,11,93.55,98.48,81.60,35.53,10.88,52.34,0
217,12,96.32,98.81,76.77,35.00,10.77,49.32,1
217,13,91.99,98.33,83.21,35.45,10.88,49.56,0
217,14,89.25,98.62,88.43,34.66,11.31,50.37,0
217,15,83.82,98.76,91.90,34.56,10.80,55.05,0
217,16,85.92,98.50,91.46,34.94,10.58,54.09,0
217,17,87.38,98.40,90.66,34.20,10.45,53.43,0
217,18,86.94,98.32,90.94,33.95,10.95,53.43,0
217,19,84.44,98.07,95.64,34.40,10.56,56.63,0
218,0,70.37,98.54,85.31,38.31,13.70,50.67,0
218,1,71.68,98.21,83.59,38.11,13.94,50.56,0
218,2,72.71,98.59,86.10,37.67,13.30,50.35,0
218,3,69.93,98.40,83.69,36.95,13.16,49.07,0
218,4,71.10,98.40,84.46,37.90,12.94,48.92,0
218,5,72.52,98.67,85.37,38.10,13.66,48.94,0
218,6,69.86,98.40,83.94,36.68,13.84,50.59,0
218,7,72.27,98.23,87.01,37.19,13.22,47.92,0
218,8,69.39,98.40,82.79,37.24,13.55,47.61,0
218,9,72.98,98.12,82.19,36.82,13.51,48.55,0
218,10,70.62,98.75,86.56,38.24,12.98,47.97,0
218,11,69.68,98.83,85.51,36.99,13.49,47.23,0
218,12,70.16,98.81,82.99,37.30,13.49,47.62,0
218,13,70.60,98.82,85.96,36.86,13.66,50.02,0
218,14,69.06,98.28,80.36,37.31,13.83,49.79,0
218,15,69.35,98.73,84.46,36.39,13.60,47.24,0
218,16,72.02,98.67,85.99,37.75,12.92,48.77,0
218,17,70.07,98.64,84.91,36.78,13.94,49.98,0
218,18,71.55,98.48,83.08,36.47,13.52,49.82,0
218,19,70.69,98.24,81.21,36.82,13.61,50.73,0
219,0,69.47,97.22,78.98,38.66,11.57,52.20,0
219,1,72.08,97.32,81.10,37.02,12.54,48.64,0
219,2,70.21,97.14,80.82,37.70,11.69,49.51,0
219,3,70.04,96.92,79.93,37.92,11.35,51.38,0
219,4,69.54,96.92,79.45,37.58,11.85,49.55,0
219,5,72.15,97.66,81.77,38.02,12.03,49.79,0
219,6,73.22,97.33,81.59,38.38,12.47,52.12,0
219,7,70.63,96.90,77.61,38.32,12.18,52.13,0
219,8,69.16,97.40,81.20,38.51,12.12,49.80,0
219,9,72.15,97.43,78.16,38.61,12.39,49.23,0
219,10,76.14,97.24,70.16,38.14,11.83,45.77,0
219,11,76.79,97.45,69.70,37.86,11.89,47.60,0
219,12,79.53,97.23,61.56,38.34,11.56,47.61,1
219,13,77.81,97.13,66.93,38.13,11.73,47.81,0
219,14,75.40,97.58,70.70,38.07,12.22,49.21,0
219,15,71.52,96.96,78.91,38.32,11.76,50.66,0
219,16,71.13,97.46,78.60,37.27,12.06,48.66,0
219,17,68.81,97.33,76.22,37.12,11.88,49.56,0
219,18,69.34,96.98,78.38,37.69,11.82,50.93,0
219,19,72.02,97.51,76.37,37.51,11.65,50.83,0
220,0,82.27,98.57,95.25,37.45,12.22,43.13,0
220,1,81.05,99.07,94.03,36.50,12.59,44.04,0
220,2,81.22,98.83,92.75,36.29,12.40,43.16,0
220,3,82.36,99.06,93.03,37.33,12.34,43.13,0
220,4,82.32,98.87,92.87,36.45,11.73,41.75,0
220,5,81.69,99.27,97.39,35.62,12.62,42.21,0
220,6,82.99,98.64,92.64,37.53,11.80,45.05,0
220,7,82.25,98.75,94.37,36.90,12.85,42.14,0
220,8,82.71,98.64,94.19,36.40,11.76,44.30,0
220,9,83.76,99.11,94.85,35.88,12.24,41.62,0
220,10,80.97,99.17,95.47,36.08,11.87,44.87,0
220,11,82.63,98.69,94.96,37.34,12.53,43.41,0
220,12,80.67,98.91,94.54,35.95,12.14,42.68,0
220,13,79.25,99.14,93.80,37.32,12.60,45.16,0
220,14,81.78,99.21,96.16,35.74,11.71,41.79,0
220,15,81.67,98.89,95.00,37.52,12.42,42.78,0
220,16,80.04,98.69,91.82,36.52,12.67,44.66,0
220,17,81.49,99.12,93.88,37.27,11.70,43.91,0
220,18,80.03,99.14,93.62,35.93,11.77,44.40,0
220,19,82.02,98.88,91.98,36.99,12.31,42.80,0
221,0,85.66,97.61,86.92,35.24,11.22,56.95,0
221,1,86.63,97.67,89.76,33.97,11.04,58.18,0
221,2,87.97,97.59,87.54,35.24,11.32,59.14,0
221,3,86.67,97.22,91.79,34.15,11.21,57.41,0
221,4,86.92,97.46,91.00,34.34,11.14,58.71,0
221,5,85.00,97.36,87.20,33.42,11.76,59.19,0
221,6,88.37,97.58,87.11,33.35,11.62,59.37,0
221,7,88.23,97.03,91.95,33.79,11.83,58.19,0
221,8,87.29,97.54,91.17,34.90,11.87,59.81,0
221,9,87.65,97.71,89.63,35.20,11.52,58.29,0
221,10,85.46,96.98,90.20,33.41,11.34,58.22,0
221,11,84.98,97.57,86.22,34.35,11.07,58.06,0
221,12,85.76,97.30,89.97,33.62,11.62,56.42,0
221,13,84.56,97.15,90.60,33.91,11.94,57.64,0
221,14,86.19,97.12,89.52,33.83,11.21,58.84,0
221,15,83.55,97.69,86.97,34.58,11.75,58.04,0
221,16,87.30,97.61,89.89,34.28,12.08,59.79,0
221,17,84.79,97.08,89.21,34.17,11.25,57.29,0
221,18,84.01,97.50,88.04,34.57,11.75,56.84,0
221,19,86.24,97.00,87.16,34.23,11.37,56.41,0
222,0,73.40,98.51,88.12,35.09,10.87,42.45,0
222,1,73.20,98.15,86.52,36.72,10.78,44.25,0
222,2,71.34,97.86,89.48,35.15,10.63,42.40,0
222,3,72.06,98.10,87.76,34.92,10.71,42.36,0
222,4,72.46,98.27,91.31,36.31,11.06,42.73,0
222,5,73.48,98.44,90.07,35.42,10.39,43.34,0
222,6,72.96,98.27,91.25,35.57,11.03,44.72,0
222,7,72.01,97.91,90.40,36.34,10.08,41.70,0
222,8,70.59,98.53,87.03,35.42,10.08,44.80,0
222,9,73.17,98.51,87.68,35.16,10.86,42.16,0
222,10,71.09,97.87,88.91,36.35,10.35,45.04,0
222,11,69.48,98.61,89.88,34.96,10.74,45.36,0
222,12,70.59,97.85,88.25,35.63,10.84,43.42,0
222,13,70.88,98.41,88.16,36.29,10.84,45.51,0
222,14,69.30,98.17,89.32,36.33,10.65,43.36,0
222,15,69.34,98.19,90.20,36.06,10.09,44.72,0
222,16,69.84,98.35,90.23,36.39,10.96,41.84,0
222,17,70.21,97.87,87.08,35.17,11.21,45.63,0
222,18,70.49,98.16,86.70,36.45,10.92,45.47,0
222,19,72.09,98.34,88.12,35.90,10.90,44.92,0
223,0,82.35,97.85,96.35,32.77,10.46,57.22,0
223,1,82.48,97.63,98.32,33.97,10.56,58.12,0
223,2,80.69,97.84,98.60,32.92,10.03,55.58,0
223,3,81.92,97.98,95.96,33.54,10.21,57.07,0
223,4,82.90,97.28,99.97,33.70,10.45,58.28,0
223,5,79.30,97.39,96.71,33.20,9.76,56.64,0
223,6,79.75,97.40,97.30,32.84,10.94,55.07,0
223,7,79.34,97.88,101.02,34.35,10.19,56.10,0
223,8,87.66,97.56,89.86,34.22,10.24,52.13,0
223,9,89.14,97.74,87.25,33.96,9.83,52.74,0
223,10,92.04,97.64,86.14,33.92,10.44,51.51,1
223,11,88.87,97.44,88.91,32.76,10.85,50.71,0
223,12,87.69,97.80,93.85,34.60,10.11,53.95,0
223,13,80.46,97.37,98.25,33.39,10.65,55.32,0
223,14,80.92,97.49,98.77,32.79,10.43,56.14,0
223,15,78.21,97.70,94.89,34.19,9.85,56.56,0
223,16,78.66,97.66,95.50,33.60,9.84,55.06,0
223,17,80.53,97.84,97.29,32.85,10.66,57.44,0
223,18,79.03,97.84,96.56,34.28,10.83,58.25,0
223,19,81.89,97.76,99.43,34.15,10.65,55.64,0
224,0,84.68,98.41,84.14,38.48,12.47,60.02,0
224,1,85.04,97.99,85.18,38.43,11.55,61.32,0
224,2,87.28,98.38,82.42,38.69,12.52,58.78,0
224,3,85.86,98.47,83.48,38.80,12.07,61.47,0
224,4,86.56,98.55,87.99,38.51,11.97,60.27,0
224,5,85.74,98.64,83.12,37.36,12.12,58.95,0
224,6,87.59,97.98,85.54,37.84,12.26,61.85,0
224,7,85.51,98.72,86.60,39.05,12.69,61.33,0
224,8,86.68,98.67,87.08,37.58,12.09,61.18,0
224,9,86.65,98.27,82.64,38.41,11.72,58.47,0
224,10,85.35,98.40,85.73,37.27,11.94,58.96,0
224,11,85.67,98.46,81.58,38.94,12.72,61.53,0
224,12,85.26,97.96,81.39,37.78,12.16,60.31,0
224,13,83.01,98.39,85.73,37.50,11.58,60.21,0
224,14,85.28,98.01,83.35,37.95,12.02,58.74,0
224,15,86.79,98.06,86.23,38.14,12.62,58.54,0
224,16,83.57,98.13,84.81,38.29,11.98,59.64,0
224,17,85.84,98.54,86.74,37.24,12.35,60.18,0
224,18,85.92,98.25,86.73,38.45,12.29,60.80,0
224,19,84.49,98.15,84.92,37.62,12.10,59.44,0
225,0,72.17,97.20,94.78,38.01,14.78,60.97,0
225,1,74.00,97.26,97.88,38.70,14.78,59.71,0
225,2,74.67,97.43,100.97,39.22,14.46,58.40,0
225,3,73.90,97.52,97.07,38.26,15.20,59.59,0
225,4,76.33,97.72,97.68,39.39,14.66,57.84,0
225,5,75.56,97.76,95.92,38.01,15.21,58.91,0
225,6,75.12,97.26,98.93,39.31,14.67,59.24,0
225,7,75.38,97.69,96.69,39.12,15.55,61.04,0
225,8,75.31,97.41,96.36,39.20,15.19,58.91,0
225,9,74.45,97.68,97.61,38.71,14.80,59.72,0
225,10,73.65,97.54,94.48,38.54,15.45,59.54,0
225,11,73.32,97.39,98.74,38.95,14.68,60.93,0
225,12,73.76,97.47,95.93,39.42,15.17,61.26,0
225,13,72.21,97.22,98.84,38.70,14.61,60.85,0
225,14,74.47,97.83,94.87,39.17,15.16,61.31,0
225,15,74.58,97.15,99.16,37.79,14.91,60.23,0
225,16,72.94,97.30,99.25,39.18,14.81,59.97,0
225,17,71.92,97.16,95.22,38.45,14.67,58.33,0
225,18,75.76,97.65,95.03,38.78,14.80,58.30,0
225,19,74.81,97.84,97.02,38.04,15.20,61.42,0
226,0,84.62,98.82,94.55,33.64,15.03,52.01,0
226,1,87.91,98.48,94.43,33.06,15.75,51.80,0
226,2,87.65,98.28,96.68,34.75,15.97,51.21,0
226,3,88.00,98.86,94.54,33.86,15.30,50.94,0
226,4,87.56,99.03,95.20,34.21,16.01,51.20,0
226,5,86.13,98.30,95.19,34.28,15.13,51.45,0
226,6,85.80,98.87,95.58,34.60,15.41,51.94,0
226,7,86.83,98.53,95.61,33.36,15.29,51.34,0
226,8,88.25,98.93,92.07,34.03,15.49,51.01,0
226,9,90.94,98.75,88.20,33.52,15.92,47.51,0
226,10,96.10,98.41,83.84,33.27,16.00,48.53,0
226,11,97.67,98.29,82.52,33.82,15.89,45.46,1
226,12,94.57,98.99,83.23,34.80,15.01,49.90,0
226,13,92.04,98.58,88.96,33.28,15.93,47.25,0
226,14,84.46,98.82,94.49,33.43,15.69,52.26,0
226,15,87.15,98.97,96.60,33.84,16.05,50.87,0
226,16,83.83,98.51,93.77,34.89,15.37,51.11,0
226,17,85.46,98.62,91.52,34.82,16.04,52.23,0
226,18,87.43,98.41,94.78,33.89,15.85,51.74,0
226,19,85.94,98.90,93.92,33.68,16.15,50.81,0
227,0,83.47,97.49,83.81,37.25,15.51,43.74,0
227,1,85.26,97.53,85.59,37.02,15.08,45.72,0
227,2,84.10,98.13,83.72,36.30,15.14,45.71,0
227,3,84.80,97.61,86.71,35.59,14.77,45.07,0
227,4,85.88,97.74,85.27,35.48,15.42,45.12,0
227,5,83.40,98.16,84.54,37.14,15.41,43.93,0
227,6,85.73,97.68,88.45,35.51,14.76,43.23,0
227,7,86.82,98.26,83.35,36.31,15.49,43.32,0
227,8,86.31,97.65,83.13,36.28,14.86,44.79,0
227,9,84.72,97.59,88.19,36.27,14.99,43.49,0
227,10,82.89,97.94,84.96,36.75,15.60,43.94,0
227,11,85.12,97.80,83.24,36.65,15.65,42.55,0
227,12,82.26,97.76,82.36,35.93,14.85,42.40,0
227,13,84.78,97.63,85.61,37.37,14.88,43.64,0
227,14,84.78,97.94,85.82,36.39,15.07,43.89,0
227,15,84.08,97.63,87.61,36.37,15.76,43.99,0
227,16,85.47,97.68,83.05,36.49,15.50,43.11,0
227,17,82.74,97.66,84.43,37.18,15.08,45.24,0
227,18,84.89,97.68,88.22,37.03,15.48,42.29,0
227,19,85.60,97.60,84.95,35.42,15.75,42.78,0
228,0,76.04,97.05,92.28,32.99,14.34,47.28,0
228,1,74.71,97.10,91.25,33.89,14.39,43.72,0
228,2,77.61,96.89,94.55,33.95,13.36,45.61,0
228,3,77.36,97.11,94.92,33.70,14.18,44.07,0
228,4,77.96,96.98,95.61,33.69,13.78,44.54,0
228,5,76.29,96.86,94.23,33.67,14.15,45.18,0
228,6,74.69,97.42,90.10,34.03,13.82,45.99,0
228,7,75.84,96.98,92.15,34.20,13.29,47.54,0
228,8,77.85,97.04,95.08,32.64,13.58,44.15,0
228,9,74.91,97.42,92.96,33.14,13.82,45.87,0
228,10,77.22,97.10,89.01,32.47,13.67,46.66,0
228,11,74.35,96.85,91.35,33.17,14.16,44.40,0
228,12,74.74,97.41,88.46,32.83,13.62,45.38,0
228,13,75.59,97.45,89.99,34.25,14.15,43.75,0
228,14,73.91,96.93,93.59,33.48,13.74,47.08,0
228,15,75.83,97.23,90.64,33.27,14.39,47.56,0
228,16,75.21,96.95,94.16,33.61,14.07,47.08,0
228,17,75.23,97.12,92.35,33.78,14.16,45.19,0
228,18,73.87,96.72,92.11,32.67,14.16,45.83,0
228,19,74.73,97.46,93.38,32.26,14.25,43.90,0
229,0,86.46,98.85,87.13,37.74,10.12,57.65,0
229,1,83.04,98.30,89.78,37.24,10.40,57.35,0
229,2,85.30,98.52,90.52,37.27,10.59,57.01,0
229,3,85.58,98.82,92.75,36.76,10.12,56.82,0
229,4,85.77,98.49,93.15,37.92,10.13,56.25,0
229,5,87.23,98.75,90.93,38.23,11.11,57.68,0
229,6,83.84,98.33,91.02,37.77,11.02,57.11,0
229,7,86.70,98.48,90.47,37.50,10.49,58.06,0
229,8,84.50,98.25,89.42,36.87,10.32,56.74,0
229,9,86.61,98.66,92.55,37.83,10.31,57.95,0
229,10,84.86,98.26,88.05,36.91,10.78,57.60,0
229,11,85.80,98.54,90.58,36.36,10.59,56.32,0
229,12,85.15,98.75,87.07,37.33,10.58,58.01,0
229,13,85.09,98.87,87.08,36.96,10.68,59.16,0
229,14,85.02,98.61,89.85,36.87,10.15,56.39,0
229,15,84.23,98.36,86.80,36.32,10.32,58.09,0
229,16,82.59,98.53,91.68,36.36,11.01,58.93,0
229,17,85.88,98.36,91.11,36.72,10.76,57.32,0
229,18,83.00,98.44,88.46,37.00,10.11,56.69,0
229,19,84.38,98.29,91.25,37.02,10.76,59.53,0
230,0,83.37,98.09,88.68,35.70,11.01,43.20,0
230,1,83.63,97.76,87.83,35.77,10.16,40.86,0
230,2,83.12,97.67,87.31,35.25,10.71,44.02,0
230,3,81.91,97.85,91.34,36.14,11.10,44.04,0
230,4,84.23,98.38,91.96,35.30,10.18,41.71,0
230,5,82.75,98.26,90.27,35.28,10.93,43.64,0
230,6,83.45,97.61,88.63,36.30,10.29,40.69,0
230,7,81.17,98.23,89.22,35.49,9.96,43.98,0
230,8,83.22,97.91,91.01,36.21,10.30,43.71,0
230,9,81.17,97.69,89.47,36.25,10.74,44.16,0
230,10,83.07,98.02,85.33,35.04,10.04,41.97,0
230,11,81.62,97.89,86.63,35.83,10.69,43.07,0
230,12,81.63,98.00,84.99,36.59,10.66,41.25,0
230,13,81.02,97.97,90.51,35.12,10.68,43.76,0
230,14,81.29,98.18,87.83,36.68,10.00,43.38,0
230,15,80.12,98.31,86.75,35.93,9.97,43.57,0
230,16,79.86,98.37,89.08,35.27,11.04,43.16,0
230,17,82.31,97.71,89.60,35.39,10.21,43.74,0
230,18,83.24,97.85,88.34,35.87,10.38,41.36,0
230,19,84.17,98.07,91.00,35.32,10.76,41.96,0
231,0,82.73,97.62,88.08,35.81,14.47,47.22,0
231,1,79.85,97.67,88.61,35.21,14.28,45.51,0
231,2,80.17,97.63,91.34,34.43,14.60,46.13,0
231,3,82.18,97.66,87.99,35.35,14.23,48.72,0
231,4,83.02,97.47,89.40,34.90,14.20,46.75,0
231,5,79.87,97.85,87.52,36.11,14.07,46.66,0
231,6,81.64,97.61,92.51,34.23,13.98,48.00,0
231,7,81.99,97.27,89.70,34.54,14.33,48.80,0
231,8,79.67,97.52,90.24,34.93,14.61,46.15,0
231,9,79.60,97.49,86.85,35.07,13.76,46.74,0
231,10,79.18,97.84,87.14,36.14,14.35,48.20,0
231,11,82.49,97.38,87.28,35.02,14.52,46.46,0
231,12,79.53,97.70,87.74,35.17,13.73,46.92,0
231,13,79.75,97.72,90.40,35.21,14.09,45.58,0
231,14,81.23,97.73,85.81,35.90,14.76,49.26,0
231,15,79.26,97.24,88.30,35.29,14.88,47.21,0
231,16,80.35,97.71,88.93,35.68,13.99,46.71,0
231,17,81.08,97.74,90.08,34.79,13.86,46.05,0
231,18,82.23,97.71,88.11,35.52,13.83,47.09,0
231,19,81.22,97.67,89.19,34.37,14.02,49.03,0
232,0,72.85,97.73,85.42,33.15,13.82,59.61,0
232,1,72.71,97.55,83.23,34.91,14.14,57.63,0
232,2,72.23,97.64,85.92,33.14,13.65,58.79,0
232,3,72.96,97.98,80.99,33.17,13.83,60.20,0
232,4,72.33,97.52,84.70,33.32,13.50,56.26,0
232,5,72.31,97.60,81.16,34.13,13.83,58.40,0
232,6,74.66,97.71,86.40,34.79,13.92,56.39,0
232,7,70.87,97.76,85.47,34.64,14.32,57.85,0
232,8,73.50,97.30,80.87,34.35,14.08,59.19,0
232,9,73.27,97.78,81.49,34.89,14.10,56.44,0
232,10,70.72,97.64,81.48,34.05,13.97,57.12,0
232,11,70.86,97.97,80.30,33.79,13.39,58.95,0
232,12,72.28,97.82,82.15,35.10,14.50,59.32,0
232,13,70.07,97.73,82.64,33.57,13.73,56.49,0
232,14,72.99,97.84,84.34,33.71,14.21,59.19,0
232,15,70.58,97.31,85.05,34.86,14.10,60.20,0
232,16,72.52,97.72,80.19,34.25,13.88,59.84,0
232,17,70.79,97.58,79.88,33.88,14.43,59.84,0
232,18,71.00,97.87,84.15,33.99,14.17,56.35,0
232,19,72.09,98.02,81.19,33.48,13.97,59.38,0
233,0,71.48,97.05,84.83,32.50,15.58,57.20,0
233,1,70.88,97.11,86.26,33.93,16.21,54.70,0
233,2,70.85,97.65,88.25,32.08,16.26,54.72,0
233,3,72.37,97.29,88.35,32.81,15.91,57.88,0
233,4,71.29,97.04,84.94,32.45,15.67,57.43,0
233,5,72.72,97.32,83.42,33.39,15.21,57.83,0
233,6,72.26,97.44,84.89,33.66,15.22,58.06,0
233,7,72.16,97.03,84.34,32.40,16.30,58.37,0
233,8,70.30,96.98,84.02,32.73,15.28,56.86,0
233,9,71.48,97.36,84.88,33.33,15.87,55.81,0
233,10,69.23,97.33,86.24,33.95,16.30,56.51,0
233,11,71.51,97.70,86.36,32.33,15.31,56.05,0
233,12,70.30,97.06,83.45,32.19,15.73,56.99,0
233,13,69.59,97.33,81.99,32.86,16.01,56.39,0
233,14,69.15,97.48,83.14,33.10,16.15,57.00,0
233,15,68.84,97.16,87.15,32.14,15.70,57.13,0
233,16,68.11,97.73,81.97,33.66,15.39,54.88,0
233,17,68.36,97.24,86.79,33.85,15.89,54.68,0
233,18,68.89,97.58,87.73,33.76,15.22,55.32,0
233,19,68.98,97.72,86.41,32.59,15.71,56.02,0
234,0,71.71,97.49,95.53,38.70,12.43,56.29,0
234,1,70.33,96.96,91.74,38.37,12.52,55.52,0
234,2,73.66,97.16,92.25,37.74,12.57,55.36,0
234,3,70.49,97.56,95.80,38.66,12.92,56.85,0
234,4,71.79,97.52,94.60,39.12,11.83,53.26,0
234,5,72.26,97.68,93.87,39.49,12.28,55.50,0
234,6,73.36,97.26,92.82,38.18,12.96,53.95,0
234,7,72.59,97.17,94.69,39.37,12.24,56.85,0
234,8,70.24,97.71,93.75,38.01,12.73,55.73,0
234,9,78.65,97.00,88.79,39.54,11.95,53.42,0
234,10,77.65,97.29,80.07,37.98,12.82,51.94,0
234,11,79.13,96.96,81.06,38.96,12.09,49.20,1
234,12,77.43,97.61,84.45,38.85,12.83,51.81,0
234,13,75.42,97.37,85.56,38.97,12.55,50.46,0
234,14,70.27,97.21,90.28,39.28,11.97,54.54,0
234,15,71.68,97.63,91.03,38.61,12.00,55.37,0
234,16,69.21,97.33,92.17,39.52,12.80,54.62,0
234,17,68.81,97.31,94.05,38.15,11.83,56.98,0
234,18,72.20,97.08,91.25,37.78,12.71,55.57,0
234,19,70.99,97.29,95.11,39.47,12.71,55.28,0
235,0,75.43,98.91,87.95,38.33,12.09,60.07,0
235,1,73.99,98.94,86.58,38.74,11.83,60.60,0
235,2,73.87,98.62,88.04,37.48,12.80,59.70,0
235,3,76.18,98.46,91.06,37.54,12.51,62.13,0
235,4,74.32,98.96,92.62,38.29,12.39,61.12,0
235,5,75.34,98.83,89.13,38.03,12.06,60.31,0
235,6,75.51,98.92,92.07,39.19,12.25,62.76,0
235,7,74.98,98.97,90.81,38.62,12.35,60.05,0
235,8,74.28,98.49,92.17,38.27,11.88,60.36,0
235,9,73.91,98.84,92.09,38.50,11.99,61.81,0
235,10,73.60,99.00,86.65,38.47,11.93,61.61,0
235,11,76.22,99.03,91.68,39.28,12.30,60.34,0
235,12,73.11,98.99,89.25,39.00,12.45,63.16,0
235,13,72.15,98.83,86.38,38.84,11.85,61.14,0
235,14,74.03,99.17,87.69,37.52,11.73,62.30,0
235,15,73.13,99.12,87.93,37.80,12.44,62.15,0
235,16,75.16,99.06,88.68,37.53,12.43,62.31,0
235,17,73.11,98.64,89.41,38.69,11.90,60.95,0
235,18,75.15,98.73,91.50,39.34,12.29,62.10,0
235,19,74.68,98.78,89.97,38.62,11.68,60.23,0
236,0,85.32,97.76,88.65,37.22,15.05,44.40,0
236,1,88.79,97.36,91.79,37.28,15.54,44.02,0
236,2,88.48,97.82,91.37,36.84,15.52,41.79,0
236,3,87.15,97.61,93.47,35.90,14.63,41.14,0
236,4,88.96,97.27,94.44,37.13,15.70,44.54,0
236,5,88.29,97.05,94.05,35.97,14.86,43.67,0
236,6,87.16,97.13,92.33,36.76,15.45,40.93,0
236,7,89.36,97.67,93.59,35.94,15.05,41.53,0
236,8,87.10,97.17,91.04,36.33,14.74,41.15,0
236,9,86.10,97.83,93.21,37.42,15.67,41.25,0
236,10,90.97,97.18,84.62,36.68,14.71,40.97,0
236,11,92.62,97.53,81.97,36.90,14.77,39.48,0
236,12,97.29,97.72,79.31,36.91,14.70,36.84,1
236,13,93.56,97.59,82.63,36.89,14.85,39.94,0
236,14,92.46,97.29,86.46,36.95,15.58,38.82,0
236,15,88.00,97.44,88.44,36.35,15.11,43.03,0
236,16,86.93,97.41,91.39,37.46,14.65,43.91,0
236,17,86.66,97.71,93.50,36.93,15.23,41.97,0
236,18,85.48,97.56,93.08,36.55,15.16,41.74,0
236,19,86.21,97.39,93.71,36.73,15.63,44.03,0
237,0,85.20,97.56,93.91,37.73,13.77,49.69,0
237,1,86.33,98.11,88.82,37.22,14.01,51.71,0
237,2,87.16,97.68,91.33,36.83,13.51,49.97,0
237,3,88.33,97.99,89.03,36.46,13.80,48.43,0
237,4,86.70,97.91,94.26,37.80,13.06,48.78,0
237,5,85.33,97.48,89.36,36.73,12.93,51.55,0
237,6,87.28,97.41,93.47,36.52,13.80,49.26,0
237,7,85.87,97.66,92.62,38.29,13.11,50.19,0
237,8,87.92,97.69,93.70,36.61,13.84,50.88,0
237,9,91.39,97.53,85.74,37.99,13.14,48.74,0
237,10,93.89,97.97,83.28,38.03,13.25,46.70,0
237,11,96.95,97.72,76.49,37.41,13.61,44.39,1
237,12,94.21,98.00,78.21,37.72,13.76,45.08,0
237,13,91.00,97.75,84.95,36.97,13.89,47.50,0
237,14,84.44,97.34,90.03,36.99,13.93,50.84,0
237,15,84.38,97.99,93.01,37.95,13.57,51.55,0
237,16,85.00,97.72,88.50,38.24,13.04,50.51,0
237,17,83.81,97.62,93.07,37.32,13.40,51.52,0
237,18,86.12,97.84,91.37,36.91,13.35,50.46,0
237,19,85.33,97.50,88.31,36.80,13.52,48.86,0
238,0,83.99,98.22,80.69,36.71,12.13,60.82,0
238,1,84.74,98.81,80.77,37.16,12.88,62.15,0
238,2,85.75,98.49,83.94,36.69,12.17,58.88,0
238,3,85.36,98.30,82.59,36.95,13.04,59.61,0
238,4,83.54,98.80,84.25,37.44,13.15,60.25,0
238,5,84.22,98.20,80.43,37.25,12.67,60.42,0
238,6,85.11,98.36,80.96,37.99,12.21,60.40,0
238,7,83.36,98.54,82.72,37.62,12.70,61.53,0
238,8,86.45,98.45,83.02,36.68,12.25,59.23,0
238,9,90.77,98.07,75.23,36.38,12.19,56.49,0
238,10,93.83,98.77,74.86,37.99,12.26,57.01,0
238,11,95.46,98.20,70.62,36.89,12.89,56.80,1
238,12,93.58,98.59,69.29,36.39,12.32,55.85,0
238,13,90.90,98.35,74.49,36.34,12.82,57.68,0
238,14,85.15,98.06,84.14,38.21,13.14,60.99,0
238,15,82.38,98.37,79.74,38.29,11.99,59.92,0
238,16,83.88,98.21,80.82,38.16,13.00,60.40,0
238,17,85.19,98.51,83.16,37.94,12.34,60.95,0
238,18,82.54,98.42,83.37,36.40,12.32,61.94,0
238,19,86.17,98.71,80.40,37.28,12.00,59.63,0
239,0,90.26,97.54,87.84,34.15,11.69,54.76,0
239,1,90.23,97.43,88.72,33.54,11.74,54.16,0
239,2,87.22,97.58,85.84,34.86,12.18,54.49,0
239,3,87.66,97.10,86.11,33.24,11.81,51.58,0
239,4,91.39,97.15,84.63,33.59,11.58,51.98,0
239,5,88.83,97.34,85.99,33.50,12.06,54.71,0
239,6,88.22,97.73,87.48,33.26,12.13,52.28,0
239,7,91.03,97.46,83.86,34.44,11.58,53.22,0
239,8,87.95,97.75,87.55,34.13,11.68,52.14,0
239,9,87.38,97.64,85.90,34.41,12.28,54.83,0
239,10,89.58,97.44,85.89,34.41,12.69,54.07,0
239,11,87.83,97.63,84.36,34.00,12.44,53.58,0
239,12,86.92,97.78,86.25,33.25,11.78,53.69,0
239,13,86.18,97.23,83.22,34.25,11.65,51.45,0
239,14,87.93,97.64,84.04,33.24,11.69,53.65,0
239,15,87.62,97.42,84.06,34.41,12.01,54.86,0
239,16,89.13,97.21,86.09,33.64,11.97,52.09,0
239,17,87.12,97.60,83.74,33.18,11.99,51.68,0
239,18,88.88,97.03,86.37,34.66,12.34,52.41,0
239,19,89.76,97.13,85.83,33.87,11.80,51.71,0
240,0,76.03,98.41,92.63,33.11,11.80,46.15,0
240,1,77.25,98.69,94.16,33.21,11.09,49.60,0
240,2,76.19,98.28,89.88,33.43,10.77,46.20,0
240,3,77.07,98.63,94.96,34.30,10.95,47.95,0
240,4,76.16,97.98,92.03,34.19,10.75,48.38,0
240,5,77.03,98.47,95.09,33.98,11.69,48.28,0
240,6,78.30,98.48,93.12,34.04,11.76,47.62,0
240,7,77.93,98.53,89.74,33.52,11.60,48.95,0
240,8,75.38,98.55,92.29,33.70,11.25,47.48,0
240,9,75.38,98.39,90.69,32.91,10.69,49.58,0
240,10,75.97,98.62,93.51,33.12,11.69,48.78,0
240,11,77.14,98.45,91.50,33.67,11.42,47.68,0
240,12,74.81,98.57,93.61,33.63,10.81,47.99,0
240,13,74.58,98.57,89.38,33.95,11.45,47.26,0
240,14,77.11,98.67,88.71,33.70,11.25,47.18,0
240,15,73.93,98.45,91.63,34.02,11.03,46.22,0
240,16,75.33,98.33,93.17,33.34,11.49,46.57,0
240,17,74.02,98.44,88.78,32.81,11.03,48.82,0
240,18,75.26,98.50,90.93,34.21,11.79,46.94,0
240,19,76.35,98.55,89.75,33.60,11.13,49.77,0
241,0,75.55,97.35,87.06,34.92,15.95,56.73,0
241,1,77.06,97.05,82.72,36.00,15.22,55.05,0
241,2,76.95,97.46,84.96,35.25,16.12,57.70,0
241,3,75.12,97.53,84.84,35.15,15.84,57.70,0
241,4,77.72,97.04,88.13,36.67,15.73,58.25,0
241,5,77.34,97.09,83.27,35.65,16.10,55.19,0
241,6,75.76,97.43,87.22,35.37,15.28,54.83,0
241,7,75.51,97.04,83.30,35.60,15.93,55.62,0
241,8,77.57,97.73,84.27,35.73,15.42,55.44,0
241,9,74.49,97.21,87.40,34.98,15.47,56.49,0
241,10,75.47,97.66,85.42,35.17,16.23,57.78,0
241,11,76.79,97.20,86.38,35.36,16.23,55.11,0
241,12,76.55,97.71,84.85,35.45,16.20,56.11,0
241,13,74.93,97.31,83.77,36.11,15.23,56.30,0
241,14,74.64,97.18,80.64,36.58,15.47,56.09,0
241,15,73.36,97.18,82.97,35.40,16.13,55.15,0
241,16,74.26,97.09,82.35,35.49,15.80,55.62,0
241,17,74.43,97.46,81.66,35.22,15.88,55.37,0
241,18,75.37,97.66,84.21,35.85,15.88,57.49,0
241,19,77.31,97.64,86.65,35.18,16.06,56.71,0
242,0,71.02,96.94,87.91,34.75,13.55,55.98,0
242,1,69.61,97.56,86.52,33.43,13.21,56.76,0
242,2,70.15,97.37,90.06,33.54,13.15,59.01,0
242,3,71.76,97.38,89.34,33.52,13.83,56.61,0
242,4,69.98,97.16,89.89,33.94,13.31,56.18,0
242,5,72.97,97.20,89.02,33.77,13.90,55.56,0
242,6,69.54,97.52,90.69,33.66,13.19,58.56,0
242,7,72.17,97.23,88.38,34.60,13.29,58.73,0
242,8,69.09,97.31,89.87,33.98,13.37,58.71,0
242,9,69.24,96.99,86.73,33.21,13.75,56.19,0
242,10,70.16,97.28,87.76,32.88,13.27,58.90,0
242,11,71.29,97.41,89.15,34.29,13.14,57.05,0
242,12,68.17,96.95,86.50,34.49,13.49,56.79,0
242,13,71.08,96.99,84.25,34.55,13.41,58.63,0
242,14,69.46,97.03,90.06,34.27,13.18,58.21,0
242,15,70.79,97.47,84.62,34.11,13.96,58.39,0
242,16,69.05,97.36,84.99,34.03,12.91,58.05,0
242,17,68.31,97.02,86.43,33.52,13.42,56.65,0
242,18,70.16,97.02,88.46,34.69,13.24,57.70,0
242,19,69.31,97.23,85.37,34.20,13.51,55.89,0
243,0,70.45,97.62,80.42,33.17,13.28,47.33,0
243,1,69.91,97.56,79.08,33.70,12.50,48.34,0
243,2,69.59,98.06,81.27,32.60,12.27,46.72,0
243,3,72.73,97.82,80.40,33.00,12.73,49.13,0
243,4,71.96,97.53,77.48,33.52,12.30,47.39,0
243,5,73.53,97.68,82.67,32.11,12.38,46.92,0
243,6,72.88,98.03,81.79,33.50,12.45,48.26,0
243,7,72.70,98.03,82.18,32.50,12.88,47.92,0
243,8,69.98,98.06,79.20,32.07,12.45,46.53,0
243,9,72.23,98.18,81.26,33.96,13.39,49.72,0
243,10,69.54,97.81,76.71,32.29,13.24,50.34,0
243,11,70.86,97.47,79.85,33.18,12.76,47.84,0
243,12,69.58,97.50,77.51,32.16,13.01,49.38,0
243,13,71.49,97.73,79.01,33.33,12.87,47.80,0
243,14,71.54,98.21,76.27,33.74,12.47,47.45,0
243,15,69.56,98.14,80.24,33.88,12.84,49.51,0
243,16,69.87,98.00,81.08,33.75,12.97,48.69,0
243,17,71.46,97.94,77.89,32.07,13.03,47.08,0
243,18,71.74,98.05,77.80,32.08,12.35,49.08,0
243,19,70.09,97.90,81.97,33.44,12.52,50.17,0
244,0,85.82,98.59,85.03,34.60,14.28,55.82,0
244,1,88.40,98.73,88.17,35.07,14.23,52.49,0
244,2,88.09,98.37,88.12,33.47,13.67,52.36,0
244,3,86.24,98.75,83.25,34.56,14.26,55.82,0
244,4,87.82,98.50,88.44,35.22,14.17,55.38,0
244,5,86.63,98.48,86.95,34.11,13.44,54.81,0
244,6,86.09,98.24,84.24,33.58,13.26,56.12,0
244,7,86.12,98.70,88.25,34.61,13.59,54.99,0
244,8,88.50,98.69,84.27,33.97,14.14,55.85,0
244,9,86.49,98.78,85.52,34.50,14.23,54.66,0
244,10,87.89,98.18,86.73,33.68,13.67,54.57,0
244,11,85.32,98.52,87.46,33.87,14.05,53.90,0
244,12,86.75,98.32,85.00,33.54,13.45,53.56,0
244,13,87.30,98.21,87.29,33.80,14.27,53.32,0
244,14,85.31,98.22,84.39,34.86,14.13,54.42,0
244,15,83.78,98.71,82.18,34.58,13.31,52.83,0
244,16,84.21,98.28,82.53,34.01,13.42,56.26,0
244,17,86.63,98.72,86.74,35.09,13.75,55.05,0
244,18,85.22,98.50,84.67,33.76,13.86,55.91,0
244,19,86.67,98.73,82.33,34.37,13.95,54.00,0
245,0,80.48,97.81,84.92,33.08,11.13,45.18,0
245,1,83.79,98.25,82.62,33.34,11.46,45.09,0
245,2,82.98,98.11,82.52,33.64,11.05,46.18,0
245,3,81.26,97.64,80.07,33.71,11.09,45.27,0
245,4,82.90,98.06,81.74,34.13,11.48,43.95,0
245,5,83.19,98.03,83.77,33.58,11.79,46.22,0
245,6,83.02,97.69,80.45,32.85,11.13,45.22,0
245,7,81.73,98.04,80.51,33.04,12.07,43.71,0
245,8,81.28,97.55,81.67,33.46,11.08,42.90,0
245,9,86.98,97.87,75.32,33.42,11.88,41.33,0
245,10,89.50,97.51,72.44,33.23,11.95,41.54,0
245,11,93.82,97.52,65.60,33.99,12.16,40.90,1
245,12,90.88,98.23,69.13,33.61,11.35,40.29,0
245,13,87.69,97.67,77.41,32.89,11.67,41.02,0
245,14,83.40,97.55,82.12,33.96,11.35,43.46,0
245,15,81.76,97.54,81.60,34.17,11.88,43.05,0
245,16,79.95,98.19,83.99,33.63,11.22,46.12,0
245,17,80.36,97.84,79.41,33.90,11.70,43.26,0
245,18,83.97,97.99,80.12,34.68,11.99,44.75,0
245,19,82.72,97.63,82.14,33.28,11.34,45.57,0
246,0,85.77,98.57,79.55,38.07,11.40,41.01,0
246,1,85.37,99.35,83.32,37.48,11.08,42.23,0
246,2,87.44,98.95,81.73,38.60,12.01,43.00,0
246,3,86.61,98.58,78.79,38.35,11.54,43.88,0
246,4,88.11,98.72,80.24,39.05,10.93,41.28,0
246,5,87.20,98.74,79.98,38.42,11.93,44.41,0
246,6,86.67,99.19,80.93,38.90,11.37,43.03,0
246,7,86.42,98.87,78.22,39.21,11.07,43.02,0
246,8,93.84,98.64,71.54,38.42,11.59,38.61,0
246,9,96.52,99.10,70.03,38.56,11.79,37.78,0
246,10,97.38,98.69,68.60,39.03,11.71,39.62,1
246,11,92.53,99.31,70.44,38.86,11.32,37.47,0
246,12,90.42,98.91,74.22,38.51,11.20,38.51,0
246,13,86.87,99.07,76.66,38.96,11.13,44.63,0
246,14,84.53,99.20,80.07,37.57,11.67,41.65,0
246,15,85.85,99.05,76.57,37.83,11.02,41.85,0
246,16,86.70,98.84,80.62,37.56,11.99,41.73,0
246,17,88.15,99.24,81.06,38.98,11.48,41.45,0
246,18,87.00,98.76,79.32,37.87,11.99,41.32,0
246,19,85.71,99.21,82.84,39.25,11.76,44.40,0
247,0,90.22,97.39,85.29,36.08,15.03,44.57,0
247,1,89.62,97.70,88.32,35.90,14.38,43.52,0
247,2,88.72,97.37,86.43,35.21,14.43,45.86,0
247,3,88.41,97.68,89.27,34.24,14.31,43.89,0
247,4,90.47,97.62,88.70,35.70,14.02,46.47,0
247,5,90.05,97.54,89.80,35.52,14.84,45.97,0
247,6,88.80,97.36,86.76,35.70,14.41,44.31,0
247,7,89.26,97.87,87.17,35.61,14.52,45.03,0
247,8,90.98,97.38,88.65,35.30,14.17,42.92,0
247,9,88.17,97.69,83.33,34.17,14.36,43.85,0
247,10,89.77,97.73,86.77,35.80,14.38,46.05,0
247,11,87.75,97.58,85.97,35.35,14.32,43.16,0
247,12,87.86,97.41,84.25,35.06,14.76,44.18,0
247,13,89.39,97.83,83.18,34.48,15.06,45.68,0
247,14,86.78,97.87,84.24,35.89,14.51,42.87,0
247,15,89.70,97.29,87.95,34.44,14.06,45.23,0
247,16,89.68,97.55,85.81,35.52,14.54,46.34,0
247,17,86.95,97.33,88.63,35.54,14.26,46.06,0
247,18,90.10,97.73,82.98,35.33,14.28,44.53,0
247,19,87.91,97.53,88.05,35.82,14.83,44.43,0
248,0,76.37,96.94,88.24,38.16,10.38,47.49,0
248,1,76.13,97.05,85.91,37.03,11.02,47.24,0
248,2,77.79,97.27,87.68,36.99,11.08,44.36,0
248,3,77.26,97.47,87.83,38.77,10.92,47.51,0
248,4,80.25,97.37,85.83,37.12,10.37,47.56,0
248,5,78.91,97.10,90.40,37.81,10.33,46.64,0
248,6,77.12,96.79,90.27,38.34,10.50,44.56,0
248,7,80.25,97.05,85.70,36.95,10.62,47.33,0
248,8,76.48,96.94,86.82,37.61,10.89,45.06,0
248,9,78.89,96.88,88.32,38.35,11.10,45.66,0
248,10,78.56,97.44,85.60,37.46,10.83,45.15,0
248,11,79.02,97.45,87.29,38.44,11.32,46.89,0
248,12,75.98,97.09,87.70,37.46,10.20,45.09,0
248,13,77.94,97.42,86.25,37.38,10.28,47.78,0
248,14,77.04,96.89,88.81,38.03,11.09,47.96,0
248,15,74.98,97.05,85.46,37.71,10.24,45.75,0
248,16,78.66,97.26,88.84,38.49,10.39,46.09,0
248,17,76.32,96.96,85.80,38.07,10.44,44.78,0
248,18,77.88,97.08,85.13,37.55,10.25,47.80,0
248,19,79.62,97.10,89.19,37.39,11.17,45.58,0
249,0,77.33,97.14,88.09,37.87,13.26,49.47,0
249,1,78.13,97.37,92.53,37.05,13.79,50.31,0
249,2,78.37,97.61,91.33,37.04,13.22,51.10,0
249,3,77.50,97.09,89.61,37.98,13.53,50.36,0
249,4,77.48,97.49,90.30,37.89,13.87,49.35,0
249,5,77.87,97.18,91.84,37.47,13.37,50.97,0
249,6,76.49,97.61,92.03,38.94,13.03,48.84,0
249,7,75.03,97.16,93.02,38.36,13.94,49.46,0
249,8,77.53,97.04,91.69,38.52,13.07,48.86,0
249,9,74.53,97.02,91.49,38.20,13.85,50.10,0
249,10,77.90,97.17,91.26,38.10,13.25,49.40,0
249,11,77.47,97.34,89.24,38.81,13.64,49.38,0
249,12,73.88,97.34,86.92,37.24,13.40,48.67,0
249,13,76.25,97.55,91.18,37.13,13.73,50.40,0
249,14,75.93,97.56,87.19,37.94,13.10,48.81,0
249,15,77.54,97.42,86.46,37.41,12.89,50.93,0
249,16,75.51,97.20,86.23,38.13,13.80,49.13,0
249,17,77.49,97.46,89.56,37.77,13.71,50.21,0
249,18,74.54,97.53,90.93,38.14,13.97,51.80,0
249,19,77.11,97.51,90.61,37.29,13.98,49.73,0
250,0,78.87,97.43,97.91,37.79,11.29,56.53,0
250,1,77.15,97.58,95.13,39.71,11.18,57.00,0
250,2,77.73,97.64,96.57,38.46,11.67,57.82,0
250,3,80.37,97.22,97.69,38.19,11.23,57.38,0
250,4,79.32,97.59,97.08,38.60,12.20,58.77,0
250,5,80.76,97.61,95.28,39.61,11.11,59.11,0
250,6,78.08,97.70,97.06,39.51,12.19,56.69,0
250,7,79.81,97.66,94.90,39.30,11.46,58.31,0
250,8,77.01,97.15,98.81,38.82,11.31,56.90,0
250,9,83.81,97.40,89.51,38.54,11.75,55.58,0
250,10,87.07,97.64,87.47,38.84,11.27,54.09,0
250,11,86.50,97.30,83.10,39.07,11.31,54.29,1
250,12,87.89,97.84,84.37,38.59,11.78,54.02,0
250,13,82.65,97.69,88.63,39.54,11.60,56.80,0
250,14,79.23,97.36,95.49,39.64,11.89,58.94,0
250,15,77.64,97.75,94.05,39.42,11.37,57.33,0
250,16,77.85,97.21,96.20,38.99,11.94,56.58,0
250,17,79.74,97.40,98.41,37.77,11.78,57.44,0
250,18,80.25,97.80,98.17,39.39,11.34,59.62,0
250,19,77.93,97.73,95.11,39.24,11.93,59.65,0
251,0,82.84,99.23,85.10,35.31,14.05,44.89,0
251,1,84.46,98.63,79.66,34.55,12.98,45.97,0
251,2,83.64,98.58,85.77,36.03,14.02,45.11,0
251,3,83.21,98.75,83.16,35.35,13.00,45.51,0
251,4,82.66,99.02,83.64,35.56,13.57,46.43,0
251,5,81.52,98.85,82.73,35.26,13.71,42.77,0
251,6,84.51,98.74,85.44,35.66,13.96,43.18,0
251,7,83.80,98.60,84.19,36.10,13.09,46.32,0
251,8,87.15,99.08,73.96,35.57,13.92,40.66,0
251,9,90.80,98.62,74.71,34.85,12.99,39.72,0
251,10,94.03,98.81,69.11,34.49,14.08,39.97,1
251,11,89.48,98.72,71.77,36.28,14.06,41.01,0
251,12,88.57,99.24,75.59,35.14,13.82,43.30,0
251,13,79.56,98.93,81.79,35.70,13.47,45.80,0
251,14,83.10,98.91,82.35,34.72,13.93,44.56,0
251,15,80.14,99.01,80.13,35.61,13.72,44.45,0
251,16,81.56,99.04,79.77,34.62,13.47,46.00,0
251,17,81.62,98.64,83.69,35.26,13.96,46.17,0
251,18,83.17,98.67,81.72,36.28,13.19,44.61,0
251,19,83.27,98.75,85.10,36.09,13.10,44.35,0
252,0,73.83,97.74,94.73,38.47,11.15,49.84,0
252,1,77.21,97.60,99.00,37.09,11.41,50.85,0
252,2,75.75,98.05,99.59,37.45,11.81,47.08,0
252,3,74.89,97.86,99.86,38.43,11.49,48.89,0
252,4,76.69,97.96,99.88,37.01,11.34,48.41,0
252,5,76.06,97.84,98.53,36.89,11.99,49.30,0
252,6,77.18,97.79,97.68,37.10,11.48,48.41,0
252,7,74.19,97.62,99.33,38.40,11.89,49.92,0
252,8,74.59,98.20,100.17,38.55,11.78,50.25,0
252,9,75.81,97.72,100.46,37.70,11.40,48.80,0
252,10,73.22,98.10,99.93,37.28,11.96,50.29,0
252,11,74.89,97.82,99.80,36.96,11.83,47.88,0
252,12,75.43,97.52,94.72,37.43,12.06,47.65,0
252,13,75.91,98.14,99.28,38.65,12.23,48.21,0
252,14,74.67,97.96,98.88,38.03,11.71,48.81,0
252,15,75.22,97.73,94.44,38.49,11.34,49.20,0
252,16,74.63,98.13,96.46,38.35,11.54,47.99,0
252,17,76.25,97.58,95.72,37.90,11.40,49.09,0
252,18,76.06,97.69,97.11,38.20,11.92,48.71,0
252,19,75.75,97.53,99.43,37.83,12.02,47.53,0
253,0,90.30,97.90,89.79,34.11,11.30,59.37,0
253,1,89.00,97.97,85.57,35.76,10.45,59.08,0
253,2,88.75,97.70,90.57,34.63,10.40,59.00,0
253,3,90.08,97.98,87.02,34.39,11.31,59.04,0
253,4,87.85,97.67,90.11,35.15,10.85,56.99,0
253,5,90.31,98.21,87.94,35.01,11.26,56.20,0
253,6,89.11,97.81,91.01,35.41,10.41,59.29,0
253,7,91.19,98.22,87.97,35.73,11.40,58.33,0
253,8,90.96,97.93,87.21,35.18,11.26,57.50,0
253,9,89.01,97.98,88.99,35.99,10.40,57.56,0
253,10,93.65,98.17,79.50,35.52,10.65,53.05,0
253,11,96.57,98.12,77.24,35.50,11.51,53.91,0
253,12,100.20,98.20,73.38,34.72,10.70,53.84,1
253,13,96.02,97.60,75.95,34.19,11.16,54.77,0
253,14,92.28,97.51,78.64,35.88,10.39,52.87,0
253,15,88.18,97.76,85.96,34.89,10.96,56.12,0
253,16,89.52,97.59,87.92,34.69,10.80,55.64,0
253,17,87.43,97.60,87.64,35.57,11.12,58.82,0
253,18,90.61,97.57,86.27,35.78,11.02,58.92,0
253,19,87.79,97.56,85.64,34.74,11.24,56.21,0
254,0,86.73,97.74,83.61,35.96,11.13,50.50,0
254,1,88.54,97.67,85.72,36.71,11.20,51.03,0
254,2,87.26,97.66,86.61,37.49,11.85,52.49,0
254,3,89.03,97.81,82.46,36.45,12.11,51.79,0
254,4,87.55,97.80,82.95,37.30,11.26,53.28,0
254,5,89.49,98.22,84.13,35.93,11.47,52.25,0
254,6,88.09,97.57,85.12,36.57,11.03,53.55,0
254,7,86.68,97.95,81.51,36.68,11.88,52.88,0
254,8,87.81,98.11,84.37,37.00,11.88,53.13,0
254,9,92.25,97.42,76.81,35.94,11.80,49.90,0
254,10,96.10,98.19,70.23,35.81,11.68,47.06,0
254,11,97.62,97.64,70.91,36.55,11.34,47.45,1
254,12,96.16,97.70,72.00,36.46,11.10,47.40,0
254,13,91.63,98.14,77.55,36.92,11.20,48.76,0
254,14,85.02,97.60,80.57,37.18,11.98,51.93,0
254,15,84.89,97.75,82.19,37.65,11.72,50.63,0
254,16,87.85,97.55,79.78,37.41,11.86,52.21,0
254,17,88.09,97.53,82.84,35.74,11.83,51.92,0
254,18,86.37,98.10,85.11,35.83,11.91,53.45,0
254,19,85.29,97.54,84.63,36.88,12.00,51.75,0
255,0,79.26,97.58,84.63,39.61,10.58,60.03,0
255,1,77.27,97.49,86.21,37.85,11.31,58.81,0
255,2,78.89,97.96,84.16,37.70,10.96,58.46,0
255,3,79.56,97.86,87.76,38.68,10.71,59.22,0
255,4,78.37,97.87,86.99,39.29,10.39,60.15,0
255,5,80.61,97.83,87.51,39.33,11.15,58.69,0
255,6,78.46,98.06,86.75,38.43,11.09,61.80,0
255,7,78.63,97.87,86.08,39.19,11.36,59.57,0
255,8,79.17,97.66,86.31,38.18,10.65,60.38,0
255,9,80.46,97.50,86.53,38.28,11.09,61.00,0
255,10,84.86,97.60,75.20,38.26,10.57,56.63,0
255,11,85.06,97.86,76.64,38.22,11.10,57.29,0
255,12,86.97,97.52,72.05,37.81,10.40,56.45,1
255,13,85.93,97.76,74.57,38.63,10.53,57.42,0
255,14,84.51,97.81,75.81,38.40,11.30,57.75,0
255,15,76.77,98.15,81.35,37.86,11.16,60.01,0
255,16,79.37,97.42,82.62,38.37,10.88,59.61,0
255,17,77.54,97.59,84.57,37.69,10.24,58.93,0
255,18,78.84,98.06,81.16,37.76,11.17,59.24,0
255,19,76.62,97.47,81.52,38.09,10.96,61.25,0
256,0,85.52,97.65,77.18,36.70,13.64,43.65,0
256,1,87.90,97.55,76.94,38.52,13.27,45.64,0
256,2,86.51,97.33,80.87,36.61,13.81,43.71,0
256,3,85.30,98.00,77.14,37.87,13.56,45.55,0
256,4,86.45,97.75,78.13,37.94,13.81,43.06,0
256,5,85.59,97.97,79.14,38.28,13.98,43.64,0
256,6,87.19,98.03,80.21,37.78,13.44,45.66,0
256,7,88.39,97.32,76.83,38.45,13.33,43.22,0
256,8,84.64,97.83,80.66,38.26,13.76,45.83,0
256,9,84.19,97.88,76.34,37.69,13.84,46.47,0
256,10,93.41,97.48,74.08,36.77,13.99,41.16,0
256,11,92.50,97.82,67.30,37.71,13.55,41.64,0
256,12,95.60,97.74,64.87,37.40,13.89,39.40,1
256,13,93.46,97.68,67.40,36.91,13.80,42.66,0
256,14,90.22,97.58,70.84,37.94,14.06,43.97,0
256,15,83.55,97.34,76.95,38.00,13.92,43.19,0
256,16,87.01,97.98,76.96,38.08,13.91,45.12,0
256,17,86.44,97.69,77.22,36.68,13.41,42.97,0
256,18,84.11,97.78,76.09,37.95,14.27,43.49,0
256,19,85.90,97.87,79.78,38.15,14.07,44.50,0
257,0,90.27,97.65,87.33,35.48,11.65,60.40,0
257,1,90.25,97.88,87.28,34.04,12.31,58.01,0
257,2,87.66,97.45,88.43,34.26,12.68,58.77,0
257,3,87.78,97.35,86.51,35.80,12.06,57.71,0
257,4,87.76,97.94,89.81,34.15,12.39,58.94,0
257,5,87.75,98.00,89.50,34.71,11.72,59.42,0
257,6,88.08,97.43,88.97,34.23,11.96,59.76,0
257,7,88.60,97.66,86.14,35.09,11.91,59.97,0
257,8,91.06,97.74,87.09,34.01,11.84,57.87,0
257,9,95.40,97.94,79.37,34.55,12.47,54.79,0
257,10,94.83,97.75,75.23,35.83,11.61,55.66,0
257,11,98.41,97.75,71.05,33.90,11.63,54.75,1
257,12,97.28,97.94,78.95,35.03,12.34,56.53,0
257,13,95.87,97.57,81.43,33.99,11.75,54.24,0
257,14,86.27,97.99,88.21,34.93,12.51,57.99,0
257,15,87.75,97.86,86.81,34.82,11.71,59.76,0
257,16,88.13,97.48,86.95,34.98,11.68,59.57,0
257,17,88.47,97.99,87.65,35.33,11.91,58.42,0
257,18,87.88,97.25,85.83,34.45,12.02,58.36,0
257,19,88.99,98.01,87.58,34.14,12.65,57.37,0
258,0,90.88,99.01,95.23,35.60,11.24,43.96,0
258,1,91.54,98.65,94.40,36.48,11.09,44.32,0
258,2,91.54,98.93,97.20,35.83,11.75,46.45,0
258,3,90.93,98.72,96.03,37.30,11.01,43.23,0
258,4,91.91,98.72,97.65,36.81,11.00,45.54,0
258,5,92.80,98.69,97.06,36.63,12.04,44.79,0
258,6,90.94,99.16,100.52,37.37,12.03,46.50,0
258,7,92.35,98.76,96.61,36.88,11.53,44.12,0
258,8,91.75,99.01,95.32,35.46,11.37,45.92,0
258,9,93.44,98.68,98.15,35.56,11.71,46.18,0
258,10,92.93,98.95,95.31,36.04,11.98,45.83,0
258,11,89.45,98.98,97.93,37.27,10.93,45.70,0
258,12,93.02,98.53,96.19,35.96,11.34,45.24,0
258,13,92.16,98.90,98.57,35.66,11.16,43.94,0
258,14,91.14,98.84,99.08,36.55,11.67,45.06,0
258,15,92.37,98.44,94.95,35.60,10.99,43.66,0
258,16,91.91,98.56,96.72,36.52,11.66,45.87,0
258,17,91.81,98.79,98.04,36.23,10.88,43.60,0
258,18,90.87,98.91,99.75,35.48,11.15,42.85,0
258,19,89.71,98.98,96.94,37.28,11.73,44.05,0
259,0,82.65,96.83,78.43,33.29,15.40,50.08,0
259,1,80.34,97.55,77.91,33.13,16.08,52.03,0
259,2,80.20,97.22,82.11,32.61,15.22,52.17,0
259,3,83.06,97.44,79.24,32.37,15.63,52.81,0
259,4,83.00,97.17,79.20,33.66,15.41,52.59,0
259,5,81.95,97.15,82.63,34.03,15.32,50.30,0
259,6,80.32,96.87,82.89,34.07,16.36,49.94,0
259,7,83.27,97.01,82.26,32.89,15.85,52.81,0
259,8,79.69,97.01,77.98,33.22,15.43,50.19,0
259,9,80.12,97.44,81.72,33.09,16.07,52.28,0
259,10,82.38,97.21,81.98,32.93,16.29,50.67,0
259,11,81.81,96.99,79.67,33.40,15.25,53.22,0
259,12,81.52,97.51,81.89,32.57,15.37,49.89,0
259,13,78.35,97.15,82.32,33.08,15.96,53.14,0
259,14,80.78,96.80,78.20,33.53,15.98,50.67,0
259,15,79.87,97.34,78.92,32.60,15.24,51.30,0
259,16,79.27,97.22,78.97,33.24,15.83,50.73,0
259,17,79.70,97.16,78.39,32.61,16.05,50.73,0
259,18,79.70,96.83,81.24,33.61,15.68,50.66,0
259,19,81.68,97.13,82.87,34.16,16.05,53.12,0
260,0,73.92,98.59,82.63,34.88,11.91,51.87,0
260,1,73.86,98.64,84.31,33.28,11.38,51.63,0
260,2,73.85,98.15,80.49,33.84,11.90,51.43,0
260,3,75.08,98.14,81.46,34.05,11.92,51.15,0
260,4,73.37,98.58,83.80,34.15,11.67,51.78,0
260,5,72.54,98.14,86.35,34.47,11.35,50.73,0
260,6,75.25,98.00,81.34,33.11,12.28,50.42,0
260,7,75.86,98.14,85.19,33.78,11.52,51.33,0
260,8,75.45,98.47,80.58,34.43,11.76,53.20,0
260,9,72.76,97.95,81.81,33.06,12.02,52.04,0
260,10,71.72,98.64,83.14,33.22,11.31,52.47,0
260,11,73.54,98.47,80.80,34.40,12.02,50.89,0
260,12,72.43,98.42,81.87,34.82,11.92,50.24,0
260,13,73.34,98.59,82.83,33.10,12.03,51.76,0
260,14,72.85,98.16,84.26,35.01,11.76,49.34,0
260,15,70.85,98.46,81.96,33.95,12.38,52.94,0
260,16,73.59,98.55,80.69,33.06,12.16,51.29,0
260,17,72.09,98.04,79.81,34.39,11.62,52.34,0
260,18,73.34,98.19,82.62,33.21,11.68,52.35,0
260,19,71.71,97.92,81.53,34.98,11.91,52.13,0
261,0,85.23,97.79,83.00,36.37,15.81,61.81,0
261,1,84.32,97.30,80.83,37.51,15.49,60.04,0
261,2,85.47,97.23,80.98,36.91,14.99,59.90,0
261,3,85.98,97.49,84.81,36.79,16.02,60.40,0
261,4,85.16,97.43,83.85,36.19,15.12,58.72,0
261,5,82.46,97.64,81.52,37.52,15.42,58.06,0
261,6,86.15,97.35,85.20,36.20,15.84,60.50,0
261,7,85.74,97.42,85.30,36.86,15.79,60.63,0
261,8,85.02,97.31,81.61,37.44,15.80,60.20,0
261,9,82.31,97.60,84.79,37.82,15.54,59.71,0
261,10,83.03,97.61,85.39,37.85,15.84,61.58,0
261,11,82.58,97.26,83.11,36.15,15.55,61.41,0
261,12,83.74,97.85,82.76,36.15,15.56,60.46,0
261,13,83.94,97.41,82.42,37.73,15.35,58.00,0
261,14,84.51,97.43,83.88,37.16,15.69,61.56,0
261,15,81.60,97.23,82.99,36.66,15.80,58.91,0
261,16,83.57,97.97,82.18,37.80,15.05,60.50,0
261,17,81.25,97.74,82.99,36.73,14.99,61.58,0
261,18,85.15,97.25,85.34,36.35,15.12,58.94,0
261,19,85.06,97.62,80.72,37.86,14.95,59.82,0
262,0,78.06,98.35,95.52,36.00,10.68,50.29,0
262,1,78.59,98.80,98.30,36.20,11.02,49.07,0
262,2,79.13,98.79,97.32,36.00,11.66,46.88,0
262,3,81.90,98.40,96.53,35.27,10.64,49.72,0
262,4,82.25,98.10,98.77,35.55,10.79,48.11,0
262,5,81.61,98.17,94.93,36.27,11.53,49.23,0
262,6,80.94,98.38,94.21,35.46,10.66,50.60,0
262,7,80.94,98.45,96.90,35.78,10.83,47.53,0
262,8,78.47,98.75,98.08,36.65,11.26,49.93,0
262,9,81.24,98.77,94.75,36.30,11.29,47.10,0
262,10,83.59,98.70,91.19,35.94,11.62,44.85,0
262,11,86.69,98.48,83.12,34.98,11.67,44.97,0
262,12,90.73,98.52,80.34,35.97,11.19,44.23,1
262,13,85.54,98.44,87.09,36.22,10.84,44.17,0
262,14,84.95,98.76,89.45,35.73,11.56,47.59,0
262,15,78.15,98.78,96.87,34.93,10.89,47.99,0
262,16,77.83,98.16,95.89,35.50,10.68,49.69,0
262,17,77.50,98.09,98.09,35.41,11.73,46.90,0
262,18,79.19,98.30,94.84,36.25,11.23,47.42,0
262,19,78.69,98.32,96.40,35.68,10.58,46.90,0
263,0,91.65,98.21,78.68,37.25,10.06,58.76,0
263,1,91.72,98.27,79.28,37.76,9.81,56.36,0
263,2,89.61,98.69,82.11,36.54,10.23,57.10,0
263,3,91.26,98.23,82.90,38.12,10.71,57.64,0
263,4,92.07,98.05,82.69,37.79,9.80,54.89,0
263,5,92.54,98.19,84.59,37.60,9.70,57.62,0
263,6,90.37,98.72,84.76,37.94,10.47,57.83,0
263,7,89.24,98.54,81.15,36.57,10.51,55.23,0
263,8,89.10,98.69,79.53,37.72,9.75,57.58,0
263,9,88.63,98.03,80.58,37.23,10.26,56.01,0
263,10,89.57,98.12,79.30,36.71,10.43,58.45,0
263,11,89.67,98.53,82.70,38.21,10.33,57.21,0
263,12,90.05,98.69,81.27,38.31,10.37,55.72,0
263,13,88.75,98.58,79.52,37.51,10.15,55.93,0
263,14,90.89,98.21,78.40,36.96,10.10,54.91,0
263,15,88.78,97.99,79.80,37.82,9.95,57.00,0
263,16,89.79,97.99,77.75,37.45,10.22,55.10,0
263,17,88.94,98.21,79.57,37.60,10.73,55.77,0
263,18,88.35,98.13,80.61,36.78,9.59,58.03,0
263,19,92.12,98.69,82.66,38.34,9.82,56.42,0
264,0,77.79,97.61,90.56,35.58,13.77,45.48,0
264,1,77.63,97.32,92.07,35.30,13.23,48.61,0
264,2,75.76,97.41,96.23,35.16,13.30,47.06,0
264,3,75.44,97.15,94.39,36.27,13.51,47.96,0
264,4,77.31,97.80,94.75,36.33,13.35,47.83,0
264,5,76.85,97.79,95.20,35.56,14.20,47.22,0
264,6,74.86,97.85,95.77,36.76,13.18,46.95,0
264,7,77.39,97.72,94.11,36.76,14.04,44.85,0
264,8,77.71,97.26,90.89,35.26,13.34,46.96,0
264,9,76.65,97.39,91.53,35.35,13.80,47.80,0
264,10,76.16,97.29,95.88,35.83,13.77,46.08,0
264,11,74.74,97.17,92.09,35.44,13.07,46.02,0
264,12,76.57,97.39,95.02,36.91,14.13,47.33,0
264,13,74.33,97.75,95.46,36.04,14.00,45.08,0
264,14,76.16,97.45,92.81,35.13,13.78,47.27,0
264,15,74.98,97.83,90.98,36.92,13.37,48.40,0
264,16,75.75,97.38,90.28,35.28,13.72,47.85,0
264,17,76.20,97.64,90.58,36.31,13.41,48.41,0
264,18,76.46,97.69,92.47,35.95,14.10,48.16,0
264,19,77.18,97.19,92.56,36.61,13.82,45.56,0
265,0,76.36,97.43,94.51,37.34,11.21,44.64,0
265,1,73.82,97.56,90.17,38.35,10.69,46.31,0
265,2,73.88,97.47,92.98,37.43,11.59,43.40,0
265,3,77.57,98.19,91.66,36.99,10.73,44.65,0
265,4,77.00,97.92,94.86,37.34,10.88,43.92,0
265,5,73.82,98.09,95.35,37.79,11.04,46.02,0
265,6,76.82,97.69,94.23,38.49,11.37,45.16,0
265,7,76.20,97.59,90.47,38.33,11.14,43.01,0
265,8,74.27,98.09,92.02,37.50,11.42,43.15,0
265,9,76.20,97.95,93.75,37.36,11.10,46.30,0
265,10,75.73,98.05,93.67,38.19,11.47,43.73,0
265,11,72.84,97.84,91.94,37.99,11.20,44.74,0
265,12,74.43,97.46,89.52,37.93,11.07,42.38,0
265,13,73.94,98.19,88.50,38.03,10.60,44.39,0
265,14,75.99,97.88,88.35,38.12,11.41,45.60,0
265,15,72.80,97.75,92.94,38.19,10.69,46.19,0
265,16,75.93,98.12,90.49,38.28,11.39,42.50,0
265,17,74.96,97.86,89.77,38.36,11.56,45.32,0
265,18,72.81,97.52,89.59,38.20,11.57,44.62,0
265,19,76.81,97.44,92.97,37.26,11.44,43.37,0
266,0,78.06,98.74,91.42,36.67,11.37,58.68,0
266,1,77.81,98.21,90.33,35.35,11.29,57.29,0
266,2,75.97,98.59,92.23,36.64,11.41,58.79,0
266,3,77.26,98.45,92.03,36.84,10.81,57.29,0
266,4,78.26,98.11,91.43,36.18,11.15,57.36,0
266,5,79.32,98.08,90.92,35.27,10.82,59.71,0
266,6,78.92,98.37,93.84,35.43,11.00,57.66,0
266,7,79.41,98.82,91.21,35.19,11.48,58.51,0
266,8,75.57,98.54,90.76,35.34,10.80,58.97,0
266,9,77.55,98.79,94.20,37.06,10.79,58.38,0
266,10,77.11,98.15,94.25,36.57,10.89,58.28,0
266,11,75.82,98.10,92.49,35.95,11.76,57.22,0
266,12,75.12,98.26,90.36,36.85,11.68,57.00,0
266,13,75.14,98.53,91.25,36.20,11.18,59.54,0
266,14,75.32,98.68,94.38,35.79,11.17,57.19,0
266,15,75.23,98.73,90.63,37.08,11.31,56.96,0
266,16,77.09,98.25,93.63,36.30,11.48,58.85,0
266,17,75.13,98.57,93.37,36.75,11.72,59.77,0
266,18,77.11,98.66,89.85,36.09,11.50,58.37,0
266,19,76.11,98.08,93.86,36.92,11.14,57.94,0
267,0,90.25,98.28,84.86,33.36,10.95,42.99,0
267,1,92.22,98.44,83.30,33.77,11.16,41.83,0
267,2,91.79,98.43,85.35,34.49,11.02,41.98,0
267,3,93.17,97.82,83.86,34.41,10.83,43.25,0
267,4,93.34,98.39,81.48,34.75,11.06,41.39,0
267,5,93.87,98.13,83.05,34.47,11.02,41.99,0
267,6,92.59,98.20,82.01,34.88,10.29,43.76,0
267,7,92.39,98.27,84.55,34.29,11.33,43.40,0
267,8,92.74,97.93,84.67,34.89,10.63,41.09,0
267,9,91.06,98.15,79.86,33.73,10.63,44.43,0
267,10,90.32,98.36,79.69,34.06,10.73,42.41,0
267,11,91.87,98.34,79.52,34.36,10.32,41.58,0
267,12,92.47,98.41,84.44,34.92,10.29,44.62,0
267,13,91.80,97.86,83.32,34.27,10.33,43.04,0
267,14,89.66,98.52,78.82,33.94,10.58,41.85,0
267,15,89.34,97.95,79.41,33.95,10.97,42.37,0
267,16,91.16,97.81,79.51,33.86,11.28,41.93,0
267,17,90.93,97.80,79.24,34.38,10.20,43.23,0
267,18,89.45,98.09,81.26,33.34,10.86,42.00,0
267,19,89.70,98.25,82.87,34.16,10.48,43.00,0
268,0,76.76,98.89,87.46,37.48,16.28,50.05,0
268,1,77.22,98.84,86.40,37.57,15.90,50.92,0
268,2,80.38,98.79,88.22,39.27,16.38,52.64,0
268,3,79.46,99.11,88.45,37.51,16.27,48.70,0
268,4,80.13,98.91,86.84,38.79,16.42,51.04,0
268,5,79.15,98.54,90.23,38.60,15.88,50.43,0
268,6,77.11,98.66,88.48,37.87,15.45,50.62,0
268,7,78.66,98.81,86.70,38.81,16.08,51.85,0
268,8,85.85,98.74,79.92,38.42,15.67,46.04,0
268,9,84.35,98.46,80.57,38.10,15.68,45.10,0
268,10,86.88,98.79,75.24,38.50,16.03,44.66,1
268,11,87.25,98.65,75.27,39.33,16.44,46.70,0
268,12,83.90,98.72,83.63,39.25,16.07,46.59,0
268,13,78.90,98.46,84.84,38.07,16.42,50.44,0
268,14,77.56,98.41,90.10,38.60,16.08,50.03,0
268,15,77.71,98.95,84.94,38.00,15.41,50.97,0
268,16,78.74,99.13,90.40,39.18,16.38,49.75,0
268,17,78.63,99.08,88.04,38.47,16.49,52.01,0
268,18,77.01,98.46,88.03,38.66,15.96,49.36,0
268,19,76.43,99.09,88.99,37.88,15.38,50.76,0
269,0,74.86,98.36,91.08,34.63,11.38,49.73,0
269,1,77.91,98.25,94.52,35.60,10.61,52.27,0
269,2,74.28,98.12,90.68,35.06,11.20,52.03,0
269,3,78.20,98.21,95.63,34.88,10.78,52.50,0
269,4,76.77,98.78,92.98,35.55,11.28,50.85,0
269,5,78.56,98.42,92.41,34.59,11.39,50.50,0
269,6,74.53,98.81,95.30,35.12,11.21,52.41,0
269,7,75.42,98.26,93.71,35.06,10.59,50.42,0
269,8,74.94,98.79,91.21,36.15,11.14,52.65,0
269,9,76.01,98.07,90.97,34.96,11.28,51.68,0
269,10,76.91,98.36,93.36,34.85,11.33,50.91,0
269,11,75.60,98.77,91.67,35.67,10.99,50.90,0
269,12,73.19,98.51,93.02,36.31,11.77,52.28,0
269,13,74.48,98.22,94.24,34.38,11.05,51.31,0
269,14,74.29,98.14,88.76,35.07,11.28,51.27,0
269,15,73.97,98.62,91.04,34.54,11.25,49.23,0
269,16,74.22,98.08,92.75,34.45,11.53,49.10,0
269,17,73.38,98.50,92.59,35.69,11.64,52.23,0
269,18,74.82,98.51,89.49,35.00,11.71,50.13,0
269,19,77.20,98.71,95.55,34.37,11.68,50.68,0
270,0,76.31,97.26,93.65,35.82,14.30,44.72,0
270,1,74.20,97.58,95.45,36.41,14.15,43.98,0
270,2,75.82,97.43,91.56,34.50,13.16,46.17,0
270,3,77.01,97.87,91.13,34.91,14.03,44.26,0
270,4,74.51,97.34,92.02,35.40,13.84,46.83,0
270,5,74.41,97.36,96.95,35.38,14.30,47.17,0
270,6,76.47,97.94,91.54,34.54,13.88,47.45,0
270,7,73.41,97.91,91.96,36.28,13.43,44.76,0
270,8,74.79,97.39,92.64,34.73,13.73,47.06,0
270,9,73.44,97.79,92.25,35.22,13.65,47.05,0
270,10,72.97,97.92,95.33,34.45,14.04,46.41,0
270,11,72.70,97.40,91.63,34.91,13.45,44.22,0
270,12,74.25,97.94,90.84,34.57,13.37,47.26,0
270,13,75.82,97.52,94.94,36.17,13.19,45.26,0
270,14,73.74,97.32,93.61,34.66,13.51,44.78,0
270,15,74.21,97.55,92.39,34.89,14.27,46.71,0
270,16,72.38,97.28,90.31,35.40,14.12,43.82,0
270,17,76.17,97.41,95.51,34.78,13.86,46.11,0
270,18,75.10,97.33,93.17,35.22,13.64,43.93,0
270,19,76.52,97.45,95.34,35.34,13.79,46.24,0
271,0,91.64,98.92,93.76,37.50,14.44,48.68,0
271,1,90.32,99.26,93.44,38.85,14.04,47.88,0
271,2,90.40,98.63,91.10,37.59,14.41,47.44,0
271,3,92.44,98.90,90.21,38.57,14.61,49.26,0
271,4,90.70,98.95,91.53,38.81,13.63,46.68,0
271,5,90.92,98.63,91.73,37.73,14.28,47.69,0
271,6,89.18,98.87,92.21,39.02,14.10,47.14,0
271,7,89.99,99.39,94.43,37.67,13.63,50.49,0
271,8,96.50,99.16,83.62,38.12,14.55,44.80,0
271,9,96.28,98.80,80.92,37.84,14.23,44.07,0
271,10,97.88,99.19,78.08,38.94,13.78,43.30,1
271,11,98.71,98.79,79.91,37.58,13.52,44.36,0
271,12,95.71,98.64,86.62,37.50,13.82,47.44,0
271,13,89.81,98.82,89.15,38.23,13.75,48.32,0
271,14,90.24,98.68,88.15,37.63,13.70,48.27,0
271,15,90.25,99.25,91.54,37.68,14.51,49.74,0
271,16,88.86,99.01,91.77,38.35,13.97,50.18,0
271,17,89.68,98.90,91.57,38.80,14.49,49.96,0
271,18,89.28,99.33,93.59,38.27,14.25,48.04,0
271,19,88.04,99.01,91.10,37.80,13.56,47.23,0
272,0,70.28,98.66,87.31,34.79,13.85,47.94,0
272,1,73.21,98.93,88.83,34.95,14.49,47.54,0
272,2,71.04,98.85,88.21,33.76,14.12,48.57,0
272,3,70.88,98.88,84.80,33.91,13.91,48.00,0
272,4,72.05,99.05,85.63,34.88,14.58,49.85,0
272,5,74.22,98.95,84.25,34.18,14.35,48.75,0
272,6,70.99,98.74,85.59,34.34,14.18,49.90,0
272,7,72.42,99.11,86.83,33.39,14.66,51.18,0
272,8,73.04,99.23,86.64,33.53,13.63,48.83,0
272,9,76.28,99.27,82.14,34.49,13.98,46.96,0
272,10,80.43,98.62,76.54,33.98,14.64,44.63,0
272,11,82.71,99.22,72.82,34.25,13.67,43.42,1
272,12,80.59,99.09,77.73,34.47,14.49,45.89,0
272,13,76.96,98.88,80.51,34.07,13.62,48.54,0
272,14,68.74,99.26,84.79,34.78,13.95,50.53,0
272,15,70.50,99.04,87.52,34.69,14.53,49.21,0
272,16,72.66,98.76,87.13,33.82,13.80,47.83,0
272,17,69.78,98.82,87.02,33.93,13.85,49.06,0
272,18,70.92,99.03,83.52,33.78,13.67,51.26,0
272,19,73.04,98.87,83.22,34.51,14.02,47.57,0
273,0,72.07,98.33,97.31,33.57,12.83,49.64,0
273,1,72.58,97.81,98.57,32.71,13.07,47.49,0
273,2,74.42,98.14,95.28,32.97,13.09,48.96,0
273,3,72.63,98.05,100.85,33.95,12.70,48.02,0
273,4,73.32,98.34,100.00,33.19,12.24,48.75,0
273,5,72.90,97.84,96.93,32.30,13.41,48.55,0
273,6,75.68,98.36,98.93,33.25,13.16,49.35,0
273,7,72.72,97.75,96.99,33.05,13.02,47.97,0
273,8,74.62,98.27,99.51,33.00,13.25,50.30,0
273,9,72.77,97.93,97.38,32.50,12.60,48.99,0
273,10,74.95,98.29,95.52,32.47,13.41,48.33,0
273,11,74.61,98.16,97.92,33.39,12.71,49.75,0
273,12,74.51,98.19,98.29,32.79,12.94,47.51,0
273,13,70.62,98.39,95.03,33.16,13.06,47.37,0
273,14,73.47,98.32,96.00,32.97,13.00,48.97,0
273,15,70.55,98.29,97.26,32.31,12.84,50.35,0
273,16,72.53,97.74,94.71,34.05,12.75,50.50,0
273,17,73.58,97.79,96.28,34.25,12.68,47.16,0
273,18,71.76,97.71,98.84,32.74,12.31,48.00,0
273,19,72.80,98.06,95.20,34.28,12.62,47.04,0
274,0,69.16,97.32,90.20,36.43,10.71,59.80,0
274,1,70.70,96.87,90.28,36.48,11.60,62.30,0
274,2,70.80,96.88,87.03,36.58,11.61,62.36,0
274,3,72.10,96.87,90.07,37.45,11.61,61.16,0
274,4,72.42,96.71,91.40,37.16,11.78,61.84,0
274,5,71.89,97.33,91.12,36.35,11.77,60.79,0
274,6,70.51,96.93,87.23,37.33,11.64,59.80,0
274,7,72.18,97.19,87.27,36.59,11.39,62.42,0
274,8,70.58,97.06,87.23,36.97,11.60,63.05,0
274,9,75.84,96.85,85.49,36.03,11.40,56.41,0
274,10,77.53,97.22,77.02,35.63,11.59,55.24,0
274,11,81.99,96.72,72.86,37.00,10.85,56.27,1
274,12,78.39,97.36,77.27,36.45,10.82,55.97,0
274,13,74.93,96.89,81.14,35.54,11.07,58.18,0
274,14,69.44,97.43,90.71,37.13,10.73,62.20,0
274,15,69.41,96.75,88.80,35.68,11.32,59.92,0
274,16,71.33,97.27,89.86,35.83,11.27,61.59,0
274,17,70.09,97.25,86.81,36.87,10.72,63.13,0
274,18,70.54,97.37,85.61,37.02,11.75,60.75,0
274,19,71.16,96.92,87.43,37.01,11.34,62.71,0
275,0,89.97,97.79,84.61,33.62,15.05,51.73,0
275,1,92.10,98.25,84.31,34.09,14.86,54.22,0
275,2,92.86,98.43,82.98,33.22,15.46,53.84,0
275,3,90.16,97.85,84.28,33.33,15.66,51.67,0
275,4,90.26,98.38,82.70,33.48,15.37,51.20,0
275,5,91.36,97.76,86.84,33.80,15.48,52.73,0
275,6,90.81,98.11,84.15,34.33,15.41,54.74,0
275,7,92.81,98.13,84.91,34.40,14.64,51.27,0
275,8,99.16,98.20,80.28,33.99,15.79,50.52,0
275,9,97.67,98.39,73.04,33.62,14.97,48.92,0
275,10,98.91,97.91,67.73,33.67,14.93,46.41,1
275,11,100.41,97.89,72.26,34.39,15.75,47.64,0
275,12,95.57,97.90,78.05,33.75,15.17,49.21,0
275,13,90.65,97.87,85.76,32.92,15.09,54.87,0
275,14,89.08,98.25,81.27,33.17,15.06,54.29,0
275,15,88.62,98.30,82.02,34.60,15.53,52.46,0
275,16,91.46,97.91,82.51,33.66,15.64,54.02,0
275,17,91.65,97.74,85.15,34.07,14.99,53.81,0
275,18,88.80,98.15,83.70,32.79,15.60,51.22,0
275,19,91.24,98.38,86.74,33.11,14.88,53.17,0
276,0,85.68,98.89,85.79,37.79,10.36,60.80,0
276,1,85.06,98.78,85.57,36.96,10.53,57.83,0
276,2,86.94,98.80,87.68,36.75,11.09,58.38,0
276,3,85.20,99.25,86.45,37.10,11.21,58.70,0
276,4,87.38,98.53,90.01,37.43,10.35,60.27,0
276,5,86.30,98.77,88.77,37.97,11.35,57.56,0
276,6,87.99,99.18,86.96,36.53,11.02,59.50,0
276,7,86.34,98.94,88.70,38.34,11.01,57.36,0
276,8,86.32,98.87,85.69,36.61,10.97,57.61,0
276,9,86.75,99.24,88.57,38.03,10.35,57.21,0
276,10,84.50,98.92,85.79,37.08,11.38,60.59,0
276,11,86.12,99.04,86.71,37.06,10.73,60.41,0
276,12,83.63,99.23,85.47,37.63,11.38,58.01,0
276,13,86.55,98.92,86.02,37.85,10.33,59.50,0
276,14,85.93,98.59,88.02,37.30,10.44,60.99,0
276,15,85.17,99.18,88.21,36.92,11.37,57.47,0
276,16,84.89,98.46,87.37,37.86,10.70,60.86,0
276,17,86.16,98.51,84.30,37.01,10.35,59.75,0
276,18,87.35,99.22,89.98,37.26,10.28,59.21,0
276,19,86.76,98.73,87.20,37.68,11.08,60.31,0
277,0,83.58,97.74,95.58,37.19,10.45,54.24,0
277,1,80.56,97.96,94.90,35.30,10.35,55.37,0
277,2,80.30,97.65,98.06,35.72,10.91,58.07,0
277,3,83.63,97.78,98.37,36.49,10.46,56.85,0
277,4,81.45,98.24,98.29,35.87,10.22,54.64,0
277,5,80.96,98.02,96.20,36.06,10.53,56.76,0
277,6,82.92,97.59,99.54,35.36,10.16,54.84,0
277,7,80.98,97.93,95.13,36.13,10.64,54.37,0
277,8,87.78,97.80,91.05,37.15,10.56,54.44,0
277,9,87.90,97.87,87.28,36.53,10.59,53.39,0
277,10,90.94,98.26,79.82,35.31,10.81,53.14,1
277,11,87.23,98.08,85.73,35.23,10.45,54.19,0
277,12,85.46,98.19,92.38,36.24,10.25,51.95,0
277,13,80.94,98.23,93.26,36.41,10.78,54.80,0
277,14,81.25,97.72,97.96,36.17,10.18,55.52,0
277,15,79.08,98.37,94.60,35.33,10.57,56.32,0
277,16,79.41,97.70,96.22,35.54,10.27,54.80,0
277,17,81.68,97.94,97.23,36.23,10.75,57.98,0
277,18,83.09,98.01,98.95,36.01,9.89,57.89,0
277,19,82.63,98.20,99.48,37.01,10.25,57.19,0
278,0,73.43,97.05,96.46,36.33,14.46,42.44,0
278,1,74.87,97.49,100.12,36.61,14.25,41.43,0
278,2,74.93,97.49,97.87,37.43,14.17,43.67,0
278,3,77.27,97.05,96.62,37.60,14.36,41.86,0
278,4,76.79,97.39,94.97,37.59,14.77,43.22,0
278,5,75.96,96.80,99.61,37.35,14.74,43.30,0
278,6,74.45,97.26,99.23,37.31,14.36,44.37,0
278,7,76.99,97.18,97.16,36.42,14.20,41.96,0
278,8,77.46,97.07,98.44,36.31,14.61,42.43,0
278,9,82.26,96.86,92.89,36.12,14.40,41.50,0
278,10,82.37,97.10,89.89,36.57,14.82,38.76,0
278,11,84.04,97.16,79.74,37.70,14.55,39.21,1
278,12,84.27,96.81,88.20,36.69,13.84,37.24,0
278,13,81.62,97.05,89.40,37.31,14.83,40.12,0
278,14,75.92,96.92,94.86,36.61,13.77,44.11,0
278,15,75.57,97.51,93.38,37.48,14.23,41.62,0
278,16,75.90,97.07,96.76,37.71,13.72,44.79,0
278,17,73.62,97.55,97.55,37.48,14.13,43.91,0
278,18,75.22,96.97,99.69,37.20,14.17,41.99,0
278,19,75.32,97.19,96.83,36.68,14.33,44.07,0
279,0,79.67,97.61,83.00,38.25,14.66,43.96,0
279,1,78.82,97.42,82.83,38.69,15.11,40.79,0
279,2,81.05,97.53,84.93,38.38,15.02,40.96,0
279,3,80.07,97.71,81.95,38.58,14.90,42.21,0
279,4,81.42,97.73,84.85,37.08,14.70,44.66,0
279,5,81.19,97.79,80.50,37.41,14.22,44.43,0
279,6,80.44,97.27,81.31,37.96,15.18,41.21,0
279,7,81.72,97.47,83.39,37.81,15.20,43.24,0
279,8,81.57,97.57,82.20,37.06,14.39,40.79,0
279,9,80.12,97.63,84.96,37.31,15.17,43.53,0
279,10,87.02,97.21,78.30,37.94,14.31,41.74,0
279,11,88.51,97.47,71.28,38.68,14.33,39.06,0
279,12,89.88,97.82,69.64,37.23,15.22,36.62,1
279,13,87.51,97.33,73.54,37.15,14.31,40.45,0
279,14,84.56,97.58,75.98,36.92,14.86,39.57,0
279,15,80.35,97.34,80.17,37.84,14.84,43.88,0
279,16,77.52,97.38,80.16,37.99,14.83,42.63,0
279,17,77.57,97.10,80.97,38.50,14.50,42.15,0
279,18,77.65,97.43,83.18,38.22,14.73,43.25,0
279,19,80.64,97.70,84.87,38.68,14.17,43.11,0
280,0,86.85,98.46,95.02,32.14,15.50,49.09,0
280,1,86.59,98.77,97.19,32.12,15.01,47.51,0
280,2,88.91,98.44,96.63,33.97,15.06,48.32,0
280,3,87.41,98.86,99.32,33.53,15.83,48.67,0
280,4,87.65,98.46,99.51,32.57,15.77,47.95,0
280,5,87.51,99.03,98.27,33.30,14.92,45.63,0
280,6,86.87,98.56,95.97,33.70,15.30,49.18,0
280,7,88.18,98.83,99.71,32.95,15.31,46.68,0
280,8,86.69,98.93,98.45,32.56,15.74,45.87,0
280,9,88.32,98.66,97.08,32.59,15.71,46.64,0
280,10,86.64,98.94,99.46,33.59,15.75,46.15,0
280,11,85.64,98.26,95.00,32.48,15.83,48.68,0
280,12,87.74,98.56,96.00,33.54,15.13,45.91,0
280,13,85.36,98.89,98.82,32.82,14.94,49.19,0
280,14,85.27,99.02,94.93,32.81,14.81,47.74,0
280,15,87.74,98.89,97.52,33.68,15.48,47.61,0
280,16,85.64,98.78,99.47,33.22,15.25,47.04,0
280,17,86.14,98.97,100.02,33.61,15.53,46.94,0
280,18,88.77,98.92,95.70,32.62,15.02,49.23,0
280,19,87.83,98.93,99.01,33.86,15.62,48.74,0
281,0,86.24,99.26,90.76,36.49,10.51,44.91,0
281,1,85.17,98.93,88.82,35.62,10.04,47.95,0
281,2,84.60,98.88,91.38,36.41,9.99,45.52,0
281,3,85.19,99.09,90.67,35.88,10.64,47.36,0
281,4,84.60,99.38,87.35,36.40,10.64,45.76,0
281,5,86.27,98.89,92.40,36.37,10.74,46.35,0
281,6,87.66,98.78,90.48,35.37,10.63,46.26,0
281,7,83.77,99.13,89.73,37.10,10.27,46.05,0
281,8,84.08,98.67,91.36,35.63,9.96,45.86,0
281,9,85.25,99.00,86.80,37.18,10.27,46.62,0
281,10,83.27,99.33,90.13,35.25,10.45,47.48,0
281,11,82.71,99.18,88.95,35.73,10.48,47.86,0
281,12,85.31,98.86,90.91,35.47,10.09,44.26,0
281,13,83.41,98.83,88.69,36.44,10.24,46.55,0
281,14,84.53,98.95,86.58,36.21,9.80,45.26,0
281,15,84.02,98.62,90.22,37.22,10.91,47.24,0
281,16,85.66,98.65,86.10,36.58,10.84,46.82,0
281,17,86.26,99.36,88.63,37.01,10.32,47.36,0
281,18,84.86,98.94,87.31,35.37,10.58,44.53,0
281,19,83.27,99.01,89.28,35.42,10.26,44.55,0
282,0,83.31,98.34,80.84,37.22,12.98,46.13,0
282,1,83.08,98.36,85.66,37.98,13.27,42.86,0
282,2,83.64,98.82,83.01,38.57,13.45,42.61,0
282,3,82.55,98.32,85.05,38.51,13.26,43.46,0
282,4,84.07,98.56,86.88,36.76,13.14,46.29,0
282,5,83.83,98.17,86.61,38.19,13.58,44.16,0
282,6,82.66,98.16,81.14,36.94,12.79,45.23,0
282,7,81.62,98.72,81.28,38.63,13.57,42.94,0
282,8,81.56,98.52,81.28,37.09,13.20,43.19,0
282,9,82.04,98.70,85.99,38.40,13.38,44.58,0
282,10,83.85,98.51,80.46,38.50,13.91,43.46,0
282,11,80.52,98.80,81.47,38.61,13.39,44.11,0
282,12,83.66,98.24,81.51,36.69,13.62,44.64,0
282,13,80.18,98.65,85.17,38.41,13.72,45.28,0
282,14,82.82,98.41,84.05,38.19,13.17,45.82,0
282,15,81.42,98.47,83.16,37.70,12.99,44.17,0
282,16,82.11,98.25,84.86,38.35,13.73,45.35,0
282,17,83.17,98.24,80.07,38.10,13.00,42.88,0
282,18,83.49,98.35,80.58,37.49,13.59,45.42,0
282,19,82.62,98.08,84.82,37.41,12.84,44.38,0
283,0,78.76,97.87,89.22,35.72,15.88,58.36,0
283,1,78.37,98.58,85.52,35.02,16.00,58.32,0
283,2,77.81,98.03,88.40,36.75,16.47,58.68,0
283,3,77.77,98.50,89.83,36.83,15.51,58.37,0
283,4,78.61,97.97,87.09,35.69,15.84,56.23,0
283,5,79.19,98.43,85.13,36.80,16.21,55.94,0
283,6,81.39,97.83,88.56,36.45,15.79,58.93,0
283,7,78.75,97.84,85.79,36.39,16.49,56.63,0
283,8,80.36,98.22,88.19,36.36,15.85,56.31,0
283,9,80.54,98.25,89.47,35.43,15.50,56.76,0
283,10,77.65,98.58,86.89,35.17,16.10,58.87,0
283,11,78.68,97.98,86.68,36.20,16.47,59.46,0
283,12,76.50,98.07,86.04,35.12,16.06,56.20,0
283,13,77.81,98.24,84.54,35.33,16.03,59.41,0
283,14,77.86,98.37,85.12,36.83,15.37,56.46,0
283,15,76.59,98.40,88.36,35.77,15.94,57.44,0
283,16,77.24,98.00,85.53,35.84,15.53,58.77,0
283,17,79.09,97.95,86.75,36.41,16.10,56.16,0
283,18,79.30,98.47,89.29,36.56,16.31,58.15,0
283,19,76.93,97.86,86.17,36.18,16.12,59.54,0
284,0,84.40,97.60,82.39,36.58,11.15,43.92,0
284,1,85.97,97.25,85.29,35.95,11.18,42.44,0
284,2,85.16,96.99,84.08,35.46,10.95,41.96,0
284,3,83.75,97.68,84.48,35.72,11.24,41.19,0
284,4,85.14,97.41,85.55,34.95,11.34,43.35,0
284,5,83.86,97.49,85.01,36.30,11.87,42.19,0
284,6,85.02,97.75,86.29,35.09,11.68,41.94,0
284,7,84.47,97.39,88.59,35.45,11.81,44.61,0
284,8,82.91,97.24,88.32,35.18,10.89,42.21,0
284,9,84.96,97.17,84.43,36.93,10.90,44.22,0
284,10,82.76,97.73,87.03,36.73,10.91,43.90,0
284,11,81.40,96.99,82.22,36.83,11.45,41.85,0
284,12,83.81,97.15,82.13,35.03,11.73,44.60,0
284,13,81.29,97.27,85.28,36.01,11.67,41.69,0
284,14,83.42,97.11,84.48,35.03,11.79,43.82,0
284,15,84.72,97.46,86.36,36.47,11.64,44.36,0
284,16,82.67,97.46,83.74,35.45,10.99,44.53,0
284,17,84.57,97.15,86.10,36.46,11.24,44.63,0
284,18,82.34,97.53,84.40,35.87,11.81,44.10,0
284,19,82.42,97.55,83.22,36.28,11.04,44.90,0
285,0,72.92,97.56,79.17,38.36,12.30,61.25,0
285,1,71.91,97.97,79.81,39.04,12.20,61.42,0
285,2,74.54,97.85,80.80,38.29,12.02,59.86,0
285,3,74.56,97.40,79.58,37.99,12.47,60.88,0
285,4,73.25,97.67,76.35,38.48,12.56,59.77,0
285,5,72.80,97.95,78.32,39.04,12.20,61.76,0
285,6,72.07,97.51,81.64,38.15,12.42,59.55,0
285,7,71.76,97.84,77.24,38.78,11.94,60.31,0
285,8,71.91,98.12,76.13,39.02,12.01,59.28,0
285,9,72.31,97.70,78.92,39.79,12.71,58.47,0
285,10,79.93,98.05,69.25,38.47,12.05,57.74,0
285,11,80.55,97.51,65.95,39.73,11.80,54.37,0
285,12,82.53,97.83,63.25,38.37,12.87,53.20,1
285,13,80.24,98.10,65.59,38.87,11.86,57.12,0
285,14,77.68,97.91,71.28,38.04,11.99,58.98,0
285,15,71.67,97.47,76.48,39.58,12.10,60.98,0
285,16,71.85,97.96,76.39,39.02,12.81,58.10,0
285,17,72.17,97.53,79.91,39.91,11.70,60.69,0
285,18,74.36,97.41,77.65,39.01,12.21,61.70,0
285,19,74.84,97.58,79.62,38.41,12.77,60.48,0
286,0,89.43,97.52,91.21,38.25,14.88,57.71,0
286,1,92.64,97.10,86.79,39.64,15.09,55.43,0
286,2,91.62,97.61,87.60,38.18,14.65,57.18,0
286,3,91.89,97.30,92.06,37.91,14.01,54.44,0
286,4,92.61,97.52,88.86,38.84,14.10,54.79,0
286,5,91.91,97.69,88.23,38.43,14.50,54.75,0
286,6,90.01,97.14,91.53,38.80,15.11,57.09,0
286,7,89.86,97.61,88.54,38.87,15.12,55.63,0
286,8,89.79,97.56,90.20,39.28,14.30,55.39,0
286,9,97.80,97.12,84.15,39.25,14.44,51.26,0
286,10,98.70,97.34,76.26,39.52,14.29,50.10,0
286,11,98.61,97.25,73.88,39.73,15.17,50.39,1
286,12,95.90,97.12,78.23,37.99,15.01,50.88,0
286,13,96.92,97.22,83.69,39.62,14.32,52.42,0
286,14,89.97,97.71,89.01,39.51,14.60,54.95,0
286,15,89.82,97.35,90.20,39.21,15.07,55.91,0
286,16,90.70,97.25,88.64,38.34,14.46,56.37,0
286,17,88.18,97.19,90.07,38.32,14.86,54.28,0
286,18,91.81,97.54,87.80,38.64,15.10,54.28,0
286,19,89.87,97.52,87.15,39.16,14.32,55.30,0
287,0,75.29,98.49,83.22,35.36,13.09,53.62,0
287,1,76.45,98.99,78.39,36.34,12.49,53.33,0
287,2,75.83,98.42,81.13,36.54,13.44,54.53,0
287,3,75.18,98.70,82.48,35.34,12.74,52.10,0
287,4,75.00,98.31,79.37,36.34,12.63,53.92,0
287,5,78.59,98.94,79.57,36.06,12.99,54.04,0
287,6,78.52,98.53,83.00,36.08,12.96,51.55,0
287,7,75.56,98.92,78.95,34.74,13.64,51.42,0
287,8,77.94,98.51,77.92,35.01,12.87,54.72,0
287,9,77.41,99.02,77.88,35.92,12.88,52.65,0
287,10,75.90,98.80,81.91,35.32,13.60,51.52,0
287,11,75.24,98.74,81.56,36.09,12.52,52.72,0
287,12,73.91,98.56,77.63,35.73,12.64,52.43,0
287,13,73.94,99.04,77.19,34.72,13.66,54.10,0
287,14,76.25,98.85,79.66,35.13,13.58,52.80,0
287,15,76.26,98.48,82.60,35.33,12.77,53.80,0
287,16,75.02,98.96,82.04,36.60,13.29,52.37,0
287,17,75.15,98.37,78.56,35.72,12.58,54.67,0
287,18,77.17,98.46,81.97,35.94,13.08,52.31,0
287,19,75.57,98.62,81.49,36.53,13.21,51.65,0
288,0,73.86,98.04,82.84,32.34,14.31,51.57,0
288,1,71.77,98.17,84.95,33.36,15.02,51.69,0
288,2,72.11,98.45,84.25,32.88,14.80,52.26,0
288,3,71.83,98.55,84.88,34.01,14.96,49.76,0
288,4,73.40,98.15,85.30,32.69,14.65,52.36,0
288,5,72.12,98.04,84.27,32.18,14.40,52.83,0
288,6,73.31,98.01,84.38,32.32,14.41,49.79,0
288,7,74.07,98.55,85.95,32.85,14.50,51.74,0
288,8,71.66,98.49,86.78,33.19,15.11,53.49,0
288,9,74.37,98.54,82.49,32.70,14.86,49.51,0
288,10,74.05,98.60,84.80,34.01,14.66,52.40,0
288,11,70.62,98.02,81.87,33.46,14.00,51.83,0
288,12,70.88,98.67,82.39,33.13,14.40,49.65,0
288,13,71.09,97.95,84.75,32.27,14.26,52.89,0
288,14,72.94,98.36,80.84,33.04,14.27,51.86,0
288,15,72.13,98.01,81.88,33.09,14.37,51.58,0
288,16,71.50,98.46,81.05,32.22,14.45,50.77,0
288,17,71.41,98.24,84.14,32.85,14.51,49.53,0
288,18,72.92,98.17,82.67,32.59,14.11,52.31,0
288,19,71.55,98.50,84.07,33.83,14.32,49.62,0
289,0,82.10,98.83,94.79,33.75,15.70,47.57,0
289,1,80.45,98.86,92.77,35.02,15.89,44.88,0
289,2,81.34,98.42,91.01,35.16,16.01,44.99,0
289,3,81.18,99.14,94.03,34.03,15.60,47.96,0
289,4,82.07,98.65,91.22,34.43,15.90,46.05,0
289,5,82.56,98.48,94.84,33.68,15.85,45.86,0
289,6,83.01,98.39,94.45,34.20,16.03,44.51,0
289,7,82.74,99.02,94.48,34.78,16.05,47.99,0
289,8,81.31,98.81,95.29,34.35,16.07,47.95,0
289,9,81.93,98.54,89.51,35.25,15.86,45.46,0
289,10,82.05,98.80,93.96,33.44,15.28,46.94,0
289,11,80.71,98.43,90.67,34.87,15.21,47.83,0
289,12,80.83,98.95,88.97,34.49,15.77,47.32,0
289,13,79.54,98.87,91.09,33.78,15.18,45.32,0
289,14,80.89,99.14,89.65,35.00,15.66,46.55,0
289,15,80.42,98.89,89.99,34.14,15.86,45.84,0
289,16,80.05,98.79,91.72,33.46,15.34,47.75,0
289,17,81.74,98.77,90.76,33.36,14.98,45.21,0
289,18,82.93,99.10,92.14,33.76,15.87,44.90,0
289,19,83.20,98.66,91.30,34.34,15.56,45.64,0
290,0,79.32,98.25,93.21,35.11,13.22,54.14,0
290,1,79.79,97.72,92.85,35.64,13.85,56.90,0
290,2,81.64,98.22,95.52,36.39,13.85,53.37,0
290,3,80.50,98.18,90.46,35.53,13.50,53.40,0
290,4,82.97,98.29,91.07,35.64,14.04,54.78,0
290,5,83.75,97.60,94.40,35.20,13.07,54.27,0
290,6,80.91,97.98,91.94,36.40,13.89,56.60,0
290,7,81.18,98.13,93.52,35.59,13.10,54.84,0
290,8,81.75,97.92,94.10,35.73,13.30,56.07,0
290,9,81.67,97.87,92.53,35.57,13.71,53.89,0
290,10,79.49,97.87,91.65,34.67,13.81,55.45,0
290,11,79.79,97.57,93.97,35.74,13.88,53.55,0
290,12,81.65,97.63,89.36,34.83,13.24,55.66,0
290,13,80.39,97.62,94.00,35.88,13.08,54.45,0
290,14,81.19,97.72,93.75,36.37,13.96,55.49,0
290,15,81.59,98.03,94.55,34.66,14.05,54.24,0
290,16,80.45,97.67,89.32,34.46,13.40,57.08,0
290,17,81.16,98.20,93.62,35.67,14.07,53.47,0
290,18,81.56,97.80,90.68,36.18,13.11,54.87,0
290,19,80.47,97.80,91.75,34.58,13.51,54.70,0
291,0,76.48,97.40,84.78,38.73,11.04,44.45,0
291,1,76.02,97.83,85.55,37.52,10.08,44.50,0
291,2,74.69,97.48,85.01,37.93,10.37,43.65,0
291,3,78.23,97.63,83.85,38.90,10.46,45.86,0
291,4,76.27,97.80,84.86,37.85,9.94,45.14,0
291,5,76.13,97.18,84.94,38.27,10.16,45.55,0
291,6,77.91,97.69,82.22,37.93,10.62,44.81,0
291,7,76.07,97.37,81.67,38.31,10.30,42.38,0
291,8,78.05,97.92,85.38,39.07,11.02,44.35,0
291,9,76.28,97.83,84.62,39.13,10.27,43.13,0
291,10,77.09,97.30,84.18,37.66,10.79,43.05,0
291,11,76.85,97.62,80.20,39.20,10.48,45.44,0
291,12,73.57,97.63,84.80,39.12,10.37,43.36,0
291,13,75.90,97.86,81.59,38.64,10.28,42.85,0
291,14,76.52,97.53,79.25,37.67,10.99,44.06,0
291,15,73.29,97.88,80.88,37.40,10.46,44.22,0
291,16,76.78,97.33,82.00,37.31,10.69,45.55,0
291,17,77.03,97.95,81.88,37.42,10.87,43.92,0
291,18,76.03,97.68,81.98,38.29,10.16,44.23,0
291,19,77.13,97.29,84.71,38.49,10.28,43.64,0
292,0,81.81,98.34,94.09,36.32,13.24,62.46,0
292,1,82.50,98.46,98.82,36.62,13.15,62.92,0
292,2,84.46,98.48,98.01,36.47,12.34,61.91,0
292,3,84.73,98.63,96.12,36.58,13.10,60.90,0
292,4,85.71,98.09,99.80,35.99,12.52,60.66,0
292,5,82.48,98.60,98.15,37.55,12.70,60.38,0
292,6,84.60,98.10,98.83,37.05,12.66,60.58,0
292,7,83.52,98.31,99.72,37.01,13.17,61.91,0
292,8,85.93,98.22,98.00,36.69,12.31,62.49,0
292,9,90.53,98.53,92.54,37.43,12.76,59.48,0
292,10,92.53,98.05,86.11,37.04,12.72,59.63,0
292,11,91.85,98.57,81.13,36.83,13.17,58.39,1
292,12,92.14,98.00,86.21,36.04,12.31,56.88,0
292,13,88.29,98.18,89.44,36.57,12.37,60.40,0
292,14,83.00,98.46,97.51,37.72,12.46,62.43,0
292,15,82.23,98.61,97.59,35.97,13.27,60.72,0
292,16,83.98,98.58,93.46,37.75,12.78,63.80,0
292,17,82.00,98.38,96.71,37.36,13.04,63.83,0
292,18,81.95,98.47,97.58,36.88,12.80,60.39,0
292,19,82.63,98.31,93.95,36.90,12.33,62.85,0
293,0,82.10,98.13,79.67,38.25,10.38,56.31,0
293,1,84.95,98.23,78.76,38.83,10.52,57.84,0
293,2,85.71,98.50,82.89,38.75,11.30,57.99,0
293,3,83.42,98.40,83.20,38.51,10.37,55.59,0
293,4,84.93,98.14,83.04,38.05,10.60,56.94,0
293,5,83.59,98.39,82.29,39.49,11.09,58.09,0
293,6,83.17,98.21,80.32,37.71,10.48,58.00,0
293,7,83.01,98.26,79.50,38.17,11.06,56.34,0
293,8,89.46,97.96,76.10,38.29,10.84,53.61,0
293,9,93.11,98.53,68.36,37.88,10.81,54.21,0
293,10,93.77,98.43,63.72,38.82,10.36,52.45,1
293,11,89.56,97.96,73.09,39.54,10.42,52.92,0
293,12,88.78,98.18,73.13,39.63,10.28,54.59,0
293,13,80.69,98.28,80.15,38.37,11.00,55.85,0
293,14,84.10,97.96,77.06,37.98,11.30,58.63,0
293,15,83.61,98.05,81.97,38.55,10.55,57.10,0
293,16,83.89,98.47,78.65,38.71,10.22,57.38,0
293,17,82.67,98.32,82.27,37.91,11.06,55.55,0
293,18,81.68,98.66,81.53,38.41,10.20,54.96,0
293,19,82.78,98.15,83.41,39.15,10.93,55.08,0
294,0,68.94,96.83,98.73,33.21,10.13,56.51,0
294,1,70.94,97.15,99.72,34.66,9.89,56.49,0
294,2,72.23,97.07,99.67,34.88,9.67,55.92,0
294,3,70.88,96.94,99.61,33.03,9.69,57.31,0
294,4,69.67,96.88,96.10,34.56,9.71,56.93,0
294,5,71.30,97.13,99.96,33.65,10.46,55.52,0
294,6,70.98,97.47,96.79,34.68,10.28,57.32,0
294,7,71.17,97.18,99.47,33.43,10.69,57.85,0
294,8,72.41,96.85,95.36,34.20,10.54,58.24,0
294,9,72.54,96.86,100.38,33.02,9.73,55.97,0
294,10,69.64,97.39,96.41,33.45,10.12,57.90,0
294,11,70.81,97.17,97.77,34.06,10.33,55.43,0
294,12,68.10,97.25,97.47,33.08,10.31,56.97,0
294,13,71.46,97.48,94.86,33.61,10.80,54.67,0
294,14,69.63,97.50,97.44,34.70,10.13,57.17,0
294,15,68.73,97.12,98.07,34.80,10.34,57.90,0
294,16,69.12,97.02,94.07,34.78,10.37,56.36,0
294,17,68.77,97.06,96.76,34.71,10.39,55.46,0
294,18,69.46,97.53,97.09,33.70,9.83,55.60,0
294,19,69.10,97.59,98.94,33.62,10.62,56.81,0
295,0,72.49,99.24,86.50,33.77,12.76,45.76,0
295,1,69.83,99.22,83.16,34.46,12.77,44.10,0
295,2,70.09,98.95,85.98,34.18,12.30,45.21,0
295,3,70.25,99.00,87.40,34.38,12.20,45.64,0
295,4,71.19,99.01,87.18,34.80,12.61,42.53,0
295,5,73.28,98.82,85.31,34.18,12.43,43.78,0
295,6,69.80,98.74,87.76,33.47,12.15,43.26,0
295,7,72.36,98.68,87.33,33.62,12.50,44.78,0
295,8,69.66,99.01,87.31,34.15,13.29,45.65,0
295,9,69.87,98.87,86.35,34.81,13.17,41.89,0
295,10,75.37,98.92,77.89,33.17,12.97,39.84,0
295,11,76.73,99.17,72.55,33.41,12.63,41.69,0
295,12,81.95,98.65,70.14,34.08,13.13,40.69,1
295,13,76.43,98.76,72.29,33.21,12.93,41.39,0
295,14,75.14,98.96,76.93,34.15,12.42,42.46,0
295,15,70.88,98.82,82.91,34.86,13.27,44.29,0
295,16,71.95,99.21,83.56,34.29,12.27,44.21,0
295,17,70.38,98.62,81.95,34.94,12.76,45.43,0
295,18,70.29,99.25,84.65,34.70,12.97,44.52,0
295,19,71.94,98.75,86.26,34.12,12.96,42.82,0
296,0,82.10,97.65,85.96,35.24,10.33,55.30,0
296,1,84.12,97.61,84.64,35.25,11.01,56.19,0
296,2,83.83,98.29,83.73,34.35,10.77,54.62,0
296,3,86.19,98.01,85.22,34.37,11.16,56.56,0
296,4,84.41,97.61,82.41,35.56,10.85,53.51,0
296,5,83.47,98.07,87.25,34.76,10.74,56.15,0
296,6,84.71,97.81,84.10,34.70,10.42,55.39,0
296,7,83.00,98.11,81.88,35.68,10.57,54.30,0
296,8,84.04,98.02,81.32,36.06,10.74,55.33,0
296,9,81.79,97.61,82.97,36.28,11.43,56.97,0
296,10,83.12,98.28,84.05,35.27,10.52,56.98,0
296,11,84.54,97.70,83.44,35.57,10.79,53.45,0
296,12,84.83,98.16,82.66,34.39,11.27,53.28,0
296,13,84.01,98.19,84.87,35.97,10.41,56.70,0
296,14,81.14,97.84,81.36,35.06,10.53,54.39,0
296,15,82.54,98.02,82.05,35.21,11.21,53.95,0
296,16,81.00,98.11,82.90,34.52,11.30,53.35,0
296,17,84.33,98.24,81.09,36.16,11.38,55.63,0
296,18,81.99,98.31,81.82,34.88,10.51,53.76,0
296,19,82.33,98.00,85.47,35.62,10.75,56.47,0
297,0,79.63,99.29,79.93,33.46,14.69,57.35,0
297,1,80.59,99.26,83.44,33.47,14.84,58.09,0
297,2,78.73,98.86,82.80,33.85,14.85,55.46,0
297,3,78.83,98.81,80.44,33.96,14.80,56.76,0
297,4,79.80,98.74,83.21,34.12,15.04,55.48,0
297,5,80.89,99.03,81.26,33.74,15.06,57.74,0
297,6,82.18,99.24,79.93,34.79,15.19,56.00,0
297,7,79.95,98.93,82.44,35.16,14.86,56.71,0
297,8,78.62,98.67,83.21,33.51,14.65,56.93,0
297,9,80.10,98.67,83.22,34.89,15.38,58.44,0
297,10,81.40,98.74,81.56,34.61,15.06,57.51,0
297,11,79.21,99.28,84.18,35.19,14.88,56.46,0
297,12,77.22,98.84,83.02,35.21,15.57,57.87,0
297,13,80.60,98.87,78.01,33.75,14.80,55.94,0
297,14,78.61,98.94,81.10,34.98,15.25,56.06,0
297,15,80.73,98.66,79.13,33.80,15.42,56.08,0
297,16,80.04,99.16,78.48,35.16,15.02,56.33,0
297,17,79.02,98.70,83.64,34.01,14.57,57.82,0
297,18,80.11,99.04,80.39,33.39,15.54,56.11,0
297,19,81.14,99.14,79.09,33.89,14.75,58.68,0
298,0,78.06,98.46,95.16,32.88,11.19,56.41,0
298,1,75.77,98.56,98.84,32.73,10.82,56.76,0
298,2,77.89,98.68,95.49,34.64,11.55,60.09,0
298,3,77.43,98.76,96.99,34.67,10.67,58.28,0
298,4,78.64,98.14,99.69,34.21,11.61,59.28,0
298,5,77.32,98.64,95.85,33.17,10.47,56.79,0
298,6,78.08,98.22,97.06,34.38,10.72,57.05,0
298,7,76.15,98.07,100.25,32.89,10.93,57.43,0
298,8,77.91,98.33,99.07,32.76,11.36,57.33,0
298,9,77.35,98.58,96.23,34.09,10.97,58.32,0
298,10,82.17,98.25,92.06,32.73,11.28,55.59,0
298,11,86.84,98.24,88.39,32.78,10.98,55.17,0
298,12,87.11,98.43,83.49,33.09,11.53,51.98,1
298,13,84.94,98.45,87.73,33.77,10.67,54.78,0
298,14,84.53,98.23,93.24,34.53,11.34,54.76,0
298,15,77.80,98.66,98.02,34.47,11.14,60.24,0
298,16,76.78,98.05,95.45,33.44,10.57,56.95,0
298,17,76.96,98.43,99.09,32.83,10.94,57.45,0
298,18,77.57,98.24,98.44,33.06,10.55,60.06,0
298,19,78.56,98.59,94.57,32.86,10.44,58.19,0
299,0,71.98,98.33,87.43,34.81,14.54,62.04,0
299,1,70.25,97.92,87.01,33.49,14.31,61.53,0
299,2,73.35,98.26,88.05,34.07,14.06,61.11,0
299,3,72.31,98.15,89.06,33.64,14.53,62.34,0
299,4,71.68,97.61,89.29,35.00,13.55,61.31,0
299,5,70.29,97.81,85.50,33.68,14.34,60.20,0
299,6,73.53,98.07,89.20,34.11,14.55,60.82,0
299,7,70.56,98.15,86.06,34.16,13.58,61.29,0
299,8,73.04,98.20,83.71,35.08,14.20,62.67,0
299,9,69.65,98.09,83.50,34.99,13.75,62.25,0
299,10,72.91,97.95,85.16,35.28,14.58,60.49,0
299,11,70.69,98.25,83.43,34.10,13.94,62.34,0
299,12,71.54,97.83,87.37,34.07,14.52,59.53,0
299,13,70.63,97.67,88.05,33.88,14.53,60.02,0
299,14,70.97,97.82,86.37,33.92,13.48,59.19,0
299,15,69.87,97.71,84.64,35.38,13.88,60.60,0
299,16,69.33,97.84,87.20,35.27,14.50,59.86,0
299,17,70.97,98.04,84.93,33.63,13.54,60.04,0
299,18,69.82,98.23,87.47,35.05,13.71,59.35,0
299,19,73.12,98.21,86.59,35.44,13.77,61.35,0
300,0,76.59,98.92,95.93,37.94,11.67,53.17,0
300,1,76.31,98.34,98.12,39.02,11.37,55.30,0
300,2,76.22,98.34,96.46,37.76,11.24,52.93,0
300,3,76.42,98.91,95.91,39.70,11.67,55.11,0
300,4,75.08,98.20,95.46,37.93,11.71,53.36,0
300,5,76.71,98.65,95.44,38.78,11.30,52.96,0
300,6,77.89,98.72,95.67,38.42,11.64,55.16,0
300,7,75.50,98.27,95.87,37.75,11.79,53.18,0
300,8,75.87,98.36,97.81,38.85,11.42,52.68,0
300,9,75.13,98.81,96.30,38.44,12.03,53.58,0
300,10,74.79,98.61,97.51,37.96,11.00,54.32,0
300,11,76.70,98.20,99.27,39.53,11.07,53.56,0
300,12,73.92,98.35,95.69,38.19,11.71,53.24,0
300,13,75.73,98.33,95.44,38.99,11.66,52.90,0
300,14,76.49,98.21,94.63,39.23,11.12,53.29,0
300,15,72.96,98.63,98.10,38.88,12.13,51.42,0
300,16,74.29,98.37,94.00,38.62,11.08,53.96,0
300,17,75.16,98.66,94.56,39.72,11.31,51.98,0
300,18,77.15,98.30,94.97,39.46,11.68,54.12,0
300,19,74.39,98.76,99.96,38.13,11.15,55.28,0
301,0,74.26,98.61,85.66,38.71,12.96,56.93,0
301,1,72.98,98.49,88.01,37.18,13.68,56.33,0
301,2,75.83,99.01,84.46,38.54,13.68,56.62,0
301,3,72.97,99.19,84.86,37.70,12.79,55.59,0
301,4,72.96,98.48,85.01,38.83,13.64,58.36,0
301,5,72.72,99.03,88.20,37.45,13.23,58.98,0
301,6,74.78,98.65,89.17,37.94,12.86,57.74,0
301,7,74.22,98.93,90.13,38.91,12.74,56.28,0
301,8,73.77,98.72,89.58,37.24,13.27,57.55,0
301,9,74.31,98.68,83.87,37.56,13.33,56.48,0
301,10,72.51,98.73,84.44,38.87,13.68,56.15,0
301,11,73.55,99.00,84.15,37.30,12.66,58.05,0
301,12,72.94,98.99,87.10,37.99,13.48,57.69,0
301,13,71.04,98.59,88.29,38.74,13.03,57.58,0
301,14,73.97,99.20,83.72,37.16,13.17,56.41,0
301,15,74.27,98.70,86.58,38.04,12.72,58.95,0
301,16,72.58,98.89,87.01,38.57,12.91,57.19,0
301,17,71.34,98.67,84.72,37.51,13.23,58.97,0
301,18,74.74,98.55,86.57,37.87,12.75,57.22,0
301,19,73.06,98.75,89.45,38.21,12.64,59.32,0
302,0,74.29,99.00,80.60,37.03,10.82,61.06,0
302,1,75.89,98.73,85.25,36.81,10.08,62.16,0
302,2,74.14,98.57,82.00,37.35,10.61,61.71,0
302,3,73.40,98.50,81.73,38.12,10.85,63.23,0
302,4,74.83,98.92,85.41,38.21,10.05,60.67,0
302,5,73.17,98.77,82.24,37.82,10.15,60.26,0
302,6,73.30,98.63,84.10,38.44,10.43,63.68,0
302,7,75.20,99.06,82.66,37.71,10.45,63.15,0
302,8,73.76,99.03,81.50,38.23,10.46,63.52,0
302,9,81.65,99.01,79.40,37.07,10.60,57.84,0
302,10,82.16,98.44,71.09,37.81,9.77,59.14,0
302,11,83.15,99.00,71.16,36.85,10.03,56.61,1
302,12,83.20,98.57,73.04,37.00,9.88,56.22,0
302,13,79.44,99.13,73.95,38.45,10.30,58.73,0
302,14,71.46,98.58,84.71,37.21,10.63,62.16,0
302,15,72.32,99.09,83.00,37.19,10.16,61.93,0
302,16,74.55,98.40,84.52,37.61,9.95,63.20,0
302,17,75.32,98.54,83.15,38.06,10.79,61.39,0
302,18,73.21,98.91,83.99,38.14,10.58,63.05,0
302,19,72.77,98.88,83.87,38.03,10.40,63.02,0
303,0,71.93,97.36,81.90,38.10,11.71,57.75,0
303,1,69.72,97.26,83.29,37.26,11.92,60.30,0
303,2,71.13,96.96,85.07,39.19,11.69,60.32,0
303,3,71.98,96.81,87.01,37.52,12.47,60.35,0
303,4,70.41,97.03,82.56,38.40,11.74,59.90,0
303,5,72.56,96.92,83.50,39.03,11.88,58.70,0
303,6,71.18,96.86,85.62,38.27,12.41,56.86,0
303,7,73.58,97.16,84.02,38.89,11.89,58.34,0
303,8,71.42,96.74,87.56,38.11,12.06,57.47,0
303,9,69.62,97.06,82.49,37.58,12.01,59.28,0
303,10,70.07,97.02,85.12,38.18,12.07,60.54,0
303,11,71.75,97.00,81.87,37.29,12.42,60.08,0
303,12,70.12,97.44,83.86,38.80,11.86,57.15,0
303,13,70.97,96.86,82.06,38.54,11.77,56.84,0
303,14,71.96,96.80,86.30,37.28,12.61,59.70,0
303,15,70.01,96.75,86.09,39.11,11.94,57.69,0
303,16,70.36,97.02,82.20,37.99,11.74,60.01,0
303,17,70.03,96.98,83.44,37.47,11.70,58.40,0
303,18,71.93,96.87,82.94,37.33,12.28,57.17,0
303,19,71.11,97.12,83.31,38.45,12.32,57.67,0
304,0,83.28,97.57,90.51,37.09,16.15,49.10,0
304,1,81.31,97.68,90.79,37.03,15.84,51.19,0
304,2,81.38,97.78,90.76,36.70,15.65,49.48,0
304,3,83.38,97.99,92.02,36.98,16.23,51.48,0
304,4,84.67,98.16,91.18,36.41,15.39,51.82,0
304,5,84.30,98.02,90.10,36.88,15.98,50.00,0
304,6,84.90,97.76,90.01,36.24,16.28,48.36,0
304,7,81.97,97.80,94.73,37.27,15.28,50.28,0
304,8,82.37,98.15,94.19,36.23,15.15,48.91,0
304,9,84.32,98.13,90.27,36.62,16.23,51.81,0
304,10,89.91,97.91,83.04,36.46,15.11,48.51,0
304,11,90.48,97.69,82.57,37.28,15.92,48.14,0
304,12,90.58,97.51,78.47,36.46,15.72,44.88,1
304,13,91.19,98.13,82.59,37.18,15.19,45.32,0
304,14,89.69,97.67,86.10,37.51,16.01,48.39,0
304,15,80.35,97.65,90.82,36.05,15.67,49.50,0
304,16,83.47,97.95,90.80,35.82,15.45,51.25,0
304,17,83.06,97.75,89.61,37.40,15.33,51.74,0
304,18,81.85,97.72,90.69,37.31,15.94,52.21,0
304,19,80.85,97.40,91.91,37.26,15.68,50.80,0
305,0,84.70,98.94,93.33,35.60,13.08,60.57,0
305,1,84.83,98.63,90.64,35.24,13.19,57.97,0
305,2,83.14,99.27,94.00,34.69,12.44,58.78,0
305,3,85.18,99.00,91.72,34.92,12.88,57.87,0
305,4,83.70,99.27,91.16,35.46,12.15,60.83,0
305,5,85.69,99.33,93.64,34.66,12.23,61.41,0
305,6,86.08,99.08,90.56,34.07,12.41,61.73,0
305,7,86.31,99.35,95.73,34.92,12.56,58.49,0
305,8,86.18,98.81,93.92,35.03,12.84,61.35,0
305,9,90.79,98.76,88.42,35.17,12.65,54.85,0
305,10,92.18,99.32,85.41,34.70,13.05,53.93,0
305,11,93.69,99.26,79.62,35.45,12.58,55.67,1
305,12,90.30,99.07,80.49,34.47,12.60,56.77,0
305,13,87.70,99.21,85.57,35.87,12.90,58.07,0
305,14,81.68,98.76,90.55,35.27,12.76,61.56,0
305,15,81.79,98.79,89.67,36.01,12.51,59.36,0
305,16,81.38,99.06,89.88,35.75,13.09,60.19,0
305,17,83.37,98.77,94.32,35.84,12.31,58.09,0
305,18,84.41,98.94,94.09,34.04,12.54,60.76,0
305,19,84.36,99.11,91.08,34.31,12.25,60.29,0
306,0,89.31,97.25,95.11,35.73,11.61,54.79,0
306,1,89.64,97.80,95.36,36.23,11.13,56.25,0
306,2,89.72,97.87,91.77,37.22,10.74,53.06,0
306,3,89.57,97.76,93.04,36.12,11.44,53.04,0
306,4,92.62,97.41,93.93,35.50,11.73,53.71,0
306,5,91.96,97.64,94.79,35.92,10.55,55.75,0
306,6,92.44,97.30,96.10,36.10,10.76,55.67,0
306,7,91.99,97.27,95.09,35.64,11.71,54.83,0
306,8,91.05,97.87,91.03,36.47,11.04,53.68,0
306,9,89.42,97.77,93.10,36.61,10.92,54.17,0
306,10,88.67,97.23,95.49,36.26,11.43,55.41,0
306,11,89.33,97.83,95.69,35.98,10.66,55.85,0
306,12,89.00,97.70,93.61,36.38,11.29,54.32,0
306,13,89.42,97.67,92.10,37.06,11.13,52.30,0
306,14,88.60,97.20,91.16,35.91,10.60,52.87,0
306,15,89.12,97.26,95.16,36.13,10.85,56.22,0
306,16,91.39,97.33,92.53,37.22,11.50,52.41,0
306,17,90.45,97.30,95.07,35.72,10.84,54.85,0
306,18,90.79,97.67,91.42,37.26,10.75,54.59,0
306,19,88.46,97.30,94.44,37.15,10.78,54.63,0
307,0,73.25,98.81,95.93,38.70,14.98,58.69,0
307,1,71.88,99.16,94.54,37.95,14.88,59.10,0
307,2,70.36,99.13,96.22,38.76,14.99,62.26,0
307,3,71.94,98.44,94.77,38.27,15.80,59.78,0
307,4,70.42,98.50,98.06,38.45,15.49,59.17,0
307,5,73.57,98.69,92.72,38.05,14.99,59.17,0
307,6,74.21,98.52,98.18,39.44,15.40,61.19,0
307,7,72.56,98.45,95.32,39.13,14.75,61.38,0
307,8,73.21,98.77,95.72,39.41,15.21,61.95,0
307,9,71.84,98.86,95.08,38.35,15.29,59.36,0
307,10,69.75,98.45,92.96,38.11,15.10,62.09,0
307,11,69.48,99.06,94.96,38.59,15.37,59.30,0
307,12,72.75,98.79,93.60,39.04,15.53,62.36,0
307,13,71.94,98.59,91.19,38.00,15.38,59.72,0
307,14,70.86,99.10,96.19,37.94,15.47,61.64,0
307,15,71.16,98.87,94.58,39.07,15.65,60.99,0
307,16,70.52,98.66,95.12,38.80,15.47,59.77,0
307,17,69.41,98.64,96.35,38.40,15.80,58.68,0
307,18,70.98,99.04,96.45,38.74,15.36,59.96,0
307,19,70.17,99.09,94.44,39.45,15.53,60.76,0
308,0,88.29,97.34,96.91,38.25,10.16,52.43,0
308,1,88.43,97.26,96.73,37.86,10.05,53.09,0
308,2,88.44,97.55,97.66,39.13,10.74,55.11,0
308,3,92.20,97.61,94.27,38.80,9.65,51.97,0
308,4,90.14,97.30,93.59,38.85,10.64,52.00,0
308,5,89.29,97.14,97.55,39.29,10.60,52.90,0
308,6,90.67,97.21,95.03,38.24,10.21,54.58,0
308,7,89.74,97.41,93.19,38.62,10.44,53.91,0
308,8,88.43,96.93,93.63,39.40,10.77,51.70,0
308,9,88.86,97.30,95.83,38.91,10.71,54.79,0
308,10,87.90,97.25,96.06,38.75,10.74,55.20,0
308,11,89.67,97.03,92.17,38.53,9.87,53.17,0
308,12,89.12,97.37,94.38,38.50,9.91,52.53,0
308,13,86.98,97.58,96.77,38.57,10.27,54.23,0
308,14,90.52,97.10,93.84,39.00,10.33,52.28,0
308,15,89.81,97.58,94.67,38.63,9.91,55.16,0
308,16,87.28,97.49,96.14,37.86,10.73,53.04,0
308,17,89.23,97.36,97.08,39.09,10.10,52.47,0
308,18,89.64,97.51,93.89,38.23,10.40,55.21,0
308,19,91.31,97.34,92.05,39.55,10.43,53.74,0
309,0,88.23,98.30,95.75,37.07,11.39,59.46,0
309,1,92.03,97.97,95.72,38.26,11.95,60.65,0
309,2,89.40,98.71,93.94,36.60,11.79,60.98,0
309,3,90.56,98.19,96.81,37.53,11.62,61.27,0
309,4,89.38,98.08,94.47,37.60,12.09,60.47,0
309,5,91.64,98.69,97.26,38.10,11.35,60.82,0
309,6,89.02,98.32,98.90,38.02,11.79,61.21,0
309,7,90.47,98.47,93.86,36.74,11.47,60.07,0
309,8,89.92,98.57,98.46,36.33,11.27,61.30,0
309,9,89.33,98.28,97.69,37.55,11.24,58.41,0
309,10,89.14,98.16,92.59,37.85,11.28,61.24,0
309,11,88.24,98.18,95.57,37.01,11.05,58.58,0
309,12,91.23,98.41,95.27,37.71,11.12,61.22,0
309,13,90.64,98.67,95.94,37.46,11.27,58.29,0
309,14,90.57,98.48,95.43,37.77,11.67,61.29,0
309,15,91.30,98.28,92.83,37.79,11.60,59.38,0
309,16,91.03,98.48,93.93,36.74,11.02,58.17,0
309,17,87.93,97.95,96.03,37.68,11.02,60.35,0
309,18,89.46,98.40,93.65,38.18,11.89,58.97,0
309,19,90.30,98.52,98.28,38.04,12.08,60.05,0
310,0,77.36,97.95,88.50,35.85,14.14,43.75,0
310,1,79.26,98.58,91.37,35.25,13.88,43.55,0
310,2,77.60,98.39,93.90,34.91,13.61,44.30,0
310,3,77.47,98.42,93.51,34.64,14.56,43.48,0
310,4,77.48,98.49,92.98,36.03,14.37,43.48,0
310,5,79.05,98.44,94.59,35.42,14.62,44.25,0
310,6,78.43,98.54,92.99,34.93,13.79,43.69,0
310,7,81.12,98.09,92.51,34.89,14.55,41.71,0
310,8,78.50,97.97,91.87,36.09,13.92,41.79,0
310,9,77.72,98.71,88.96,35.42,14.48,44.70,0
310,10,79.86,98.48,88.40,34.29,13.66,44.10,0
310,11,78.35,98.35,91.50,34.67,13.63,42.70,0
310,12,79.91,98.48,89.63,34.76,13.81,44.10,0
310,13,79.18,98.48,92.26,35.54,14.17,44.08,0
310,14,79.41,98.31,88.92,36.03,13.96,45.18,0
310,15,77.98,98.47,92.87,36.07,14.14,43.59,0
310,16,77.74,98.69,87.75,34.26,14.49,42.77,0
310,17,77.71,98.05,93.22,34.81,14.69,44.01,0
310,18,79.14,98.71,92.13,35.23,14.47,41.89,0
310,19,80.47,98.08,88.86,35.14,13.70,44.01,0
311,0,81.98,97.07,95.06,37.84,12.19,49.20,0
311,1,85.27,97.63,93.32,36.73,12.30,49.66,0
311,2,84.67,97.33,94.40,36.62,12.30,47.64,0
311,3,82.56,97.64,95.68,38.13,12.23,48.40,0
311,4,86.49,97.56,93.37,37.52,12.05,47.57,0
311,5,85.15,97.29,94.04,38.09,12.94,48.73,0
311,6,85.80,97.04,93.37,38.05,13.01,47.79,0
311,7,84.04,97.65,95.15,37.73,12.49,47.42,0
311,8,84.86,97.25,94.91,37.31,12.65,48.97,0
311,9,83.86,96.98,95.15,37.17,12.86,48.85,0
311,10,82.10,97.03,94.00,36.91,12.60,50.60,0
311,11,81.88,97.44,93.05,36.62,12.32,47.87,0
311,12,84.06,97.00,94.80,37.46,12.51,48.56,0
311,13,83.39,97.09,90.69,36.84,13.03,49.99,0
311,14,82.53,96.99,93.78,36.27,12.40,50.28,0
311,15,83.39,97.19,90.89,38.13,12.83,50.25,0
311,16,83.15,96.97,90.89,37.90,12.62,50.50,0
311,17,83.44,97.29,89.45,37.26,12.85,49.24,0
311,18,83.93,97.61,92.77,37.08,12.93,49.47,0
311,19,82.72,97.55,90.79,38.07,13.02,49.12,0
312,0,73.16,98.18,88.25,33.42,15.21,57.82,0
312,1,74.56,98.40,92.51,33.48,15.96,58.30,0
312,2,73.53,98.28,90.67,33.64,15.43,55.49,0
312,3,74.44,98.64,92.65,32.48,15.88,57.15,0
312,4,73.14,98.69,92.57,33.56,15.90,58.00,0
312,5,76.21,98.86,91.84,32.61,15.42,56.93,0
312,6,75.68,98.13,90.07,32.77,15.15,58.34,0
312,7,76.61,98.60,89.13,32.69,15.42,58.65,0
312,8,80.93,98.57,84.44,33.38,15.82,53.04,0
312,9,84.15,98.31,79.96,33.56,15.56,52.53,0
312,10,81.94,98.90,77.24,32.47,15.88,53.21,1
312,11,80.66,98.23,82.43,34.32,16.11,52.10,0
312,12,80.78,98.31,84.32,34.21,15.09,52.20,0
312,13,72.84,98.87,89.23,33.99,16.18,55.44,0
312,14,72.61,98.40,88.40,33.05,15.17,55.15,0
312,15,71.72,98.23,90.28,34.24,15.25,55.29,0
312,16,72.23,98.88,92.35,33.13,16.11,55.55,0
312,17,71.76,98.65,91.13,32.70,15.83,56.49,0
312,18,74.66,98.19,88.48,33.07,15.28,56.83,0
312,19,76.05,98.29,87.74,33.46,15.88,56.23,0
313,0,92.26,96.76,94.58,38.44,13.90,54.62,0
313,1,88.93,96.74,93.50,38.55,14.14,55.80,0
313,2,89.86,97.26,97.55,38.27,13.82,57.43,0
313,3,92.37,97.46,93.06,38.90,14.95,54.23,0
313,4,92.08,96.91,96.02,38.70,14.95,54.48,0
313,5,90.19,97.36,98.20,37.93,14.68,55.28,0
313,6,90.19,97.02,93.23,37.40,14.02,55.70,0
313,7,92.06,97.07,96.89,37.21,14.40,56.48,0
313,8,91.50,96.95,92.31,39.02,13.89,57.12,0
313,9,91.02,96.69,92.58,37.91,13.82,57.20,0
313,10,90.65,96.85,92.20,37.34,14.47,55.75,0
313,11,90.14,97.30,97.22,38.21,14.28,56.39,0
313,12,90.84,97.18,95.82,38.44,14.05,55.92,0
313,13,88.96,97.18,95.65,39.01,14.03,56.50,0
313,14,88.06,96.87,95.52,37.41,14.84,56.91,0
313,15,88.55,97.33,93.33,37.74,14.55,57.88,0
313,16,89.17,97.16,96.61,37.73,14.52,56.93,0
313,17,90.62,96.74,96.87,37.96,14.13,55.83,0
313,18,92.29,97.40,96.30,38.36,13.99,55.61,0
313,19,88.66,97.16,91.88,38.03,13.90,55.29,0
314,0,76.45,99.21,85.26,35.12,13.67,46.01,0
314,1,78.98,98.44,80.90,35.06,13.08,46.54,0
314,2,77.92,99.19,82.72,34.74,14.09,47.49,0
314,3,77.74,98.94,80.99,35.01,12.98,47.58,0
314,4,79.01,98.83,84.76,35.70,13.26,47.11,0
314,5,77.18,98.95,83.22,34.87,14.00,45.67,0
314,6,76.31,98.82,82.23,34.57,13.18,45.33,0
314,7,79.34,98.60,86.34,35.97,13.48,45.25,0
314,8,76.67,98.52,86.35,35.05,13.97,47.59,0
314,9,75.81,98.45,86.15,36.13,13.61,44.20,0
314,10,78.53,98.63,84.69,34.82,14.12,45.60,0
314,11,75.84,98.71,80.37,36.07,12.97,45.64,0
314,12,77.21,98.76,82.39,35.61,13.39,47.05,0
314,13,74.32,98.43,79.95,34.87,13.34,44.40,0
314,14,77.64,98.43,84.37,35.18,13.02,47.17,0
314,15,76.20,98.64,85.24,34.56,13.14,47.54,0
314,16,76.77,98.99,81.09,35.28,13.52,44.17,0
314,17,75.59,98.80,80.41,35.34,13.69,45.55,0
314,18,76.68,98.87,84.13,34.65,13.96,46.00,0
314,19,75.09,98.96,85.98,35.58,13.37,47.73,0
315,0,90.59,97.39,82.93,34.11,14.71,52.35,0
315,1,90.66,97.61,85.95,36.06,14.95,50.28,0
315,2,90.17,97.49,82.59,35.94,14.54,50.72,0
315,3,90.24,97.52,82.93,34.26,14.52,54.04,0
315,4,88.95,97.48,82.18,35.77,14.61,53.25,0
315,5,89.08,97.29,82.65,36.08,13.95,50.78,0
315,6,92.76,97.63,80.69,35.27,14.28,50.13,0
315,7,88.91,97.75,80.94,35.23,15.10,52.45,0
315,8,89.52,97.98,84.91,34.26,15.12,51.42,0
315,9,88.64,97.62,84.53,35.16,15.13,51.22,0
315,10,89.20,97.78,85.46,34.48,15.06,52.93,0
315,11,90.58,97.50,81.63,34.51,15.07,53.87,0
315,12,88.08,97.81,80.01,34.89,13.96,53.24,0
315,13,90.99,97.54,81.44,35.45,14.62,52.36,0
315,14,87.36,97.95,79.87,34.11,15.00,51.98,0
315,15,89.00,97.54,82.44,35.58,14.26,52.28,0
315,16,87.67,97.88,83.72,34.86,14.95,52.37,0
315,17,88.57,97.23,79.66,35.79,15.06,50.93,0
315,18,88.72,97.75,82.68,36.05,14.68,52.27,0
315,19,91.74,97.69,80.83,34.89,14.15,54.01,0
316,0,85.14,98.02,96.33,37.47,12.58,47.78,0
316,1,85.90,98.09,98.03,37.67,13.02,49.74,0
316,2,84.70,97.63,98.91,38.38,12.61,51.50,0
316,3,85.95,98.27,93.62,38.47,13.16,49.21,0
316,4,86.93,98.16,98.28,38.39,12.56,47.92,0
316,5,85.67,97.82,96.95,37.69,13.04,50.50,0
316,6,86.76,97.90,95.69,38.66,12.51,51.46,0
316,7,84.40,97.77,97.25,38.52,12.41,51.53,0
316,8,86.48,98.34,95.14,38.64,12.82,50.36,0
316,9,85.12,98.06,98.12,37.16,13.22,49.56,0
316,10,84.42,98.19,95.40,38.28,12.53,48.73,0
316,11,87.02,98.18,95.27,37.21,12.60,50.97,0
316,12,85.37,98.01,96.55,36.91,13.32,49.47,0
316,13,85.81,98.24,96.13,38.39,12.58,48.61,0
316,14,85.72,97.94,97.40,38.53,12.50,51.63,0
316,15,86.17,97.96,96.03,38.53,13.21,49.19,0
316,16,84.90,97.87,92.64,37.51,13.47,48.88,0
316,17,85.07,97.96,96.74,37.76,12.77,51.13,0
316,18,87.15,97.86,97.26,37.59,12.92,51.33,0
316,19,86.80,97.98,96.22,37.20,12.40,50.50,0
317,0,73.01,98.48,86.53,35.34,14.43,44.94,0
317,1,71.88,98.53,86.99,34.83,14.77,45.47,0
317,2,71.59,97.90,85.17,36.05,14.83,44.31,0
317,3,72.53,98.63,89.65,34.36,14.16,46.74,0
317,4,72.02,98.08,87.48,36.20,14.85,46.17,0
317,5,70.97,97.88,91.20,34.85,14.59,43.67,0
317,6,73.31,98.42,87.13,34.27,13.95,43.59,0
317,7,72.42,97.95,90.02,35.61,14.79,45.94,0
317,8,71.86,97.98,89.86,34.72,14.99,46.44,0
317,9,71.92,98.36,88.07,35.22,14.21,44.04,0
317,10,70.00,98.15,84.78,35.57,14.23,46.15,0
317,11,71.82,98.58,87.08,36.13,14.23,43.64,0
317,12,73.12,98.17,89.54,35.61,14.64,43.81,0
317,13,69.38,98.31,87.06,35.68,14.65,45.95,0
317,14,72.73,98.45,84.51,34.66,14.95,47.15,0
317,15,71.28,97.93,86.54,34.53,13.90,46.09,0
317,16,73.34,98.44,88.98,34.49,14.08,46.74,0
317,17,70.17,98.15,89.37,35.76,14.30,45.47,0
317,18,73.13,98.42,84.45,35.16,14.48,46.15,0
317,19,72.56,98.06,89.08,35.08,14.86,45.51,0
318,0,77.79,97.00,87.84,36.27,11.50,52.80,0
318,1,78.53,97.02,90.79,36.01,10.75,54.81,0
318,2,75.63,97.02,90.42,35.64,10.64,55.45,0
318,3,75.52,97.18,91.58,35.92,11.33,55.48,0
318,4,77.72,97.43,88.97,35.99,11.48,54.98,0
318,5,77.88,97.42,91.27,35.19,11.16,52.26,0
318,6,77.70,96.69,87.86,35.28,11.20,52.83,0
318,7,78.92,97.23,89.82,36.20,11.33,52.23,0
318,8,78.88,97.40,91.87,36.13,11.00,54.03,0
318,9,78.14,96.84,90.38,35.53,10.67,55.53,0
318,10,78.30,96.91,89.50,36.67,10.48,53.12,0
318,11,74.54,97.40,90.79,35.84,11.48,52.42,0
318,12,77.20,97.31,85.62,35.87,11.24,51.98,0
318,13,75.68,97.36,86.78,35.27,11.24,55.64,0
318,14,77.62,97.42,88.23,35.13,10.90,53.37,0
318,15,75.76,96.83,90.41,35.27,10.83,53.16,0
318,16,76.86,97.45,89.58,35.17,11.23,55.11,0
318,17,75.41,97.02,86.00,36.28,11.53,54.48,0
318,18,76.76,96.91,89.28,36.09,11.58,53.15,0
318,19,77.66,97.23,90.05,36.05,10.47,52.21,0
319,0,89.54,98.05,87.79,34.12,14.24,47.98,0
319,1,88.61,97.83,86.43,34.34,13.68,50.14,0
319,2,88.63,97.69,89.11,33.64,13.51,49.85,0
319,3,91.30,97.87,87.43,33.46,14.15,49.30,0
319,4,88.45,98.42,88.00,33.07,14.33,47.64,0
319,5,91.54,97.95,86.83,33.24,13.85,47.24,0
319,6,91.68,98.02,89.65,32.95,14.26,47.01,0
319,7,89.25,98.26,86.79,33.84,14.41,46.77,0
319,8,88.00,97.89,86.84,33.63,13.73,48.16,0
319,9,90.85,97.68,89.06,34.35,14.34,49.47,0
319,10,90.47,98.40,86.24,32.64,13.55,49.99,0
319,11,89.18,98.29,87.35,33.66,14.27,49.07,0
319,12,90.76,98.10,86.43,33.15,13.65,50.00,0
319,13,87.88,97.96,83.71,33.43,13.72,48.45,0
319,14,89.99,97.85,83.51,34.34,14.10,47.88,0
319,15,87.97,98.41,87.00,32.65,13.96,49.66,0
319,16,89.56,97.84,86.87,33.48,13.60,46.73,0
319,17,88.61,98.02,86.67,34.03,14.14,49.38,0
319,18,90.71,98.04,88.49,34.39,14.20,48.14,0
319,19,90.00,97.91,87.75,34.31,13.72,50.02,0
320,0,84.45,97.07,85.67,35.03,15.35,60.77,0
320,1,84.30,97.16,81.74,33.88,15.16,63.47,0
320,2,81.61,97.50,83.85,33.85,14.29,61.85,0
320,3,83.01,97.21,83.35,34.65,14.35,60.30,0
320,4,84.75,97.76,86.39,35.18,14.86,63.18,0
320,5,82.14,97.12,86.56,35.33,15.05,62.28,0
320,6,82.20,97.65,86.91,35.15,15.23,60.58,0
320,7,83.87,97.17,86.75,33.72,14.43,60.77,0
320,8,83.02,97.41,82.14,35.27,15.29,61.83,0
320,9,84.01,97.32,86.91,34.92,15.25,59.88,0
320,10,82.88,97.03,84.82,34.07,15.35,62.40,0
320,11,81.23,97.19,86.14,35.15,15.29,60.90,0
320,12,83.12,97.51,82.91,33.77,15.23,63.47,0
320,13,81.44,97.60,84.86,34.66,14.53,59.96,0
320,14,83.21,97.26,81.74,34.18,14.25,61.04,0
320,15,82.99,97.42,85.89,35.29,14.40,63.10,0
320,16,82.62,97.32,81.97,34.03,15.17,63.65,0
320,17,81.95,97.57,84.20,35.31,14.27,60.93,0
320,18,81.27,97.56,84.11,35.70,14.52,60.32,0
320,19,82.19,97.04,85.64,34.85,14.67,62.36,0
321,0,92.27,97.28,89.53,32.99,12.41,50.48,0
321,1,89.52,97.67,91.05,32.30,12.56,49.61,0
321,2,93.01,97.12,92.29,32.28,12.28,50.90,0
321,3,92.16,97.12,91.51,33.07,12.01,48.12,0
321,4,89.48,97.72,90.51,33.52,12.91,50.95,0
321,5,92.67,97.48,88.09,32.93,12.05,51.13,0
321,6,91.76,97.14,87.26,32.69,12.01,48.59,0
321,7,91.43,97.69,87.67,32.27,12.38,49.35,0
321,8,91.11,97.60,91.44,33.61,12.21,48.35,0
321,9,91.25,97.26,88.14,32.96,12.36,49.63,0
321,10,88.98,97.28,86.28,33.97,12.20,51.29,0
321,11,89.49,97.37,86.26,32.21,12.44,48.10,0
321,12,91.08,97.26,86.27,33.16,12.96,48.48,0
321,13,91.79,97.67,88.77,32.41,12.07,47.89,0
321,14,87.91,96.97,87.80,32.10,12.79,50.71,0
321,15,90.15,97.06,90.45,33.21,12.06,50.50,0
321,16,88.79,97.42,89.51,32.57,12.78,51.28,0
321,17,89.59,97.30,87.86,33.48,13.04,51.26,0
321,18,88.69,97.00,88.93,32.28,12.40,49.72,0
321,19,92.47,97.70,87.76,34.05,12.95,48.67,0
322,0,75.54,98.29,83.58,35.62,11.83,47.76,0
322,1,77.93,98.22,85.30,36.57,12.31,48.39,0
322,2,76.49,98.15,84.65,36.83,12.29,46.66,0
322,3,77.30,98.66,83.76,36.18,11.70,47.40,0
322,4,76.39,98.66,84.38,36.40,12.01,46.15,0
322,5,75.69,98.88,82.00,35.79,12.40,48.21,0
322,6,78.13,98.71,82.86,36.04,12.31,47.02,0
322,7,76.52,98.22,84.84,35.49,12.17,46.35,0
322,8,75.17,98.40,81.84,35.02,11.46,48.13,0
322,9,78.69,98.58,81.37,36.82,11.58,48.10,0
322,10,75.17,98.11,85.06,35.94,12.36,48.59,0
322,11,77.15,98.83,82.29,36.61,11.76,49.38,0
322,12,74.59,98.85,86.38,36.85,11.81,45.86,0
322,13,77.78,98.87,80.94,35.36,12.29,45.98,0
322,14,74.33,98.11,86.11,35.67,11.99,46.40,0
322,15,76.58,98.69,84.25,35.99,11.92,48.45,0
322,16,76.86,98.75,82.80,36.46,12.11,48.39,0
322,17,78.06,98.26,81.31,35.13,12.54,45.92,0
322,18,77.21,98.11,82.64,36.82,12.62,46.21,0
322,19,76.98,98.86,83.04,36.08,11.91,48.62,0
323,0,78.01,97.90,77.26,33.57,13.24,49.13,0
323,1,76.67,97.79,78.31,33.57,13.26,46.38,0
323,2,76.15,97.55,81.48,34.42,13.18,50.06,0
323,3,79.17,98.07,79.32,34.99,13.19,48.02,0
323,4,76.93,97.81,80.25,34.95,12.90,47.41,0
323,5,80.06,97.49,79.93,34.61,13.03,48.58,0
323,6,78.09,98.08,81.20,33.53,13.59,49.43,0
323,7,76.93,98.03,81.09,34.16,13.11,49.04,0
323,8,79.76,98.01,82.12,33.27,13.19,49.53,0
323,9,79.11,97.98,76.37,34.70,12.79,46.68,0
323,10,75.82,97.68,76.69,33.27,13.06,48.35,0
323,11,77.04,97.67,80.00,33.66,12.94,49.12,0
323,12,75.63,97.86,80.90,34.46,13.59,49.39,0
323,13,77.43,97.94,75.22,34.93,12.65,48.55,0
323,14,75.93,98.12,78.33,34.57,13.76,49.12,0
323,15,76.79,97.97,78.79,34.44,12.82,48.52,0
323,16,77.37,97.54,77.22,33.62,12.76,46.96,0
323,17,78.81,97.99,77.82,33.65,13.79,50.26,0
323,18,78.79,97.59,80.61,33.68,12.87,48.54,0
323,19,75.90,97.60,77.29,34.30,13.64,48.52,0
324,0,85.12,97.46,78.88,37.13,14.09,43.08,0
324,1,84.96,97.58,81.94,36.98,13.68,41.96,0
324,2,87.70,97.87,80.38,38.75,14.19,44.83,0
324,3,84.63,97.54,77.57,38.20,13.24,42.62,0
324,4,87.96,97.39,82.02,37.60,13.72,44.83,0
324,5,87.43,97.85,81.89,37.38,13.83,44.02,0
324,6,85.78,97.23,77.92,38.72,14.24,41.70,0
324,7,84.60,97.30,82.25,37.90,14.26,44.21,0
324,8,85.15,97.82,79.84,37.36,14.02,42.27,0
324,9,87.37,97.86,78.52,37.13,13.39,43.29,0
324,10,85.61,97.21,76.72,36.96,13.46,43.62,0
324,11,84.33,97.80,78.12,38.77,13.80,44.43,0
324,12,85.60,97.42,79.37,36.93,13.78,44.90,0
324,13,84.27,97.59,78.06,37.12,14.39,43.90,0
324,14,83.89,97.69,76.63,38.05,13.51,44.10,0
324,15,83.82,97.47,81.13,38.23,13.57,44.67,0
324,16,82.64,97.33,81.42,37.57,13.38,41.79,0
324,17,84.24,97.56,77.86,38.43,13.82,42.91,0
324,18,85.57,97.99,78.46,37.83,14.04,43.96,0
324,19,83.63,97.61,76.84,37.82,14.03,43.68,0
325,0,85.99,97.65,93.08,37.56,10.52,60.68,0
325,1,86.40,97.94,90.50,37.04,10.79,58.18,0
325,2,88.59,97.75,93.67,37.42,10.47,58.14,0
325,3,89.85,98.18,90.75,36.71,11.09,59.96,0
325,4,88.68,98.05,91.45,37.42,10.57,59.22,0
325,5,89.22,98.34,90.33,37.36,10.68,58.44,0
325,6,89.83,98.44,89.73,36.59,10.85,58.02,0
325,7,89.38,98.27,92.36,35.83,10.26,58.68,0
325,8,88.45,98.35,90.52,36.30,11.05,58.78,0
325,9,88.10,98.05,90.05,35.59,10.72,60.04,0
325,10,87.80,97.79,88.59,37.01,10.25,59.50,0
325,11,85.80,98.21,92.38,36.38,10.28,57.92,0
325,12,85.91,97.93,88.51,35.56,11.14,60.82,0
325,13,85.74,97.98,90.35,37.43,10.58,58.72,0
325,14,86.03,97.90,88.51,37.00,10.58,60.58,0
325,15,85.43,98.32,90.96,36.19,11.33,58.44,0
325,16,85.92,97.69,92.14,37.39,10.20,58.40,0
325,17,88.07,97.80,92.77,35.64,10.38,58.38,0
325,18,86.87,98.11,92.43,36.11,11.16,57.06,0
325,19,87.07,98.15,93.61,36.76,10.71,59.92,0
326,0,80.55,97.67,95.64,35.26,11.72,54.97,0
326,1,78.38,97.67,91.95,34.15,10.99,56.58,0
326,2,78.46,97.46,96.41,34.44,11.72,54.82,0
326,3,81.05,97.36,95.00,35.66,11.20,56.07,0
326,4,80.23,97.83,97.88,34.54,11.54,57.96,0
326,5,81.38,98.07,95.39,34.38,11.14,57.80,0
326,6,80.16,97.98,97.68,33.76,11.45,56.48,0
326,7,78.59,97.67,96.08,35.61,11.05,56.37,0
326,8,80.21,97.37,95.30,34.91,11.34,54.84,0
326,9,77.82,98.07,91.86,34.13,11.01,54.54,0
326,10,77.89,98.04,95.89,33.87,11.21,54.93,0
326,11,76.93,98.07,96.11,35.36,11.72,57.82,0
326,12,77.39,98.00,93.59,35.49,11.68,57.64,0
326,13,79.47,97.87,92.98,34.47,11.66,56.24,0
326,14,77.68,97.58,93.26,34.40,11.01,55.41,0
326,15,79.68,97.66,94.26,35.34,11.74,56.62,0
326,16,79.61,97.48,91.09,34.66,11.86,55.13,0
326,17,79.38,98.05,92.48,35.02,11.24,56.43,0
326,18,79.63,97.57,92.16,34.05,11.30,55.97,0
326,19,79.91,98.05,92.30,34.18,11.67,54.08,0
327,0,86.05,98.15,90.48,37.89,12.16,49.84,0
327,1,85.89,98.74,86.50,39.08,12.48,47.64,0
327,2,87.66,98.86,91.12,39.01,12.55,47.18,0
327,3,87.75,98.90,86.95,37.93,12.56,48.48,0
327,4,87.40,98.47,86.61,39.17,11.66,48.68,0
327,5,85.86,98.84,91.87,38.41,12.60,48.75,0
327,6,88.56,98.28,90.08,38.44,11.59,49.33,0
327,7,87.25,98.27,88.22,39.67,12.69,46.83,0
327,8,88.28,98.19,91.13,38.47,11.82,47.94,0
327,9,85.18,98.38,86.65,38.44,12.09,46.83,0
327,10,87.21,98.60,89.35,38.93,12.07,50.04,0
327,11,85.27,98.41,85.30,38.36,12.40,49.11,0
327,12,85.75,98.38,90.43,38.62,12.10,49.17,0
327,13,84.06,98.60,87.60,39.72,12.47,46.58,0
327,14,86.11,98.77,88.69,38.91,11.67,48.79,0
327,15,85.03,98.53,89.11,38.89,12.20,48.32,0
327,16,83.76,98.10,89.28,38.72,12.25,48.96,0
327,17,83.97,98.58,87.21,38.22,12.52,50.17,0
327,18,85.77,98.71,90.33,38.78,11.77,49.99,0
327,19,86.72,98.72,90.40,39.07,12.63,49.09,0
328,0,76.45,97.93,95.99,34.24,15.97,61.43,0
328,1,73.62,98.24,99.53,33.67,15.64,60.54,0
328,2,77.80,98.16,95.00,34.02,15.73,62.30,0
328,3,75.28,98.24,100.08,34.85,15.63,60.34,0
328,4,74.40,97.63,95.99,34.97,15.31,61.12,0
328,5,76.84,97.67,96.30,35.06,15.03,62.65,0
328,6,75.48,97.83,97.89,34.41,15.91,61.76,0
328,7,77.24,98.03,94.21,34.29,15.65,60.65,0
328,8,76.12,98.23,98.45,33.39,15.94,59.04,0
328,9,77.33,98.33,98.74,33.33,15.38,62.11,0
328,10,80.65,97.66,90.45,34.03,15.51,57.82,0
328,11,81.31,97.62,86.92,33.68,14.91,56.33,0
328,12,83.77,98.13,78.98,33.76,16.03,53.96,1
328,13,82.03,97.99,85.54,34.91,15.18,56.88,0
328,14,81.78,98.03,88.34,33.82,15.99,56.47,0
328,15,72.97,97.80,98.36,34.83,15.13,61.75,0
328,16,73.56,97.90,93.37,34.30,15.38,61.11,0
328,17,76.16,97.86,98.05,34.03,15.84,59.51,0
328,18,73.28,98.12,93.41,34.90,15.69,62.36,0
328,19,74.82,97.97,98.91,33.26,15.57,62.58,0
329,0,73.51,97.78,77.52,37.37,13.15,52.68,0
329,1,72.19,98.27,77.64,38.05,12.82,51.02,0
329,2,75.09,97.64,79.27,36.75,12.18,50.45,0
329,3,74.63,97.60,80.58,37.68,13.01,50.19,0
329,4,75.63,97.67,79.88,37.55,12.50,50.71,0
329,5,73.31,97.64,83.83,37.00,12.78,52.37,0
329,6,74.88,97.94,83.29,38.02,12.91,51.21,0
329,7,74.09,97.57,79.86,36.65,12.17,49.83,0
329,8,74.06,98.31,79.71,38.00,12.12,50.87,0
329,9,71.68,98.23,80.13,37.97,12.82,52.53,0
329,10,79.41,97.96,74.08,37.66,12.73,48.62,0
329,11,80.88,97.91,69.70,37.30,12.66,47.96,0
329,12,82.42,98.18,64.54,38.25,12.20,47.61,1
329,13,82.21,98.11,66.66,36.67,12.07,47.22,0
329,14,76.63,97.90,70.63,37.47,12.38,49.55,0
329,15,71.87,98.24,81.41,36.48,12.39,50.32,0
329,16,74.69,98.23,79.19,37.84,12.86,52.09,0
329,17,73.59,97.62,79.26,37.69,12.54,50.57,0
329,18,71.50,97.61,81.18,37.59,13.14,53.28,0
329,19,74.58,97.84,80.10,36.36,12.82,50.00,0
330,0,88.82,97.25,88.69,35.10,13.86,58.41,0
330,1,88.30,97.67,90.56,34.16,14.66,57.09,0
330,2,89.30,97.68,93.09,34.11,13.78,57.30,0
330,3,90.89,97.61,93.96,33.72,14.64,59.97,0
330,4,92.15,97.02,90.64,33.54,14.46,59.01,0
330,5,92.30,97.59,93.43,34.80,13.63,60.19,0
330,6,88.31,96.94,91.29,33.60,14.47,60.81,0
330,7,89.91,97.55,91.80,35.02,13.91,57.51,0
330,8,91.25,97.19,94.06,34.21,14.11,59.90,0
330,9,87.71,96.89,91.45,33.67,13.53,57.33,0
330,10,87.94,97.61,89.20,34.69,14.13,57.16,0
330,11,88.52,97.26,93.16,34.87,14.07,57.50,0
330,12,89.90,97.22,88.27,34.78,14.51,57.35,0
330,13,88.00,96.88,92.53,33.29,13.94,58.54,0
330,14,89.34,97.23,89.75,35.02,14.49,57.24,0
330,15,88.11,97.46,87.80,33.62,13.61,60.45,0
330,16,90.18,97.41,89.47,33.92,14.22,60.36,0
330,17,88.26,97.65,93.24,34.57,14.46,57.20,0
330,18,90.01,97.02,89.08,33.87,14.66,56.95,0
330,19,88.77,96.92,91.57,34.61,13.65,57.19,0
331,0,78.57,98.14,91.59,35.27,14.18,45.83,0
331,1,80.46,98.19,96.39,36.84,14.45,44.63,0
331,2,80.79,98.39,92.65,35.81,14.73,46.27,0
331,3,81.12,98.48,91.20,37.15,14.02,43.99,0
331,4,77.68,98.30,92.51,36.64,14.21,43.49,0
331,5,79.49,98.21,92.10,36.45,14.33,45.59,0
331,6,79.28,98.01,97.03,36.35,14.05,45.07,0
331,7,78.60,98.08,91.76,35.69,14.21,44.34,0
331,8,78.68,97.97,96.74,36.92,14.65,42.55,0
331,9,77.18,98.31,92.17,36.89,15.08,45.18,0
331,10,78.92,98.04,91.35,36.65,14.28,46.52,0
331,11,77.76,98.13,91.96,36.28,14.90,44.47,0
331,12,79.86,98.21,93.86,36.00,14.67,45.73,0
331,13,76.86,98.56,91.56,36.76,14.27,42.95,0
331,14,76.84,98.43,94.66,35.52,14.54,45.64,0
331,15,77.86,98.41,91.05,35.86,15.07,46.04,0
331,16,77.82,98.40,95.70,35.49,14.95,46.12,0
331,17,76.70,98.61,91.90,36.25,15.00,43.22,0
331,18,77.75,98.47,95.86,36.17,14.64,42.87,0
331,19,78.09,98.57,96.10,35.38,14.48,44.87,0
332,0,88.12,98.30,80.66,34.68,11.95,53.62,0
332,1,86.56,98.00,79.18,33.50,11.92,56.14,0
332,2,89.96,98.20,80.46,34.28,11.98,53.27,0
332,3,87.26,97.79,81.56,32.93,12.11,54.70,0
332,4,87.83,97.99,81.70,33.95,11.06,55.51,0
332,5,90.63,97.82,77.42,33.22,11.81,55.32,0
332,6,90.28,98.47,79.78,33.67,11.05,56.92,0
332,7,87.76,98.14,77.44,34.15,11.90,55.14,0
332,8,94.42,97.74,73.74,34.72,11.01,50.60,0
332,9,97.17,97.99,70.35,33.80,11.86,50.81,0
332,10,96.77,98.02,63.05,32.82,11.51,50.52,1
332,11,95.91,98.15,70.55,33.26,12.07,52.52,0
332,12,93.22,98.19,69.01,34.77,11.97,51.59,0
332,13,85.96,98.09,78.17,33.68,11.12,57.07,0
332,14,89.04,98.42,75.29,33.01,11.58,54.31,0
332,15,88.31,97.93,75.93,33.21,11.29,55.64,0
332,16,88.06,97.85,75.29,34.13,11.16,53.84,0
332,17,87.96,97.85,75.73,34.47,11.65,54.67,0
332,18,86.21,98.25,78.36,33.72,11.44,53.97,0
332,19,89.49,98.26,77.12,33.46,11.10,55.19,0
333,0,77.69,97.07,90.75,35.90,13.71,53.09,0
333,1,79.00,97.05,91.02,36.95,14.05,55.42,0
333,2,77.70,97.06,93.19,35.28,13.93,55.06,0
333,3,78.60,97.51,89.00,35.97,13.62,53.39,0
333,4,78.85,96.85,92.53,35.59,13.88,52.51,0
333,5,81.31,97.32,92.35,35.63,13.43,52.15,0
333,6,80.15,97.04,94.56,35.60,14.10,55.53,0
333,7,79.01,97.43,91.18,36.18,13.03,52.74,0
333,8,80.10,97.04,90.22,36.99,13.31,54.76,0
333,9,79.36,97.39,93.29,35.38,13.08,54.13,0
333,10,79.37,96.95,91.61,35.82,12.97,52.95,0
333,11,77.58,97.43,93.62,36.65,13.50,53.92,0
333,12,79.50,96.78,93.47,35.50,13.01,54.94,0
333,13,79.84,97.38,87.75,36.04,13.60,53.75,0
333,14,79.41,97.54,89.82,36.97,13.76,54.53,0
333,15,76.87,97.17,88.89,36.04,13.66,54.97,0
333,16,77.31,96.79,92.45,35.55,13.27,52.99,0
333,17,77.19,97.52,93.09,36.82,13.13,53.13,0
333,18,79.42,97.08,92.38,35.41,13.22,53.39,0
333,19,78.77,96.92,92.39,35.54,13.59,52.23,0
334,0,77.14,97.29,84.14,37.30,16.24,47.55,0
334,1,78.85,97.34,87.79,35.99,15.73,46.06,0
334,2,80.18,97.60,83.94,35.92,15.36,47.47,0
334,3,76.59,97.17,88.76,37.45,15.50,44.08,0
334,4,76.77,97.34,88.06,36.26,16.12,44.25,0
334,5,79.75,97.23,89.07,36.72,15.98,47.27,0
334,6,78.08,97.31,87.71,35.95,15.64,47.25,0
334,7,78.77,97.68,83.83,36.82,15.69,44.77,0
334,8,78.67,97.03,88.28,36.49,15.68,46.60,0
334,9,76.94,97.21,83.03,35.97,16.08,45.94,0
334,10,75.94,97.18,86.03,37.02,15.60,44.84,0
334,11,77.53,97.21,82.47,36.15,16.04,47.17,0
334,12,75.60,97.57,86.71,35.70,15.51,45.80,0
334,13,78.56,97.23,87.65,36.67,15.96,47.15,0
334,14,75.57,97.16,86.73,36.09,15.48,45.75,0
334,15,77.95,97.04,85.44,35.99,15.24,44.78,0
334,16,75.87,97.59,84.66,37.30,15.21,44.76,0
334,17,75.79,97.17,83.77,35.69,15.52,46.98,0
334,18,78.89,97.05,88.07,36.71,15.49,45.96,0
334,19,77.79,97.31,85.80,37.12,15.79,44.74,0
335,0,76.38,99.09,91.23,37.48,14.21,47.27,0
335,1,77.14,98.77,92.60,36.59,14.11,45.34,0
335,2,73.65,99.29,88.64,36.58,13.80,45.23,0
335,3,74.14,99.20,89.04,37.16,14.37,45.95,0
335,4,75.22,98.75,90.07,36.73,14.64,44.13,0
335,5,75.79,99.14,91.94,37.52,14.21,43.80,0
335,6,74.65,98.76,90.73,36.92,14.03,44.34,0
335,7,76.39,99.38,88.58,36.30,14.25,44.53,0
335,8,74.44,99.18,92.59,35.94,14.13,47.04,0
335,9,73.25,98.65,93.34,37.55,14.23,44.77,0
335,10,75.60,98.92,89.38,36.83,14.72,46.48,0
335,11,76.19,98.66,89.15,37.60,13.84,47.35,0
335,12,72.63,98.96,89.18,37.40,13.62,46.13,0
335,13,74.55,98.60,90.52,37.62,13.88,44.00,0
335,14,73.86,98.85,87.98,36.98,14.64,45.26,0
335,15,72.89,98.79,90.68,35.73,14.70,47.29,0
335,16,76.01,98.66,86.98,36.21,14.07,45.35,0
335,17,76.38,98.81,90.12,37.18,13.66,43.43,0
335,18,74.97,98.70,87.42,36.13,14.01,45.53,0
335,19,75.99,99.14,88.40,35.96,13.77,45.94,0
336,0,72.86,97.36,94.42,38.88,16.45,49.72,0
336,1,74.21,97.42,93.08,37.00,15.30,49.62,0
336,2,75.87,97.14,93.70,37.19,16.22,48.85,0
336,3,77.16,97.65,93.40,37.57,15.62,50.39,0
336,4,76.60,97.68,95.08,38.37,15.56,48.28,0
336,5,74.05,97.32,96.02,37.79,15.41,49.04,0
336,6,74.20,97.09,93.12,38.08,15.43,50.83,0
336,7,75.88,97.48,93.48,37.95,15.96,48.62,0
336,8,74.76,97.02,94.90,37.72,16.38,47.43,0
336,9,73.93,97.50,93.64,38.01,15.56,47.21,0
336,10,73.93,97.40,94.13,38.53,16.41,49.16,0
336,11,72.98,97.12,92.57,38.28,16.46,49.39,0
336,12,73.88,97.23,96.06,37.23,16.13,49.45,0
336,13,74.95,97.14,93.51,38.86,15.69,47.52,0
336,14,75.69,97.52,94.61,37.76,15.52,48.61,0
336,15,73.15,97.45,97.01,38.92,15.60,49.20,0
336,16,74.56,97.61,95.80,38.12,15.74,48.39,0
336,17,73.40,97.53,92.37,38.55,16.47,49.26,0
336,18,74.00,97.03,97.82,38.18,16.28,50.94,0
336,19,75.65,97.23,93.55,37.40,16.36,47.86,0
337,0,85.62,96.71,91.15,35.52,12.53,56.59,0
337,1,84.70,97.33,90.21,35.82,12.20,53.06,0
337,2,84.87,97.23,96.29,34.54,11.57,54.67,0
337,3,87.21,97.28,96.32,35.02,12.56,54.29,0
337,4,86.15,97.39,93.72,35.62,12.25,54.34,0
337,5,86.80,96.89,95.34,34.73,12.14,54.95,0
337,6,85.22,97.08,91.27,35.89,12.30,53.52,0
337,7,87.26,97.16,94.21,34.87,12.40,54.95,0
337,8,84.32,97.17,95.85,35.08,12.37,55.20,0
337,9,86.82,96.73,91.05,36.21,11.70,56.82,0
337,10,85.30,97.06,91.01,35.78,11.69,54.21,0
337,11,84.46,97.40,90.52,35.43,12.58,55.19,0
337,12,84.54,97.37,89.90,36.09,12.21,54.08,0
337,13,85.95,96.75,90.08,34.48,12.19,56.98,0
337,14,84.72,96.79,92.43,34.89,12.03,54.80,0
337,15,84.39,96.83,91.22,34.74,11.90,53.73,0
337,16,86.93,97.44,91.97,35.08,12.67,56.33,0
337,17,84.71,97.04,93.83,35.20,11.51,56.40,0
337,18,85.47,97.32,92.66,36.25,11.72,53.28,0
337,19,87.14,96.92,95.46,34.87,11.82,53.06,0
338,0,90.42,98.02,95.21,35.08,14.26,47.01,0
338,1,91.57,97.68,91.89,34.66,13.64,44.80,0
338,2,90.37,97.69,94.43,34.81,14.25,47.55,0
338,3,92.10,97.60,92.04,33.96,13.53,44.79,0
338,4,93.38,98.14,93.11,34.40,13.52,45.14,0
338,5,92.97,97.81,90.73,33.62,14.59,44.93,0
338,6,92.63,98.31,95.67,33.44,14.54,47.51,0
338,7,92.29,98.07,95.15,35.16,13.86,47.22,0
338,8,90.32,97.73,95.24,34.80,14.50,46.41,0
338,9,93.59,98.18,93.03,34.58,13.81,47.42,0
338,10,91.14,98.18,90.26,35.20,13.69,47.01,0
338,11,90.29,98.21,90.75,34.08,13.86,46.55,0
338,12,89.50,97.79,90.12,33.93,14.61,45.32,0
338,13,90.84,98.14,91.42,34.40,14.21,47.02,0
338,14,90.94,98.20,91.71,34.01,13.88,44.31,0
338,15,92.06,98.24,92.92,35.17,14.42,44.13,0
338,16,92.43,97.95,91.85,33.25,14.44,45.76,0
338,17,91.83,98.04,94.62,33.58,14.40,45.94,0
338,18,91.54,98.01,94.51,33.55,13.82,45.94,0
338,19,91.86,98.18,90.82,33.86,14.15,45.24,0
339,0,86.11,98.01,78.03,37.27,12.70,43.91,0
339,1,87.70,98.34,83.28,38.13,13.35,43.89,0
339,2,87.42,97.63,83.59,38.00,13.08,41.41,0
339,3,88.76,98.05,78.96,37.14,13.36,43.87,0
339,4,88.49,98.34,78.91,37.54,13.32,44.28,0
339,5,88.52,98.31,80.92,36.50,12.95,40.36,0
339,6,88.03,98.38,80.59,36.68,13.18,42.67,0
339,7,88.60,98.21,79.25,37.00,12.46,41.54,0
339,8,87.71,98.30,82.23,37.84,12.31,43.83,0
339,9,89.41,98.06,80.72,36.56,12.26,42.33,0
339,10,88.81,98.17,83.18,38.02,12.77,40.66,0
339,11,87.21,97.68,79.43,38.00,12.82,43.38,0
339,12,88.70,97.84,81.26,37.25,13.29,41.16,0
339,13,87.82,97.63,80.86,37.76,12.53,40.58,0
339,14,86.04,98.10,81.30,37.28,12.52,40.55,0
339,15,87.00,97.73,82.14,37.94,12.73,40.78,0
339,16,87.61,98.09,78.42,36.38,13.33,40.82,0
339,17,89.00,97.96,79.05,38.09,13.32,43.51,0
339,18,86.17,97.86,81.15,36.78,12.78,40.37,0
339,19,89.11,98.38,79.97,37.97,12.97,43.75,0
340,0,91.55,98.92,85.28,36.42,11.98,61.04,0
340,1,90.19,98.31,85.21,36.34,12.62,60.17,0
340,2,89.29,98.78,87.91,35.39,12.77,58.90,0
340,3,89.02,98.77,87.60,34.72,12.18,60.08,0
340,4,91.22,99.00,84.81,36.16,11.71,58.51,0
340,5,90.75,98.27,88.24,34.77,12.79,61.09,0
340,6,90.48,98.56,84.39,35.29,12.73,60.99,0
340,7,89.22,98.32,85.62,34.92,12.06,58.01,0
340,8,89.37,98.62,87.11,36.40,11.91,60.07,0
340,9,91.62,98.97,83.94,36.38,11.88,58.67,0
340,10,89.62,98.87,81.49,35.06,11.97,60.47,0
340,11,90.23,98.39,85.37,34.59,12.67,59.48,0
340,12,87.27,98.90,85.39,36.47,12.59,58.72,0
340,13,87.40,98.66,84.33,35.00,12.15,59.65,0
340,14,88.63,98.77,85.56,35.11,11.77,57.53,0
340,15,89.19,98.74,81.96,36.55,12.60,57.83,0
340,16,90.67,98.25,85.81,36.11,12.12,57.98,0
340,17,89.11,98.51,84.74,35.17,12.63,58.93,0
340,18,91.27,98.26,81.94,34.58,12.54,60.00,0
340,19,90.75,98.50,83.69,35.38,12.56,59.76,0
341,0,69.50,98.32,83.63,35.09,12.28,43.01,0
341,1,70.18,98.17,88.09,33.70,12.81,42.17,0
341,2,73.26,98.15,85.77,33.69,12.78,43.88,0
341,3,73.59,98.25,85.44,34.48,12.57,43.63,0
341,4,71.16,98.00,88.81,35.36,11.75,45.02,0
341,5,73.94,98.14,89.88,35.02,12.11,43.08,0
341,6,74.20,98.09,86.90,34.30,12.30,43.06,0
341,7,72.46,98.04,86.51,34.75,12.58,44.10,0
341,8,70.60,98.62,87.75,35.17,12.08,45.02,0
341,9,79.05,98.26,82.31,34.49,12.30,40.04,0
341,10,79.75,97.99,75.04,35.20,11.84,40.13,0
341,11,79.97,97.89,74.82,35.32,11.74,39.29,1
341,12,77.41,98.21,78.41,35.16,12.69,39.83,0
341,13,75.19,98.33,79.00,33.73,12.51,39.15,0
341,14,69.55,97.91,88.48,33.61,12.70,45.20,0
341,15,71.10,98.25,87.00,33.64,12.58,43.18,0
341,16,69.20,98.44,83.08,35.01,12.11,44.58,0
341,17,71.75,98.07,88.16,35.41,12.46,45.30,0
341,18,73.04,97.87,86.89,33.92,12.08,45.50,0
341,19,73.50,98.24,86.05,33.75,12.38,42.04,0
342,0,71.64,97.40,79.00,35.42,13.28,61.49,0
342,1,73.07,97.02,79.88,34.81,13.66,60.55,0
342,2,72.91,97.17,76.56,34.17,14.14,60.60,0
342,3,73.61,96.96,80.95,34.09,13.47,63.31,0
342,4,76.03,96.96,82.19,34.10,13.39,61.84,0
342,5,74.76,97.64,78.14,35.92,13.87,60.53,0
342,6,73.85,97.11,79.29,35.31,13.14,62.60,0
342,7,73.50,96.91,82.11,35.61,13.56,62.42,0
342,8,74.39,96.91,77.82,35.40,14.21,61.44,0
342,9,72.49,97.66,77.96,34.99,14.03,59.64,0
342,10,73.70,97.09,81.27,33.93,14.05,61.51,0
342,11,71.22,97.08,79.73,35.41,13.92,61.77,0
342,12,74.26,97.43,75.61,35.77,13.93,60.50,0
342,13,70.85,96.97,79.36,34.25,13.61,60.27,0
342,14,72.05,97.60,75.13,35.38,13.99,62.11,0
342,15,74.50,97.60,78.10,34.69,13.18,62.51,0
342,16,74.31,97.18,76.65,34.74,14.03,59.94,0
342,17,71.17,97.61,77.46,35.25,14.14,60.39,0
342,18,73.04,97.13,77.24,34.02,13.67,62.06,0
342,19,72.91,97.24,80.90,35.32,13.86,63.01,0
343,0,77.04,98.07,77.06,36.73,14.62,42.27,0
343,1,77.93,97.85,79.06,36.87,14.84,45.62,0
343,2,78.40,97.60,80.45,37.19,14.74,43.76,0
343,3,79.46,97.91,81.06,36.69,14.97,45.90,0
343,4,76.65,98.17,78.17,38.42,14.77,44.67,0
343,5,76.04,97.69,79.45,37.77,14.69,44.65,0
343,6,76.60,97.81,81.71,38.65,15.23,43.46,0
343,7,78.91,97.86,77.83,38.28,15.35,45.63,0
343,8,78.58,97.63,76.10,37.86,15.24,43.67,0
343,9,76.35,97.96,81.39,37.29,15.23,44.53,0
343,10,77.85,98.19,80.44,38.48,14.30,43.64,0
343,11,76.11,97.70,78.78,36.88,14.31,42.73,0
343,12,76.50,98.32,78.15,37.62,14.47,43.25,0
343,13,76.98,97.89,79.34,37.53,14.34,43.72,0
343,14,76.71,97.93,76.29,36.94,14.55,45.80,0
343,15,77.03,98.29,77.25,37.28,14.54,42.45,0
343,16,76.41,98.30,76.39,38.48,14.77,45.31,0
343,17,75.70,98.12,80.85,38.43,14.34,45.82,0
343,18,78.27,98.23,76.72,38.02,15.01,43.96,0
343,19,78.51,97.81,79.38,37.56,14.59,44.64,0
344,0,89.57,98.36,89.74,33.87,13.83,46.68,0
344,1,90.91,98.76,85.09,34.11,14.32,46.57,0
344,2,88.80,98.26,86.03,34.18,14.62,47.68,0
344,3,88.49,98.76,87.30,35.21,14.33,43.87,0
344,4,90.07,98.49,89.34,33.73,14.94,45.99,0
344,5,88.68,98.61,85.49,35.06,14.15,45.26,0
344,6,90.93,98.73,88.43,35.07,14.47,47.20,0
344,7,88.00,98.16,84.46,34.43,14.18,46.82,0
344,8,97.02,98.30,78.23,34.12,15.00,43.81,0
344,9,97.94,98.51,73.98,35.14,14.69,41.32,0
344,10,100.60,98.52,69.74,34.44,14.06,41.34,1
344,11,96.82,98.32,73.66,35.04,14.61,42.72,0
344,12,93.72,98.22,79.61,34.43,14.86,41.66,0
344,13,86.32,98.77,84.92,33.27,14.20,45.96,0
344,14,88.40,98.61,87.66,33.98,14.05,46.27,0
344,15,87.70,98.67,84.11,33.73,14.98,47.28,0
344,16,89.74,98.39,89.07,33.95,13.85,47.31,0
344,17,89.44,98.00,87.59,33.75,13.94,46.56,0
344,18,88.23,98.08,88.18,34.78,14.93,46.79,0
344,19,87.37,98.73,85.80,34.14,13.87,45.49,0
345,0,72.30,97.26,86.27,36.72,14.81,52.33,0
345,1,74.86,97.77,85.94,35.80,14.74,54.75,0
345,2,73.62,97.55,84.09,35.25,14.46,54.82,0
345,3,75.01,97.75,86.36,35.55,14.42,53.60,0
345,4,74.32,97.38,87.25,36.19,15.38,54.11,0
345,5,74.05,97.40,89.31,36.61,14.39,52.98,0
345,6,76.11,97.30,86.24,36.29,14.68,54.67,0
345,7,75.23,97.52,83.80,36.44,15.27,54.47,0
345,8,75.57,97.15,84.24,36.31,15.48,55.00,0
345,9,72.69,97.75,84.77,37.13,14.78,55.09,0
345,10,74.61,97.16,83.49,36.68,15.51,54.75,0
345,11,75.42,97.49,86.57,36.54,14.54,54.30,0
345,12,73.28,97.06,86.37,36.39,14.94,53.06,0
345,13,73.45,97.65,86.53,36.76,15.16,54.12,0
345,14,73.47,97.64,85.55,37.17,15.00,51.81,0
345,15,71.86,97.74,82.43,36.13,15.35,51.77,0
345,16,74.34,97.77,86.50,35.53,15.12,52.04,0
345,17,72.10,97.14,82.78,35.98,14.42,54.91,0
345,18,72.88,97.47,85.49,36.86,14.82,53.64,0
345,19,73.03,97.76,86.22,35.99,14.53,52.12,0
346,0,89.86,96.87,88.44,36.64,11.60,57.79,0
346,1,91.62,96.81,88.60,36.21,11.58,57.46,0
346,2,91.04,97.27,89.60,36.36,12.12,57.51,0
346,3,91.81,97.10,88.52,35.37,12.03,57.15,0
346,4,92.01,97.33,88.87,36.64,11.73,55.23,0
346,5,93.09,97.22,90.59,36.26,10.98,57.41,0
346,6,93.50,97.28,91.24,35.08,12.14,56.47,0
346,7,93.31,96.94,91.69,36.38,12.09,56.63,0
346,8,92.87,96.93,86.05,36.61,11.12,57.74,0
346,9,91.10,97.36,87.28,36.82,11.50,57.75,0
346,10,90.79,97.15,88.01,35.75,12.13,58.23,0
346,11,93.07,97.14,88.98,36.91,12.07,55.71,0
346,12,92.44,96.93,87.75,36.96,11.49,57.11,0
346,13,91.55,97.23,89.60,36.96,11.12,56.17,0
346,14,89.18,97.35,87.50,34.98,11.34,55.53,0
346,15,90.40,97.36,86.17,35.21,11.85,56.42,0
346,16,92.91,96.98,86.59,35.17,11.87,56.30,0
346,17,92.46,97.27,86.99,36.62,12.14,58.14,0
346,18,90.49,96.95,87.34,36.41,11.29,57.88,0
346,19,93.44,96.94,87.90,35.22,11.34,55.40,0
347,0,91.30,97.49,85.19,35.76,10.11,60.49,0
347,1,90.89,97.78,87.61,36.08,10.51,63.41,0
347,2,89.91,97.71,89.05,37.20,10.02,62.70,0
347,3,91.69,97.49,88.25,36.09,10.54,63.39,0
347,4,92.59,97.08,86.39,37.13,11.01,60.08,0
347,5,90.51,97.14,87.02,37.38,10.35,60.66,0
347,6,89.80,97.27,87.11,36.58,10.90,62.96,0
347,7,90.90,97.14,85.27,35.92,10.11,60.81,0
347,8,91.73,97.19,86.28,37.00,11.18,61.62,0
347,9,90.52,97.46,85.33,35.87,10.25,59.66,0
347,10,88.76,97.71,84.87,36.25,11.07,60.68,0
347,11,91.02,97.36,87.43,36.36,10.73,62.38,0
347,12,90.00,97.20,88.86,36.88,10.89,60.78,0
347,13,91.68,97.62,89.54,37.30,10.01,62.09,0
347,14,91.49,97.57,84.63,37.10,10.44,62.58,0
347,15,88.58,97.10,84.29,36.14,10.41,63.15,0
347,16,91.13,97.20,85.30,37.06,10.46,62.25,0
347,17,91.29,97.36,87.56,36.62,10.16,62.58,0
347,18,91.25,97.76,88.98,37.18,10.13,61.40,0
347,19,89.00,97.29,89.56,36.46,10.40,60.38,0
348,0,71.78,98.77,82.07,36.47,13.59,47.25,0
348,1,69.97,98.26,83.65,36.58,13.57,48.00,0
348,2,70.96,98.35,83.69,36.30,13.48,47.92,0
348,3,72.85,98.54,78.74,35.42,13.59,47.79,0
348,4,72.57,98.86,81.22,36.05,14.27,46.37,0
348,5,70.24,98.08,82.99,36.99,14.58,49.58,0
348,6,69.56,98.23,81.91,36.96,13.65,49.62,0
348,7,70.20,98.23,79.72,37.03,14.31,49.46,0
348,8,75.02,98.51,76.03,36.65,14.18,43.46,0
348,9,77.30,98.72,72.02,36.02,14.31,42.66,0
348,10,81.42,98.85,66.52,37.17,13.87,41.47,1
348,11,78.76,98.63,69.36,35.50,13.89,45.42,0
348,12,77.15,98.18,73.25,35.77,14.33,46.79,0
348,13,68.24,98.08,78.19,36.64,13.80,46.68,0
348,14,69.09,98.56,78.98,36.72,14.20,46.65,0
348,15,68.17,98.69,79.51,36.29,13.47,46.86,0
348,16,69.15,98.39,81.77,35.70,13.63,46.20,0
348,17,69.78,98.87,77.93,37.07,14.42,47.98,0
348,18,70.96,98.86,77.57,36.97,13.68,48.92,0
348,19,72.04,98.19,81.52,36.11,14.10,49.07,0
349,0,91.40,96.81,81.07,39.42,13.46,47.70,0
349,1,94.07,97.40,81.40,38.07,13.41,51.27,0
349,2,92.46,97.35,85.80,39.68,13.83,47.64,0
349,3,91.90,97.17,85.08,38.84,14.10,49.40,0
349,4,94.58,97.39,81.09,38.63,13.23,51.20,0
349,5,91.62,96.75,83.96,38.69,13.59,48.77,0
349,6,92.64,96.81,84.84,39.12,13.32,50.75,0
349,7,93.26,97.48,82.61,38.47,13.09,51.15,0
349,8,93.52,97.52,82.64,38.00,13.80,47.44,0
349,9,92.48,97.35,81.36,39.05,14.12,49.31,0
349,10,89.88,97.11,83.86,38.17,14.21,48.40,0
349,11,91.30,96.72,81.45,38.77,13.65,49.45,0
349,12,90.84,97.20,81.28,39.48,14.11,51.02,0
349,13,89.84,97.17,83.94,37.92,13.85,47.92,0
349,14,91.42,96.77,81.48,38.72,14.12,49.97,0
349,15,89.72,97.36,80.34,38.10,13.88,50.24,0
349,16,89.97,97.07,85.03,37.87,14.19,47.45,0
349,17,91.99,96.92,82.33,39.42,13.98,47.39,0
349,18,92.50,97.28,84.97,38.30,13.67,48.62,0
349,19,92.77,97.44,84.83,38.77,13.85,50.95,0
350,0,88.93,97.54,92.01,35.91,14.14,50.36,0
350,1,88.80,97.30,93.26,35.43,14.09,49.19,0
350,2,91.56,97.03,91.17,36.10,13.83,49.63,0
350,3,92.25,97.04,94.34,35.48,14.54,50.18,0
350,4,91.55,97.42,89.52,34.90,13.63,50.27,0
350,5,92.90,97.49,93.93,35.53,14.33,46.98,0
350,6,89.35,97.59,91.75,35.15,14.14,49.38,0
350,7,92.54,97.14,91.43,36.20,14.76,49.06,0
350,8,90.56,96.89,94.20,36.24,14.29,48.19,0
350,9,90.16,97.33,89.22,35.84,13.72,49.26,0
350,10,91.69,97.48,91.74,36.13,14.23,48.78,0
350,11,91.34,96.94,91.96,34.99,14.48,47.41,0
350,12,88.99,97.19,92.76,34.79,14.30,48.02,0
350,13,89.51,97.41,92.42,35.31,14.48,50.27,0
350,14,87.55,96.86,89.19,35.21,13.71,50.39,0
350,15,91.46,97.12,92.84,35.97,14.14,48.97,0
350,16,88.11,96.88,93.05,36.15,13.60,49.78,0
350,17,91.67,96.98,90.08,35.84,14.27,46.93,0
350,18,90.36,97.03,88.52,35.95,13.83,47.94,0
350,19,91.84,97.18,89.03,35.75,14.57,48.39,0
351,0,69.50,98.18,80.91,35.06,12.05,54.05,0
351,1,72.64,98.79,83.68,35.11,12.16,52.78,0
351,2,71.90,98.14,85.93,35.70,12.55,52.42,0
351,3,70.84,98.42,86.57,36.03,12.08,53.36,0
351,4,71.25,98.34,84.77,35.08,12.37,52.53,0
351,5,73.91,98.02,83.52,36.03,11.56,52.90,0
351,6,71.03,98.45,82.96,35.16,12.20,55.05,0
351,7,69.97,98.46,81.69,35.03,12.62,51.95,0
351,8,72.52,98.19,85.80,34.14,11.65,54.76,0
351,9,78.29,98.03,79.05,35.20,11.75,48.71,0
351,10,77.58,98.19,71.92,34.45,12.19,49.67,0
351,11,82.91,98.41,66.82,34.93,12.18,47.84,1
351,12,80.68,98.52,75.53,36.01,12.65,51.19,0
351,13,76.22,98.63,76.67,34.93,12.46,50.49,0
351,14,70.45,98.71,85.08,35.10,11.82,51.60,0
351,15,71.19,98.53,81.82,34.46,12.03,52.97,0
351,16,71.37,98.64,85.83,35.11,12.08,53.24,0
351,17,69.02,98.20,84.05,34.96,11.55,53.49,0
351,18,72.79,98.57,80.72,35.62,11.69,53.28,0
351,19,71.83,98.52,83.11,35.51,12.35,54.32,0
352,0,81.09,97.19,79.51,37.44,15.26,44.19,0
352,1,81.73,97.27,76.63,37.62,15.72,43.80,0
352,2,78.54,97.70,78.96,38.03,15.73,44.30,0
352,3,82.12,97.43,82.16,38.00,16.02,44.24,0
352,4,82.49,97.10,78.60,38.49,15.10,41.24,0
352,5,82.65,97.41,81.30,37.67,15.40,41.69,0
352,6,80.20,97.36,82.18,38.45,15.42,41.08,0
352,7,80.92,97.24,81.83,38.53,15.90,43.94,0
352,8,79.62,97.72,80.51,36.95,16.17,42.22,0
352,9,78.71,97.18,78.51,37.94,15.52,40.83,0
352,10,80.65,97.06,77.44,38.39,15.58,40.85,0
352,11,78.22,97.51,78.97,36.86,15.34,41.11,0
352,12,77.88,97.07,76.60,38.18,15.06,42.70,0
352,13,77.82,97.09,77.59,37.52,15.68,41.23,0
352,14,79.50,97.75,78.52,37.28,15.39,40.91,0
352,15,81.15,97.68,81.43,38.29,15.19,41.58,0
352,16,81.19,97.68,80.29,38.21,15.90,40.98,0
352,17,79.06,97.27,79.29,37.71,16.19,44.01,0
352,18,79.03,97.41,76.87,38.34,15.56,41.75,0
352,19,81.14,97.31,79.14,36.81,15.31,42.65,0
353,0,89.50,97.87,87.74,33.84,12.45,47.19,0
353,1,90.00,97.42,84.03,34.34,12.48,46.50,0
353,2,88.97,97.89,86.71,34.23,13.17,47.96,0
353,3,89.51,97.44,87.15,34.32,13.12,47.29,0
353,4,92.60,97.60,84.65,32.56,13.13,47.48,0
353,5,92.81,97.33,84.15,32.89,12.88,44.02,0
353,6,90.58,97.73,88.75,34.30,12.17,44.02,0
353,7,90.93,97.43,84.45,33.11,12.30,46.58,0
353,8,88.45,97.94,85.62,33.13,13.19,44.38,0
353,9,90.37,97.47,83.33,32.41,13.11,46.70,0
353,10,90.26,97.42,85.63,32.99,13.36,44.17,0
353,11,89.67,97.84,84.17,33.54,12.74,44.47,0
353,12,87.82,97.34,84.13,33.62,12.64,45.81,0
353,13,89.77,97.62,84.54,33.48,12.27,47.30,0
353,14,88.98,97.65,83.96,32.41,13.01,44.80,0
353,15,90.92,97.50,87.41,32.80,12.61,46.68,0
353,16,89.32,97.37,84.06,32.68,13.20,45.02,0
353,17,88.88,97.50,85.15,32.99,12.51,46.48,0
353,18,90.80,97.90,88.32,33.64,12.65,44.83,0
353,19,89.02,97.19,84.12,33.75,13.22,45.50,0
354,0,82.32,97.58,81.39,36.32,9.84,44.41,0
354,1,80.91,97.46,78.69,36.49,10.47,45.30,0
354,2,79.79,97.15,82.22,36.58,10.61,44.85,0
354,3,80.57,96.92,82.29,37.99,10.08,45.70,0
354,4,82.74,97.20,83.92,36.96,10.12,44.43,0
354,5,80.44,97.50,80.85,36.26,10.16,47.04,0
354,6,79.82,97.52,83.17,37.09,10.80,45.97,0
354,7,79.60,97.54,81.42,36.76,10.58,44.19,0
354,8,83.02,97.07,79.92,37.82,10.15,44.02,0
354,9,80.85,97.62,80.58,36.52,10.10,46.96,0
354,10,79.22,97.69,79.23,36.16,9.70,47.59,0
354,11,81.92,96.90,82.46,37.96,9.91,47.94,0
354,12,79.67,97.49,77.29,36.46,10.78,46.07,0
354,13,81.45,97.24,80.40,37.86,10.28,44.58,0
354,14,80.99,97.14,78.68,36.91,10.43,45.97,0
354,15,79.02,97.56,79.16,36.24,10.14,47.73,0
354,16,78.79,97.69,81.45,37.39,10.25,46.94,0
354,17,78.87,96.89,77.00,36.78,10.31,46.56,0
354,18,82.26,97.11,83.01,38.02,10.15,47.66,0
354,19,79.29,97.08,80.36,36.41,10.06,46.77,0
355,0,78.83,97.65,84.29,36.39,12.72,54.18,0
355,1,78.70,98.12,88.98,37.84,12.21,51.78,0
355,2,79.75,97.99,88.13,37.32,12.04,53.32,0
355,3,79.45,97.71,87.11,38.26,11.79,53.03,0
355,4,82.43,97.90,84.70,36.55,11.65,52.71,0
355,5,81.42,97.59,88.09,37.91,11.92,52.38,0
355,6,81.57,97.54,84.44,36.81,11.88,55.14,0
355,7,79.24,97.72,89.94,36.40,12.74,54.90,0
355,8,81.48,98.10,83.88,38.09,12.16,54.98,0
355,9,78.09,97.58,84.77,37.70,11.70,52.26,0
355,10,80.18,97.39,88.71,37.33,11.68,52.09,0
355,11,79.28,97.81,86.18,37.14,12.50,51.78,0
355,12,79.01,98.15,84.06,37.36,12.53,54.03,0
355,13,78.80,98.09,87.02,36.64,11.96,51.68,0
355,14,78.33,98.01,87.54,37.73,12.52,55.15,0
355,15,77.27,97.41,83.48,37.89,12.35,51.98,0
355,16,77.34,97.92,85.10,37.86,12.30,52.78,0
355,17,78.81,97.69,84.02,38.07,12.13,53.12,0
355,18,80.41,97.77,86.26,37.32,11.92,51.89,0
355,19,79.89,97.73,87.92,37.90,11.83,52.23,0
356,0,87.35,98.50,86.34,35.08,13.55,60.94,0
356,1,87.60,98.48,88.49,35.73,14.53,63.44,0
356,2,87.00,98.51,88.79,34.13,13.77,61.58,0
356,3,87.58,98.85,92.73,34.69,13.66,61.48,0
356,4,86.49,98.62,87.83,34.93,14.46,62.08,0
356,5,88.78,98.25,89.97,35.93,14.41,60.12,0
356,6,88.18,98.23,89.61,34.56,14.20,63.03,0
356,7,85.98,98.73,91.97,35.89,14.35,63.21,0
356,8,85.18,98.81,89.87,34.33,14.44,63.24,0
356,9,84.83,98.51,87.59,35.32,13.75,61.92,0
356,10,85.15,98.41,89.14,35.66,14.65,63.01,0
356,11,85.98,98.64,89.36,34.65,13.86,60.56,0
356,12,84.11,98.47,86.78,34.45,13.61,61.70,0
356,13,86.20,98.50,90.15,34.69,13.93,59.99,0
356,14,84.00,98.78,86.90,35.38,14.56,61.33,0
356,15,87.43,98.27,90.27,35.95,13.56,61.10,0
356,16,85.23,98.53,89.62,34.24,14.03,60.47,0
356,17,85.30,98.81,88.33,34.84,13.59,61.62,0
356,18,87.15,98.87,87.58,35.59,13.53,63.15,0
356,19,87.75,98.90,91.50,35.05,14.37,60.77,0
357,0,85.79,98.11,84.33,36.08,11.60,51.02,0
357,1,87.70,98.63,83.05,34.38,11.49,50.29,0
357,2,88.60,98.40,84.35,36.26,10.83,48.29,0
357,3,86.66,97.94,85.57,34.66,11.00,49.63,0
357,4,89.53,98.43,82.49,35.34,11.56,49.94,0
357,5,86.46,98.20,81.21,36.27,10.77,48.63,0
357,6,89.36,98.67,83.33,36.20,11.40,51.57,0
357,7,86.57,98.58,81.36,36.03,10.85,50.33,0
357,8,88.87,98.56,83.02,34.51,11.06,48.52,0
357,9,87.26,98.64,79.62,35.16,10.81,47.91,0
357,10,86.76,97.90,80.44,34.50,11.91,48.75,0
357,11,86.65,98.46,82.46,35.51,10.95,48.17,0
357,12,86.98,98.06,81.61,34.38,10.78,49.23,0
357,13,85.40,98.69,81.98,35.94,11.64,51.16,0
357,14,88.40,98.68,79.08,34.41,11.40,48.10,0
357,15,85.22,98.21,83.97,35.45,11.43,49.94,0
357,16,87.56,97.95,83.81,34.42,11.29,49.27,0
357,17,85.00,98.05,82.71,35.34,11.42,47.97,0
357,18,87.85,98.22,84.39,35.76,11.04,48.01,0
357,19,87.17,98.35,80.82,35.16,10.92,51.76,0
358,0,74.37,98.49,85.81,38.51,10.89,60.29,0
358,1,74.22,97.89,88.86,37.69,10.53,61.52,0
358,2,73.97,97.77,86.60,36.86,10.52,61.46,0
358,3,73.07,98.41,85.29,38.58,10.64,60.88,0
358,4,76.26,98.42,90.22,36.74,10.56,61.57,0
358,5,75.53,98.42,86.70,37.72,10.80,62.44,0
358,6,72.82,98.47,86.05,36.79,10.93,60.50,0
358,7,75.46,98.28,85.90,37.98,11.00,59.83,0
358,8,76.10,97.73,86.56,36.62,11.06,60.81,0
358,9,81.31,98.23,82.32,36.68,10.36,58.98,0
358,10,80.44,98.08,73.93,37.27,11.29,56.76,0
358,11,81.78,98.39,73.63,38.00,10.38,55.52,1
358,12,79.91,97.75,75.55,38.47,10.58,57.83,0
358,13,77.18,97.89,79.16,38.42,10.42,57.33,0
358,14,71.24,98.28,84.84,36.75,11.17,62.64,0
358,15,74.80,97.73,88.70,37.97,11.40,59.82,0
358,16,71.73,98.05,88.80,38.58,11.03,62.49,0
358,17,72.61,97.93,83.39,36.99,11.32,61.91,0
358,18,75.08,98.44,86.34,37.01,11.53,62.86,0
358,19,72.68,97.94,86.29,38.38,10.65,60.00,0
359,0,70.70,97.08,96.57,38.05,10.33,47.58,0
359,1,69.15,97.47,98.59,37.64,10.35,45.81,0
359,2,72.68,97.67,99.42,36.86,10.34,46.31,0
359,3,72.35,96.98,95.99,37.41,10.12,47.70,0
359,4,70.52,97.09,100.38,36.55,10.07,47.29,0
359,5,70.91,97.38,101.19,38.35,9.79,46.68,0
359,6,71.51,97.05,99.26,37.70,10.55,45.72,0
359,7,71.52,97.51,98.68,37.96,9.88,45.84,0
359,8,69.86,97.62,97.13,37.87,10.61,49.05,0
359,9,69.23,96.97,98.04,37.96,10.03,47.55,0
359,10,71.43,96.96,94.87,36.75,9.68,46.16,0
359,11,68.88,97.69,97.54,37.26,10.20,47.76,0
359,12,70.42,97.05,94.37,36.54,10.49,48.71,0
359,13,67.96,97.36,98.39,37.90,10.40,48.05,0
359,14,68.38,97.47,96.89,36.56,10.40,46.33,0
359,15,71.03,97.57,97.37,36.69,10.47,48.94,0
359,16,68.12,97.28,96.70,37.24,10.12,47.02,0
359,17,70.49,97.59,95.03,38.00,9.54,48.66,0
359,18,71.91,97.00,95.03,37.91,10.29,49.20,0
359,19,71.91,96.95,95.58,37.27,9.42,47.47,0
360,0,72.31,97.03,82.25,35.67,15.24,41.78,0
360,1,73.15,97.57,83.55,35.95,14.69,42.37,0
360,2,72.34,97.27,85.88,36.02,15.57,40.80,0
360,3,71.31,96.87,85.69,36.28,15.72,43.22,0
360,4,73.66,97.16,87.62,37.04,15.25,41.61,0
360,5,72.19,96.99,83.87,37.15,15.43,42.70,0
360,6,73.90,96.89,86.02,36.33,14.81,40.52,0
360,7,72.79,97.52,82.89,37.40,15.45,40.31,0
360,8,74.75,97.57,83.83,36.01,15.33,43.59,0
360,9,72.04,96.97,83.63,36.51,15.13,40.47,0
360,10,72.03,97.58,83.80,35.66,15.75,43.50,0
360,11,70.88,97.33,86.39,35.82,15.25,42.96,0
360,12,71.63,97.41,86.28,36.78,15.70,40.28,0
360,13,71.90,97.43,85.14,37.50,15.51,42.48,0
360,14,73.46,96.89,84.41,36.60,15.11,42.09,0
360,15,70.55,97.05,84.63,36.90,15.74,40.97,0
360,16,72.19,97.19,86.46,36.39,15.45,40.36,0
360,17,70.28,97.57,83.47,37.05,15.53,43.53,0
360,18,73.73,97.49,82.94,36.41,15.71,42.77,0
360,19,71.55,97.25,82.74,37.45,14.72,43.53,0
361,0,77.13,98.14,97.60,34.07,15.33,57.63,0
361,1,74.47,98.13,97.17,34.82,15.43,57.92,0
361,2,75.70,98.20,95.89,34.34,15.46,60.27,0
361,3,76.08,97.58,94.63,33.98,16.42,59.71,0
361,4,76.22,97.66,93.98,35.06,16.21,59.32,0
361,5,74.86,97.72,96.99,35.02,16.47,57.36,0
361,6,78.00,98.27,94.72,34.59,15.92,58.97,0
361,7,77.14,97.90,97.23,34.80,15.85,58.08,0
361,8,74.82,98.11,94.24,35.25,16.26,60.50,0
361,9,75.88,97.92,96.97,33.73,16.47,60.31,0
361,10,83.56,97.70,91.67,33.69,16.13,57.32,0
361,11,83.61,97.92,86.71,34.16,16.09,53.71,0
361,12,85.22,98.13,80.61,34.88,16.08,53.71,1
361,13,84.75,98.06,85.39,35.08,16.16,52.97,0
361,14,80.15,97.60,87.71,34.86,15.74,55.78,0
361,15,74.24,98.05,96.81,34.22,16.11,58.02,0
361,16,75.32,97.92,95.90,35.10,15.54,60.72,0
361,17,75.08,98.11,91.87,33.49,15.86,57.04,0
361,18,75.01,98.09,96.69,33.98,15.65,58.10,0
361,19,74.47,97.60,94.95,35.17,16.39,59.26,0
362,0,85.03,96.89,84.06,33.32,9.64,48.33,0
362,1,85.21,97.20,87.19,33.73,10.64,49.40,0
362,2,86.14,97.32,85.32,33.66,10.26,48.16,0
362,3,89.38,97.11,86.97,33.43,10.15,48.73,0
362,4,88.07,97.29,84.31,33.76,9.97,48.97,0
362,5,85.95,97.30,83.71,34.47,9.97,49.44,0
362,6,86.07,97.18,87.29,34.13,9.78,48.97,0
362,7,87.20,97.33,86.18,34.78,10.31,49.50,0
362,8,85.49,97.10,85.55,34.26,9.66,48.15,0
362,9,87.60,97.41,85.58,33.72,10.23,47.86,0
362,10,86.86,97.26,82.56,34.56,9.91,47.13,0
362,11,88.10,97.12,83.25,33.62,9.82,46.47,0
362,12,88.22,97.07,82.39,34.35,10.50,49.38,0
362,13,85.30,97.33,87.00,33.16,9.94,45.90,0
362,14,85.75,97.11,84.23,33.63,9.66,48.35,0
362,15,86.07,97.36,86.54,32.99,9.60,48.49,0
362,16,87.55,97.28,83.34,33.03,9.54,46.96,0
362,17,87.64,97.35,82.29,33.23,10.33,49.05,0
362,18,86.97,97.54,87.46,33.87,9.64,45.65,0
362,19,87.77,97.11,83.36,34.69,9.99,45.70,0
363,0,82.54,97.11,86.64,39.36,13.64,51.65,0
363,1,79.92,97.41,87.93,38.22,14.18,49.01,0
363,2,80.28,97.46,88.31,39.15,13.62,52.17,0
363,3,83.46,97.37,89.88,38.24,14.19,51.21,0
363,4,83.30,97.06,86.59,37.74,13.96,49.46,0
363,5,81.04,97.56,87.74,39.03,14.27,51.59,0
363,6,80.63,97.73,88.61,39.10,14.45,50.70,0
363,7,80.34,97.76,87.42,39.25,13.56,50.48,0
363,8,81.11,97.51,90.33,38.76,14.41,49.35,0
363,9,81.75,97.39,87.18,38.95,13.32,49.58,0
363,10,80.86,97.01,90.26,38.17,13.32,48.84,0
363,11,81.22,97.32,88.89,39.15,13.97,50.15,0
363,12,79.54,97.09,87.11,38.06,13.47,51.87,0
363,13,79.15,96.98,89.06,39.04,14.08,52.42,0
363,14,79.25,97.53,88.54,37.98,13.38,50.01,0
363,15,79.35,97.38,89.29,38.18,13.61,52.48,0
363,16,80.34,97.66,89.67,38.20,13.52,51.98,0
363,17,81.06,97.47,84.63,38.59,13.67,51.97,0
363,18,81.22,97.28,86.51,38.76,13.86,48.87,0
363,19,80.33,97.57,86.93,37.61,13.35,50.16,0
364,0,79.12,98.01,90.40,33.07,12.99,62.67,0
364,1,79.14,97.59,86.81,32.57,13.00,62.05,0
364,2,77.59,98.33,89.98,33.87,13.15,61.77,0
364,3,76.40,98.25,86.49,33.55,12.66,60.97,0
364,4,79.63,98.03,87.33,34.03,12.55,59.85,0
364,5,76.77,97.55,87.26,33.21,13.12,59.29,0
364,6,78.85,97.58,91.38,33.68,12.26,60.23,0
364,7,78.69,97.80,87.72,33.13,13.19,60.09,0
364,8,79.24,98.05,89.23,34.22,12.07,61.35,0
364,9,85.56,97.80,80.15,33.09,12.61,57.02,0
364,10,86.50,97.56,79.30,34.37,13.17,58.45,0
364,11,87.69,98.33,71.72,33.63,12.11,57.78,1
364,12,86.41,97.87,79.17,33.93,13.12,56.03,0
364,13,81.82,97.91,82.74,34.25,13.18,59.39,0
364,14,77.49,97.70,90.65,33.59,12.51,61.58,0
364,15,78.85,97.78,88.24,33.65,13.04,59.93,0
364,16,77.63,98.07,87.23,33.27,12.88,63.14,0
364,17,75.89,97.72,88.62,33.67,12.06,61.76,0
364,18,78.96,97.71,87.89,34.10,12.11,59.33,0
364,19,78.09,98.23,86.06,34.06,12.36,62.25,0
365,0,69.92,98.16,86.85,35.72,14.45,50.85,0
365,1,72.50,98.31,88.00,37.00,15.04,48.41,0
365,2,69.65,97.85,86.27,36.93,14.38,48.25,0
365,3,70.29,97.90,87.65,37.56,14.14,47.99,0
365,4,73.14,98.02,88.24,36.61,14.95,49.11,0
365,5,72.64,98.23,89.39,36.04,15.08,47.82,0
365,6,71.31,97.83,85.45,37.47,14.44,48.62,0
365,7,73.44,97.83,86.29,36.65,14.42,49.85,0
365,8,71.64,98.01,86.48,36.03,14.64,49.67,0
365,9,72.56,97.92,87.32,36.20,14.40,51.02,0
365,10,69.97,97.96,84.15,35.94,15.32,47.90,0
365,11,70.53,98.38,85.76,35.93,14.46,47.70,0
365,12,68.73,97.90,89.10,35.93,14.15,50.87,0
365,13,71.68,97.98,83.97,37.48,15.26,48.68,0
365,14,68.48,98.12,84.42,35.94,14.56,49.58,0
365,15,70.49,97.80,88.67,35.98,14.92,51.24,0
365,16,69.34,98.36,84.21,35.87,14.18,49.11,0
365,17,69.52,98.05,84.03,36.10,14.29,48.23,0
365,18,71.23,98.28,85.16,36.88,14.67,51.04,0
365,19,72.16,98.00,86.18,37.01,14.25,49.38,0
366,0,78.29,97.94,97.07,37.49,10.81,46.45,0
366,1,77.87,97.71,95.55,37.04,11.19,44.50,0
366,2,78.49,97.78,97.60,36.77,11.34,44.80,0
366,3,79.08,98.01,97.79,36.48,10.92,45.96,0
366,4,77.67,98.05,95.80,36.09,11.42,47.45,0
366,5,77.34,98.13,97.32,35.83,10.83,46.15,0
366,6,78.04,98.11,91.92,37.50,11.41,46.12,0
366,7,75.75,98.01,96.62,36.60,10.88,44.09,0
366,8,78.87,98.09,96.20,36.62,11.36,45.73,0
366,9,75.59,97.88,92.67,36.39,10.99,45.67,0
366,10,74.94,97.90,94.15,37.05,10.83,46.53,0
366,11,75.75,98.07,91.45,36.31,11.64,47.13,0
366,12,75.40,98.29,95.99,36.33,10.90,46.25,0
366,13,77.19,97.55,92.83,36.64,10.87,47.51,0
366,14,74.76,98.27,90.98,36.33,11.62,46.61,0
366,15,75.68,97.72,92.72,36.58,11.54,44.47,0
366,16,74.60,97.82,92.90,35.76,10.68,45.79,0
366,17,74.39,97.99,95.65,37.39,10.74,46.32,0
366,18,77.11,98.17,91.93,36.74,11.22,44.81,0
366,19,75.33,97.97,92.52,36.69,11.13,44.64,0
367,0,71.73,98.35,85.79,37.82,14.36,51.50,0
367,1,71.55,98.98,87.04,38.35,14.08,51.05,0
367,2,70.15,98.86,84.69,38.79,13.35,52.78,0
367,3,72.52,98.79,82.85,38.06,13.57,50.42,0
367,4,71.53,98.96,83.26,38.22,13.41,53.37,0
367,5,71.88,98.79,83.65,38.12,13.66,52.53,0
367,6,72.98,98.74,84.09,37.93,14.27,51.88,0
367,7,70.13,98.32,85.68,38.10,13.47,52.30,0
367,8,69.69,98.49,86.67,38.87,13.30,54.12,0
367,9,70.25,98.65,87.35,38.70,14.00,54.30,0
367,10,68.86,98.49,86.62,37.56,14.21,54.17,0
367,11,71.92,99.01,84.23,39.11,14.13,52.04,0
367,12,69.10,98.72,86.42,38.77,13.30,50.84,0
367,13,69.45,98.44,85.56,38.66,13.46,53.48,0
367,14,67.54,98.99,85.14,37.87,14.36,53.52,0
367,15,70.11,98.50,81.24,37.95,13.38,52.32,0
367,16,69.88,98.41,83.20,38.60,13.69,51.08,0
367,17,67.92,98.54,85.05,38.06,13.74,51.94,0
367,18,68.38,98.84,84.61,38.98,13.49,51.70,0
367,19,69.31,98.66,82.93,37.50,13.36,53.63,0
368,0,71.78,98.26,80.05,35.78,12.67,44.98,0
368,1,73.56,98.41,83.20,35.71,11.93,44.20,0
368,2,72.44,98.19,80.74,34.46,12.08,44.90,0
368,3,70.96,98.52,80.16,35.28,12.11,43.51,0
368,4,71.06,98.38,82.04,35.36,11.86,42.83,0
368,5,71.18,98.16,85.70,34.82,12.77,44.26,0
368,6,72.95,98.53,80.04,34.81,12.24,44.16,0
368,7,73.98,98.30,85.16,34.99,12.03,45.37,0
368,8,72.44,98.71,82.00,34.92,11.98,44.25,0
368,9,69.91,98.76,79.79,35.45,12.48,42.51,0
368,10,77.67,98.23,75.88,34.75,12.42,42.13,0
368,11,80.20,98.17,71.47,35.14,12.31,39.76,0
368,12,82.43,98.64,66.31,34.93,12.45,40.02,1
368,13,79.39,98.57,70.21,34.92,12.90,38.14,0
368,14,78.62,98.62,72.75,34.69,12.06,41.94,0
368,15,71.38,97.98,79.07,35.70,12.64,41.84,0
368,16,69.84,98.49,83.78,36.15,12.52,45.39,0
368,17,71.34,98.07,81.58,35.85,12.35,42.88,0
368,18,71.10,98.50,81.45,34.57,11.73,44.92,0
368,19,73.60,98.11,81.51,34.79,12.12,44.46,0
369,0,79.30,98.67,87.44,37.34,13.29,49.64,0
369,1,81.75,98.68,88.40,38.68,13.17,52.35,0
369,2,79.88,98.84,91.00,38.69,12.89,51.40,0
369,3,81.35,98.61,88.40,38.58,12.86,52.43,0
369,4,83.34,98.86,87.80,37.25,12.36,53.46,0
369,5,83.58,98.83,93.12,37.73,12.66,50.55,0
369,6,80.57,99.01,89.85,37.35,12.59,52.52,0
369,7,82.18,98.88,90.12,38.22,12.42,51.25,0
369,8,79.94,99.13,89.11,37.24,12.65,51.29,0
369,9,79.98,98.86,89.58,37.96,12.46,51.91,0
369,10,82.39,99.03,91.92,37.68,13.19,51.65,0
369,11,81.32,99.22,91.36,37.92,12.88,49.83,0
369,12,78.30,98.83,89.76,38.01,12.28,50.38,0
369,13,78.91,98.85,86.40,38.40,13.30,51.48,0
369,14,80.41,99.29,90.98,38.15,12.29,49.84,0
369,15,81.05,99.22,87.28,38.78,12.47,52.77,0
369,16,81.40,98.88,88.78,37.05,13.23,51.24,0
369,17,80.53,99.18,86.38,37.69,12.29,49.95,0
369,18,81.74,99.20,87.56,37.66,12.50,53.17,0
369,19,80.77,98.78,90.01,37.97,13.06,53.44,0
370,0,71.80,97.99,96.73,37.66,15.14,58.57,0
370,1,72.28,98.31,96.06,36.58,14.51,57.40,0
370,2,72.78,98.57,96.86,37.85,14.67,59.13,0
370,3,73.63,98.36,94.47,37.09,14.27,56.60,0
370,4,73.34,98.45,95.57,37.03,15.14,58.79,0
370,5,74.87,97.97,93.99,37.34,15.42,56.02,0
370,6,75.62,98.00,95.33,37.50,14.36,57.65,0
370,7,74.86,98.01,94.51,36.40,14.84,56.59,0
370,8,74.92,98.24,93.91,38.25,14.61,57.00,0
370,9,73.05,98.53,91.86,37.59,14.71,56.25,0
370,10,71.75,98.60,95.66,38.18,14.81,56.56,0
370,11,71.39,98.52,96.00,37.76,15.32,56.92,0
370,12,71.98,98.60,93.48,38.08,15.05,59.57,0
370,13,73.76,98.16,91.58,36.94,14.93,57.29,0
370,14,72.15,98.52,95.11,38.21,14.40,56.77,0
370,15,70.62,98.15,94.91,37.05,14.81,56.91,0
370,16,73.66,98.59,94.56,36.68,15.38,58.89,0
370,17,72.39,98.01,93.92,36.37,15.05,57.72,0
370,18,74.57,98.36,91.69,36.44,15.28,56.26,0
370,19,75.26,98.61,93.05,36.94,14.90,58.81,0
371,0,75.20,98.06,87.11,36.61,14.29,53.24,0
371,1,74.13,98.04,88.64,38.20,13.83,55.51,0
371,2,73.42,97.82,88.20,36.50,13.99,52.64,0
371,3,75.89,98.10,90.34,37.12,14.01,52.05,0
371,4,73.93,97.98,92.16,37.79,14.18,52.64,0
371,5,75.57,98.07,92.04,37.22,14.12,52.44,0
371,6,75.14,98.07,88.14,37.82,13.55,55.09,0
371,7,74.56,98.48,91.37,37.17,13.45,54.75,0
371,8,72.72,97.83,92.47,37.07,14.18,52.89,0
371,9,71.67,98.20,90.62,36.52,14.12,54.36,0
371,10,73.23,98.47,89.35,36.65,13.39,52.42,0
371,11,71.34,98.51,87.74,36.53,13.67,52.94,0
371,12,74.82,97.93,86.51,37.85,14.18,54.97,0
371,13,71.84,98.57,86.00,36.60,13.86,54.76,0
371,14,71.50,98.14,88.92,37.48,13.76,52.70,0
371,15,72.39,98.29,89.26,37.47,13.57,53.44,0
371,16,71.83,98.15,90.14,37.57,13.68,52.94,0
371,17,72.59,97.87,90.05,37.74,13.71,54.27,0
371,18,71.65,97.98,90.56,38.19,14.23,54.84,0
371,19,73.63,98.05,88.39,37.97,14.40,54.55,0
372,0,80.40,98.30,81.84,37.12,14.10,52.68,0
372,1,81.62,98.07,82.48,37.58,14.20,52.66,0
372,2,81.22,97.62,83.69,37.05,13.93,54.42,0
372,3,81.36,98.22,83.32,36.19,14.84,52.79,0
372,4,81.24,97.97,78.63,36.24,14.77,55.74,0
372,5,80.68,97.91,84.02,36.26,14.89,55.35,0
372,6,80.86,98.16,80.67,37.95,13.93,53.05,0
372,7,82.17,98.04,83.56,37.74,14.28,55.02,0
372,8,81.38,97.57,79.51,37.43,13.96,56.28,0
372,9,81.82,97.86,83.30,37.53,13.83,55.89,0
372,10,82.27,98.03,81.71,36.18,14.28,56.50,0
372,11,78.41,97.90,77.47,36.71,13.88,54.38,0
372,12,78.16,98.01,80.54,37.67,14.13,54.00,0
372,13,78.36,98.05,76.77,37.09,14.34,56.08,0
372,14,79.82,98.06,77.91,36.25,14.14,55.06,0
372,15,80.76,98.07,80.43,37.35,13.74,55.00,0
372,16,79.46,98.10,77.44,38.06,14.69,52.84,0
372,17,80.28,97.77,82.09,37.84,14.52,55.22,0
372,18,79.59,98.33,77.25,37.38,14.48,54.57,0
372,19,81.89,97.90,77.74,37.89,14.42,56.03,0
373,0,90.06,97.17,85.12,36.58,13.25,56.52,0
373,1,89.26,97.38,90.98,37.67,12.75,59.63,0
373,2,91.44,97.50,88.85,37.30,12.92,57.99,0
373,3,89.45,97.53,86.49,37.39,13.16,57.78,0
373,4,91.10,96.81,87.30,36.18,13.50,59.62,0
373,5,89.40,97.26,87.82,35.85,12.80,56.10,0
373,6,90.15,97.14,87.69,36.55,13.08,58.44,0
373,7,92.31,97.08,90.30,37.51,13.63,59.29,0
373,8,89.49,96.84,89.24,37.51,13.12,57.76,0
373,9,91.15,97.16,90.62,36.74,12.46,58.03,0
373,10,92.10,97.42,90.19,35.68,13.64,58.11,0
373,11,90.63,97.15,88.34,36.65,13.17,59.27,0
373,12,88.83,97.24,86.99,36.64,12.53,56.38,0
373,13,90.64,97.16,84.69,36.45,12.59,58.70,0
373,14,88.99,96.82,84.53,37.38,13.01,58.79,0
373,15,88.42,97.29,86.97,37.23,13.07,58.39,0
373,16,90.98,97.37,86.75,36.11,12.81,57.60,0
373,17,89.08,97.26,87.47,37.24,13.29,59.46,0
373,18,88.56,96.85,87.31,37.23,13.44,57.66,0
373,19,90.53,97.17,89.28,36.02,13.29,59.28,0
374,0,86.55,96.75,97.38,35.44,15.24,51.09,0
374,1,87.00,96.84,96.66,34.31,15.47,49.06,0
374,2,87.37,96.98,94.00,35.62,15.31,49.41,0
374,3,86.96,97.35,99.29,34.61,16.09,51.87,0
374,4,87.95,96.74,96.63,35.41,15.56,49.91,0
374,5,87.03,96.92,97.05,34.77,15.22,51.49,0
374,6,86.57,97.01,94.43,34.10,15.32,49.22,0
374,7,88.78,96.98,94.86,35.89,15.13,50.14,0
374,8,86.65,97.44,97.21,35.14,16.07,48.39,0
374,9,86.54,96.78,93.49,35.73,15.05,48.90,0
374,10,85.45,97.30,96.56,34.38,15.85,48.74,0
374,11,86.91,96.78,93.04,34.63,15.56,51.77,0
374,12,84.75,96.94,95.10,35.47,15.44,50.50,0
374,13,86.69,97.20,97.33,34.08,15.30,50.44,0
374,14,86.96,97.31,93.95,35.09,16.07,48.61,0
374,15,86.89,96.99,93.71,35.99,15.92,50.35,0
374,16,86.51,97.21,95.62,34.26,15.28,48.28,0
374,17,85.80,96.72,94.73,35.60,15.42,50.65,0
374,18,86.78,97.22,96.61,35.08,15.15,49.97,0
374,19,85.97,96.80,95.46,34.23,15.44,52.08,0
375,0,70.70,97.35,81.05,35.80,11.11,56.02,0
375,1,72.49,97.24,80.79,36.86,10.50,52.67,0
375,2,74.37,97.26,80.13,37.50,10.52,53.75,0
375,3,71.50,97.12,81.05,36.93,10.99,52.43,0
375,4,72.81,97.14,79.79,36.18,10.44,55.50,0
375,5,72.29,97.34,77.87,35.91,10.50,52.60,0
375,6,73.19,97.40,81.59,36.62,10.98,52.51,0
375,7,72.32,97.36,77.11,37.44,10.78,54.51,0
375,8,70.75,97.05,81.05,36.73,10.67,55.75,0
375,9,73.22,97.32,80.39,37.27,10.96,54.24,0
375,10,71.40,97.13,75.98,35.56,10.56,55.19,0
375,11,73.09,97.56,75.57,36.71,10.65,54.99,0
375,12,71.44,97.47,78.02,37.01,10.53,52.72,0
375,13,72.87,97.38,78.99,35.55,10.48,52.47,0
375,14,73.12,97.56,74.97,36.28,10.70,55.30,0
375,15,70.52,97.54,79.98,36.30,10.39,53.84,0
375,16,73.30,97.28,75.82,36.39,10.31,54.99,0
375,17,71.61,97.35,79.19,35.87,10.31,55.10,0
375,18,71.32,96.97,76.13,36.87,11.37,52.51,0
375,19,73.33,97.24,81.18,35.61,10.25,54.29,0
376,0,78.98,97.64,81.72,35.26,14.41,60.30,0
376,1,80.65,97.61,81.37,34.75,14.26,57.93,0
376,2,82.23,97.78,83.47,33.74,13.85,58.96,0
376,3,81.77,97.86,86.51,34.89,14.33,58.31,0
376,4,83.06,97.54,85.68,35.18,14.10,58.02,0
376,5,80.14,97.42,82.25,34.42,14.55,57.56,0
376,6,80.30,97.46,83.55,35.12,13.98,59.13,0
376,7,82.31,97.94,82.93,35.05,13.66,60.03,0
376,8,80.45,97.64,86.94,35.06,14.13,60.09,0
376,9,78.76,97.68,85.13,35.01,14.36,58.53,0
376,10,79.71,97.85,85.79,34.95,13.73,58.65,0
376,11,79.39,97.62,84.58,33.80,14.26,57.07,0
376,12,79.30,98.01,81.76,33.97,14.30,60.27,0
376,13,78.82,97.48,80.89,35.21,13.76,57.02,0
376,14,79.67,97.68,83.55,34.03,13.74,58.31,0
376,15,80.28,97.75,82.77,35.27,13.80,59.60,0
376,16,81.35,97.41,83.63,35.05,13.78,59.65,0
376,17,79.07,97.54,84.90,35.25,13.75,59.28,0
376,18,81.12,97.98,85.27,35.13,13.82,58.71,0
376,19,80.31,97.73,83.43,35.06,13.51,59.57,0
377,0,73.07,97.31,84.84,34.04,14.38,53.75,0
377,1,74.72,97.20,86.52,34.83,14.39,54.26,0
377,2,72.09,97.64,86.51,33.67,14.75,55.08,0
377,3,72.38,97.64,86.00,34.41,14.36,52.17,0
377,4,71.80,97.57,87.98,33.23,14.69,51.63,0
377,5,75.33,97.43,84.16,34.36,14.05,52.47,0
377,6,74.10,97.08,85.67,34.43,14.67,51.94,0
377,7,71.75,97.28,85.27,33.66,14.58,52.08,0
377,8,79.98,97.54,80.37,33.82,14.97,52.00,0
377,9,79.83,97.59,73.53,32.96,14.53,50.07,0
377,10,84.40,97.54,72.80,33.71,13.96,49.79,1
377,11,81.22,97.32,77.00,33.20,14.81,49.75,0
377,12,78.79,97.31,77.79,33.24,14.71,48.44,0
377,13,73.90,97.48,83.52,33.80,14.47,55.27,0
377,14,72.43,97.32,86.47,33.06,14.51,52.87,0
377,15,71.03,97.43,86.05,34.05,14.91,55.17,0
377,16,72.26,97.49,84.56,33.60,14.73,51.99,0
377,17,72.29,97.38,88.40,34.56,14.89,53.34,0
377,18,73.45,96.99,83.55,32.86,14.00,55.03,0
377,19,72.87,97.33,84.61,34.12,14.87,53.90,0
378,0,90.17,97.43,97.80,33.28,10.23,43.10,0
378,1,91.88,97.24,99.97,35.16,9.45,43.76,0
378,2,90.77,97.38,96.59,34.21,9.75,41.75,0
378,3,90.47,97.78,95.01,34.01,10.28,44.33,0
378,4,91.98,97.79,95.70,33.43,9.70,41.47,0
378,5,91.02,97.82,99.71,34.81,10.51,42.70,0
378,6,90.02,97.27,96.38,34.26,10.58,42.77,0
378,7,90.32,97.42,97.92,33.37,9.45,40.83,0
378,8,89.06,97.55,94.28,34.60,10.28,42.08,0
378,9,97.78,97.36,90.92,34.79,9.66,41.79,0
378,10,97.25,97.88,88.19,34.85,9.89,38.03,0
378,11,101.02,97.86,80.87,35.03,9.60,36.78,1
378,12,98.97,97.99,87.33,34.41,10.54,38.78,0
378,13,94.29,97.82,90.94,33.58,10.51,41.19,0
378,14,87.66,97.94,92.96,34.28,10.44,43.84,0
378,15,91.00,97.68,97.91,33.84,9.59,41.47,0
378,16,90.15,97.74,98.07,33.78,9.65,41.78,0
378,17,90.45,97.46,94.69,34.76,10.34,43.93,0
378,18,90.16,97.50,94.79,33.23,10.02,42.71,0
378,19,89.30,97.38,99.13,35.04,10.23,42.88,0
379,0,77.78,99.08,88.11,39.48,13.41,51.11,0
379,1,79.62,98.87,87.64,38.59,13.80,50.90,0
379,2,77.32,98.53,86.72,39.56,13.68,50.65,0
379,3,79.86,98.48,87.65,39.68,14.20,49.55,0
379,4,79.40,99.20,87.54,39.69,14.08,49.75,0
379,5,77.22,98.71,89.49,38.44,13.26,52.44,0
379,6,76.47,98.81,91.03,38.42,13.66,52.25,0
379,7,79.69,99.04,87.01,38.33,13.43,50.14,0
379,8,76.10,98.78,87.62,39.61,13.04,50.70,0
379,9,75.82,98.94,89.94,38.24,13.13,49.92,0
379,10,76.67,98.45,88.70,37.89,13.26,49.70,0
379,11,78.92,99.24,90.00,38.17,14.04,48.78,0
379,12,77.38,98.92,87.46,38.51,13.10,49.34,0
379,13,74.73,98.85,87.87,39.49,14.12,50.29,0
379,14,78.33,98.69,86.04,37.86,13.38,50.74,0
379,15,75.33,99.11,86.40,38.78,14.23,50.50,0
379,16,75.91,99.12,87.65,39.60,13.43,49.78,0
379,17,76.95,99.13,87.91,38.34,13.40,50.09,0
379,18,75.31,98.99,88.04,38.91,13.32,50.76,0
379,19,78.43,98.82,85.57,38.12,13.22,51.95,0
380,0,88.51,98.51,82.00,32.51,9.70,56.72,0
380,1,88.63,98.17,83.89,33.06,9.49,57.62,0
380,2,91.04,98.03,87.90,32.37,10.17,54.14,0
380,3,91.03,98.50,87.39,33.87,10.08,55.72,0
380,4,89.20,98.58,86.85,34.21,9.94,56.57,0
380,5,89.49,98.68,86.13,33.51,9.67,57.32,0
380,6,88.86,98.49,84.72,34.18,9.64,55.70,0
380,7,90.49,98.10,82.87,32.94,10.08,57.55,0
380,8,88.72,98.73,82.95,32.97,10.01,55.76,0
380,9,91.78,98.29,82.48,33.51,9.46,56.21,0
380,10,91.76,98.13,86.31,33.63,9.71,55.02,0
380,11,88.90,98.04,86.46,32.51,9.46,54.21,0
380,12,90.11,98.54,83.88,33.10,9.83,55.84,0
380,13,88.69,98.65,82.08,33.96,10.50,56.24,0
380,14,89.29,98.69,83.14,32.60,10.29,57.51,0
380,15,90.22,98.36,84.49,33.93,10.62,54.24,0
380,16,89.98,98.66,86.46,33.96,9.45,56.15,0
380,17,87.75,98.80,86.64,32.46,10.25,57.45,0
380,18,91.79,98.43,81.75,33.57,9.76,55.06,0
380,19,89.60,98.14,83.44,32.74,9.64,55.68,0
381,0,74.89,97.76,96.75,35.76,13.63,51.73,0
381,1,73.81,97.84,98.48,35.83,14.09,52.14,0
381,2,73.69,97.36,97.88,34.57,13.23,52.82,0
381,3,72.55,97.35,96.97,35.13,14.01,52.60,0
381,4,73.96,97.74,98.00,36.12,14.02,50.24,0
381,5,72.57,97.71,96.78,35.47,13.98,50.17,0
381,6,74.61,97.83,98.04,34.38,13.89,51.35,0
381,7,75.04,97.51,97.01,35.35,13.88,50.40,0
381,8,73.45,98.03,95.47,34.50,13.33,51.23,0
381,9,72.23,97.56,99.42,35.46,13.40,52.99,0
381,10,71.74,97.69,99.76,35.12,13.86,50.71,0
381,11,72.73,97.88,96.01,34.88,13.67,51.24,0
381,12,72.32,97.25,96.23,35.93,13.84,51.42,0
381,13,72.56,97.93,99.08,34.71,13.65,52.85,0
381,14,71.03,97.99,95.48,35.89,13.54,51.09,0
381,15,72.18,98.03,96.12,35.45,14.16,50.13,0
381,16,73.08,97.47,97.52,34.29,13.16,53.10,0
381,17,74.65,97.29,96.53,35.59,13.92,50.45,0
381,18,71.44,97.48,98.43,34.90,13.18,51.29,0
381,19,75.47,97.93,94.65,34.38,13.42,52.54,0
382,0,76.29,98.63,95.74,36.20,10.65,56.93,0
382,1,79.23,99.24,96.26,36.34,10.12,56.87,0
382,2,77.24,98.49,99.20,35.68,10.46,55.38,0
382,3,80.08,99.21,98.41,35.60,9.78,57.18,0
382,4,80.62,99.13,94.94,36.51,10.28,59.15,0
382,5,77.34,99.14,98.64,35.43,9.84,58.45,0
382,6,76.91,98.70,97.53,36.86,10.49,59.19,0
382,7,78.80,98.90,98.51,37.29,10.33,58.98,0
382,8,79.66,98.63,95.73,37.24,10.49,55.55,0
382,9,82.73,99.22,88.75,36.99,10.15,52.27,0
382,10,85.53,98.59,86.53,36.10,10.02,53.44,0
382,11,88.76,98.58,84.89,37.35,9.73,51.77,1
382,12,85.76,98.54,84.80,36.65,10.27,53.47,0
382,13,84.67,98.46,88.83,35.57,10.50,53.49,0
382,14,78.29,98.62,94.08,36.51,10.65,56.09,0
382,15,78.11,98.64,98.51,36.31,9.99,57.38,0
382,16,77.61,98.61,94.84,35.59,9.80,56.93,0
382,17,75.85,99.12,94.38,37.07,10.01,57.63,0
382,18,79.25,98.87,96.36,36.48,10.75,56.93,0
382,19,79.11,98.71,96.81,35.65,10.31,55.69,0
383,0,73.69,97.87,92.19,33.67,14.92,51.65,0
383,1,76.42,97.91,93.30,33.56,15.57,51.11,0
383,2,77.37,97.93,91.79,34.93,14.91,53.55,0
383,3,74.52,97.46,91.42,34.92,15.68,50.72,0
383,4,75.66,97.72,89.59,34.89,15.62,50.83,0
383,5,75.59,97.69,90.57,34.17,14.74,53.53,0
383,6,74.57,97.59,89.29,33.97,14.74,52.64,0
383,7,77.45,97.48,92.06,35.41,15.28,51.29,0
383,8,77.04,97.66,94.31,35.26,14.61,52.56,0
383,9,73.56,97.58,93.21,34.73,15.26,53.22,0
383,10,73.80,97.29,93.55,34.96,15.22,51.55,0
383,11,76.36,97.72,91.85,35.03,15.13,53.85,0
383,12,75.41,97.99,88.14,35.29,15.41,52.96,0
383,13,74.49,97.62,93.26,35.32,15.46,51.87,0
383,14,72.91,97.67,90.33,35.01,14.79,53.33,0
383,15,76.21,97.69,92.32,34.27,14.52,50.80,0
383,16,75.03,97.40,91.83,34.08,14.54,50.44,0
383,17,74.84,97.34,87.80,33.75,14.67,50.83,0
383,18,74.68,97.38,92.04,33.91,14.60,50.86,0
383,19,76.10,97.47,89.89,34.66,15.19,50.51,0
384,0,73.29,98.14,94.02,37.17,15.63,44.49,0
384,1,73.15,97.76,100.08,37.39,15.77,42.22,0
384,2,72.52,97.71,96.85,37.28,15.04,41.01,0
384,3,75.64,97.78,98.94,37.97,15.83,44.08,0
384,4,72.96,97.90,98.96,37.65,16.02,43.35,0
384,5,75.02,97.66,95.39,36.82,15.94,41.47,0
384,6,74.36,98.15,95.76,37.23,15.98,43.41,0
384,7,75.50,98.15,98.49,37.11,15.63,43.29,0
384,8,73.83,98.08,96.52,38.51,15.01,42.51,0
384,9,73.31,97.95,95.69,37.07,15.19,44.29,0
384,10,72.61,98.00,97.63,37.37,15.91,41.96,0
384,11,72.49,98.16,97.44,37.15,16.02,41.08,0
384,12,74.77,97.78,97.58,36.82,16.05,43.73,0
384,13,71.79,98.07,94.08,36.85,15.09,44.68,0
384,14,72.18,97.92,95.33,38.04,15.87,41.08,0
384,15,74.72,97.58,98.11,37.30,15.05,40.98,0
384,16,71.30,97.72,94.61,37.43,16.14,43.01,0
384,17,75.32,97.51,93.77,37.28,15.03,42.82,0
384,18,74.56,97.59,98.87,37.76,15.02,41.96,0
384,19,74.84,97.49,98.23,38.02,15.07,41.12,0
385,0,83.07,97.47,90.41,34.04,13.51,47.15,0
385,1,84.24,97.83,90.27,34.15,14.06,48.77,0
385,2,85.20,97.63,92.09,35.84,13.52,45.93,0
385,3,82.93,97.29,90.31,35.09,14.05,46.44,0
385,4,82.97,97.39,88.05,34.81,13.42,46.25,0
385,5,83.19,97.78,89.93,34.03,13.52,45.20,0
385,6,81.79,97.28,89.61,33.97,13.23,46.53,0
385,7,81.93,97.14,91.79,35.42,13.06,46.73,0
385,8,81.47,97.61,91.60,34.66,14.12,46.50,0
385,9,83.80,97.10,90.01,34.57,13.80,45.37,0
385,10,82.18,97.40,89.60,34.53,13.81,45.31,0
385,11,82.32,97.86,87.31,35.59,14.02,45.98,0
385,12,83.44,97.39,85.98,34.26,13.48,48.47,0
385,13,82.25,97.60,87.50,35.38,13.39,48.01,0
385,14,81.99,97.14,91.04,34.11,13.35,46.85,0
385,15,81.87,97.71,88.95,34.59,13.72,48.44,0
385,16,83.42,97.78,87.93,35.40,13.27,45.58,0
385,17,81.16,97.31,90.60,35.07,13.62,47.42,0
385,18,81.92,97.56,89.74,35.38,13.88,45.34,0
385,19,83.95,97.64,86.67,35.56,13.92,47.65,0
386,0,84.93,98.25,84.04,33.79,14.15,53.27,0
386,1,83.71,98.25,85.31,32.81,14.72,53.73,0
386,2,84.51,98.36,86.96,34.13,14.59,52.94,0
386,3,82.67,98.49,85.94,34.54,14.54,50.02,0
386,4,83.01,98.68,86.17,34.34,14.14,51.77,0
386,5,86.41,98.64,88.06,32.73,14.57,50.64,0
386,6,83.65,98.12,84.06,34.50,14.39,52.43,0
386,7,83.25,98.87,87.62,34.33,13.71,53.42,0
386,8,85.01,98.83,87.76,33.86,13.67,50.84,0
386,9,91.92,98.75,78.25,33.28,14.16,50.14,0
386,10,90.90,98.54,75.91,32.74,13.75,47.23,0
386,11,91.86,98.49,70.36,33.78,14.15,48.38,1
386,12,91.49,98.18,76.06,34.48,14.47,49.47,0
386,13,87.96,98.30,78.72,34.03,13.76,49.35,0
386,14,83.42,98.36,84.58,33.94,13.65,50.16,0
386,15,84.49,98.85,84.30,33.49,14.34,50.65,0
386,16,85.12,98.22,86.02,33.68,14.47,52.60,0
386,17,83.16,98.20,83.96,32.72,13.64,50.02,0
386,18,83.55,98.15,81.98,33.59,13.71,51.07,0
386,19,82.92,98.58,84.20,32.79,14.13,53.39,0
387,0,77.85,97.73,86.58,38.37,13.63,47.50,0
387,1,80.33,97.75,88.70,37.00,12.94,47.88,0
387,2,80.00,97.58,86.73,36.83,12.90,47.17,0
387,3,79.49,98.02,85.02,36.82,12.95,50.35,0
387,4,81.69,97.91,89.24,37.94,13.27,48.14,0
387,5,78.24,97.68,88.71,37.80,14.01,49.42,0
387,6,81.54,97.45,86.05,37.16,13.42,50.35,0
387,7,79.26,97.63,85.29,38.18,14.01,49.56,0
387,8,78.65,97.57,85.51,37.19,13.32,50.21,0
387,9,78.02,98.13,85.23,37.99,12.96,51.03,0
387,10,78.03,98.12,83.54,37.72,13.18,49.87,0
387,11,78.52,98.06,84.28,38.34,13.27,50.90,0
387,12,79.34,98.18,84.36,37.25,13.90,50.16,0
387,13,78.78,97.40,86.42,37.02,13.49,47.51,0
387,14,80.23,97.90,88.09,36.51,13.52,47.19,0
387,15,77.56,97.45,88.18,37.23,13.05,49.23,0
387,16,79.56,97.93,82.58,37.61,13.44,47.50,0
387,17,78.30,97.60,87.88,37.24,13.74,48.62,0
387,18,79.00,97.97,83.12,37.60,13.15,47.36,0
387,19,78.62,98.12,85.40,36.45,13.74,49.56,0
388,0,76.65,97.86,84.71,37.71,11.19,62.26,0
388,1,79.73,97.61,83.78,38.20,11.28,60.19,0
388,2,78.21,97.91,84.04,37.46,11.96,63.21,0
388,3,78.96,97.86,86.17,36.51,11.27,59.91,0
388,4,79.25,97.95,83.26,38.05,11.14,62.57,0
388,5,76.84,97.63,84.56,37.18,11.56,61.53,0
388,6,79.09,97.21,85.95,38.00,11.32,61.51,0
388,7,79.09,97.96,81.40,37.89,11.23,62.18,0
388,8,76.55,97.81,83.15,36.86,11.05,61.02,0
388,9,75.98,97.30,83.61,37.59,12.17,60.24,0
388,10,76.80,97.25,82.16,37.86,11.99,62.13,0
388,11,77.63,97.25,82.08,36.39,12.06,62.52,0
388,12,75.48,97.83,82.64,37.05,11.44,60.46,0
388,13,74.97,97.92,83.66,37.71,11.86,60.77,0
388,14,76.27,97.84,82.11,36.72,11.44,60.70,0
388,15,78.78,97.21,79.40,37.59,11.60,60.17,0
388,16,75.67,97.94,80.02,37.18,11.21,59.89,0
388,17,76.42,97.26,84.74,37.64,11.18,60.35,0
388,18,78.99,97.73,84.30,36.91,11.73,59.66,0
388,19,77.70,97.68,82.08,36.36,11.48,59.46,0
389,0,84.28,97.00,77.67,38.14,14.23,51.51,0
389,1,86.28,97.21,79.06,38.54,14.62,51.94,0
389,2,86.22,96.92,78.83,38.65,14.73,51.88,0
389,3,85.44,97.50,77.96,39.05,15.07,49.76,0
389,4,85.97,96.80,78.51,38.85,14.57,50.14,0
389,5,84.01,97.54,82.58,38.66,15.20,51.42,0
389,6,85.75,96.98,77.93,37.34,14.47,52.82,0
389,7,84.62,97.29,80.17,38.72,14.49,53.16,0
389,8,83.79,97.52,79.66,38.04,14.59,52.51,0
389,9,90.53,97.04,73.29,37.38,15.16,46.57,0
389,10,92.43,97.46,67.10,37.57,14.79,47.20,0
389,11,95.91,97.48,63.52,38.77,14.31,45.37,1
389,12,92.70,97.02,69.27,37.72,14.84,45.94,0
389,13,90.85,97.35,73.81,37.69,14.91,48.11,0
389,14,85.37,97.23,78.78,37.37,14.50,51.62,0
389,15,82.76,97.06,77.78,37.31,14.86,51.06,0
389,16,85.56,96.78,76.07,37.30,15.17,51.05,0
389,17,85.64,96.98,80.38,37.61,15.06,49.69,0
389,18,83.93,96.80,80.34,37.79,14.58,49.93,0
389,19,84.80,96.84,77.43,38.56,14.52,49.31,0
390,0,85.80,98.18,88.60,36.99,15.23,59.21,0
390,1,86.38,98.31,89.55,37.02,15.01,61.63,0
390,2,86.56,98.26,90.86,37.68,14.87,62.33,0
390,3,87.75,98.41,89.64,37.31,15.17,59.88,0
390,4,84.98,98.18,88.85,36.16,14.77,62.39,0
390,5,84.97,98.16,94.06,36.55,14.92,60.56,0
390,6,85.08,98.14,89.04,36.32,15.54,60.17,0
390,7,85.08,98.17,92.81,37.89,15.50,59.79,0
390,8,86.43,98.38,89.51,37.50,15.51,62.34,0
390,9,86.96,98.35,88.51,37.66,14.94,62.61,0
390,10,84.08,98.08,91.19,36.63,14.96,61.94,0
390,11,86.80,97.91,89.80,37.91,15.30,61.62,0
390,12,86.60,98.20,87.59,37.64,15.04,62.43,0
390,13,85.40,97.80,91.95,37.53,15.08,60.04,0
390,14,85.91,97.95,91.76,37.99,15.08,60.71,0
390,15,84.60,97.92,88.43,36.20,14.52,60.15,0
390,16,86.37,98.36,88.67,37.84,14.57,60.84,0
390,17,86.94,98.16,88.75,36.97,15.54,59.40,0
390,18,87.06,98.43,90.08,36.32,14.75,59.50,0
390,19,84.60,97.95,88.09,36.50,15.17,58.84,0
391,0,88.41,98.89,91.94,35.32,13.38,58.06,0
391,1,86.50,98.55,91.32,35.88,12.69,56.37,0
391,2,88.26,98.82,87.08,35.21,12.67,56.33,0
391,3,86.93,98.35,92.00,35.49,12.95,57.63,0
391,4,87.85,98.50,91.89,34.55,13.41,55.44,0
391,5,86.97,99.03,92.42,34.37,13.19,56.11,0
391,6,90.43,98.99,89.31,35.24,12.67,59.08,0
391,7,88.48,98.47,87.18,34.77,13.22,57.15,0
391,8,89.29,98.56,90.89,34.74,12.85,57.41,0
391,9,89.47,99.11,88.06,34.99,12.88,57.38,0
391,10,94.99,99.05,82.94,35.79,13.49,53.40,0
391,11,94.71,98.63,75.83,35.97,13.23,52.55,0
391,12,98.50,98.79,76.72,36.06,12.74,51.12,1
391,13,94.98,99.13,78.98,34.95,13.07,53.16,0
391,14,92.12,98.97,82.76,35.00,12.83,54.67,0
391,15,88.54,98.77,88.31,35.99,13.41,56.24,0
391,16,86.86,98.89,87.46,35.82,12.54,56.17,0
391,17,87.02,99.03,89.68,35.06,13.13,58.17,0
391,18,88.13,99.07,90.50,34.41,13.69,56.55,0
391,19,89.44,98.67,88.68,34.28,13.21,55.39,0
392,0,90.98,97.49,88.29,33.42,10.24,58.99,0
392,1,90.20,97.61,87.06,32.33,10.37,58.67,0
392,2,91.16,97.06,90.13,33.93,10.06,58.80,0
392,3,91.02,97.29,86.25,32.41,10.04,58.75,0
392,4,89.59,96.93,87.12,32.68,9.80,56.01,0
392,5,92.02,97.47,88.99,33.68,10.39,59.18,0
392,6,91.99,97.12,86.88,32.92,10.07,56.93,0
392,7,89.88,97.16,90.00,32.95,10.57,58.54,0
392,8,90.89,96.89,89.33,33.67,10.05,57.53,0
392,9,89.82,97.50,87.43,34.11,9.91,57.07,0
392,10,89.26,97.19,89.28,32.98,9.73,58.81,0
392,11,87.46,96.93,87.95,32.35,10.68,59.53,0
392,12,88.74,97.17,85.05,34.11,10.36,59.26,0
392,13,90.38,96.85,85.74,33.56,10.15,55.81,0
392,14,87.89,97.04,86.28,32.69,9.79,58.72,0
392,15,88.19,96.88,84.43,34.24,10.63,59.22,0
392,16,88.64,96.94,85.73,32.46,9.91,58.16,0
392,17,87.16,97.44,85.16,33.95,9.90,59.26,0
392,18,88.19,97.36,85.59,33.53,10.83,56.35,0
392,19,91.44,97.53,84.53,33.96,9.68,58.81,0
393,0,90.29,97.12,95.28,36.68,14.70,58.53,0
393,1,91.88,97.28,97.96,36.96,14.94,59.58,0
393,2,90.71,96.68,97.14,37.69,14.70,58.35,0
393,3,91.99,96.69,99.80,37.75,15.29,59.74,0
393,4,91.57,96.72,97.40,37.30,14.51,58.78,0
393,5,89.54,96.73,96.65,37.80,14.98,57.47,0
393,6,92.56,96.82,98.85,35.91,14.32,57.74,0
393,7,89.79,96.86,96.18,35.82,14.79,59.21,0
393,8,91.62,97.41,97.05,36.62,15.20,59.16,0
393,9,91.69,97.06,97.44,36.77,15.11,57.64,0
393,10,92.04,96.71,96.29,36.06,14.70,58.41,0
393,11,89.35,97.03,95.17,36.36,14.21,57.15,0
393,12,90.41,97.21,98.39,37.05,15.03,58.90,0
393,13,89.35,97.14,96.09,37.48,15.35,57.57,0
393,14,87.60,97.21,94.04,37.25,14.35,56.87,0
393,15,89.90,96.97,95.16,36.77,14.23,56.41,0
393,16,90.88,96.73,97.70,37.54,14.91,56.39,0
393,17,89.11,97.01,98.43,36.53,15.01,56.87,0
393,18,91.02,96.80,97.97,35.87,14.18,56.93,0
393,19,91.21,96.75,93.98,36.24,14.26,59.19,0
394,0,78.27,97.84,93.02,36.89,14.95,46.82,0
394,1,75.93,97.56,91.52,36.70,14.44,47.14,0
394,2,76.18,97.19,94.54,37.57,14.37,46.73,0
394,3,77.92,97.33,93.38,37.49,15.08,46.86,0
394,4,76.55,97.20,92.66,37.60,14.80,44.78,0
394,5,79.67,97.35,92.64,36.66,14.55,47.71,0
394,6,78.03,97.27,90.40,36.51,14.15,45.06,0
394,7,78.80,97.58,93.88,36.48,14.82,44.96,0
394,8,78.76,97.42,94.21,35.85,14.23,46.31,0
394,9,83.63,97.71,82.50,36.05,14.66,44.09,0
394,10,87.44,97.14,83.54,36.50,14.81,40.62,0
394,11,85.54,97.53,77.79,35.97,14.60,39.80,1
394,12,84.37,97.10,78.60,36.85,14.28,41.62,0
394,13,83.95,97.61,84.13,36.62,14.30,42.48,0
394,14,75.44,97.68,88.18,35.93,13.99,47.23,0
394,15,78.05,97.29,91.49,36.82,14.48,44.71,0
394,16,75.97,97.29,93.14,37.26,14.36,45.03,0
394,17,77.06,97.54,93.17,37.36,14.87,45.22,0
394,18,76.64,97.81,91.18,37.12,14.48,48.04,0
394,19,76.57,97.52,93.11,36.97,14.28,48.21,0
395,0,92.30,98.15,94.52,34.66,12.18,50.13,0
395,1,93.39,97.94,95.96,35.98,11.83,50.09,0
395,2,90.98,98.47,100.03,35.63,11.11,49.33,0
395,3,90.19,98.35,99.25,34.68,12.04,49.69,0
395,4,92.43,97.68,100.64,35.72,11.41,51.08,0
395,5,92.10,97.85,98.60,34.82,12.14,51.05,0
395,6,90.84,98.14,97.92,34.69,11.49,50.88,0
395,7,93.57,98.11,95.21,34.55,12.09,52.40,0
395,8,89.60,97.80,96.99,35.56,11.29,50.30,0
395,9,91.98,98.03,98.41,35.63,11.84,52.56,0
395,10,90.66,97.78,99.81,35.34,11.53,50.51,0
395,11,91.74,98.41,93.88,34.63,11.67,50.70,0
395,12,91.18,98.27,95.95,34.39,11.44,49.93,0
395,13,89.12,97.95,93.79,34.06,12.00,49.37,0
395,14,89.12,98.28,99.07,34.43,11.87,50.64,0
395,15,92.00,98.01,98.50,35.09,12.10,49.74,0
395,16,90.85,97.91,93.93,35.26,11.62,52.59,0
395,17,92.34,98.24,97.08,35.83,11.13,50.60,0
395,18,88.96,98.06,94.22,34.78,11.76,50.02,0
395,19,92.84,97.98,95.83,35.61,11.56,51.38,0
396,0,80.23,97.64,86.48,35.68,10.38,53.98,0
396,1,82.22,97.64,86.45,34.69,10.44,55.45,0
396,2,81.37,97.49,88.99,34.87,10.57,54.78,0
396,3,82.51,97.61,89.44,35.73,10.93,56.99,0
396,4,83.67,97.63,88.84,34.70,11.47,56.25,0
396,5,82.06,97.22,89.10,34.98,10.28,55.74,0
396,6,83.96,97.68,92.31,34.75,10.38,55.15,0
396,7,83.62,97.20,87.20,34.85,10.52,53.23,0
396,8,80.26,97.24,91.67,34.65,11.35,54.47,0
396,9,80.41,97.36,87.45,34.75,11.27,54.09,0
396,10,82.97,97.32,90.49,35.02,11.16,56.38,0
396,11,80.03,96.99,89.09,36.05,10.68,54.52,0
396,12,80.97,97.28,89.23,36.44,11.25,54.11,0
396,13,82.35,97.45,88.61,35.16,10.38,55.67,0
396,14,82.43,97.20,87.27,34.62,10.43,55.12,0
396,15,80.60,97.56,85.18,35.90,10.64,55.68,0
396,16,81.92,97.41,88.20,35.11,10.31,53.76,0
396,17,80.96,97.17,91.15,35.60,11.05,55.12,0
396,18,82.20,97.10,89.43,34.48,10.65,53.98,0
396,19,82.41,97.37,87.72,34.80,10.77,54.86,0
397,0,72.79,98.43,77.50,34.96,13.45,49.48,0
397,1,72.15,98.83,80.17,36.25,14.14,49.20,0
397,2,71.55,98.89,83.08,35.21,14.29,49.95,0
397,3,72.08,98.71,82.85,34.52,14.10,47.83,0
397,4,72.75,98.48,78.53,36.15,14.25,47.69,0
397,5,71.84,99.05,80.35,34.86,14.21,48.36,0
397,6,73.12,99.07,80.36,34.92,14.08,49.23,0
397,7,71.31,98.83,80.79,35.38,13.25,49.81,0
397,8,72.46,98.92,83.15,34.90,13.12,47.38,0
397,9,72.04,98.91,78.89,35.79,14.02,47.16,0
397,10,72.37,98.88,80.87,34.66,13.88,46.59,0
397,11,70.64,98.43,81.28,35.22,14.05,47.02,0
397,12,71.13,98.48,80.30,34.65,14.14,47.59,0
397,13,72.49,98.41,76.60,34.88,13.50,47.63,0
397,14,70.58,98.41,81.50,34.70,13.98,47.52,0
397,15,69.95,99.13,77.14,34.84,13.84,47.26,0
397,16,69.45,98.45,82.14,35.32,13.36,46.75,0
397,17,69.77,98.50,82.16,35.96,14.06,50.10,0
397,18,72.10,98.69,81.95,36.33,14.15,49.45,0
397,19,70.51,98.72,79.15,35.06,14.03,48.93,0
398,0,77.40,97.89,79.50,38.68,9.97,46.32,0
398,1,78.91,98.32,80.28,37.50,10.01,47.19,0
398,2,76.86,98.31,82.82,37.82,10.07,45.77,0
398,3,76.31,97.85,80.19,37.52,10.60,47.70,0
398,4,77.42,97.81,81.54,37.28,10.41,47.28,0
398,5,79.92,97.58,84.45,38.23,10.01,45.62,0
398,6,77.34,97.59,83.53,38.11,10.64,45.64,0
398,7,76.98,97.65,85.35,37.47,9.97,45.82,0
398,8,84.11,98.35,73.68,39.07,10.49,44.45,0
398,9,84.15,97.81,72.37,37.84,10.09,41.00,0
398,10,85.59,98.16,66.27,38.22,9.84,41.27,1
398,11,86.28,98.12,71.96,37.82,9.58,42.44,0
398,12,83.23,98.02,75.20,38.88,10.67,44.90,0
398,13,77.70,97.68,84.08,37.20,10.12,47.73,0
398,14,76.86,98.34,79.70,37.35,10.00,45.10,0
398,15,77.28,98.32,81.76,38.29,10.02,45.47,0
398,16,78.64,98.13,83.63,38.31,9.95,47.42,0
398,17,77.71,97.76,84.38,38.41,9.97,45.66,0
398,18,75.94,97.79,81.12,38.66,10.25,46.05,0
398,19,75.75,97.61,80.72,38.13,10.71,45.92,0
399,0,75.78,97.80,93.87,32.91,15.44,41.42,0
399,1,78.54,97.81,90.78,32.92,15.27,44.44,0
399,2,78.02,97.58,94.48,32.64,15.18,44.32,0
399,3,77.18,97.78,92.16,33.13,15.43,42.63,0
399,4,78.77,98.04,92.10,33.70,14.75,41.58,0
399,5,78.13,98.27,94.19,33.09,14.38,44.32,0
399,6,77.37,97.69,94.43,33.28,14.95,43.81,0
399,7,78.52,97.59,93.49,32.54,15.14,41.08,0
399,8,78.64,97.75,93.63,34.01,15.21,42.93,0
399,9,77.31,98.24,91.04,33.29,14.94,41.92,0
399,10,83.73,97.71,88.24,32.69,15.14,41.23,0
399,11,83.13,97.81,78.15,32.48,15.18,38.84,0
399,12,84.60,98.32,78.54,33.90,15.09,39.13,1
399,13,85.28,98.12,83.44,33.21,15.33,37.10,0
399,14,81.95,98.20,82.76,32.97,15.29,38.40,0
399,15,76.27,98.35,91.78,33.58,15.20,41.94,0
399,16,77.57,98.05,90.15,34.17,15.45,42.09,0
399,17,74.93,98.20,91.34,32.98,15.23,43.73,0
399,18,77.95,98.22,89.75,33.56,15.15,43.85,0
399,19,76.52,97.83,90.82,34.23,15.18,44.13,0
400,0,89.00,97.86,94.40,36.89,14.77,59.14,0
400,1,90.91,98.29,95.48,35.61,13.58,59.45,0
400,2,88.25,97.72,94.63,35.98,14.72,60.97,0
400,3,91.56,97.92,97.62,35.43,14.01,60.97,0
400,4,91.51,98.40,95.55,35.33,13.63,60.51,0
400,5,88.90,97.90,97.54,35.83,13.87,59.25,0
400,6,89.09,98.38,93.83,35.18,14.49,57.25,0
400,7,90.70,97.70,94.41,35.70,14.19,60.39,0
400,8,88.59,97.98,95.44,36.84,14.23,58.72,0
400,9,91.09,97.89,97.09,36.10,13.58,57.54,0
400,10,90.72,98.26,95.89,36.60,13.60,60.11,0
400,11,89.47,98.28,96.15,36.87,13.75,57.49,0
400,12,89.21,98.37,94.36,36.81,14.09,58.50,0
400,13,88.59,98.13,93.34,36.51,14.60,59.86,0
400,14,87.23,97.95,95.29,36.00,14.07,61.11,0
400,15,88.75,98.29,96.17,35.38,13.72,57.33,0
400,16,87.48,98.45,91.11,36.34,14.33,60.21,0
400,17,90.48,97.96,92.65,36.07,13.83,59.93,0
400,18,90.10,97.73,96.51,36.19,14.73,58.95,0
400,19,89.77,97.83,97.01,35.20,14.22,59.94,0
401,0,74.83,97.92,95.31,35.08,12.09,44.71,0
401,1,76.68,98.07,96.37,35.38,12.13,45.17,0
401,2,76.18,97.42,93.03,35.18,11.94,44.00,0
401,3,73.58,97.97,95.52,34.85,12.63,44.06,0
401,4,74.28,97.66,94.97,35.20,12.04,45.08,0
401,5,74.02,97.36,98.23,34.51,12.39,47.18,0
401,6,74.61,97.69,95.21,34.41,11.61,45.44,0
401,7,77.34,97.67,95.10,35.19,12.52,45.67,0
401,8,76.74,97.75,92.64,35.32,11.87,45.67,0
401,9,75.77,97.32,97.34,34.65,12.07,43.60,0
401,10,76.39,97.50,95.18,34.40,12.33,45.23,0
401,11,74.44,97.63,94.32,34.16,12.01,46.97,0
401,12,75.05,97.91,96.13,35.80,12.16,45.39,0
401,13,74.94,97.72,95.10,35.47,12.48,47.01,0
401,14,73.40,97.61,96.06,34.55,12.28,46.32,0
401,15,72.23,98.01,91.53,34.60,11.96,46.82,0
401,16,75.87,97.88,96.18,35.80,11.73,45.24,0
401,17,72.70,97.90,92.58,34.18,11.57,45.63,0
401,18,75.59,97.90,94.86,34.62,12.36,47.26,0
401,19,74.39,97.41,94.86,35.18,12.66,44.68,0
402,0,72.89,98.47,95.52,32.72,13.45,59.18,0
402,1,74.78,98.43,91.26,34.06,12.55,59.32,0
402,2,72.76,98.43,91.92,33.82,13.55,57.28,0
402,3,74.86,98.31,91.09,34.60,12.76,57.95,0
402,4,73.36,98.78,93.59,33.33,13.69,59.08,0
402,5,73.76,98.66,94.45,33.32,13.32,56.95,0
402,6,75.49,98.70,94.76,34.06,13.62,58.81,0
402,7,72.89,98.48,92.87,34.55,13.39,60.22,0
402,8,73.34,98.60,95.54,33.71,13.03,57.76,0
402,9,74.54,98.43,91.07,33.79,13.44,56.51,0
402,10,72.07,98.46,91.77,33.72,12.93,58.10,0
402,11,71.40,98.82,93.43,32.93,13.45,57.24,0
402,12,72.91,98.91,90.80,33.67,13.45,59.71,0
402,13,74.60,98.39,89.33,33.76,13.69,58.22,0
402,14,73.76,98.80,90.18,33.27,13.25,57.80,0
402,15,74.46,98.33,94.48,34.02,13.15,58.62,0
402,16,71.80,98.67,89.44,32.65,13.57,60.11,0
402,17,72.13,98.32,93.98,34.03,12.55,58.45,0
402,18,71.52,98.31,92.94,33.40,13.26,58.41,0
402,19,75.43,98.63,92.29,34.46,13.45,58.67,0
403,0,74.23,97.87,81.31,35.69,12.01,59.74,0
403,1,74.51,97.39,81.64,36.96,11.90,56.18,0
403,2,76.19,97.84,81.67,36.25,12.03,58.13,0
403,3,75.67,97.62,84.64,37.28,11.26,57.21,0
403,4,76.82,97.68,85.16,35.70,11.94,59.67,0
403,5,77.34,97.45,82.88,35.90,11.21,57.26,0
403,6,77.00,97.61,84.05,36.78,11.20,59.28,0
403,7,74.42,97.78,81.67,36.88,12.04,57.99,0
403,8,74.90,97.91,83.35,36.78,12.27,59.42,0
403,9,73.00,97.65,83.30,37.36,11.45,57.01,0
403,10,79.03,97.49,76.04,36.16,12.06,54.81,0
403,11,82.75,97.70,72.83,37.30,11.72,53.40,0
403,12,85.66,98.00,67.03,37.21,11.87,52.98,1
403,13,80.10,97.37,73.14,36.00,11.91,55.62,0
403,14,79.24,97.51,74.15,36.52,11.32,55.49,0
403,15,74.73,98.02,79.53,36.14,11.76,59.26,0
403,16,73.53,98.02,83.87,37.00,11.23,57.01,0
403,17,75.74,97.70,80.75,35.83,12.04,56.26,0
403,18,74.46,97.41,84.29,35.60,12.22,56.68,0
403,19,74.82,97.95,83.12,36.46,11.14,58.01,0
404,0,76.84,98.98,82.71,36.92,11.62,51.90,0
404,1,75.72,98.93,82.31,35.78,11.57,51.42,0
404,2,77.96,98.69,80.38,35.54,11.77,53.33,0
404,3,76.10,99.32,85.26,36.91,11.09,54.32,0
404,4,79.79,98.82,83.82,35.57,11.91,54.52,0
404,5,77.41,99.12,86.30,35.97,11.67,54.83,0
404,6,78.73,98.65,82.90,36.84,11.01,51.19,0
404,7,77.75,98.92,85.55,37.27,12.00,51.14,0
404,8,81.90,98.82,75.05,36.73,11.50,49.02,0
404,9,86.39,99.08,71.48,36.80,11.78,48.30,0
404,10,88.02,99.34,68.70,36.48,11.82,49.64,1
404,11,83.66,98.78,71.88,35.61,11.26,49.64,0
404,12,81.58,98.83,77.70,37.00,11.13,51.03,0
404,13,78.56,98.57,80.80,36.50,10.81,53.30,0
404,14,77.56,99.11,79.49,36.88,11.43,51.15,0
404,15,77.45,99.36,80.63,35.63,11.98,51.64,0
404,16,76.94,99.32,82.57,37.39,11.68,53.75,0
404,17,77.45,99.34,84.78,36.47,11.32,51.85,0
404,18,77.23,99.34,81.65,36.50,11.62,54.09,0
404,19,75.61,98.71,85.47,37.36,11.71,51.51,0
405,0,78.76,98.39,86.00,34.54,12.10,48.69,0
405,1,78.63,98.34,86.33,35.89,11.75,50.61,0
405,2,79.78,98.32,88.16,34.50,12.38,50.71,0
405,3,79.75,98.36,86.10,34.19,12.67,48.82,0
405,4,81.50,98.26,85.89,34.36,12.02,51.79,0
405,5,80.07,98.61,86.58,34.30,12.08,51.50,0
405,6,82.68,98.72,83.49,34.75,12.50,50.02,0
405,7,80.61,98.36,88.68,34.65,12.32,51.54,0
405,8,82.51,98.34,84.05,35.49,11.90,48.23,0
405,9,82.01,98.18,85.94,34.86,12.43,48.48,0
405,10,81.13,98.84,82.45,35.40,12.47,49.57,0
405,11,78.35,98.24,87.80,36.07,12.03,51.11,0
405,12,80.26,98.82,85.79,36.07,12.42,49.87,0
405,13,78.68,98.39,85.82,35.20,11.89,51.84,0
405,14,80.53,98.57,84.46,35.08,11.93,48.78,0
405,15,78.84,98.56,82.69,35.95,12.38,50.93,0
405,16,79.62,98.75,85.90,35.18,11.88,49.30,0
405,17,81.60,98.91,82.11,34.94,11.75,48.99,0
405,18,79.74,98.86,85.24,34.27,11.80,48.91,0
405,19,80.14,98.28,87.07,34.22,12.76,48.16,0
406,0,85.03,98.83,95.28,36.77,14.60,55.86,0
406,1,85.38,98.73,92.16,37.01,13.84,56.48,0
406,2,84.00,98.99,91.54,35.94,13.95,55.49,0
406,3,83.80,98.95,96.03,36.74,14.06,56.59,0
406,4,84.68,99.31,94.36,36.99,14.25,54.07,0
406,5,83.70,98.85,92.50,37.38,14.00,56.37,0
406,6,84.88,98.94,94.83,36.36,14.03,52.78,0
406,7,83.13,99.06,94.06,35.99,14.27,54.70,0
406,8,85.44,99.03,94.63,35.89,14.10,53.55,0
406,9,85.05,98.79,95.89,37.66,13.67,56.05,0
406,10,82.67,98.71,93.94,37.79,14.11,55.83,0
406,11,84.29,99.03,90.92,36.36,14.30,55.75,0
406,12,81.50,99.36,90.21,37.59,14.06,55.50,0
406,13,82.89,98.86,91.64,36.04,14.65,56.31,0
406,14,83.79,98.70,94.93,35.99,13.72,52.68,0
406,15,85.11,99.05,91.80,37.54,13.75,53.19,0
406,16,82.75,98.67,90.66,37.44,14.17,56.36,0
406,17,82.71,98.95,89.65,37.74,13.68,54.15,0
406,18,82.13,99.23,95.30,36.37,14.28,55.19,0
406,19,83.86,98.63,91.97,37.40,14.07,53.45,0
407,0,81.23,98.37,79.78,35.00,15.25,48.47,0
407,1,83.21,98.39,82.85,35.56,15.43,50.07,0
407,2,83.81,97.76,83.74,33.92,15.29,46.83,0
407,3,84.01,97.70,85.21,34.74,16.21,49.74,0
407,4,83.57,98.27,80.65,35.86,16.04,48.22,0
407,5,81.58,97.77,81.10,35.14,16.06,48.42,0
407,6,81.54,97.86,84.85,35.48,16.14,49.34,0
407,7,84.98,97.84,86.22,35.72,15.83,46.76,0
407,8,81.87,98.09,81.75,34.23,15.78,49.99,0
407,9,82.79,98.22,85.27,34.35,15.02,48.23,0
407,10,82.22,98.12,80.04,34.04,15.96,47.29,0
407,11,83.29,97.68,80.97,34.17,16.17,50.35,0
407,12,81.30,98.35,79.86,34.14,15.58,49.57,0
407,13,83.06,98.14,79.54,35.87,15.93,47.73,0
407,14,80.32,98.34,82.05,34.40,15.15,47.11,0
407,15,82.04,98.29,80.54,34.56,15.44,47.94,0
407,16,82.39,98.33,81.73,35.53,15.18,49.09,0
407,17,83.21,97.71,82.80,34.58,16.03,49.57,0
407,18,83.28,97.95,80.96,34.23,15.53,48.07,0
407,19,81.90,98.00,84.70,35.49,16.15,50.24,0
408,0,83.33,98.90,82.75,36.57,10.98,54.62,0
408,1,83.54,98.87,81.12,35.98,11.07,56.20,0
408,2,83.00,98.50,83.19,36.59,11.11,56.96,0
408,3,81.57,98.79,84.08,35.58,11.34,55.48,0
408,4,83.37,99.21,82.00,35.87,11.00,56.21,0
408,5,82.62,98.87,81.56,36.88,11.28,54.32,0
408,6,83.82,99.18,82.63,37.27,10.80,56.98,0
408,7,83.29,98.66,79.52,35.75,10.45,57.00,0
408,8,83.20,99.27,79.70,36.07,10.50,56.45,0
408,9,82.57,99.25,81.87,36.10,11.11,56.18,0
408,10,82.26,99.12,83.03,37.10,10.99,54.16,0
408,11,79.90,98.57,78.65,36.66,10.97,56.80,0
408,12,79.69,98.89,82.99,35.56,10.48,56.16,0
408,13,80.04,99.03,81.77,36.83,10.62,55.99,0
408,14,80.46,98.75,78.94,36.94,11.33,56.98,0
408,15,80.98,99.00,78.22,37.46,10.38,56.03,0
408,16,78.82,98.52,81.04,37.48,11.30,53.66,0
408,17,81.77,98.72,79.87,36.30,10.30,56.22,0
408,18,82.44,99.08,82.48,37.42,11.36,53.49,0
408,19,83.15,98.57,81.06,35.98,10.63,54.51,0
409,0,80.67,97.35,82.47,39.79,15.26,53.80,0
409,1,81.37,97.68,85.21,39.66,15.10,54.54,0
409,2,80.46,97.27,84.83,39.57,15.27,53.94,0
409,3,82.87,97.60,82.35,37.86,16.29,54.12,0
409,4,83.58,97.62,83.62,37.97,15.52,56.91,0
409,5,82.10,97.29,84.19,39.21,16.03,54.70,0
409,6,82.49,97.64,85.40,39.56,15.76,54.30,0
409,7,81.13,97.17,84.37,39.75,15.37,57.39,0
409,8,81.17,97.54,81.57,38.18,15.48,54.45,0
409,9,81.82,97.22,83.35,38.07,15.33,55.11,0
409,10,82.33,97.26,83.47,39.51,15.71,56.19,0
409,11,82.46,97.33,83.57,38.41,15.51,55.03,0
409,12,80.80,97.64,81.21,39.72,16.05,56.76,0
409,13,81.44,97.69,83.15,38.56,16.04,56.34,0
409,14,81.89,97.22,80.09,38.22,15.32,55.67,0
409,15,82.35,97.35,83.47,38.31,15.29,54.54,0
409,16,81.82,97.34,84.22,39.48,15.29,56.87,0
409,17,80.87,97.82,82.15,39.20,15.98,55.71,0
409,18,79.60,97.48,83.24,39.01,15.69,54.97,0
409,19,83.14,97.30,83.91,39.35,15.20,54.58,0
410,0,82.16,97.51,100.48,35.01,15.48,56.45,0
410,1,84.86,97.56,99.32,36.42,15.94,57.53,0
410,2,82.16,97.42,98.28,34.83,15.73,56.30,0
410,3,83.15,97.75,96.93,35.28,15.98,58.90,0
410,4,85.93,97.26,98.26,34.91,15.66,58.45,0
410,5,83.90,97.48,97.99,36.32,15.64,59.67,0
410,6,82.63,97.28,95.94,35.48,15.82,58.68,0
410,7,82.71,97.34,99.92,35.28,15.00,58.97,0
410,8,82.42,97.38,98.92,36.35,15.17,56.01,0
410,9,83.80,97.67,99.87,34.89,15.35,56.33,0
410,10,84.03,97.51,95.57,34.64,15.61,56.77,0
410,11,81.06,97.16,100.37,35.61,15.02,57.06,0
410,12,80.93,97.66,95.75,35.59,15.22,57.62,0
410,13,80.65,97.48,96.03,35.86,15.02,56.32,0
410,14,80.66,97.44,96.76,35.24,15.38,58.82,0
410,15,81.12,97.78,94.41,36.42,15.93,56.21,0
410,16,82.94,97.12,99.62,35.58,15.42,59.25,0
410,17,84.05,97.52,97.11,35.17,16.04,57.32,0
410,18,84.27,97.05,98.52,35.29,15.21,58.83,0
410,19,84.57,97.05,98.58,34.60,15.04,59.89,0
411,0,83.04,98.33,81.07,36.43,9.87,46.97,0
411,1,84.83,98.49,83.18,36.23,10.26,47.47,0
411,2,85.96,98.84,81.10,35.62,10.13,45.19,0
411,3,86.31,98.93,82.63,34.78,10.68,46.72,0
411,4,85.51,98.39,86.24,35.98,10.62,48.73,0
411,5,85.58,98.49,83.08,34.63,10.73,46.12,0
411,6,85.84,98.37,84.24,36.18,10.64,46.85,0
411,7,84.50,98.44,81.90,35.23,10.20,46.16,0
411,8,85.74,98.39,83.92,34.80,10.60,46.02,0
411,9,86.48,99.06,81.91,35.87,10.35,48.68,0
411,10,85.03,98.89,83.11,35.48,10.22,45.52,0
411,11,83.40,98.81,84.97,36.02,10.95,45.68,0
411,12,84.09,99.03,79.90,36.10,10.81,47.16,0
411,13,82.94,98.43,83.91,35.61,9.89,47.23,0
411,14,83.41,98.61,82.58,34.63,9.98,48.18,0
411,15,82.00,99.04,82.94,35.71,10.06,48.75,0
411,16,85.88,98.96,84.26,34.56,9.91,47.69,0
411,17,83.96,99.04,80.38,35.22,10.59,47.93,0
411,18,83.31,98.40,80.42,35.89,10.33,46.12,0
411,19,83.47,98.36,83.97,36.35,9.94,48.78,0
412,0,76.15,98.08,76.64,38.18,9.73,55.07,0
412,1,73.69,97.58,76.64,36.74,9.90,53.85,0
412,2,73.13,98.11,81.23,38.20,9.74,54.93,0
412,3,74.52,97.91,78.46,37.34,9.88,53.32,0
412,4,73.48,98.09,81.78,37.35,10.75,52.95,0
412,5,74.94,97.67,77.34,38.03,10.61,52.39,0
412,6,73.79,97.75,77.17,38.37,9.97,53.08,0
412,7,73.71,98.28,79.47,37.43,9.82,53.09,0
412,8,76.27,97.82,78.99,37.12,10.21,54.31,0
412,9,73.93,97.91,79.24,38.02,10.67,53.36,0
412,10,76.20,98.16,76.85,38.11,10.58,52.05,0
412,11,73.71,97.73,81.30,37.85,10.58,55.09,0
412,12,74.66,97.84,76.87,36.52,10.04,52.91,0
412,13,75.27,97.98,78.81,37.59,10.41,54.14,0
412,14,75.03,97.60,79.60,37.49,10.25,53.20,0
412,15,74.16,97.82,77.98,37.93,10.89,53.79,0
412,16,72.38,97.80,76.54,37.40,9.80,55.46,0
412,17,73.45,97.66,79.24,37.79,10.47,52.22,0
412,18,73.72,97.77,76.87,37.05,10.78,53.04,0
412,19,75.65,97.85,77.18,37.73,9.69,54.66,0
413,0,86.53,98.51,82.39,36.26,11.39,60.53,0
413,1,87.13,98.46,78.54,35.23,12.46,59.56,0
413,2,87.22,98.42,78.43,34.67,11.50,60.15,0
413,3,87.47,98.03,83.42,35.54,11.67,60.90,0
413,4,87.07,98.30,78.77,34.75,11.46,61.71,0
413,5,86.02,98.06,79.74,35.72,12.16,61.15,0
413,6,87.30,98.05,79.16,35.35,12.31,59.10,0
413,7,86.29,98.47,81.71,36.02,11.63,61.42,0
413,8,88.26,98.36,80.41,35.91,12.48,59.48,0
413,9,89.06,98.50,80.20,35.15,12.13,60.99,0
413,10,91.78,98.08,74.56,35.38,11.83,58.76,0
413,11,95.93,98.46,72.48,35.54,12.29,58.62,0
413,12,94.65,98.63,64.69,36.17,11.87,56.09,1
413,13,95.47,98.26,67.94,35.43,11.94,56.91,0
413,14,90.93,98.08,71.83,34.71,12.21,59.59,0
413,15,84.39,98.66,79.52,35.79,11.69,61.15,0
413,16,86.03,98.40,78.27,36.30,11.37,60.99,0
413,17,87.09,97.97,81.40,35.51,12.23,58.99,0
413,18,87.79,97.93,78.75,36.29,12.09,59.67,0
413,19,85.97,98.42,81.51,34.59,11.77,59.54,0
414,0,83.20,97.14,81.51,36.47,15.21,48.17,0
414,1,85.39,96.98,81.39,37.29,14.72,50.04,0
414,2,84.73,97.03,78.57,36.35,15.05,49.65,0
414,3,82.76,96.90,79.39,36.46,14.99,50.54,0
414,4,83.80,96.85,78.33,36.57,14.73,49.35,0
414,5,84.92,97.05,77.32,35.91,14.75,48.80,0
414,6,86.26,97.06,80.48,37.00,15.23,50.28,0
414,7,84.29,97.22,79.26,36.37,15.18,49.86,0
414,8,82.92,96.77,78.95,36.45,14.89,49.14,0
414,9,85.99,97.28,76.83,35.52,14.53,49.31,0
414,10,81.87,96.82,76.67,35.99,14.69,50.74,0
414,11,84.17,96.90,76.73,37.25,14.90,47.78,0
414,12,81.42,96.84,79.19,36.72,14.32,50.74,0
414,13,82.89,97.28,78.92,36.54,14.73,48.16,0
414,14,81.71,96.67,75.74,36.56,14.54,49.68,0
414,15,82.44,97.32,77.64,35.55,15.15,49.57,0
414,16,83.96,96.77,78.22,36.48,15.20,48.96,0
414,17,83.53,96.83,79.92,35.93,14.81,48.34,0
414,18,85.27,96.91,80.90,35.83,14.98,48.95,0
414,19,85.80,97.01,81.66,37.15,14.40,48.53,0
415,0,74.43,97.28,91.36,37.32,14.41,57.64,0
415,1,74.45,96.88,86.40,35.46,13.52,58.06,0
415,2,74.67,97.33,90.44,36.73,14.41,59.08,0
415,3,71.73,97.07,91.58,35.58,13.67,58.64,0
415,4,74.60,96.91,86.78,36.75,14.18,56.95,0
415,5,71.32,97.41,92.13,36.31,13.95,58.70,0
415,6,74.86,97.18,91.58,36.88,14.18,57.30,0
415,7,74.45,97.23,90.35,36.00,13.61,58.63,0
415,8,71.22,97.22,87.32,36.83,13.88,57.38,0
415,9,74.11,97.57,87.21,35.99,13.52,59.01,0
415,10,71.77,97.06,87.42,37.10,13.39,57.54,0
415,11,72.38,97.23,85.72,35.49,14.27,57.67,0
415,12,73.53,97.18,88.38,36.51,13.66,58.96,0
415,13,73.66,97.28,89.91,36.21,14.06,56.69,0
415,14,69.79,97.09,86.22,36.61,14.05,58.15,0
415,15,71.48,97.35,86.35,35.64,13.82,57.52,0
415,16,69.88,96.86,87.48,36.01,14.24,58.72,0
415,17,72.36,96.90,89.21,37.01,14.33,55.92,0
415,18,73.45,97.12,89.14,36.41,13.74,58.17,0
415,19,74.23,97.62,89.50,35.70,14.35,58.69,0
416,0,87.94,97.81,90.24,33.24,10.86,58.65,0
416,1,91.35,97.80,92.17,33.82,11.07,56.85,0
416,2,90.32,97.87,92.34,33.25,11.57,59.69,0
416,3,89.73,98.23,88.81,33.61,11.36,59.40,0
416,4,89.33,98.27,88.62,34.27,11.46,56.11,0
416,5,90.43,98.14,91.51,32.77,11.66,58.42,0
416,6,91.71,98.01,88.74,34.04,11.39,59.03,0
416,7,88.97,97.80,91.41,33.95,10.73,59.59,0
416,8,88.85,98.20,91.07,34.09,11.45,57.86,0
416,9,90.37,98.16,89.67,34.11,10.53,58.30,0
416,10,95.82,97.73,82.81,34.31,10.56,56.63,0
416,11,97.86,98.08,78.12,33.14,11.01,53.95,0
416,12,100.30,98.22,77.97,33.60,10.80,53.33,1
416,13,96.00,98.15,79.40,33.22,11.17,52.60,0
416,14,94.73,98.31,84.79,33.04,10.94,54.47,0
416,15,87.84,97.77,88.42,33.92,10.58,58.76,0
416,16,88.96,97.97,86.80,34.19,11.65,58.80,0
416,17,90.00,98.46,87.77,32.99,11.54,56.52,0
416,18,89.80,97.83,88.78,34.42,11.00,57.80,0
416,19,88.14,97.92,89.93,33.09,10.88,57.08,0
417,0,72.64,98.52,100.63,35.84,10.86,45.95,0
417,1,73.02,98.98,98.47,35.24,11.39,45.14,0
417,2,74.42,98.83,98.83,34.43,10.30,45.36,0
417,3,73.69,99.06,98.53,35.60,10.51,45.03,0
417,4,71.21,98.97,98.90,35.05,10.97,47.05,0
417,5,75.08,99.03,101.45,35.42,10.92,45.20,0
417,6,71.94,98.68,97.36,35.88,11.26,44.93,0
417,7,73.88,99.04,96.57,34.09,10.70,46.06,0
417,8,74.23,99.06,100.08,35.27,11.03,44.85,0
417,9,79.18,98.97,94.91,35.39,11.29,43.82,0
417,10,82.03,98.41,85.84,35.58,10.98,40.27,0
417,11,81.29,98.50,80.71,34.55,11.41,41.39,1
417,12,77.98,98.93,84.44,34.52,10.29,41.29,0
417,13,75.94,99.14,90.50,34.05,10.99,43.71,0
417,14,73.42,98.63,95.22,35.49,10.25,46.99,0
417,15,70.88,98.77,97.30,35.17,11.39,46.94,0
417,16,69.93,99.11,95.70,34.23,11.06,44.61,0
417,17,71.83,98.84,99.88,34.41,10.90,47.56,0
417,18,70.91,98.69,99.09,35.32,10.95,47.43,0
417,19,71.68,99.10,97.65,35.01,11.20,44.88,0
418,0,83.35,97.61,82.15,37.94,12.14,42.01,0
418,1,85.58,97.23,82.10,38.61,12.06,44.77,0
418,2,84.98,97.64,82.67,38.64,12.74,41.74,0
418,3,84.77,97.74,85.11,38.06,12.06,42.82,0
418,4,84.44,97.12,81.31,37.99,12.15,45.58,0
418,5,83.03,97.54,84.17,37.80,12.12,42.19,0
418,6,85.79,97.19,85.28,38.68,12.78,43.95,0
418,7,82.35,97.34,83.83,38.99,12.08,43.39,0
418,8,84.19,97.05,84.59,38.07,12.35,43.62,0
418,9,83.17,97.19,85.22,39.54,12.78,45.27,0
418,10,81.56,97.61,81.68,38.05,12.41,42.88,0
418,11,82.17,97.52,84.58,37.86,12.78,42.89,0
418,12,82.15,97.09,81.92,37.73,12.22,43.94,0
418,13,83.96,97.68,80.59,38.71,12.76,41.66,0
418,14,82.02,97.76,82.39,39.54,12.88,44.87,0
418,15,82.08,97.74,83.61,39.11,12.61,44.93,0
418,16,82.14,97.68,80.64,37.88,12.54,43.05,0
418,17,83.67,97.37,82.84,38.19,13.13,42.08,0
418,18,81.77,97.26,80.95,37.96,12.23,44.60,0
418,19,84.47,97.40,81.67,38.01,13.10,42.96,0
419,0,77.31,99.10,96.90,38.08,13.72,55.11,0
419,1,77.99,98.93,98.79,38.39,13.53,55.49,0
419,2,75.71,98.62,96.32,38.29,13.80,56.12,0
419,3,76.37,99.20,99.92,36.64,14.52,55.87,0
419,4,76.32,99.35,99.40,37.22,13.49,54.83,0
419,5,78.79,99.12,99.42,37.92,13.77,55.11,0
419,6,78.28,99.06,99.56,38.14,13.94,54.45,0
419,7,79.49,99.08,94.81,38.00,14.37,54.39,0
419,8,77.45,98.96,98.01,37.13,14.11,56.82,0
419,9,78.14,99.03,98.26,38.41,14.09,54.49,0
419,10,77.40,98.88,95.91,37.47,13.54,55.02,0
419,11,77.52,98.90,97.90,38.43,13.62,56.20,0
419,12,77.81,98.91,95.20,37.90,13.42,54.55,0
419,13,76.49,98.93,94.08,37.72,14.31,55.73,0
419,14,77.12,98.97,93.62,38.51,14.45,56.30,0
419,15,77.10,99.17,93.30,37.74,13.52,53.60,0
419,16,77.94,99.02,96.25,37.94,14.53,54.95,0
419,17,76.58,99.07,95.15,38.49,13.86,54.01,0
419,18,76.90,98.67,96.93,37.48,13.78,53.83,0
419,19,75.50,98.64,97.63,38.20,14.21,55.82,0
420,0,86.79,97.92,76.81,34.50,12.55,56.59,0
420,1,89.47,98.08,80.05,33.10,12.16,54.63,0
420,2,89.29,97.76,81.29,33.85,12.90,54.18,0
420,3,87.42,98.01,81.39,33.91,12.01,55.18,0
420,4,86.82,98.38,81.35,33.71,12.18,56.93,0
420,5,88.37,98.03,81.20,33.55,12.10,56.85,0
420,6,87.35,97.99,76.54,34.32,12.50,55.90,0
420,7,87.55,97.73,78.76,34.02,13.05,55.46,0
420,8,87.47,97.99,80.26,34.70,13.05,53.46,0
420,9,88.68,98.37,77.16,34.72,12.73,55.74,0
420,10,88.96,98.13,77.22,34.84,12.63,56.16,0
420,11,86.86,98.11,75.01,33.21,12.16,54.86,0
420,12,85.27,98.19,74.69,33.67,12.09,57.20,0
420,13,88.56,98.18,74.50,33.83,13.13,56.46,0
420,14,85.11,98.21,77.86,34.78,12.60,54.28,0
420,15,86.96,98.01,79.17,34.11,12.90,56.79,0
420,16,85.90,98.03,77.83,34.69,12.07,54.73,0
420,17,86.97,97.91,76.30,33.91,12.90,54.33,0
420,18,89.28,98.02,79.74,33.79,13.08,57.35,0
420,19,87.85,98.06,79.04,34.27,12.97,56.85,0
421,0,72.84,98.41,86.21,37.50,13.23,51.43,0
421,1,71.78,98.81,91.67,37.54,13.35,53.59,0
421,2,73.41,98.55,91.62,36.37,13.25,51.65,0
421,3,71.98,98.91,92.33,36.76,13.00,53.52,0
421,4,72.58,98.82,90.95,37.25,13.08,53.52,0
421,5,73.04,98.70,91.87,36.65,13.13,54.19,0
421,6,71.46,98.40,92.46,37.83,13.24,54.47,0
421,7,72.06,99.05,87.16,36.56,13.87,53.94,0
421,8,72.30,99.06,88.72,37.00,12.98,53.94,0
421,9,77.65,98.78,85.86,37.10,13.93,50.74,0
421,10,78.63,98.32,78.24,36.83,13.82,50.72,0
421,11,81.94,98.84,71.73,36.40,13.57,46.93,1
421,12,77.36,98.85,77.76,36.44,13.58,47.81,0
421,13,76.53,98.65,83.76,38.21,13.74,49.04,0
421,14,69.29,98.57,87.26,36.51,13.50,53.61,0
421,15,71.72,99.02,86.25,36.83,13.23,52.26,0
421,16,70.36,98.48,85.82,36.62,13.20,51.75,0
421,17,71.52,98.74,87.30,36.61,12.98,52.77,0
421,18,70.27,98.65,91.42,37.80,13.85,52.91,0
421,19,72.92,98.59,87.42,36.57,12.84,52.97,0
422,0,85.98,97.09,83.35,34.83,14.21,41.31,0
422,1,83.96,96.92,86.51,34.11,13.98,44.68,0
422,2,83.04,96.98,88.78,35.15,13.88,43.66,0
422,3,83.23,96.86,87.71,34.28,14.91,41.15,0
422,4,84.32,96.99,87.17,34.77,14.58,41.23,0
422,5,84.40,97.10,87.15,33.80,14.06,41.33,0
422,6,84.00,97.49,86.85,34.88,14.42,42.33,0
422,7,84.30,96.92,83.58,33.95,13.75,42.07,0
422,8,85.33,97.49,88.99,34.93,13.98,43.58,0
422,9,83.82,97.24,84.99,33.60,14.15,41.67,0
422,10,84.22,97.39,85.04,34.53,14.90,44.36,0
422,11,83.37,97.54,87.88,35.16,14.42,42.05,0
422,12,82.30,97.12,84.98,34.24,13.77,44.34,0
422,13,81.74,96.88,83.13,34.16,14.89,44.38,0
422,14,82.01,97.31,82.79,35.39,14.68,43.91,0
422,15,84.63,96.97,84.93,34.27,13.93,44.36,0
422,16,85.55,97.49,82.97,33.88,14.75,41.37,0
422,17,83.41,97.49,83.86,34.91,14.40,44.23,0
422,18,82.96,97.60,85.49,34.52,13.73,41.97,0
422,19,82.46,96.97,87.24,34.60,14.19,42.38,0
423,0,80.35,96.98,81.94,33.12,11.99,58.87,0
423,1,80.97,96.99,78.97,34.20,11.92,58.43,0
423,2,79.46,96.85,80.63,33.78,12.74,57.04,0
423,3,79.02,96.96,80.31,33.04,12.93,56.50,0
423,4,79.76,97.18,83.72,33.21,12.28,56.04,0
423,5,78.92,97.44,84.32,34.11,12.71,58.51,0
423,6,80.41,97.28,80.83,33.87,11.94,56.18,0
423,7,81.65,97.02,82.51,34.18,12.92,57.29,0
423,8,79.37,97.37,80.41,34.14,12.70,56.82,0
423,9,79.73,97.14,79.77,33.28,12.92,58.95,0
423,10,80.94,97.14,82.88,32.44,12.63,57.42,0
423,11,79.86,97.24,79.40,33.68,11.91,56.91,0
423,12,80.54,97.21,77.92,32.68,12.25,58.91,0
423,13,78.65,97.21,80.49,33.22,11.77,58.95,0
423,14,79.39,97.06,83.46,33.65,12.13,57.55,0
423,15,78.15,96.91,81.23,33.45,12.74,58.95,0
423,16,77.68,97.53,80.82,32.82,11.97,57.74,0
423,17,77.15,97.42,81.26,32.44,12.88,57.18,0
423,18,77.76,97.14,84.07,33.32,12.90,57.88,0
423,19,78.35,97.22,80.76,32.42,12.15,57.67,0
424,0,71.42,97.58,93.90,35.42,10.07,53.16,0
424,1,71.18,97.30,92.68,34.32,9.75,53.04,0
424,2,72.96,97.33,96.78,34.57,10.53,53.92,0
424,3,74.13,97.18,93.65,34.20,9.82,53.70,0
424,4,71.43,97.49,93.54,35.35,9.56,53.22,0
424,5,71.49,97.43,96.29,34.47,10.08,54.86,0
424,6,74.04,97.44,95.70,34.17,10.25,52.96,0
424,7,71.20,97.15,93.57,35.34,10.24,52.57,0
424,8,72.86,97.51,94.41,34.52,9.86,55.69,0
424,9,71.82,97.12,94.36,35.50,10.28,56.20,0
424,10,70.04,97.36,93.31,35.25,9.61,55.41,0
424,11,71.85,97.22,96.73,33.72,10.18,53.97,0
424,12,72.87,97.54,94.54,35.56,9.56,53.05,0
424,13,69.83,97.31,96.77,33.69,9.69,54.37,0
424,14,72.60,97.65,92.17,35.04,10.60,54.07,0
424,15,70.13,97.78,96.15,34.61,9.67,53.41,0
424,16,72.88,97.34,91.49,34.35,9.76,54.09,0
424,17,70.22,97.53,97.57,35.42,10.09,55.25,0
424,18,70.90,97.43,91.94,33.94,10.36,53.78,0
424,19,70.10,97.08,93.39,35.02,10.56,53.87,0
425,0,89.18,97.48,84.50,36.83,14.39,52.89,0
425,1,91.08,97.20,86.11,38.38,14.23,54.27,0
425,2,91.99,97.30,86.05,37.51,14.09,53.88,0
425,3,88.62,97.26,86.39,37.62,13.69,52.43,0
425,4,89.19,97.49,87.58,38.23,13.97,52.86,0
425,5,91.62,97.79,85.64,37.33,13.69,53.36,0
425,6,88.65,97.48,85.51,38.73,14.66,53.29,0
425,7,90.53,97.31,87.33,37.12,14.66,52.83,0
425,8,88.76,97.53,88.20,38.69,14.35,54.29,0
425,9,88.34,97.90,84.94,37.08,14.53,53.28,0
425,10,89.61,97.18,87.18,37.31,13.54,55.25,0
425,11,88.05,97.68,83.18,36.97,13.88,52.32,0
425,12,87.50,97.21,83.78,37.06,14.54,55.86,0
425,13,88.60,97.15,85.37,37.65,14.17,55.68,0
425,14,88.25,97.80,83.10,38.27,13.69,52.87,0
425,15,90.78,97.87,85.90,36.75,14.06,55.70,0
425,16,89.15,97.38,83.71,38.42,14.69,53.22,0
425,17,87.39,97.20,83.81,38.25,14.53,54.52,0
425,18,88.55,97.13,83.56,37.48,14.40,55.45,0
425,19,90.65,97.21,86.25,38.40,14.63,52.86,0
426,0,78.54,98.23,95.31,33.93,12.32,51.50,0
426,1,80.71,97.74,95.02,33.50,12.22,51.39,0
426,2,80.99,98.50,97.07,33.66,11.83,48.90,0
426,3,81.21,97.85,98.63,33.22,12.09,50.11,0
426,4,81.73,98.02,94.31,33.16,12.29,51.51,0
426,5,79.49,98.48,98.98,33.38,12.53,52.39,0
426,6,82.62,98.03,97.49,34.08,11.82,51.74,0
426,7,80.69,98.27,94.28,33.05,12.04,49.37,0
426,8,78.71,98.49,96.16,34.45,12.27,49.44,0
426,9,80.75,98.41,95.23,34.70,12.72,49.26,0
426,10,80.51,98.01,96.35,33.82,11.94,50.62,0
426,11,81.06,97.93,94.58,33.98,12.28,51.58,0
426,12,79.31,98.46,93.07,32.77,12.55,51.22,0
426,13,78.43,98.16,93.07,34.48,11.84,50.77,0
426,14,78.38,97.94,95.29,34.00,12.49,52.01,0
426,15,79.74,98.49,95.70,33.61,11.69,51.63,0
426,16,78.28,98.48,95.60,33.91,12.04,48.73,0
426,17,81.11,98.06,95.76,34.13,12.15,50.87,0
426,18,78.29,98.21,93.97,34.08,12.52,49.90,0
426,19,78.28,98.33,94.80,32.77,11.99,52.34,0
427,0,85.31,97.78,79.90,36.61,10.70,43.35,0
427,1,82.87,97.58,81.36,36.49,10.57,42.93,0
427,2,85.70,98.25,78.71,35.19,11.35,44.36,0
427,3,83.34,97.70,78.15,35.58,11.12,41.40,0
427,4,85.21,97.98,79.38,35.28,11.01,42.29,0
427,5,84.13,98.29,78.99,35.84,11.27,43.73,0
427,6,85.64,97.83,79.09,35.13,10.59,44.47,0
427,7,85.29,97.96,81.67,36.45,10.54,40.93,0
427,8,90.77,97.97,74.19,35.24,10.82,41.41,0
427,9,92.23,98.08,70.33,36.29,10.58,38.80,0
427,10,91.87,97.66,65.10,36.24,10.83,35.80,1
427,11,89.46,97.95,66.64,36.56,10.78,37.67,0
427,12,88.58,97.73,69.68,35.94,11.07,41.28,0
427,13,81.67,97.55,77.90,36.09,10.98,43.86,0
427,14,83.35,97.82,78.75,36.21,11.40,44.19,0
427,15,84.55,97.71,76.59,37.08,11.61,44.02,0
427,16,82.05,97.69,76.41,36.98,11.25,42.38,0
427,17,84.17,98.30,76.93,36.12,11.32,44.45,0
427,18,84.40,97.69,76.50,36.95,10.99,44.52,0
427,19,85.48,98.01,80.04,36.84,11.64,44.02,0
428,0,81.31,98.56,85.30,36.97,15.36,60.49,0
428,1,80.97,98.62,84.38,38.15,15.56,59.84,0
428,2,80.66,98.84,88.41,38.27,15.69,60.61,0
428,3,80.35,98.96,86.30,36.73,15.41,58.27,0
428,4,82.06,98.50,86.85,37.94,15.18,60.55,0
428,5,81.82,98.42,86.67,37.92,15.37,60.42,0
428,6,82.08,98.33,84.33,37.34,15.21,60.19,0
428,7,83.53,98.98,86.44,37.55,16.03,58.60,0
428,8,82.18,98.85,85.67,38.27,16.02,58.36,0
428,9,81.79,98.59,84.12,37.27,15.95,61.70,0
428,10,80.03,98.79,85.49,37.74,15.53,58.80,0
428,11,79.28,98.69,85.91,37.07,15.51,59.68,0
428,12,81.35,98.82,87.39,38.42,15.30,59.49,0
428,13,81.36,98.26,85.77,37.36,15.17,59.35,0
428,14,79.96,98.72,85.13,37.42,15.20,61.32,0
428,15,80.73,98.39,84.86,36.99,15.30,59.81,0
428,16,79.53,98.52,85.93,37.19,15.58,59.02,0
428,17,81.68,98.56,85.27,38.56,15.32,58.32,0
428,18,80.55,98.79,84.55,38.23,15.88,60.90,0
428,19,81.15,98.91,86.95,36.84,15.36,61.22,0
429,0,84.45,97.93,90.77,37.64,11.51,43.63,0
429,1,84.45,97.99,90.74,37.61,11.32,44.05,0
429,2,84.59,97.82,91.44,36.34,11.00,42.65,0
429,3,86.19,97.91,93.45,37.75,10.92,43.73,0
429,4,83.73,97.59,94.02,37.21,11.38,43.51,0
429,5,87.24,98.05,90.82,38.04,11.39,42.49,0
429,6,87.18,98.27,91.81,38.11,10.82,40.82,0
429,7,83.56,97.61,94.76,36.52,11.53,41.99,0
429,8,84.52,97.99,89.29,36.46,11.68,43.07,0
429,9,84.13,98.06,89.93,37.23,11.26,43.36,0
429,10,82.73,98.22,93.73,37.25,11.39,40.43,0
429,11,85.05,97.87,92.18,37.91,10.63,42.22,0
429,12,82.74,98.13,89.56,37.36,11.31,41.26,0
429,13,85.61,98.25,89.41,36.93,10.64,40.90,0
429,14,84.84,98.17,92.01,37.31,11.18,40.59,0
429,15,83.27,97.87,89.89,37.53,11.56,41.87,0
429,16,82.99,97.97,90.37,38.02,11.04,42.00,0
429,17,85.22,97.94,91.23,37.37,11.63,41.24,0
429,18,84.16,98.13,88.53,38.15,11.19,43.19,0
429,19,84.71,98.07,93.41,37.69,11.41,44.01,0
430,0,73.51,99.08,92.02,35.61,13.50,46.09,0
430,1,71.80,98.76,92.08,36.16,14.07,45.27,0
430,2,72.60,99.09,90.11,35.20,14.32,42.92,0
430,3,73.62,99.07,91.21,35.27,13.59,45.13,0
430,4,74.26,99.02,90.44,36.11,13.72,44.82,0
430,5,72.88,98.40,92.63,35.85,13.87,44.06,0
430,6,74.40,98.74,92.95,35.22,14.02,43.63,0
430,7,74.68,98.46,88.56,35.17,14.07,42.81,0
430,8,75.23,98.41,87.76,36.07,13.50,45.90,0
430,9,73.59,98.68,91.17,35.52,14.33,43.92,0
430,10,72.71,98.75,87.78,35.60,13.88,44.91,0
430,11,74.20,98.96,89.27,35.25,14.03,44.07,0
430,12,71.39,98.58,88.16,35.77,13.94,43.00,0
430,13,72.28,98.71,87.42,35.89,14.21,43.74,0
430,14,72.31,98.87,91.58,35.07,14.47,42.89,0
430,15,73.14,98.61,90.00,36.19,14.28,43.06,0
430,16,70.91,98.66,90.29,36.28,13.73,46.14,0
430,17,73.12,98.96,89.33,36.50,13.85,46.14,0
430,18,73.05,98.47,92.04,36.26,14.41,44.26,0
430,19,71.74,99.10,91.45,36.85,14.43,45.95,0
431,0,86.70,98.63,85.23,35.79,11.05,55.03,0
431,1,87.81,98.33,86.26,36.90,12.08,56.54,0
431,2,87.69,98.41,84.71,36.23,11.87,54.04,0
431,3,89.16,98.57,86.10,36.14,11.94,54.78,0
431,4,85.73,98.61,89.86,35.14,11.57,53.66,0
431,5,85.76,98.40,86.02,35.24,11.94,54.92,0
431,6,86.15,98.84,89.25,35.60,11.05,54.57,0
431,7,87.92,99.03,89.09,35.43,11.18,55.83,0
431,8,87.07,98.37,84.22,35.69,11.55,56.81,0
431,9,86.25,98.24,87.75,36.93,11.22,56.08,0
431,10,86.36,98.81,87.02,35.75,11.88,56.55,0
431,11,86.19,98.69,85.54,36.52,11.34,53.67,0
431,12,85.28,98.81,85.03,35.10,11.91,56.97,0
431,13,85.89,98.97,84.50,35.69,11.50,55.02,0
431,14,83.82,98.87,87.09,35.91,11.74,56.93,0
431,15,86.59,98.46,86.03,35.38,11.84,55.11,0
431,16,86.67,98.52,84.21,35.14,11.72,56.11,0
431,17,84.94,98.88,88.19,37.03,12.08,56.73,0
431,18,86.36,98.54,84.56,36.64,11.40,54.86,0
431,19,86.16,98.38,85.15,35.45,11.29,53.57,0
432,0,91.38,98.35,77.32,33.36,13.41,45.61,0
432,1,88.83,98.10,76.22,33.76,13.27,43.82,0
432,2,91.36,98.33,81.36,33.01,13.42,47.34,0
432,3,91.77,97.75,80.64,33.58,12.80,45.67,0
432,4,88.51,97.75,81.97,33.57,13.51,46.48,0
432,5,91.54,98.22,78.87,33.99,13.62,46.03,0
432,6,88.56,98.17,76.76,34.24,12.70,46.83,0
432,7,88.52,98.06,79.77,32.96,12.82,44.39,0
432,8,94.66,98.09,74.73,32.61,12.82,42.10,0
432,9,97.37,97.91,69.97,34.04,13.12,41.69,0
432,10,99.52,98.16,66.30,33.18,13.65,41.91,1
432,11,97.56,97.65,65.22,33.03,12.88,43.61,0
432,12,96.23,98.39,69.33,34.34,13.19,43.16,0
432,13,90.32,98.23,80.55,33.96,13.07,44.34,0
432,14,90.29,98.17,77.99,32.57,13.04,45.57,0
432,15,90.21,97.82,76.21,33.59,13.06,45.30,0
432,16,90.73,98.18,78.75,34.04,13.41,44.27,0
432,17,87.71,98.31,77.04,34.08,12.93,44.52,0
432,18,88.44,97.98,80.46,32.64,13.72,46.32,0
432,19,89.73,98.22,77.09,33.74,13.20,44.39,0
433,0,85.00,98.25,84.27,39.49,14.92,44.73,0
433,1,83.31,98.37,88.23,38.98,14.75,44.67,0
433,2,84.84,97.99,89.54,39.74,14.49,47.44,0
433,3,84.61,98.18,85.25,39.20,13.93,45.63,0
433,4,84.29,98.09,88.36,38.24,14.35,46.87,0
433,5,85.12,98.00,85.65,38.03,14.53,46.88,0
433,6,85.20,97.79,85.85,39.68,14.46,47.31,0
433,7,83.76,98.31,89.85,38.84,14.69,48.11,0
433,8,85.89,98.32,90.29,39.36,14.58,45.03,0
433,9,89.45,98.46,81.54,39.37,14.46,43.42,0
433,10,92.53,98.45,76.09,37.98,13.91,42.33,0
433,11,96.04,98.00,74.03,38.34,14.32,41.51,1
433,12,92.43,98.06,73.67,38.64,14.39,42.06,0
433,13,89.71,98.31,81.70,39.23,14.31,44.40,0
433,14,84.46,98.26,87.52,39.87,14.84,47.31,0
433,15,82.17,98.28,86.52,39.26,14.22,47.09,0
433,16,83.50,97.78,87.29,38.69,14.39,46.15,0
433,17,83.03,98.11,85.50,38.82,13.93,45.46,0
433,18,82.96,98.35,86.47,38.21,14.11,47.83,0
433,19,85.84,98.38,87.11,39.14,14.23,46.23,0
434,0,92.85,97.56,77.18,34.88,14.40,62.90,0
434,1,89.68,97.70,77.01,33.80,15.03,61.56,0
434,2,90.46,97.96,78.16,34.59,14.00,60.98,0
434,3,93.54,97.87,79.75,34.68,14.54,60.51,0
434,4,92.98,98.08,76.90,34.11,14.56,63.63,0
434,5,90.79,97.80,79.07,33.81,14.15,60.59,0
434,6,92.96,98.17,81.64,33.63,14.16,62.26,0
434,7,91.71,97.83,78.74,33.24,14.12,63.36,0
434,8,90.88,97.61,77.58,34.31,14.16,61.09,0
434,9,90.55,97.54,78.16,33.27,14.18,62.74,0
434,10,91.38,97.88,78.84,33.56,14.19,62.22,0
434,11,92.35,98.11,76.57,33.39,14.00,60.95,0
434,12,89.81,97.96,75.59,33.03,14.38,60.45,0
434,13,91.03,97.98,77.28,33.49,14.22,61.60,0
434,14,90.73,97.91,74.93,33.34,14.06,60.62,0
434,15,91.17,97.98,77.65,33.40,14.83,62.95,0
434,16,92.33,97.64,75.12,34.74,14.23,61.67,0
434,17,90.96,97.59,74.65,33.06,14.37,62.56,0
434,18,89.45,97.72,78.44,33.59,14.54,62.48,0
434,19,90.14,97.75,76.06,33.33,14.79,62.88,0
435,0,82.76,98.38,80.00,35.63,12.86,54.40,0
435,1,85.69,98.01,78.01,36.87,12.78,55.99,0
435,2,85.04,97.85,80.61,35.60,13.63,56.64,0
435,3,84.58,97.80,83.60,35.44,13.15,56.73,0
435,4,86.24,98.09,80.46,36.28,13.30,57.77,0
435,5,85.08,98.19,81.27,36.13,12.97,57.99,0
435,6,86.10,97.87,80.33,36.02,13.53,55.79,0
435,7,83.88,98.21,83.91,36.97,12.85,56.99,0
435,8,83.10,98.22,81.98,36.45,12.82,56.28,0
435,9,85.91,97.80,79.12,36.99,13.02,57.74,0
435,10,85.07,97.99,81.33,35.72,12.92,57.00,0
435,11,85.89,97.88,81.52,36.40,13.03,57.41,0
435,12,82.92,97.79,78.09,36.44,13.55,58.14,0
435,13,84.38,98.53,77.62,36.76,13.03,54.57,0
435,14,82.52,98.50,78.44,37.37,13.22,55.58,0
435,15,84.50,98.50,81.10,36.35,13.33,56.49,0
435,16,84.77,97.79,78.23,35.97,13.57,54.79,0
435,17,85.86,98.21,77.94,37.19,12.89,55.11,0
435,18,83.54,98.00,78.39,35.95,12.73,56.11,0
435,19,85.49,98.56,82.78,36.56,13.72,55.92,0
436,0,91.70,98.02,87.05,38.59,13.39,44.09,0
436,1,90.34,97.79,83.52,38.46,13.44,44.83,0
436,2,90.32,98.21,84.15,38.36,12.73,41.70,0
436,3,90.92,98.32,85.45,38.49,13.20,43.86,0
436,4,89.95,97.76,88.86,38.77,13.50,43.39,0
436,5,91.60,98.29,87.86,38.66,13.04,44.50,0
436,6,92.02,98.11,86.08,38.06,13.37,42.64,0
436,7,92.08,97.92,83.79,38.30,13.23,44.35,0
436,8,90.28,97.92,85.26,37.50,12.92,44.15,0
436,9,91.93,97.73,87.47,38.90,13.22,44.24,0
436,10,92.19,98.09,83.99,37.87,12.65,41.75,0
436,11,89.37,98.08,83.22,37.45,12.45,44.33,0
436,12,91.18,98.41,88.20,38.75,12.46,42.85,0
436,13,90.61,98.10,84.56,37.00,13.11,43.82,0
436,14,88.97,97.94,84.02,38.76,12.47,43.26,0
436,15,88.47,98.28,87.16,38.14,13.15,42.54,0
436,16,88.87,97.93,82.71,38.68,12.87,42.11,0
436,17,91.11,97.78,83.97,37.95,12.99,43.47,0
436,18,91.70,98.44,88.64,37.51,12.75,42.02,0
436,19,90.39,98.45,88.41,37.96,12.61,44.89,0
437,0,77.16,97.55,89.42,33.93,12.43,41.73,0
437,1,79.92,97.43,86.82,33.15,12.10,41.98,0
437,2,80.04,98.00,90.53,32.74,11.67,42.47,0
437,3,80.56,97.69,89.98,32.91,12.35,42.07,0
437,4,80.05,97.44,87.21,34.53,11.49,43.56,0
437,5,77.92,98.16,91.86,33.54,11.84,41.58,0
437,6,78.02,97.55,87.55,34.32,12.05,40.74,0
437,7,78.20,97.87,88.58,32.64,11.94,40.77,0
437,8,77.50,97.62,87.61,34.50,11.75,43.94,0
437,9,78.24,97.40,89.01,32.79,12.63,42.97,0
437,10,77.46,98.05,86.11,33.09,11.61,42.29,0
437,11,78.38,97.62,88.40,33.24,12.51,43.90,0
437,12,77.48,97.38,90.81,33.42,12.51,40.56,0
437,13,76.17,97.93,89.34,34.44,12.43,42.97,0
437,14,78.10,97.55,89.61,34.40,11.54,41.20,0
437,15,79.06,97.47,86.68,33.48,12.16,42.66,0
437,16,76.08,97.42,88.30,34.21,12.01,40.44,0
437,17,78.61,98.06,88.10,33.15,12.13,41.01,0
437,18,76.28,97.39,86.69,33.37,12.65,41.21,0
437,19,76.46,97.67,86.25,33.29,12.24,43.67,0
438,0,86.98,97.48,81.14,35.51,14.78,55.99,0
438,1,84.60,97.33,83.40,35.36,14.93,54.66,0
438,2,84.93,97.67,83.11,36.60,13.85,53.99,0
438,3,85.60,97.24,86.02,35.72,14.04,55.92,0
438,4,86.77,97.46,83.93,34.90,14.71,56.86,0
438,5,85.68,97.43,84.46,36.05,14.48,56.72,0
438,6,86.76,97.67,82.33,36.44,14.60,53.68,0
438,7,85.18,97.22,80.70,35.03,14.15,54.41,0
438,8,84.43,97.77,81.16,35.09,13.82,55.97,0
438,9,85.94,97.55,81.00,36.27,14.54,55.14,0
438,10,86.80,97.36,82.26,36.46,14.78,55.82,0
438,11,84.87,97.72,79.75,36.36,13.98,55.02,0
438,12,85.38,97.66,81.71,36.79,13.88,53.92,0
438,13,84.15,97.63,79.47,35.69,14.75,57.40,0
438,14,84.60,97.39,80.82,35.08,14.91,53.71,0
438,15,84.42,97.15,79.08,36.81,14.81,55.10,0
438,16,84.48,97.58,80.57,35.97,14.47,55.81,0
438,17,82.90,97.52,82.89,36.60,14.29,55.00,0
438,18,83.26,97.70,82.04,35.18,14.12,57.49,0
438,19,84.10,97.56,82.46,35.95,14.09,55.54,0
439,0,89.38,96.90,82.35,33.67,12.00,58.41,0
439,1,86.67,97.27,81.97,33.29,11.41,57.66,0
439,2,90.27,96.82,80.19,33.11,11.72,56.29,0
439,3,89.80,96.89,84.68,33.28,12.11,58.70,0
439,4,88.20,97.46,82.67,32.94,11.94,58.74,0
439,5,87.89,97.24,83.99,34.01,11.68,58.80,0
439,6,87.78,97.60,82.69,33.44,12.13,57.50,0
439,7,87.38,96.97,81.75,33.76,11.73,55.48,0
439,8,88.06,97.30,83.28,34.45,11.49,55.55,0
439,9,92.19,97.24,75.18,33.71,11.24,55.66,0
439,10,95.92,97.58,74.57,33.47,11.11,53.85,0
439,11,96.05,97.02,68.24,32.77,12.21,52.07,1
439,12,97.30,97.12,70.31,32.86,11.19,53.48,0
439,13,94.09,97.45,74.47,33.16,11.92,52.30,0
439,14,86.92,97.11,79.94,33.56,11.85,58.74,0
439,15,88.25,97.40,83.93,33.59,12.10,58.50,0
439,16,88.62,97.45,80.02,33.74,11.58,55.96,0
439,17,88.18,97.10,83.10,32.71,12.16,58.64,0
439,18,89.64,97.55,82.02,33.89,12.03,56.17,0
439,19,88.82,97.02,81.19,34.19,12.23,57.42,0
440,0,84.82,98.28,87.65,34.30,10.98,55.92,0
440,1,83.73,98.16,92.02,34.91,11.03,55.83,0
440,2,84.90,98.24,87.76,34.71,11.49,56.14,0
440,3,84.01,98.61,89.60,35.28,11.33,56.62,0
440,4,83.77,98.52,89.79,35.68,11.54,56.62,0
440,5,83.98,97.92,89.33,34.36,11.10,55.66,0
440,6,86.04,98.38,87.40,33.99,11.38,57.80,0
440,7,86.07,98.41,91.94,34.34,11.29,54.67,0
440,8,84.35,98.01,91.58,33.78,10.80,55.07,0
440,9,83.57,98.46,91.61,35.07,10.88,55.85,0
440,10,86.34,98.03,89.37,34.44,11.19,55.01,0
440,11,86.32,97.94,85.93,35.43,11.63,54.28,0
440,12,83.67,97.88,87.09,34.91,10.72,57.58,0
440,13,84.89,98.47,86.77,34.51,11.41,56.29,0
440,14,84.93,97.93,90.63,34.15,10.78,56.56,0
440,15,83.81,98.64,87.69,35.14,10.84,55.66,0
440,16,83.39,98.12,86.49,35.12,10.99,55.78,0
440,17,82.57,98.23,87.48,35.43,11.38,54.48,0
440,18,86.30,98.33,89.64,33.88,11.76,55.80,0
440,19,83.46,98.30,89.22,33.87,11.35,55.52,0
441,0,88.29,99.26,89.57,34.80,15.41,55.07,0
441,1,85.95,98.95,89.48,34.90,14.74,53.24,0
441,2,89.65,98.95,89.56,34.79,15.15,56.24,0
441,3,87.78,98.61,90.79,35.33,15.27,55.78,0
441,4,87.36,99.17,90.00,35.03,15.13,54.21,0
441,5,88.78,98.65,87.95,34.73,15.65,53.47,0
441,6,86.39,98.85,90.51,35.09,15.60,56.33,0
441,7,87.38,98.78,87.00,35.99,15.36,56.05,0
441,8,87.83,99.01,87.27,35.29,15.71,55.66,0
441,9,88.13,98.71,85.61,34.42,15.72,56.39,0
441,10,88.63,99.11,89.74,35.09,15.35,52.78,0
441,11,87.93,99.13,86.88,35.41,14.79,53.15,0
441,12,84.97,99.37,84.37,34.33,14.77,53.88,0
441,13,86.62,98.91,83.67,36.18,15.59,56.26,0
441,14,88.67,98.67,83.93,35.68,15.24,55.50,0
441,15,84.90,99.35,85.44,36.19,15.23,53.34,0
441,16,84.94,99.31,86.84,34.87,14.70,52.43,0
441,17,86.59,99.32,85.60,34.85,15.11,56.39,0
441,18,87.98,99.06,89.67,36.02,15.25,54.73,0
441,19,89.35,99.27,88.83,34.29,15.02,54.73,0
442,0,68.43,97.11,95.57,35.17,11.26,59.94,0
442,1,69.11,96.99,90.62,36.28,12.07,59.26,0
442,2,71.50,97.28,91.24,35.21,12.11,59.96,0
442,3,69.53,97.07,95.39,35.17,11.77,58.53,0
442,4,69.02,97.18,96.77,35.76,11.08,60.37,0
442,5,71.48,97.10,91.33,36.05,11.43,59.05,0
442,6,71.94,97.26,94.86,35.28,11.45,57.97,0
442,7,72.36,97.03,95.54,35.89,11.77,60.53,0
442,8,72.07,97.57,91.02,37.05,11.34,60.30,0
442,9,68.56,96.83,94.36,36.08,12.10,59.87,0
442,10,71.31,97.47,90.69,35.42,12.04,59.00,0
442,11,70.03,96.99,90.88,36.21,11.23,58.32,0
442,12,68.12,96.87,94.98,36.07,11.04,58.36,0
442,13,70.00,97.30,94.08,35.22,11.42,57.34,0
442,14,70.66,97.33,89.53,35.52,11.37,58.21,0
442,15,70.98,97.02,92.96,36.93,11.20,59.04,0
442,16,68.29,97.40,91.67,35.64,11.88,58.52,0
442,17,70.74,97.07,93.94,36.55,11.88,57.70,0
442,18,71.88,97.27,95.56,35.73,11.90,58.09,0
442,19,68.23,97.41,92.78,37.09,11.29,57.74,0
443,0,77.47,99.06,93.50,36.35,15.62,56.04,0
443,1,78.32,99.04,93.78,36.37,15.30,57.64,0
443,2,77.46,99.07,96.75,36.21,16.14,57.59,0
443,3,79.56,98.75,93.74,37.58,15.75,56.44,0
443,4,78.12,98.73,92.96,37.23,15.72,58.16,0
443,5,80.98,98.94,96.78,37.61,15.88,57.38,0
443,6,79.77,98.64,95.90,36.30,15.72,57.89,0
443,7,79.70,98.78,94.31,36.87,15.44,57.41,0
443,8,79.77,98.51,92.54,36.61,15.25,57.85,0
443,9,78.70,98.66,94.16,36.20,15.27,59.39,0
443,10,80.00,98.92,93.88,37.35,15.63,57.28,0
443,11,78.82,98.55,93.01,36.65,15.88,57.59,0
443,12,79.10,98.66,91.25,37.34,15.48,59.63,0
443,13,78.78,98.92,92.40,37.28,16.39,56.82,0
443,14,77.47,98.79,94.84,36.33,15.66,56.63,0
443,15,79.48,98.72,92.50,37.28,15.60,58.81,0
443,16,76.12,99.08,91.83,35.86,16.22,59.72,0
443,17,76.25,98.62,94.82,37.19,15.92,58.55,0
443,18,77.96,98.98,92.18,36.79,15.73,57.30,0
443,19,78.90,98.52,95.81,36.19,15.59,59.16,0
444,0,77.81,98.35,79.65,36.21,10.42,45.70,0
444,1,80.73,99.00,79.85,36.19,10.82,45.02,0
444,2,81.07,99.07,78.34,36.50,10.75,42.75,0
444,3,80.01,98.33,84.02,35.11,10.19,42.70,0
444,4,81.84,98.78,80.55,35.58,10.52,43.02,0
444,5,82.02,98.99,81.65,35.95,10.65,45.11,0
444,6,78.65,98.38,83.38,36.28,10.86,44.61,0
444,7,79.22,98.73,78.58,36.02,10.69,46.12,0
444,8,80.40,98.80,79.60,35.04,10.05,42.97,0
444,9,78.38,99.07,83.26,35.46,10.99,45.60,0
444,10,79.05,98.61,80.23,35.27,10.92,45.89,0
444,11,77.41,98.48,79.87,35.65,10.90,44.69,0
444,12,77.72,98.91,79.04,35.73,11.05,45.08,0
444,13,80.64,98.56,77.12,35.78,10.92,45.83,0
444,14,80.08,98.98,81.85,35.72,10.47,44.91,0
444,15,79.59,98.95,78.63,35.01,10.39,43.90,0
444,16,77.06,98.37,81.66,35.31,10.65,43.98,0
444,17,78.83,98.50,82.49,36.32,11.11,43.73,0
444,18,80.33,98.91,78.00,35.43,10.44,44.61,0
444,19,80.41,99.08,81.51,36.14,10.48,46.29,0
445,0,82.46,98.63,92.19,36.94,15.94,48.03,0
445,1,85.17,98.91,96.55,36.20,15.61,48.35,0
445,2,82.87,99.02,95.95,37.50,15.75,46.58,0
445,3,84.33,98.64,97.56,36.89,15.41,47.41,0
445,4,84.36,98.83,98.06,36.63,16.05,46.65,0
445,5,85.12,98.71,98.63,37.16,15.93,48.00,0
445,6,85.73,98.56,94.71,37.04,15.73,47.49,0
445,7,82.66,99.02,93.44,37.59,15.33,48.61,0
445,8,84.11,99.05,93.83,36.90,15.32,46.57,0
445,9,83.87,98.88,92.84,36.78,16.19,45.03,0
445,10,85.79,98.67,97.47,36.52,15.52,48.57,0
445,11,85.49,98.76,92.68,37.57,16.10,45.75,0
445,12,82.08,99.06,96.63,36.30,15.41,46.34,0
445,13,83.52,98.82,93.91,37.87,15.96,48.33,0
445,14,82.31,98.45,92.94,37.08,15.07,44.75,0
445,15,84.19,98.64,93.52,36.57,15.54,45.12,0
445,16,84.52,98.95,94.43,36.42,15.89,47.38,0
445,17,84.86,98.87,91.93,38.03,15.23,45.85,0
445,18,84.29,98.57,94.40,37.49,15.88,45.91,0
445,19,84.73,98.38,96.34,38.13,16.08,45.55,0
446,0,83.21,98.07,81.94,38.34,12.85,62.16,0
446,1,81.34,98.41,82.24,37.84,12.33,61.94,0
446,2,81.20,97.67,83.84,39.45,13.09,60.87,0
446,3,80.30,98.22,78.49,38.85,12.65,60.14,0
446,4,83.35,98.41,79.92,38.63,12.53,59.03,0
446,5,82.96,98.27,81.75,37.83,12.53,61.56,0
446,6,83.69,97.73,83.76,39.26,12.62,59.93,0
446,7,83.70,97.74,81.89,38.00,12.92,59.26,0
446,8,82.72,98.20,82.93,38.82,13.32,61.50,0
446,9,82.97,98.01,78.81,38.38,12.81,60.68,0
446,10,81.87,97.67,81.68,38.95,12.64,59.61,0
446,11,80.21,97.92,81.91,38.14,13.36,60.85,0
446,12,81.55,97.93,79.37,39.11,12.95,59.32,0
446,13,81.81,98.22,79.09,37.89,13.05,60.59,0
446,14,79.82,97.81,82.04,39.37,12.42,61.57,0
446,15,80.97,98.15,80.54,38.47,12.33,59.58,0
446,16,81.36,97.95,81.62,38.44,13.20,59.36,0
446,17,80.55,98.12,81.68,38.23,13.22,60.64,0
446,18,80.60,97.83,82.48,39.71,12.84,61.47,0
446,19,80.13,98.16,79.72,38.12,12.56,58.93,0
447,0,81.05,97.19,75.66,37.43,11.54,61.52,0
447,1,81.78,97.70,76.10,36.71,11.38,62.87,0
447,2,80.49,97.28,77.42,36.28,12.38,63.48,0
447,3,82.83,97.07,80.82,35.75,11.81,63.50,0
447,4,82.40,97.06,79.71,37.26,11.59,59.94,0
447,5,82.08,96.98,78.48,35.92,11.81,60.88,0
447,6,81.38,97.16,79.55,36.48,11.29,63.15,0
447,7,80.38,97.76,77.18,36.21,11.46,62.73,0
447,8,80.36,97.06,76.97,35.57,12.40,60.51,0
447,9,80.23,97.14,80.10,35.79,11.86,60.16,0
447,10,82.60,97.43,78.76,35.63,11.53,60.04,0
447,11,80.54,97.66,80.21,35.52,11.46,62.49,0
447,12,80.19,97.07,75.06,35.46,11.40,61.54,0
447,13,81.54,97.07,79.99,37.26,12.25,60.36,0
447,14,81.93,97.26,74.63,35.96,11.40,60.69,0
447,15,80.64,97.05,78.71,36.51,12.15,61.48,0
447,16,79.75,97.74,79.04,35.83,11.33,60.92,0
447,17,82.38,97.02,80.25,36.61,12.20,63.00,0
447,18,79.70,97.07,75.43,36.21,11.88,61.19,0
447,19,80.24,97.68,79.65,36.44,11.65,63.16,0
448,0,86.24,98.54,91.59,32.66,15.85,57.25,0
448,1,85.23,98.53,87.60,33.87,15.29,56.14,0
448,2,87.52,98.20,88.28,34.34,15.20,55.61,0
448,3,87.72,98.30,89.71,34.08,15.85,58.14,0
448,4,88.05,98.74,88.66,34.31,15.69,55.78,0
448,5,87.36,98.71,91.38,34.38,15.55,56.96,0
448,6,86.67,98.77,91.77,32.42,15.39,57.29,0
448,7,88.37,98.01,89.11,32.59,15.36,58.31,0
448,8,94.66,98.62,84.54,33.42,15.61,54.56,0
448,9,94.32,98.43,76.92,32.59,15.64,54.29,0
448,10,95.68,98.08,73.35,34.35,15.38,51.58,1
448,11,94.51,98.47,81.36,33.91,15.84,51.99,0
448,12,91.47,98.46,80.72,34.16,15.13,54.92,0
448,13,85.55,98.43,89.99,33.27,15.12,58.37,0
448,14,86.04,98.76,88.47,32.54,15.78,58.85,0
448,15,85.49,98.17,88.81,34.33,15.92,56.05,0
448,16,85.47,98.63,90.57,34.35,15.70,58.03,0
448,17,87.84,98.11,86.95,33.19,15.25,58.92,0
448,18,86.29,98.39,89.37,33.10,15.89,59.13,0
448,19,85.01,98.67,87.06,33.11,15.58,56.62,0
449,0,80.03,99.23,99.65,35.29,12.45,57.44,0
449,1,80.47,99.35,100.35,35.30,13.22,56.42,0
449,2,79.56,99.18,97.79,35.47,12.26,55.45,0
449,3,79.34,98.96,97.96,36.03,13.18,54.37,0
449,4,83.29,98.83,97.46,34.42,12.20,56.62,0
449,5,83.13,99.17,98.89,35.66,13.07,54.05,0
449,6,81.43,99.32,96.08,35.15,12.45,57.64,0
449,7,79.45,98.80,95.46,35.66,12.49,55.98,0
449,8,80.36,99.24,99.63,35.33,12.52,57.59,0
449,9,79.32,98.93,100.00,35.79,12.76,57.54,0
449,10,80.29,98.81,99.58,34.81,12.82,54.44,0
449,11,82.09,98.89,99.70,35.16,12.21,54.48,0
449,12,78.74,99.01,94.92,35.37,13.10,56.13,0
449,13,77.84,98.77,93.62,36.00,12.99,54.67,0
449,14,81.12,98.87,95.94,35.66,12.77,55.13,0
449,15,78.15,99.16,95.93,34.77,13.30,57.67,0
449,16,77.97,99.19,97.85,36.16,12.99,57.41,0
449,17,80.25,99.27,98.35,35.61,12.54,56.90,0
449,18,81.15,99.03,97.83,34.99,13.04,54.87,0
449,19,82.14,99.02,97.75,35.66,12.65,54.58,0
450,0,77.72,98.81,89.98,35.34,11.33,58.17,0
450,1,74.44,98.78,89.46,34.93,12.30,56.50,0
450,2,75.12,98.38,92.84,34.26,12.44,57.45,0
450,3,77.53,99.14,90.01,35.01,11.77,56.23,0
450,4,75.99,98.62,92.36,34.74,11.85,54.85,0
450,5,78.31,98.76,91.91,36.15,11.81,55.48,0
450,6,76.49,98.38,92.84,35.30,12.17,57.60,0
450,7,77.58,98.54,93.49,34.82,11.65,55.32,0
450,8,74.60,98.56,94.25,36.23,12.09,56.06,0
450,9,76.41,98.78,89.64,36.05,11.60,57.47,0
450,10,75.10,98.98,88.76,34.48,11.86,56.01,0
450,11,77.49,98.50,91.71,35.22,11.98,58.37,0
450,12,73.58,98.49,89.36,35.15,12.06,55.33,0
450,13,75.69,98.36,87.96,35.04,11.53,55.52,0
450,14,73.61,99.05,92.73,34.52,11.76,58.27,0
450,15,77.17,98.77,92.39,36.14,11.56,58.47,0
450,16,75.82,98.85,92.43,35.14,11.68,55.11,0
450,17,75.59,98.80,92.08,34.29,12.44,56.66,0
450,18,74.00,98.44,93.60,34.35,11.66,55.69,0
450,19,76.52,99.07,92.04,36.05,11.32,57.09,0
451,0,86.78,99.02,92.03,36.70,9.60,43.42,0
451,1,87.29,98.81,96.06,36.79,10.33,43.97,0
451,2,87.20,98.99,92.80,35.18,9.90,45.87,0
451,3,90.77,98.44,94.07,35.68,9.96,43.28,0
451,4,90.01,98.74,91.99,37.02,10.17,43.06,0
451,5,90.24,98.30,94.78,36.86,10.61,44.04,0
451,6,89.97,98.47,96.16,36.42,9.76,44.12,0
451,7,89.56,98.27,96.50,35.85,10.72,44.60,0
451,8,86.99,98.85,93.73,36.59,10.28,45.18,0
451,9,88.63,98.86,94.05,35.07,9.74,43.56,0
451,10,86.82,98.38,91.18,36.43,9.74,44.21,0
451,11,89.28,98.38,90.07,36.78,10.04,45.92,0
451,12,86.01,98.43,89.98,35.10,10.41,43.12,0
451,13,86.95,98.49,93.29,36.14,10.72,44.90,0
451,14,88.38,99.03,92.14,36.76,10.06,42.33,0
451,15,89.02,98.80,90.15,36.06,10.26,45.91,0
451,16,86.95,99.00,94.77,35.90,10.30,45.12,0
451,17,88.19,98.39,91.82,36.19,10.46,43.40,0
451,18,88.94,98.64,90.30,35.78,10.43,45.32,0
451,19,89.28,98.72,91.36,36.02,9.60,42.56,0
452,0,87.62,96.70,80.01,37.55,14.78,54.29,0
452,1,88.02,97.32,81.81,37.59,14.75,51.20,0
452,2,86.44,96.72,77.16,37.87,15.53,52.62,0
452,3,89.58,96.86,81.10,38.00,15.24,53.96,0
452,4,89.44,97.22,78.67,37.35,14.35,53.00,0
452,5,86.33,97.17,80.96,36.45,15.15,53.02,0
452,6,88.67,96.89,76.37,37.69,14.48,54.01,0
452,7,87.89,96.98,77.14,37.86,15.40,54.40,0
452,8,88.38,97.30,76.02,37.19,15.16,52.73,0
452,9,87.96,97.17,77.93,37.94,15.30,53.16,0
452,10,92.78,96.66,74.76,36.93,15.06,50.28,0
452,11,93.93,96.66,68.00,37.29,14.51,49.30,0
452,12,96.16,96.75,62.22,38.05,14.78,46.90,1
452,13,94.75,96.63,70.14,37.02,15.38,47.30,0
452,14,92.34,97.08,68.92,36.61,14.89,51.62,0
452,15,84.95,97.26,78.11,36.88,14.71,50.96,0
452,16,87.99,96.74,80.09,37.13,14.99,54.03,0
452,17,86.24,96.73,79.49,36.82,14.46,52.74,0
452,18,85.86,97.20,77.39,36.24,14.69,53.81,0
452,19,87.85,96.63,76.83,37.57,15.39,50.81,0
453,0,70.06,98.52,85.95,34.60,11.59,43.48,0
453,1,70.55,98.21,85.67,34.54,12.19,43.42,0
453,2,71.05,98.21,88.67,36.44,12.20,44.29,0
453,3,70.96,98.23,90.40,35.85,11.68,45.18,0
453,4,71.34,98.04,90.88,36.31,11.90,42.62,0
453,5,74.40,98.41,88.25,35.05,11.40,44.25,0
453,6,71.11,98.36,86.56,35.79,11.56,42.87,0
453,7,73.05,97.81,88.59,35.15,12.18,43.88,0
453,8,70.56,97.90,90.74,36.22,11.70,44.96,0
453,9,71.18,98.11,88.75,35.08,12.40,45.43,0
453,10,72.02,97.97,85.08,36.18,11.45,45.60,0
453,11,69.47,98.53,87.28,36.29,12.35,41.92,0
453,12,71.22,98.18,86.49,35.50,11.37,42.88,0
453,13,70.52,98.49,87.84,35.12,12.34,43.19,0
453,14,70.33,97.87,86.92,35.69,12.52,44.49,0
453,15,69.15,98.48,89.08,34.92,11.43,45.71,0
453,16,70.15,98.46,89.86,35.56,11.74,44.99,0
453,17,69.72,97.96,86.14,36.19,11.79,45.15,0
453,18,71.43,98.45,86.87,35.13,12.48,41.92,0
453,19,71.18,98.02,87.29,35.83,11.98,41.85,0
454,0,77.95,98.74,92.39,37.86,9.72,46.13,0
454,1,80.37,98.84,95.22,37.79,10.23,45.04,0
454,2,79.21,98.99,94.35,37.63,9.67,46.01,0
454,3,80.30,99.14,95.50,39.11,10.43,47.13,0
454,4,79.88,98.66,96.38,37.39,10.57,48.23,0
454,5,78.93,98.67,92.55,38.56,9.58,46.53,0
454,6,77.95,98.86,91.72,39.24,9.61,46.76,0
454,7,79.57,98.45,95.17,38.49,9.53,45.97,0
454,8,80.83,98.63,95.01,38.17,9.69,45.15,0
454,9,78.83,98.73,93.77,38.81,10.30,48.41,0
454,10,78.58,99.06,93.60,39.12,10.55,46.06,0
454,11,79.81,99.11,93.39,37.60,9.53,47.27,0
454,12,77.08,99.02,94.19,37.81,9.89,47.79,0
454,13,79.66,99.21,90.83,38.46,9.61,47.38,0
454,14,76.66,99.15,90.06,37.59,9.64,47.55,0
454,15,79.65,98.71,94.42,37.70,10.04,46.06,0
454,16,79.94,98.94,90.29,38.08,10.35,45.52,0
454,17,79.32,99.04,90.91,37.50,9.72,46.50,0
454,18,78.06,98.61,90.13,38.90,10.48,47.58,0
454,19,79.74,99.15,94.20,39.14,10.35,44.73,0
455,0,84.26,98.67,81.76,37.71,15.13,42.41,0
455,1,84.47,98.35,85.19,37.00,14.92,40.63,0
455,2,86.48,98.86,85.04,38.13,15.18,40.78,0
455,3,85.91,98.42,83.46,37.44,15.17,40.47,0
455,4,87.62,98.43,81.49,36.34,14.96,43.81,0
455,5,86.14,98.73,82.29,36.67,14.59,44.15,0
455,6,87.66,98.58,81.41,36.96,14.93,43.17,0
455,7,84.12,98.57,83.02,37.62,14.74,42.75,0
455,8,87.38,98.95,81.31,36.55,14.60,43.26,0
455,9,85.54,98.87,84.36,36.83,15.33,42.60,0
455,10,90.63,98.50,76.73,38.21,15.35,37.40,0
455,11,94.08,98.73,72.14,37.92,14.36,37.97,0
455,12,96.57,98.46,68.96,37.82,14.96,36.98,1
455,13,92.95,98.52,73.79,37.34,14.46,39.38,0
455,14,91.23,98.64,74.68,37.35,15.13,39.54,0
455,15,83.40,98.85,81.97,37.41,15.50,41.54,0
455,16,83.45,98.42,81.93,37.09,15.39,43.78,0
455,17,83.45,98.43,83.95,37.80,14.54,40.65,0
455,18,83.51,98.95,80.57,36.90,15.15,42.82,0
455,19,86.46,99.02,80.54,37.75,14.68,42.24,0
456,0,75.43,98.39,94.74,36.75,12.18,62.48,0
456,1,74.84,98.52,98.61,36.36,12.87,58.66,0
456,2,77.99,98.41,94.47,36.46,12.75,60.24,0
456,3,78.10,99.01,98.66,37.18,11.82,59.42,0
456,4,76.45,98.89,99.48,36.94,12.41,58.77,0
456,5,75.67,98.65,95.87,37.28,12.59,62.20,0
456,6,77.73,98.40,97.91,36.33,12.25,59.74,0
456,7,77.86,98.62,94.07,37.09,12.11,59.68,0
456,8,76.41,98.92,98.78,36.60,12.51,60.32,0
456,9,74.22,98.74,93.31,35.85,11.80,61.10,0
456,10,77.58,98.67,97.07,37.39,11.81,60.58,0
456,11,75.93,98.31,95.14,36.21,12.43,61.45,0
456,12,75.91,98.68,95.13,36.78,12.77,61.27,0
456,13,73.41,98.83,94.81,37.05,11.80,61.73,0
456,14,73.42,98.86,96.91,37.52,12.59,59.19,0
456,15,76.37,98.79,92.63,35.83,12.13,62.45,0
456,16,75.33,99.03,94.35,36.86,11.80,59.74,0
456,17,76.58,98.45,93.67,36.06,12.65,59.25,0
456,18,77.33,98.64,96.90,36.42,11.71,60.15,0
456,19,74.50,98.46,95.44,37.53,12.61,59.98,0
457,0,85.25,97.39,84.46,34.88,16.19,53.39,0
457,1,85.10,97.75,82.60,36.62,16.08,54.43,0
457,2,86.98,98.02,85.74,34.83,15.40,53.89,0
457,3,85.36,97.77,86.25,36.69,15.21,54.30,0
457,4,86.09,97.41,82.21,36.69,15.58,56.00,0
457,5,85.74,97.89,83.69,36.03,15.37,56.13,0
457,6,85.32,97.61,86.72,35.01,15.75,55.21,0
457,7,87.49,97.54,85.35,35.60,16.16,53.69,0
457,8,83.39,97.78,81.98,36.58,15.12,53.39,0
457,9,86.66,97.75,81.73,34.81,15.62,55.10,0
457,10,83.90,97.67,82.31,35.25,15.57,52.39,0
457,11,83.72,97.46,85.16,36.16,15.80,55.48,0
457,12,84.91,97.51,81.16,36.72,16.22,55.23,0
457,13,85.99,97.40,82.32,36.10,16.20,55.24,0
457,14,85.74,97.73,85.04,36.74,15.94,54.69,0
457,15,85.90,97.57,86.49,34.92,16.07,52.39,0
457,16,84.54,97.86,86.27,35.87,15.21,54.77,0
457,17,85.14,97.52,81.16,35.27,15.38,55.04,0
457,18,83.61,98.00,85.04,35.40,15.15,53.28,0
457,19,84.72,97.75,84.81,35.67,15.48,55.45,0
458,0,81.86,96.81,92.56,33.64,15.31,53.13,0
458,1,80.44,97.31,96.34,34.45,15.18,54.12,0
458,2,81.78,96.83,95.14,34.82,15.48,54.00,0
458,3,81.91,97.37,94.59,33.67,14.89,51.97,0
458,4,82.36,96.89,92.38,34.83,14.46,53.77,0
458,5,83.00,97.47,93.40,34.60,14.60,52.24,0
458,6,82.71,97.16,93.75,34.56,14.57,54.59,0
458,7,82.96,97.57,95.12,34.60,14.89,52.45,0
458,8,88.51,97.39,85.30,33.51,15.38,48.89,0
458,9,91.77,97.01,83.63,33.82,15.27,50.25,0
458,10,90.37,97.01,79.29,34.10,14.37,49.90,1
458,11,88.45,97.32,84.72,34.38,14.66,49.47,0
458,12,85.84,97.33,86.68,34.97,15.05,50.45,0
458,13,80.67,97.38,93.37,33.26,14.61,52.91,0
458,14,80.81,97.14,95.20,33.88,15.22,55.26,0
458,15,81.59,96.97,93.48,34.84,14.94,55.19,0
458,16,80.11,96.94,95.19,35.02,14.87,54.68,0
458,17,81.05,97.58,92.55,34.53,15.53,52.28,0
458,18,81.95,96.85,94.00,33.40,15.43,51.64,0
458,19,80.02,96.90,90.42,33.65,15.53,53.82,0
459,0,89.62,98.60,96.53,39.03,10.09,58.19,0
459,1,90.49,98.70,98.37,38.95,9.90,59.54,0
459,2,91.90,98.82,98.10,39.24,10.40,57.08,0
459,3,91.07,98.72,97.48,39.29,10.04,59.56,0
459,4,89.10,98.62,95.91,37.77,10.24,59.52,0
459,5,91.10,98.49,96.36,39.42,10.40,56.14,0
459,6,92.84,98.81,95.34,38.84,10.12,59.00,0
459,7,89.44,98.89,98.28,38.40,9.87,56.58,0
459,8,88.96,98.60,94.88,39.02,10.12,58.92,0
459,9,88.97,98.91,97.91,39.20,10.37,56.87,0
459,10,88.73,98.84,97.40,37.75,9.73,56.89,0
459,11,89.55,99.22,97.27,39.28,10.56,56.96,0
459,12,91.52,99.25,97.70,39.57,10.37,59.33,0
459,13,87.81,99.01,98.03,38.23,10.74,57.46,0
459,14,89.83,99.16,95.76,39.20,10.44,56.42,0
459,15,88.29,98.65,96.95,37.91,10.08,59.84,0
459,16,91.44,98.57,94.88,38.93,10.71,57.14,0
459,17,89.12,98.71,94.73,37.83,10.42,57.81,0
459,18,91.28,98.65,98.28,37.74,10.40,59.85,0
459,19,89.18,99.19,96.15,38.60,10.11,56.97,0
460,0,86.70,97.58,94.94,37.34,13.32,49.86,0
460,1,85.35,97.72,93.72,37.25,13.49,52.22,0
460,2,85.85,97.26,90.74,37.26,13.29,48.97,0
460,3,84.64,97.56,95.01,37.15,13.32,49.98,0
460,4,86.06,97.68,91.25,35.42,13.00,48.43,0
460,5,86.46,97.70,94.96,36.68,13.69,51.73,0
460,6,87.32,97.32,92.63,36.67,12.96,49.07,0
460,7,85.79,97.90,95.26,36.35,13.78,48.49,0
460,8,85.22,97.72,94.30,36.53,13.19,52.30,0
460,9,85.53,97.11,89.96,36.53,13.26,51.39,0
460,10,83.67,97.48,92.33,36.80,13.09,51.88,0
460,11,83.32,97.83,91.20,36.09,12.82,49.13,0
460,12,85.38,97.56,90.92,36.78,13.17,50.32,0
460,13,84.40,97.15,93.57,35.78,13.44,50.17,0
460,14,83.30,97.15,90.61,37.11,12.82,51.47,0
460,15,85.35,97.34,93.42,36.81,13.30,51.19,0
460,16,85.04,97.76,92.72,35.49,13.13,52.19,0
460,17,85.24,97.17,92.93,36.62,13.77,51.57,0
460,18,85.34,97.81,92.91,36.66,12.82,49.86,0
460,19,86.83,97.89,94.57,35.61,13.29,49.29,0
461,0,74.44,98.37,91.58,35.70,14.67,50.34,0
461,1,76.49,98.87,93.13,36.70,14.62,50.17,0
461,2,77.43,98.45,91.38,36.10,14.25,47.65,0
461,3,75.55,98.47,90.91,37.18,14.60,50.44,0
461,4,77.31,98.57,91.05,36.65,14.06,47.63,0
461,5,75.23,98.67,93.87,36.08,15.04,49.97,0
461,6,78.80,98.95,88.92,37.25,14.75,49.74,0
461,7,75.02,98.63,90.41,36.29,15.02,47.28,0
461,8,78.55,98.32,91.77,36.61,14.60,49.31,0
461,9,78.13,98.46,91.31,37.33,14.65,47.92,0
461,10,75.58,99.03,91.50,37.16,14.68,47.23,0
461,11,77.29,98.60,89.22,37.33,14.42,48.63,0
461,12,73.83,98.52,90.62,37.23,14.96,47.40,0
461,13,75.38,98.43,89.85,36.47,14.72,51.15,0
461,14,75.47,98.69,92.69,36.39,14.43,49.71,0
461,15,73.98,98.32,88.54,37.46,14.61,49.91,0
461,16,77.56,98.47,92.11,36.35,14.65,48.95,0
461,17,76.64,98.35,91.26,36.17,14.62,47.95,0
461,18,77.84,98.35,89.86,36.72,14.55,48.53,0
461,19,77.14,99.00,89.58,36.99,14.40,47.36,0
462,0,72.24,98.79,95.91,34.85,9.98,41.70,0
462,1,71.94,98.10,95.57,34.75,10.12,42.19,0
462,2,69.56,98.68,94.11,34.25,10.01,43.58,0
462,3,72.17,98.81,92.93,34.95,10.18,42.50,0
462,4,73.47,98.71,93.64,33.95,10.24,45.30,0
462,5,71.03,98.37,92.86,34.59,10.25,45.38,0
462,6,70.67,98.74,93.71,34.51,10.59,43.88,0
462,7,70.15,98.71,93.74,34.02,9.83,42.33,0
462,8,73.19,98.67,94.18,34.26,10.59,41.89,0
462,9,78.44,98.19,88.41,34.97,10.55,39.88,0
462,10,79.69,98.48,84.62,35.37,10.03,40.98,0
462,11,82.47,98.50,78.73,34.76,9.82,37.80,1
462,12,77.03,98.22,81.75,35.06,10.35,39.52,0
462,13,77.70,98.65,88.68,34.03,9.97,40.91,0
462,14,70.00,98.06,94.32,33.99,10.50,42.34,0
462,15,69.80,98.52,91.28,33.80,10.60,42.05,0
462,16,72.10,98.29,93.75,34.81,10.00,43.38,0
462,17,71.83,98.38,94.76,34.12,9.91,43.33,0
462,18,72.15,98.16,94.73,33.92,10.70,45.04,0
462,19,71.35,98.48,93.03,33.88,10.23,42.26,0
463,0,91.32,97.09,82.19,34.96,11.10,43.42,0
463,1,91.75,97.24,80.05,36.10,11.05,43.16,0
463,2,93.33,97.20,80.04,35.53,10.63,43.33,0
463,3,93.21,97.25,81.24,34.92,10.94,45.59,0
463,4,93.70,97.32,80.90,35.36,10.64,44.65,0
463,5,91.17,97.24,79.05,34.64,11.15,44.96,0
463,6,91.58,97.42,79.65,35.55,10.41,43.19,0
463,7,90.60,97.50,79.63,34.90,10.37,45.65,0
463,8,91.66,97.39,82.23,36.33,10.75,45.28,0
463,9,91.88,97.29,80.08,36.41,10.32,44.07,0
463,10,98.69,97.15,76.42,36.08,10.57,41.34,0
463,11,97.43,97.70,69.39,35.84,10.08,42.06,0
463,12,98.95,97.28,63.23,35.07,11.16,37.68,1
463,13,98.98,97.62,67.82,35.69,11.04,38.20,0
463,14,98.11,97.34,75.19,35.25,10.47,41.41,0
463,15,89.72,97.40,78.75,36.08,10.69,42.67,0
463,16,90.33,97.37,78.22,35.99,11.21,43.75,0
463,17,90.83,97.71,80.04,36.07,10.94,43.16,0
463,18,92.00,97.32,80.13,35.12,10.35,44.01,0
463,19,90.57,97.28,79.89,36.23,10.99,42.24,0
464,0,87.87,98.29,96.18,35.30,13.14,57.11,0
464,1,90.47,98.29,95.55,33.77,13.70,55.54,0
464,2,87.73,98.18,94.09,34.87,13.73,53.85,0
464,3,87.38,97.84,96.53,34.54,12.80,56.45,0
464,4,89.76,98.18,92.64,35.45,12.76,56.85,0
464,5,90.15,98.14,97.17,33.85,13.07,55.11,0
464,6,90.58,98.15,97.32,34.38,12.97,55.98,0
464,7,89.33,97.93,93.86,34.27,13.30,54.73,0
464,8,88.24,97.87,94.55,35.09,12.85,54.51,0
464,9,89.85,98.41,94.65,34.01,12.75,56.57,0
464,10,89.29,97.72,94.57,35.51,12.92,54.64,0
464,11,88.46,97.76,92.00,33.81,13.43,54.68,0
464,12,86.42,98.25,95.75,34.13,13.56,56.68,0
464,13,87.09,97.94,90.46,35.42,13.17,56.88,0
464,14,86.84,97.69,92.39,35.04,12.85,55.16,0
464,15,88.89,98.22,92.96,34.08,13.26,54.31,0
464,16,89.75,98.20,90.59,33.95,13.37,55.20,0
464,17,86.25,97.91,93.73,34.22,13.21,55.27,0
464,18,87.63,98.15,91.43,35.34,13.52,56.47,0
464,19,89.39,98.37,94.41,35.31,13.28,54.29,0
465,0,93.01,98.59,95.64,33.77,15.45,59.70,0
465,1,90.35,99.01,95.41,34.91,15.51,57.93,0
465,2,89.83,98.87,97.53,33.96,16.02,57.90,0
465,3,89.80,99.19,96.44,34.25,16.09,59.24,0
465,4,90.71,98.53,97.33,33.75,16.14,58.84,0
465,5,90.87,98.52,95.75,34.18,15.96,57.86,0
465,6,92.46,98.78,92.34,33.47,15.95,56.93,0
465,7,90.14,98.55,94.61,34.32,15.93,59.47,0
465,8,93.40,98.97,93.77,34.41,15.57,56.87,0
465,9,89.68,98.87,94.75,33.49,16.49,56.71,0
465,10,92.55,98.49,91.42,33.52,15.94,56.99,0
465,11,91.59,98.96,96.99,34.65,16.07,57.36,0
465,12,89.59,99.21,93.32,34.69,15.69,58.77,0
465,13,89.18,99.03,94.29,33.68,15.55,56.84,0
465,14,89.14,99.02,95.92,34.45,15.65,56.73,0
465,15,91.37,98.92,93.35,33.42,15.48,58.59,0
465,16,88.60,98.47,94.49,34.08,16.21,60.17,0
465,17,91.45,98.72,91.17,33.68,15.60,57.74,0
465,18,91.40,98.81,92.54,33.39,16.33,57.72,0
465,19,90.76,99.04,96.65,35.33,16.35,59.91,0
466,0,79.29,99.31,96.32,32.81,14.83,48.44,0
466,1,80.23,99.14,95.57,33.95,13.75,45.25,0
466,2,78.44,99.05,98.54,33.90,14.69,48.02,0
466,3,79.68,98.71,96.98,33.04,14.48,45.26,0
466,4,77.51,99.21,94.33,33.37,14.35,47.93,0
466,5,78.70,99.35,96.00,34.23,14.28,47.81,0
466,6,80.12,99.31,93.99,32.24,14.07,47.75,0
466,7,77.80,99.36,99.04,33.86,14.13,47.36,0
466,8,83.51,98.99,88.11,32.50,14.10,44.18,0
466,9,86.69,98.89,84.66,33.36,13.88,41.40,0
466,10,88.67,98.89,79.79,33.69,14.22,40.11,1
466,11,86.13,98.95,83.21,32.67,14.93,44.47,0
466,12,83.98,99.15,91.48,34.11,13.87,44.50,0
466,13,75.62,98.85,94.77,33.39,14.09,48.90,0
466,14,77.37,98.83,95.94,34.03,14.18,45.18,0
466,15,76.75,98.78,96.74,32.27,14.11,48.46,0
466,16,77.21,99.02,95.58,34.15,13.97,48.41,0
466,17,77.23,98.61,95.41,32.90,14.34,47.27,0
466,18,78.31,99.12,94.21,33.65,14.32,48.03,0
466,19,78.50,98.66,93.38,32.75,13.98,45.28,0
467,0,86.47,97.18,77.95,38.03,14.34,40.89,0
467,1,84.75,96.98,81.73,37.39,13.97,42.54,0
467,2,85.30,97.51,78.89,37.61,14.49,43.78,0
467,3,87.32,97.47,78.69,37.89,13.92,43.79,0
467,4,85.56,97.14,81.66,38.32,14.25,43.75,0
467,5,85.92,97.01,83.39,37.64,14.74,41.37,0
467,6,87.00,97.01,82.94,38.46,14.12,43.16,0
467,7,88.43,97.60,83.56,38.74,14.88,41.75,0
467,8,85.15,97.21,80.71,37.86,13.91,44.54,0
467,9,88.01,97.01,79.17,37.70,14.03,41.52,0
467,10,85.71,97.24,81.74,38.90,14.75,40.90,0
467,11,85.96,97.57,82.98,37.07,14.53,42.66,0
467,12,87.25,97.61,79.61,38.04,14.23,41.79,0
467,13,86.61,97.13,79.16,37.70,14.21,40.87,0
467,14,84.27,97.55,77.04,38.88,14.07,43.53,0
467,15,86.78,97.04,82.42,38.26,13.97,44.31,0
467,16,86.80,96.88,77.42,38.83,13.98,41.16,0
467,17,84.59,97.00,81.68,37.07,14.21,41.72,0
467,18,85.73,97.23,81.94,37.08,14.27,44.54,0
467,19,87.17,96.96,78.04,38.48,14.47,44.84,0
468,0,84.51,98.39,84.21,33.93,12.60,51.09,0
468,1,87.14,97.90,82.89,32.79,12.40,51.45,0
468,2,84.60,98.16,86.21,33.52,13.11,54.10,0
468,3,87.25,98.42,81.51,34.31,12.22,53.66,0
468,4,84.45,98.12,82.05,34.50,12.79,52.34,0
468,5,87.74,97.87,83.41,33.64,12.20,52.38,0
468,6,87.46,98.49,83.65,34.37,12.75,53.67,0
468,7,85.54,97.88,86.36,33.59,12.58,52.65,0
468,8,84.03,98.02,85.82,33.43,12.39,53.19,0
468,9,85.23,98.24,84.81,34.21,12.68,50.47,0
468,10,83.22,97.84,84.00,34.34,12.21,51.05,0
468,11,86.44,98.43,82.67,33.35,12.71,54.32,0
468,12,84.68,97.83,81.66,33.08,12.52,54.42,0
468,13,86.19,98.36,80.13,33.74,13.02,51.63,0
468,14,85.04,98.28,85.12,33.91,13.27,52.54,0
468,15,85.61,97.93,82.36,33.38,13.04,52.36,0
468,16,83.38,98.32,80.22,34.04,12.73,52.85,0
468,17,83.27,98.46,84.94,34.29,13.10,51.23,0
468,18,84.59,98.06,81.85,34.00,13.07,53.54,0
468,19,87.06,98.25,82.59,33.21,12.28,52.38,0
469,0,87.09,98.93,90.84,35.44,14.06,45.34,0
469,1,87.03,98.64,87.52,35.94,13.52,47.74,0
469,2,89.62,98.84,86.66,35.36,13.26,44.87,0
469,3,88.12,98.81,87.91,34.49,13.11,48.11,0
469,4,88.85,98.74,88.18,34.42,13.82,45.43,0
469,5,88.06,98.65,87.26,35.28,14.00,46.87,0
469,6,88.17,98.73,89.91,35.07,13.59,46.50,0
469,7,87.36,98.60,90.10,34.55,13.73,46.74,0
469,8,92.99,98.45,82.76,34.72,14.07,45.04,0
469,9,97.54,98.36,78.72,36.01,13.10,41.97,0
469,10,99.50,98.32,74.74,34.15,13.64,39.59,1
469,11,96.27,98.45,79.07,35.07,13.24,43.32,0
469,12,93.38,99.00,78.68,35.61,12.91,44.50,0
469,13,86.25,98.53,89.31,35.55,12.92,46.63,0
469,14,88.28,99.10,86.94,34.58,13.80,47.68,0
469,15,85.60,98.62,86.42,34.52,13.60,46.48,0
469,16,89.15,98.43,88.81,35.33,13.58,46.32,0
469,17,89.20,98.83,89.87,35.59,13.89,44.69,0
469,18,89.54,98.37,85.05,35.57,13.76,47.80,0
469,19,88.55,98.45,91.04,34.10,13.22,46.77,0
470,0,77.93,97.63,94.79,36.16,15.93,49.15,0
470,1,79.59,97.97,94.06,36.17,15.33,51.71,0
470,2,77.40,97.53,94.43,35.15,15.70,52.13,0
470,3,78.89,97.94,95.39,35.72,15.39,51.11,0
470,4,81.38,98.12,93.32,36.45,15.09,49.24,0
470,5,77.92,97.61,98.61,35.16,15.57,52.22,0
470,6,79.54,97.62,93.70,35.81,15.02,49.60,0
470,7,78.80,97.69,96.28,35.06,15.21,50.76,0
470,8,78.66,97.48,96.80,34.52,14.98,49.77,0
470,9,80.98,97.94,97.15,36.23,15.96,48.77,0
470,10,76.82,97.93,95.00,34.83,15.80,49.32,0
470,11,79.62,97.96,95.05,35.39,15.89,50.48,0
470,12,79.06,97.96,94.67,34.96,15.21,49.12,0
470,13,80.09,97.94,94.88,35.65,15.62,49.12,0
470,14,77.68,97.46,92.14,35.90,15.27,52.44,0
470,15,76.28,97.92,93.37,34.79,15.63,50.66,0
470,16,79.04,97.56,94.78,35.43,15.47,51.13,0
470,17,80.19,98.15,93.04,35.09,15.25,50.36,0
470,18,79.56,98.03,94.10,35.97,15.93,49.73,0
470,19,78.58,97.78,92.21,35.34,15.79,51.62,0
471,0,72.05,97.33,88.14,35.46,10.85,43.96,0
471,1,72.20,97.42,94.03,35.68,11.58,45.24,0
471,2,70.76,97.88,92.74,36.36,11.40,44.01,0
471,3,71.74,97.89,89.06,35.87,10.95,43.67,0
471,4,71.75,97.62,93.62,35.33,11.22,42.83,0
471,5,71.84,97.70,88.70,34.81,11.64,43.24,0
471,6,73.24,97.49,90.15,34.81,11.15,42.17,0
471,7,72.09,97.94,90.21,35.53,11.52,45.73,0
471,8,71.24,97.38,92.86,34.59,10.84,43.73,0
471,9,73.93,97.95,93.10,35.60,11.02,44.61,0
471,10,72.47,97.34,92.16,35.89,11.13,42.63,0
471,11,72.79,98.02,93.29,35.18,11.10,43.10,0
471,12,70.34,97.38,89.54,34.43,11.10,43.30,0
471,13,69.73,97.87,91.55,36.13,10.97,43.02,0
471,14,70.92,97.46,89.48,35.49,10.98,45.57,0
471,15,71.04,97.35,87.04,35.55,11.33,42.98,0
471,16,70.53,97.83,90.02,34.61,11.60,44.82,0
471,17,73.36,97.99,92.12,35.33,11.70,45.76,0
471,18,69.96,98.08,90.62,35.40,11.25,43.91,0
471,19,73.68,97.96,92.99,35.31,11.05,42.32,0
472,0,77.38,98.48,76.49,38.72,11.58,49.93,0
472,1,75.05,98.79,82.13,39.10,11.21,48.37,0
472,2,75.08,98.31,78.94,38.28,11.08,48.08,0
472,3,79.22,98.51,79.43,38.61,11.62,48.08,0
472,4,78.87,98.32,78.78,37.99,11.33,46.57,0
472,5,79.16,98.78,80.05,37.66,10.95,47.88,0
472,6,79.23,98.24,81.84,38.57,11.27,48.46,0
472,7,78.94,98.77,79.62,39.26,11.13,49.28,0
472,8,76.38,98.67,79.09,38.60,11.89,48.75,0
472,9,78.03,98.06,81.61,38.71,11.77,47.29,0
472,10,76.56,98.59,79.15,39.26,11.91,47.77,0
472,11,77.93,98.69,77.19,37.46,11.38,50.03,0
472,12,76.19,98.31,76.83,39.27,11.62,49.15,0
472,13,77.44,98.75,75.97,38.61,11.95,48.68,0
472,14,76.08,98.27,75.57,39.30,11.18,46.48,0
472,15,75.57,98.25,78.21,38.64,10.89,48.89,0
472,16,77.74,98.00,75.58,37.71,10.82,47.97,0
472,17,75.88,98.25,77.67,38.48,10.88,48.36,0
472,18,75.69,98.71,78.11,37.84,11.73,49.77,0
472,19,74.98,98.73,80.71,39.34,11.25,48.65,0
473,0,81.55,97.61,92.99,34.26,12.59,61.37,0
473,1,84.21,97.70,88.34,34.19,12.07,58.53,0
473,2,81.84,97.57,91.26,33.77,12.57,59.28,0
473,3,83.08,97.64,90.94,33.22,12.82,62.32,0
473,4,83.55,97.49,93.19,32.98,12.84,59.21,0
473,5,83.87,97.28,88.73,33.19,12.02,61.30,0
473,6,84.51,97.70,91.31,32.99,12.93,59.88,0
473,7,83.75,97.24,92.28,33.61,12.17,61.22,0
473,8,81.99,97.21,91.18,33.71,12.55,61.41,0
473,9,81.85,97.26,91.87,32.97,11.85,59.08,0
473,10,89.39,97.83,86.19,34.89,12.92,59.39,0
473,11,91.30,97.23,79.07,34.75,12.45,57.96,0
473,12,92.07,97.52,76.85,33.29,12.31,56.12,1
473,13,88.23,97.34,77.43,33.33,12.63,57.29,0
473,14,87.66,97.37,83.91,33.75,12.72,59.37,0
473,15,83.14,97.80,90.54,33.79,12.06,58.50,0
473,16,81.46,97.71,87.87,34.51,12.39,59.00,0
473,17,80.90,97.46,90.19,34.43,12.75,58.80,0
473,18,80.00,97.27,91.49,33.17,12.82,61.36,0
473,19,84.13,97.61,88.46,33.28,12.32,60.81,0
474,0,78.88,97.65,87.88,39.33,14.14,45.00,0
474,1,80.00,98.06,84.10,39.75,13.64,43.76,0
474,2,81.88,97.84,87.18,38.73,14.02,44.13,0
474,3,82.04,97.43,90.12,38.84,14.04,46.46,0
474,4,80.12,97.67,88.27,38.76,13.37,46.29,0
474,5,82.39,97.76,90.01,39.09,14.07,46.42,0
474,6,80.00,97.79,85.07,39.32,13.88,46.95,0
474,7,82.40,97.97,84.13,38.05,14.09,43.50,0
474,8,81.90,97.44,88.99,38.37,13.58,45.82,0
474,9,78.99,97.97,88.14,39.80,13.85,44.57,0
474,10,81.03,98.18,88.27,38.54,13.42,46.42,0
474,11,78.39,97.58,88.88,39.42,13.51,43.56,0
474,12,77.81,97.48,86.54,38.08,14.01,46.73,0
474,13,80.53,97.58,87.15,39.15,14.05,47.15,0
474,14,80.93,97.90,84.38,38.56,13.84,46.81,0
474,15,77.48,97.67,83.30,39.56,14.49,45.16,0
474,16,77.86,97.88,86.87,38.37,14.45,44.86,0
474,17,78.03,97.47,88.65,39.50,13.55,43.64,0
474,18,78.01,97.48,84.38,39.71,13.55,44.02,0
474,19,80.53,97.51,85.99,39.63,13.86,45.00,0
475,0,87.44,98.38,77.61,38.33,15.23,60.15,0
475,1,88.94,98.51,79.07,37.42,14.68,59.50,0
475,2,87.38,98.63,78.41,36.96,14.46,62.17,0
475,3,87.65,98.40,82.91,36.83,15.06,59.62,0
475,4,88.17,98.41,78.98,37.81,14.19,61.63,0
475,5,91.25,98.54,78.41,38.00,15.21,63.07,0
475,6,90.70,98.34,78.93,37.77,14.83,62.77,0
475,7,88.00,98.74,82.86,38.02,14.48,63.18,0
475,8,88.05,98.68,80.26,37.15,14.82,61.80,0
475,9,86.79,98.26,79.05,36.53,15.01,62.35,0
475,10,90.09,98.91,78.17,37.93,14.74,59.84,0
475,11,89.58,98.48,79.69,36.91,14.61,60.12,0
475,12,87.66,98.59,79.63,36.50,15.30,60.12,0
475,13,86.25,98.57,81.34,36.95,14.61,61.50,0
475,14,85.79,98.73,80.58,37.45,15.02,63.02,0
475,15,87.90,98.88,78.15,37.37,15.02,62.49,0
475,16,88.13,98.61,76.61,37.98,15.25,59.48,0
475,17,87.55,98.27,76.97,37.05,15.24,60.09,0
475,18,86.31,99.04,76.60,36.73,15.25,60.80,0
475,19,89.89,98.77,79.23,37.83,15.01,63.09,0
476,0,79.22,98.17,92.85,37.32,13.85,56.76,0
476,1,76.98,98.00,93.48,38.16,13.67,58.03,0
476,2,78.68,98.17,92.09,37.39,14.14,59.96,0
476,3,77.58,98.31,88.75,37.65,13.34,57.85,0
476,4,79.59,98.21,89.76,37.29,13.94,58.38,0
476,5,79.18,97.89,91.70,37.39,14.40,58.45,0
476,6,77.01,98.04,91.60,36.52,13.96,59.98,0
476,7,79.93,98.23,88.68,36.98,13.28,57.43,0
476,8,78.77,98.29,92.81,37.85,13.63,59.58,0
476,9,78.78,97.88,91.39,37.22,13.97,59.71,0
476,10,79.01,98.32,92.90,37.08,13.41,56.73,0
476,11,78.75,97.77,91.60,36.50,13.58,57.54,0
476,12,76.49,97.87,88.61,36.56,14.01,57.88,0
476,13,76.10,98.06,91.13,38.14,14.08,59.58,0
476,14,77.68,98.43,92.92,37.70,14.06,59.20,0
476,15,78.55,98.26,92.34,37.63,13.39,59.52,0
476,16,75.02,98.13,90.77,38.20,13.67,59.97,0
476,17,77.36,98.17,90.56,37.24,13.61,56.68,0
476,18,77.60,98.20,91.49,36.68,13.30,56.86,0
476,19,76.23,97.67,88.76,36.42,13.93,57.14,0
477,0,78.35,98.85,77.50,35.35,13.00,57.15,0
477,1,78.65,99.12,79.26,35.36,12.39,56.69,0
477,2,80.91,99.22,78.19,35.26,12.14,58.65,0
477,3,81.28,99.10,80.60,35.47,12.83,55.52,0
477,4,78.67,98.82,82.72,35.51,12.58,58.00,0
477,5,80.86,99.29,78.05,36.36,13.18,56.17,0
477,6,81.17,98.97,80.10,36.54,13.22,57.22,0
477,7,81.36,98.56,82.23,35.81,12.70,56.48,0
477,8,84.88,98.86,76.79,35.84,13.05,55.29,0
477,9,87.23,98.52,71.81,35.29,12.10,53.16,0
477,10,90.24,99.31,64.81,36.55,12.66,51.78,1
477,11,86.66,98.58,72.35,37.03,12.49,53.57,0
477,12,85.00,98.54,75.05,35.25,12.50,54.91,0
477,13,78.21,99.09,81.42,36.29,13.21,55.53,0
477,14,80.12,98.72,77.08,35.83,12.34,59.25,0
477,15,78.81,99.01,79.45,37.10,12.07,59.43,0
477,16,77.80,98.58,79.75,36.05,13.23,57.35,0
477,17,78.72,98.73,77.05,35.91,13.08,58.72,0
477,18,81.49,98.76,80.63,35.50,12.95,56.80,0
477,19,80.29,98.60,77.32,35.77,13.12,56.53,0
478,0,86.09,99.15,89.64,37.21,9.65,53.51,0
478,1,89.21,98.84,85.92,38.00,10.71,51.74,0
478,2,88.07,98.79,86.96,38.47,9.96,51.23,0
478,3,90.16,98.69,87.15,38.42,10.72,53.55,0
478,4,87.53,98.76,86.38,38.56,10.34,51.47,0
478,5,90.03,98.79,87.15,37.30,10.53,50.92,0
478,6,88.56,98.78,85.51,38.36,10.29,51.03,0
478,7,90.25,98.79,86.87,37.52,10.62,53.74,0
478,8,89.10,99.25,88.64,36.93,10.64,53.49,0
478,9,86.85,98.62,89.18,38.55,9.73,53.32,0
478,10,94.61,99.13,82.49,38.27,10.66,49.75,0
478,11,94.09,98.56,76.94,36.81,10.16,46.25,0
478,12,96.42,99.32,73.13,36.76,9.58,47.76,1
478,13,95.60,99.11,75.91,37.11,9.95,49.18,0
478,14,94.14,99.04,79.96,37.49,9.79,49.99,0
478,15,87.09,98.91,84.50,37.05,9.82,53.63,0
478,16,87.61,98.59,86.07,37.83,10.00,53.60,0
478,17,87.38,98.99,86.18,37.75,10.68,53.84,0
478,18,87.09,98.61,84.55,36.76,10.06,51.90,0
478,19,87.91,98.88,86.86,38.41,9.71,51.30,0
479,0,88.70,98.62,91.77,34.32,15.24,63.71,0
479,1,87.28,98.48,93.71,33.95,15.38,60.49,0
479,2,88.92,98.44,89.86,32.64,15.70,61.38,0
479,3,86.50,98.64,93.89,34.01,15.48,62.48,0
479,4,90.20,98.15,91.30,33.83,14.98,62.75,0
479,5,90.02,98.34,93.32,34.26,15.13,62.60,0
479,6,88.55,98.16,93.97,33.35,15.05,63.85,0
479,7,88.62,98.58,92.07,32.38,15.65,63.39,0
479,8,88.10,98.63,89.24,33.02,14.93,60.93,0
479,9,92.69,98.83,83.51,34.22,14.95,57.90,0
479,10,95.96,98.57,80.71,32.64,15.98,56.42,0
479,11,97.16,98.68,75.44,33.36,15.61,57.38,1
479,12,95.37,98.52,81.07,34.01,15.17,59.54,0
479,13,91.50,98.83,84.28,33.35,15.15,58.60,0
479,14,87.45,98.53,89.24,33.25,15.76,61.13,0
479,15,86.98,98.57,87.85,33.50,15.96,62.16,0
479,16,87.37,98.45,91.98,33.15,15.54,63.62,0
479,17,87.78,98.10,88.40,33.31,15.80,62.01,0
479,18,88.33,98.41,92.31,32.90,15.84,60.52,0
479,19,89.01,98.18,90.70,34.36,15.49,61.44,0
480,0,72.39,99.10,99.72,38.44,10.43,52.35,0
480,1,71.60,98.89,97.14,39.67,9.74,52.92,0
480,2,69.53,99.22,98.80,39.41,9.88,54.00,0
480,3,70.03,99.23,99.79,39.45,10.42,52.28,0
480,4,71.49,99.34,96.54,39.02,10.10,55.21,0
480,5,71.94,98.60,94.91,39.72,10.39,55.06,0
480,6,72.00,98.70,99.75,38.07,9.54,54.62,0
480,7,70.15,98.79,95.22,39.24,9.89,53.87,0
480,8,69.16,98.82,98.08,38.60,10.37,52.39,0
480,9,71.28,98.79,98.97,39.55,10.27,55.06,0
480,10,71.73,98.75,98.70,39.14,9.68,52.39,0
480,11,69.16,98.81,93.51,39.69,9.49,52.37,0
480,12,70.76,98.73,97.62,38.18,10.02,53.74,0
480,13,67.82,99.34,96.53,39.44,9.99,52.53,0
480,14,68.66,98.88,94.58,39.63,9.70,53.66,0
480,15,67.76,99.32,95.84,39.93,9.70,55.02,0
480,16,71.44,99.15,93.54,39.80,9.90,51.87,0
480,17,70.18,98.77,94.95,38.84,10.17,53.86,0
480,18,70.06,99.05,98.25,38.53,10.38,54.52,0
480,19,69.63,98.69,98.38,39.14,9.87,54.84,0
481,0,80.79,97.53,90.08,37.45,10.94,56.68,0
481,1,78.51,97.20,88.12,37.43,10.28,58.65,0
481,2,81.56,97.36,89.46,37.80,10.77,57.74,0
481,3,81.42,96.87,89.88,38.45,10.11,55.20,0
481,4,79.87,97.03,87.10,39.03,11.12,54.77,0
481,5,78.87,97.05,86.65,38.48,11.03,57.14,0
481,6,80.93,97.05,85.66,38.68,10.80,55.45,0
481,7,81.56,97.50,88.68,38.31,10.64,54.95,0
481,8,79.22,96.81,87.90,38.55,10.15,58.57,0
481,9,77.96,96.79,90.43,38.58,11.07,56.39,0
481,10,78.60,96.85,88.62,38.05,10.16,58.09,0
481,11,80.63,96.83,90.05,37.23,10.95,55.77,0
481,12,80.13,97.49,87.24,38.16,11.10,55.28,0
481,13,79.34,97.31,89.16,37.45,10.89,58.12,0
481,14,79.23,97.00,85.70,37.48,10.86,57.91,0
481,15,79.78,97.42,87.08,38.27,10.71,56.85,0
481,16,79.24,96.99,89.13,38.47,11.00,56.39,0
481,17,77.80,96.89,86.19,37.44,10.04,55.48,0
481,18,79.40,97.12,85.53,38.62,10.25,55.46,0
481,19,80.11,96.78,87.33,38.68,11.15,57.93,0
482,0,81.65,97.71,83.72,34.46,15.71,56.35,0
482,1,84.85,98.13,80.73,34.56,15.65,57.28,0
482,2,83.08,97.67,78.93,35.92,15.28,57.67,0
482,3,85.43,97.95,80.48,34.48,15.63,55.58,0
482,4,84.76,97.72,78.81,34.70,15.26,59.10,0
482,5,85.81,98.04,80.88,35.28,16.06,58.43,0
482,6,83.78,97.77,81.90,35.35,15.38,56.29,0
482,7,82.25,98.20,83.62,34.94,15.68,57.06,0
482,8,83.36,98.10,79.31,35.41,15.59,56.23,0
482,9,82.98,97.50,82.92,36.12,15.37,56.05,0
482,10,82.11,98.00,81.69,35.28,15.12,58.20,0
482,11,81.43,98.17,80.02,34.93,15.32,58.31,0
482,12,80.89,97.77,79.24,34.46,16.08,57.37,0
482,13,81.41,97.78,81.89,35.48,15.81,56.63,0
482,14,83.60,97.80,78.75,34.58,15.00,58.27,0
482,15,80.40,97.93,77.83,35.04,15.22,57.53,0
482,16,83.02,97.99,82.38,34.58,15.10,57.68,0
482,17,80.92,97.59,80.82,35.16,15.49,55.35,0
482,18,84.71,97.75,78.81,34.92,15.71,58.58,0
482,19,82.94,98.02,78.16,34.97,15.73,57.66,0
483,0,73.09,98.65,92.01,34.30,13.52,56.41,0
483,1,70.92,98.73,88.83,34.47,13.85,56.83,0
483,2,72.24,98.49,89.48,33.78,14.00,55.98,0
483,3,73.67,98.47,89.86,35.26,13.82,55.84,0
483,4,72.18,98.52,89.77,34.71,14.48,56.46,0
483,5,72.50,99.21,93.98,34.92,14.05,56.83,0
483,6,71.63,98.46,94.36,34.62,13.80,55.62,0
483,7,71.74,98.66,91.65,34.46,13.50,55.91,0
483,8,71.45,99.21,89.99,33.59,13.88,56.06,0
483,9,71.80,99.17,92.61,33.84,13.33,54.03,0
483,10,71.77,98.91,89.66,34.38,13.34,55.67,0
483,11,73.15,99.04,89.77,34.33,14.37,55.91,0
483,12,71.80,98.61,90.65,35.00,13.98,54.28,0
483,13,73.23,99.15,92.39,34.79,13.67,53.76,0
483,14,70.76,98.76,89.58,34.12,13.61,56.51,0
483,15,69.25,98.50,92.76,35.28,13.36,57.01,0
483,16,69.94,99.14,88.34,33.61,13.98,55.32,0
483,17,70.18,99.14,87.51,35.01,13.80,54.77,0
483,18,69.85,98.99,89.40,34.78,13.48,54.20,0
483,19,70.83,99.12,89.22,34.15,13.33,56.20,0
484,0,78.82,98.56,86.55,38.46,14.17,58.26,0
484,1,79.77,98.35,86.11,37.93,14.22,57.04,0
484,2,82.62,98.10,85.17,38.21,13.52,55.95,0
484,3,82.56,98.63,87.76,37.47,13.75,57.80,0
484,4,82.36,98.43,89.63,38.99,14.19,56.36,0
484,5,80.94,98.14,84.65,38.44,13.22,55.57,0
484,6,79.37,98.46,87.79,37.45,14.04,57.35,0
484,7,80.34,98.61,85.52,37.80,13.86,58.11,0
484,8,79.90,98.67,85.04,37.07,14.15,57.57,0
484,9,84.56,98.70,77.93,38.53,14.09,52.99,0
484,10,90.04,98.23,75.90,39.01,14.21,53.56,0
484,11,89.91,98.17,74.58,39.02,13.62,52.63,1
484,12,88.47,98.53,78.26,38.93,14.05,53.68,0
484,13,85.59,98.32,81.53,37.14,13.83,51.81,0
484,14,78.28,98.32,83.89,37.74,13.83,55.43,0
484,15,78.10,98.24,86.58,37.61,13.31,56.54,0
484,16,78.50,98.27,87.21,38.11,14.08,56.19,0
484,17,81.49,98.23,84.83,37.99,13.41,55.41,0
484,18,81.27,98.04,83.18,37.68,13.31,56.23,0
484,19,80.35,98.71,86.97,37.86,13.98,56.63,0
485,0,72.94,98.15,92.71,38.56,10.91,45.49,0
485,1,75.44,98.23,92.92,37.37,10.76,44.34,0
485,2,74.67,97.87,90.72,38.20,11.04,42.21,0
485,3,75.25,97.86,92.32,38.65,10.72,44.98,0
485,4,75.28,98.24,92.35,37.18,11.22,44.88,0
485,5,72.77,98.15,92.13,37.90,11.44,44.62,0
485,6,73.43,98.06,94.28,37.75,10.67,45.03,0
485,7,72.13,98.40,92.39,38.50,10.43,43.20,0
485,8,73.50,98.25,90.42,38.23,10.38,41.72,0
485,9,74.61,98.28,91.01,38.25,11.46,45.05,0
485,10,74.09,98.52,94.84,38.28,11.51,45.01,0
485,11,72.85,98.03,90.85,37.61,10.59,42.40,0
485,12,73.04,98.17,94.39,37.87,11.20,43.61,0
485,13,72.82,97.85,92.32,38.77,11.05,42.03,0
485,14,73.84,98.26,91.85,37.42,11.07,42.63,0
485,15,73.05,98.39,91.75,38.50,11.05,42.87,0
485,16,70.85,98.15,94.23,37.94,10.60,44.53,0
485,17,71.70,97.94,91.89,38.66,11.52,43.64,0
485,18,71.96,98.10,95.25,38.33,10.36,44.84,0
485,19,72.85,98.49,92.07,38.49,11.25,42.97,0
486,0,78.59,98.73,96.47,36.45,12.29,58.97,0
486,1,75.90,98.72,98.30,37.02,12.46,59.07,0
486,2,75.77,98.51,99.46,37.66,12.24,57.59,0
486,3,75.77,98.62,97.70,36.43,12.83,56.13,0
486,4,77.24,98.58,96.98,37.75,13.07,56.32,0
486,5,77.02,98.47,100.09,37.73,12.12,58.66,0
486,6,78.72,98.07,98.25,37.59,13.04,59.94,0
486,7,78.15,98.24,99.83,37.69,12.85,59.12,0
486,8,77.55,98.31,96.95,36.89,12.74,58.82,0
486,9,76.06,98.46,94.87,36.74,13.18,58.26,0
486,10,75.98,98.14,99.27,37.17,12.39,59.36,0
486,11,77.78,98.07,96.21,36.31,12.25,56.63,0
486,12,77.27,98.10,98.23,37.03,12.84,57.79,0
486,13,74.53,98.33,92.80,37.16,12.55,58.19,0
486,14,76.44,98.60,98.44,36.34,12.91,58.30,0
486,15,76.03,98.21,93.23,36.03,12.76,58.98,0
486,16,78.31,98.76,98.55,36.05,12.21,58.64,0
486,17,75.55,98.22,94.04,36.53,13.02,58.18,0
486,18,78.01,98.49,98.44,37.34,12.52,58.51,0
486,19,77.24,98.47,97.74,36.70,12.18,58.50,0
487,0,81.25,97.61,95.35,38.32,16.12,42.92,0
487,1,82.85,97.40,96.82,37.93,15.43,42.45,0
487,2,80.10,97.94,97.45,37.99,15.39,43.78,0
487,3,82.20,97.89,97.89,38.20,15.27,41.11,0
487,4,81.77,97.85,97.20,37.57,16.01,42.29,0
487,5,80.82,97.57,96.32,37.67,15.53,41.23,0
487,6,82.17,97.99,95.58,37.64,15.82,42.58,0
487,7,80.18,97.33,97.90,37.23,16.38,43.89,0
487,8,81.01,97.24,95.63,37.57,15.42,41.63,0
487,9,81.34,98.02,96.87,37.31,15.36,45.02,0
487,10,79.29,97.74,97.34,37.12,15.41,44.12,0
487,11,79.18,97.90,97.56,37.78,16.23,41.90,0
487,12,80.75,97.50,95.50,37.19,15.71,44.79,0
487,13,80.29,97.56,98.28,38.28,16.22,43.72,0
487,14,78.79,98.03,94.96,37.11,16.10,42.19,0
487,15,80.77,97.62,98.38,37.19,15.42,44.57,0
487,16,81.75,97.32,99.31,38.46,16.33,41.64,0
487,17,78.94,97.27,94.74,38.88,16.00,44.44,0
487,18,82.15,97.62,97.47,37.94,15.94,43.96,0
487,19,79.85,97.63,99.06,38.72,16.26,41.78,0
488,0,72.58,96.88,83.68,36.87,12.09,48.43,0
488,1,73.97,97.13,85.27,37.45,12.69,50.53,0
488,2,71.91,97.02,84.03,36.80,12.04,51.34,0
488,3,71.92,97.45,82.31,38.16,12.54,48.83,0
488,4,71.34,96.94,86.50,36.79,12.71,48.70,0
488,5,74.51,97.01,86.59,37.45,11.90,51.23,0
488,6,73.03,96.97,83.44,37.33,12.70,49.49,0
488,7,73.44,97.55,87.63,37.06,12.51,51.87,0
488,8,71.50,97.50,86.47,37.58,12.38,50.53,0
488,9,72.03,97.28,84.11,37.02,11.97,48.78,0
488,10,71.39,97.26,84.88,37.53,12.57,50.44,0
488,11,73.20,97.33,81.84,37.77,12.60,48.45,0
488,12,71.85,97.35,80.83,38.01,12.05,51.24,0
488,13,70.32,97.32,83.84,38.18,11.75,52.03,0
488,14,70.76,96.94,84.96,36.87,11.91,50.43,0
488,15,70.73,96.88,80.79,36.72,11.95,49.24,0
488,16,72.42,96.79,82.20,37.34,12.37,52.20,0
488,17,72.84,97.15,81.90,38.02,11.83,51.68,0
488,18,72.28,97.21,83.24,37.92,11.91,50.46,0
488,19,72.69,97.07,84.80,37.87,12.07,50.37,0
489,0,81.39,98.14,93.17,34.89,13.22,60.94,0
489,1,83.02,97.83,92.13,34.94,13.59,62.06,0
489,2,82.38,97.82,94.32,36.03,13.65,59.72,0
489,3,82.70,98.50,92.12,35.80,13.91,61.66,0
489,4,84.47,98.31,93.67,35.99,14.13,60.75,0
489,5,80.99,97.75,92.60,36.26,13.84,60.32,0
489,6,83.46,98.04,89.71,35.19,13.51,60.63,0
489,7,84.33,97.87,89.02,34.59,13.93,60.61,0
489,8,83.69,98.37,94.33,35.63,14.05,61.57,0
489,9,81.83,98.29,92.63,34.99,13.22,61.18,0
489,10,82.54,98.49,88.98,35.01,13.10,61.17,0
489,11,80.13,98.21,90.09,35.88,13.00,59.95,0
489,12,79.47,97.86,90.66,34.93,13.75,61.66,0
489,13,81.63,98.44,92.96,35.42,13.99,59.89,0
489,14,80.98,98.12,88.13,36.57,13.44,59.29,0
489,15,81.55,98.09,88.45,35.83,13.71,61.20,0
489,16,80.24,98.28,87.91,35.65,13.99,60.00,0
489,17,83.50,97.85,92.36,36.10,13.55,62.15,0
489,18,80.18,97.91,88.24,34.77,13.68,60.50,0
489,19,82.42,97.91,88.81,36.52,13.87,61.69,0
490,0,72.28,97.44,82.01,34.40,14.06,42.81,0
490,1,71.19,97.03,86.50,33.36,13.75,42.20,0
490,2,73.93,97.80,84.74,34.29,13.11,44.51,0
490,3,73.31,97.69,87.68,32.56,13.38,42.21,0
490,4,72.48,97.75,85.35,32.79,13.81,40.57,0
490,5,74.06,97.08,83.89,33.95,13.06,41.36,0
490,6,71.83,97.23,83.14,33.54,13.59,41.78,0
490,7,74.84,97.65,84.85,33.60,13.03,43.07,0
490,8,71.14,97.18,82.54,33.20,13.63,43.49,0
490,9,71.63,97.28,82.95,33.65,13.76,40.71,0
490,10,71.13,97.72,83.44,33.89,13.87,43.04,0
490,11,71.26,97.76,86.79,32.83,13.88,44.11,0
490,12,73.81,97.76,83.05,33.54,13.09,42.94,0
490,13,70.14,97.55,86.22,34.08,13.08,42.71,0
490,14,73.84,97.22,84.11,33.38,13.55,43.71,0
490,15,70.21,97.41,84.61,32.54,13.38,43.28,0
490,16,70.25,97.15,87.32,34.00,13.30,41.23,0
490,17,73.33,97.67,83.95,32.76,13.43,43.21,0
490,18,72.34,97.54,82.86,33.57,13.56,40.72,0
490,19,71.63,97.27,86.50,33.93,13.78,42.71,0
491,0,78.89,97.23,80.22,35.85,12.07,58.83,0
491,1,78.37,97.28,77.77,34.51,11.52,61.06,0
491,2,80.51,97.41,83.75,35.64,12.08,59.79,0
491,3,81.19,97.17,82.88,34.01,12.48,58.98,0
491,4,79.27,97.12,81.81,34.98,12.28,60.47,0
491,5,80.39,96.82,82.97,34.99,11.50,61.17,0
491,6,78.14,96.91,83.67,34.43,12.18,59.93,0
491,7,78.48,97.10,81.40,35.67,12.21,58.98,0
491,8,80.22,97.17,80.46,35.07,11.79,60.94,0
491,9,77.09,97.14,81.35,34.23,12.00,58.30,0
491,10,85.17,97.39,76.46,34.58,12.07,54.92,0
491,11,84.39,96.97,71.08,34.15,12.20,55.39,0
491,12,88.40,97.29,67.66,34.42,12.27,54.76,1
491,13,86.87,97.19,70.99,34.50,12.27,54.74,0
491,14,82.79,96.85,74.85,33.90,11.94,57.29,0
491,15,76.75,97.55,80.42,35.48,12.10,61.31,0
491,16,78.72,97.51,81.64,34.96,12.41,59.52,0
491,17,78.71,97.27,81.71,33.98,11.38,60.48,0
491,18,80.38,97.39,81.33,34.18,11.89,61.71,0
491,19,78.36,97.03,77.49,35.15,11.51,59.62,0
492,0,71.25,98.19,81.78,38.82,14.61,58.00,0
492,1,69.14,98.69,78.20,39.00,13.77,57.06,0
492,2,69.30,98.23,76.90,37.68,14.46,59.02,0
492,3,69.02,98.59,80.77,38.40,13.96,58.78,0
492,4,69.04,98.80,79.12,38.05,14.67,58.00,0
492,5,71.16,98.72,77.63,38.18,13.92,57.86,0
492,6,69.03,98.30,82.24,38.56,13.95,56.61,0
492,7,69.15,98.66,82.20,37.99,14.78,56.81,0
492,8,69.64,98.92,77.00,37.86,14.68,55.93,0
492,9,68.71,98.45,80.88,37.74,14.32,55.34,0
492,10,69.24,98.92,80.81,38.85,13.79,56.92,0
492,11,69.06,98.85,80.85,38.40,13.62,57.34,0
492,12,67.70,98.61,77.24,38.26,13.97,57.86,0
492,13,71.24,98.82,80.51,39.57,14.75,58.92,0
492,14,69.73,98.49,80.36,39.52,13.84,58.79,0
492,15,70.88,98.93,79.07,39.37,13.82,56.53,0
492,16,69.60,98.54,78.53,38.61,14.66,55.66,0
492,17,69.80,98.86,81.51,38.74,13.73,56.55,0
492,18,71.43,98.78,76.48,37.86,13.75,58.28,0
492,19,68.83,98.41,76.34,39.40,13.66,58.17,0
493,0,76.84,98.33,100.33,36.74,10.53,58.50,0
493,1,78.30,98.78,99.30,36.05,9.63,61.70,0
493,2,76.82,98.27,98.10,35.30,10.04,61.09,0
493,3,79.88,98.70,100.38,36.58,10.57,59.09,0
493,4,79.52,98.37,99.99,37.01,10.16,59.50,0
493,5,79.23,98.29,100.93,36.49,10.69,61.57,0
493,6,80.56,98.79,96.93,37.12,10.35,61.05,0
493,7,78.41,98.70,100.87,37.06,10.77,59.47,0
493,8,76.80,98.24,96.72,35.52,10.50,58.60,0
493,9,76.44,98.35,98.01,36.52,9.77,59.33,0
493,10,77.47,98.42,97.19,35.88,10.65,60.74,0
493,11,79.81,98.29,96.52,36.37,9.78,59.58,0
493,12,77.61,98.61,95.17,35.33,9.95,61.82,0
493,13,76.75,98.54,96.51,35.96,10.62,58.75,0
493,14,75.73,98.29,97.21,36.70,10.34,59.93,0
493,15,76.80,98.18,98.62,37.02,10.33,58.46,0
493,16,76.76,98.03,99.67,35.68,10.72,60.53,0
493,17,79.66,98.36,94.75,36.95,10.40,58.00,0
493,18,79.78,98.75,95.00,36.34,10.01,59.93,0
493,19,79.80,98.76,98.42,35.70,9.92,60.10,0
494,0,84.19,98.49,85.25,38.31,14.16,51.44,0
494,1,86.80,99.07,83.33,38.61,13.06,51.95,0
494,2,86.88,98.87,85.96,39.16,13.41,54.20,0
494,3,87.77,98.67,81.48,39.13,13.54,51.34,0
494,4,87.44,98.76,82.22,39.22,14.08,51.51,0
494,5,85.16,98.55,83.13,38.00,14.02,54.69,0
494,6,84.99,99.09,84.84,38.38,13.90,51.52,0
494,7,86.33,98.59,82.24,37.97,13.99,53.40,0
494,8,91.63,98.42,78.07,38.82,13.09,49.33,0
494,9,93.84,98.77,74.23,39.28,13.61,49.49,0
494,10,97.11,99.20,71.64,38.47,13.28,49.91,1
494,11,94.77,98.85,74.20,39.68,13.64,49.37,0
494,12,89.62,98.85,77.11,39.71,13.17,49.31,0
494,13,86.26,98.92,83.18,38.98,13.38,54.94,0
494,14,85.02,98.92,80.03,37.81,13.70,53.05,0
494,15,83.95,98.72,81.54,37.83,13.47,54.47,0
494,16,83.78,98.54,85.51,38.30,13.25,52.50,0
494,17,86.64,98.76,82.68,37.75,13.44,53.52,0
494,18,86.41,98.84,81.83,38.42,14.09,54.87,0
494,19,87.69,98.64,84.29,39.66,13.96,53.78,0
495,0,86.78,98.55,84.06,37.85,10.58,45.91,0
495,1,88.87,98.77,81.49,37.78,11.65,46.55,0
495,2,89.03,98.64,83.10,36.85,10.66,45.38,0
495,3,90.76,98.80,82.73,36.36,10.73,45.34,0
495,4,88.09,98.72,82.32,37.08,11.04,46.16,0
495,5,89.68,99.03,81.98,37.79,10.92,46.44,0
495,6,87.16,99.04,81.85,36.28,11.02,46.70,0
495,7,89.91,98.86,84.51,37.20,10.91,46.24,0
495,8,88.28,98.89,85.05,36.34,11.50,47.66,0
495,9,89.86,98.49,85.58,37.35,11.23,47.41,0
495,10,86.30,98.56,85.42,38.00,10.73,45.43,0
495,11,86.94,99.06,84.82,36.32,10.90,46.09,0
495,12,89.61,99.18,79.32,38.00,10.94,47.19,0
495,13,87.56,99.06,79.09,38.06,10.60,48.09,0
495,14,87.82,98.92,84.46,37.23,11.67,45.69,0
495,15,87.61,98.82,79.86,37.33,10.55,45.64,0
495,16,87.91,99.14,81.20,37.26,10.84,46.77,0
495,17,87.88,98.73,80.69,37.19,10.66,48.15,0
495,18,89.06,99.23,83.78,36.89,10.64,47.90,0
495,19,89.14,98.54,80.29,36.48,10.93,46.90,0
496,0,89.77,98.54,87.84,37.94,11.00,52.08,0
496,1,88.44,98.30,88.61,38.41,11.41,48.54,0
496,2,88.58,97.95,90.94,38.97,11.32,48.89,0
496,3,88.35,98.18,91.69,38.81,10.85,49.89,0
496,4,89.09,98.54,87.98,38.02,11.52,51.52,0
496,5,90.16,98.24,88.16,38.38,11.84,51.94,0
496,6,89.37,98.12,86.78,37.23,11.04,48.95,0
496,7,89.48,98.23,89.35,37.49,10.77,49.11,0
496,8,90.41,98.59,86.83,37.76,11.21,51.70,0
496,9,88.44,97.92,89.67,38.85,11.77,50.16,0
496,10,94.95,97.91,84.30,38.20,11.73,46.06,0
496,11,97.07,98.55,75.82,38.69,11.08,45.36,0
496,12,96.07,98.13,71.35,38.38,10.91,46.25,1
496,13,97.13,98.16,79.30,37.03,11.30,47.65,0
496,14,94.24,98.26,84.74,37.78,10.83,49.10,0
496,15,86.63,98.48,87.08,38.12,11.10,49.44,0
496,16,87.17,97.98,88.19,37.57,11.15,49.35,0
496,17,86.32,98.02,88.36,38.66,10.95,48.92,0
496,18,89.33,98.60,90.37,38.74,11.84,50.66,0
496,19,89.34,98.50,88.71,38.84,11.71,50.05,0
497,0,86.15,97.36,87.13,36.10,15.41,54.20,0
497,1,86.38,97.12,90.89,36.65,15.54,55.19,0
497,2,83.78,97.41,89.23,36.41,15.32,53.39,0
497,3,86.08,97.37,90.81,37.13,16.10,53.61,0
497,4,84.17,96.82,86.43,37.78,15.86,51.84,0
497,5,85.74,97.47,91.55,37.18,15.43,52.13,0
497,6,85.64,97.33,89.89,36.53,15.96,53.06,0
497,7,86.63,96.85,89.41,37.81,15.43,53.53,0
497,8,86.53,97.10,91.41,36.02,16.21,52.50,0
497,9,91.89,97.00,84.95,37.38,16.18,49.46,0
497,10,92.90,97.54,80.12,37.43,16.05,49.61,0
497,11,92.24,97.21,74.15,36.66,15.92,48.59,1
497,12,93.30,97.10,74.99,36.66,16.01,50.61,0
497,13,91.60,96.98,83.43,36.93,15.16,49.57,0
497,14,82.30,97.21,90.36,37.14,16.12,51.61,0
497,15,82.77,97.46,89.43,36.64,15.94,54.70,0
497,16,84.18,96.87,86.62,35.95,16.23,54.55,0
497,17,85.99,97.20,89.31,36.69,15.38,53.71,0
497,18,83.17,97.12,88.41,36.12,16.07,54.22,0
497,19,84.34,96.87,90.91,36.95,15.87,52.64,0
498,0,78.39,98.52,86.36,34.51,15.22,56.34,0
498,1,80.47,98.21,85.42,33.97,15.07,56.63,0
498,2,79.97,98.20,87.90,33.71,14.95,56.43,0
498,3,77.73,98.00,86.36,34.75,15.15,58.03,0
498,4,77.46,98.33,85.91,33.82,15.09,54.70,0
498,5,79.29,98.26,90.97,34.25,15.36,57.84,0
498,6,81.23,98.44,90.84,34.19,15.50,55.90,0
498,7,78.78,98.41,87.66,32.88,15.52,58.34,0
498,8,77.57,98.74,86.85,32.89,14.45,57.68,0
498,9,79.08,98.38,85.62,33.56,15.37,55.28,0
498,10,78.15,98.32,89.30,34.82,14.51,55.15,0
498,11,78.83,98.00,87.69,34.00,14.95,57.82,0
498,12,78.47,98.34,85.24,34.40,15.07,54.69,0
498,13,77.95,97.99,87.50,32.99,14.80,56.83,0
498,14,78.97,98.35,86.27,33.00,14.54,55.52,0
498,15,78.79,98.48,89.06,34.19,14.70,56.28,0
498,16,78.33,98.32,87.21,33.24,14.83,57.98,0
498,17,77.87,98.45,87.69,33.70,14.88,56.70,0
498,18,78.95,98.64,90.64,32.94,15.40,57.52,0
498,19,79.21,98.27,85.77,33.19,14.64,56.84,0
499,0,85.15,98.69,84.37,37.21,14.28,42.79,0
499,1,82.93,99.04,84.49,38.13,15.02,40.74,0
499,2,83.31,98.57,85.47,37.72,14.46,41.62,0
499,3,84.80,99.16,81.16,36.91,15.18,41.81,0
499,4,83.84,98.70,86.32,37.63,15.04,44.22,0
499,5,82.81,99.12,85.42,37.68,14.65,41.77,0
499,6,85.84,99.04,86.25,37.83,14.72,40.81,0
499,7,85.77,99.10,83.25,37.10,15.11,42.50,0
499,8,81.72,98.65,84.73,38.86,14.28,44.36,0
499,9,85.29,99.27,82.67,37.64,15.02,43.85,0
499,10,83.84,99.28,85.77,38.38,14.68,44.25,0
499,11,82.15,99.29,83.91,37.86,14.71,42.81,0
499,12,82.22,98.69,81.82,38.84,14.19,40.87,0
499,13,84.18,98.77,82.30,37.68,14.58,42.68,0
499,14,81.41,98.66,83.47,38.44,14.66,42.29,0
499,15,84.19,98.96,85.23,37.00,15.11,42.44,0
499,16,81.10,98.68,81.50,37.85,15.10,43.69,0
499,17,84.06,98.93,84.17,37.14,14.87,43.93,0
499,18,83.41,98.50,85.61,37.50,14.71,41.97,0
499,19,82.75,98.72,84.03,37.71,14.77,41.43,0
500,0,82.56,97.79,91.28,38.76,13.96,48.47,0
500,1,83.24,97.62,89.92,38.80,14.01,47.18,0
500,2,83.65,97.74,87.77,38.00,13.65,49.21,0
500,3,81.92,97.56,91.00,38.18,14.07,49.57,0
500,4,84.40,97.16,88.27,37.65,13.31,49.01,0
500,5,85.44,97.78,90.04,37.69,13.52,49.53,0
500,6,82.05,97.20,90.11,37.22,14.01,49.45,0
500,7,84.11,97.74,90.38,37.97,13.79,48.45,0
500,8,82.53,97.21,90.93,39.06,13.92,46.75,0
500,9,89.40,97.85,80.51,37.46,13.12,46.40,0
500,10,89.43,97.34,78.78,37.20,14.04,46.44,0
500,11,92.72,97.36,74.35,38.15,13.36,43.14,1
500,12,88.45,97.17,80.36,37.20,14.00,42.84,0
500,13,86.40,97.34,82.26,38.76,14.09,43.93,0
500,14,83.27,97.11,86.23,38.19,13.78,48.46,0
500,15,82.60,97.09,85.94,38.91,14.01,48.61,0
500,16,80.95,97.63,91.49,38.54,14.00,47.80,0
500,17,80.26,97.78,91.13,37.94,14.07,49.20,0
500,18,81.32,97.58,86.91,37.20,13.09,49.65,0
500,19,81.54,97.42,88.94,38.00,13.25,49.85,0
501,0,70.95,98.32,96.89,38.51,11.05,45.41,0
501,1,72.05,98.50,96.41,38.50,12.12,45.86,0
501,2,72.41,98.23,98.56,37.53,12.10,46.37,0
501,3,73.35,98.85,97.75,38.27,11.37,45.33,0
501,4,74.10,98.49,96.98,38.72,11.76,47.40,0
501,5,70.90,98.12,99.62,37.16,11.68,46.52,0
501,6,74.32,98.75,95.98,38.89,11.65,46.07,0
501,7,74.62,98.59,98.26,37.46,11.78,47.64,0
501,8,71.48,98.71,99.82,38.38,11.13,46.41,0
501,9,73.81,98.52,100.64,37.56,12.10,47.61,0
501,10,73.20,98.50,99.75,38.28,11.86,49.03,0
501,11,71.65,98.35,97.86,37.36,11.43,45.84,0
501,12,70.34,98.62,96.49,37.25,11.74,48.21,0
501,13,71.55,98.51,99.03,38.17,11.68,48.90,0
501,14,72.38,98.30,99.44,37.67,11.18,45.63,0
501,15,70.81,98.53,99.32,37.87,11.11,45.57,0
501,16,70.89,98.33,99.43,37.97,11.85,46.75,0
501,17,69.75,98.11,96.71,38.16,11.53,47.26,0
501,18,73.53,98.67,99.91,37.33,11.83,47.00,0
501,19,73.21,98.23,100.36,38.78,12.00,47.27,0
502,0,72.95,97.77,96.54,37.85,12.13,55.04,0
502,1,74.26,97.89,95.56,38.31,11.72,55.56,0
502,2,74.50,97.85,94.95,38.07,11.35,55.62,0
502,3,74.78,97.88,96.63,39.05,11.30,56.68,0
502,4,73.34,97.83,95.36,38.41,11.37,57.18,0
502,5,72.51,97.95,94.56,38.65,12.27,57.44,0
502,6,75.41,97.94,94.46,38.58,11.87,56.25,0
502,7,73.91,97.79,94.71,38.60,11.95,57.57,0
502,8,79.97,98.07,87.63,38.45,11.15,55.32,0
502,9,79.20,97.98,82.56,37.83,12.22,52.95,0
502,10,82.99,97.64,78.83,37.17,11.55,49.95,1
502,11,81.81,97.55,83.80,38.76,11.71,53.76,0
502,12,79.68,97.60,89.82,37.86,11.51,55.37,0
502,13,70.34,98.08,94.88,38.73,12.25,57.22,0
502,14,71.36,97.97,93.80,38.09,11.94,56.64,0
502,15,72.20,98.01,94.38,38.76,11.28,56.99,0
502,16,70.76,98.01,96.68,37.90,12.18,57.72,0
502,17,71.47,98.23,92.14,38.20,12.06,58.80,0
502,18,70.97,98.08,92.74,37.63,11.45,55.98,0
502,19,74.40,98.15,92.82,38.38,11.93,58.27,0
503,0,75.81,97.94,96.03,34.25,15.89,46.71,0
503,1,78.61,97.83,100.40,34.87,15.10,44.71,0
503,2,79.30,97.80,97.98,34.59,15.00,43.90,0
503,3,77.44,97.45,96.94,35.68,15.46,44.37,0
503,4,78.48,97.92,95.79,35.48,15.64,44.55,0
503,5,77.63,97.67,96.55,34.56,15.91,43.21,0
503,6,79.70,97.57,97.81,34.41,15.74,44.95,0
503,7,79.97,97.39,95.45,34.16,16.08,43.41,0
503,8,76.20,97.97,96.52,35.26,15.00,45.52,0
503,9,79.21,97.28,97.65,35.59,15.85,46.51,0
503,10,78.94,97.87,95.61,34.87,15.28,45.13,0
503,11,76.19,97.52,99.76,34.66,15.67,45.29,0
503,12,78.29,97.98,97.77,35.38,15.00,43.72,0
503,13,76.10,97.46,99.46,35.73,15.94,45.42,0
503,14,75.36,97.65,96.92,34.92,15.62,45.78,0
503,15,77.13,97.95,98.03,34.87,15.53,46.28,0
503,16,76.17,97.52,99.57,34.83,16.13,45.13,0
503,17,75.89,97.69,96.18,35.18,16.10,43.25,0
503,18,79.43,97.25,94.60,34.42,15.71,44.64,0
503,19,79.46,97.91,94.55,34.98,15.49,45.84,0
504,0,88.63,97.74,95.89,37.31,14.85,48.12,0
504,1,88.31,97.41,97.90,36.45,14.87,46.74,0
504,2,89.56,97.45,96.76,37.00,15.35,45.99,0
504,3,88.53,97.32,97.14,37.20,15.56,47.81,0
504,4,91.24,97.27,96.70,36.65,15.40,48.77,0
504,5,90.29,97.63,98.60,37.40,15.26,45.75,0
504,6,89.52,97.41,94.04,37.73,14.66,47.15,0
504,7,87.50,97.71,95.43,36.05,14.71,47.21,0
504,8,87.32,97.37,96.70,37.34,15.02,47.32,0
504,9,95.33,97.80,92.88,37.69,15.41,46.05,0
504,10,95.47,97.11,86.94,37.79,15.18,43.33,0
504,11,98.58,97.81,83.70,36.85,15.72,41.03,1
504,12,94.62,97.44,83.53,36.21,15.20,41.22,0
504,13,93.28,97.83,86.78,38.00,14.86,43.40,0
504,14,87.20,97.12,93.88,36.57,14.63,47.78,0
504,15,86.58,97.64,96.29,36.21,15.31,45.23,0
504,16,89.22,97.23,93.82,37.58,15.09,45.88,0
504,17,88.79,97.61,94.73,36.73,15.19,48.79,0
504,18,87.79,97.52,94.81,37.95,15.16,48.11,0
504,19,90.18,97.28,97.58,36.79,15.23,46.90,0
505,0,90.35,97.17,81.58,34.26,13.47,43.17,0
505,1,89.32,97.76,82.12,34.73,13.68,44.86,0
505,2,89.66,97.33,85.94,34.58,12.92,41.77,0
505,3,88.51,97.78,81.84,34.30,12.86,42.60,0
505,4,90.34,97.68,83.79,33.82,12.96,42.69,0
505,5,89.51,97.13,85.57,34.51,12.68,41.53,0
505,6,88.77,97.04,81.79,35.44,12.87,44.72,0
505,7,91.26,97.19,83.13,34.70,13.67,44.38,0
505,8,94.87,97.31,79.63,33.63,12.63,40.23,0
505,9,98.44,97.39,75.59,35.32,13.42,40.66,0
505,10,96.99,97.32,69.19,35.37,12.76,39.09,1
505,11,95.26,97.07,71.13,35.14,12.86,38.02,0
505,12,92.44,97.23,77.40,34.12,13.11,38.06,0
505,13,90.14,97.07,84.45,34.91,13.47,44.83,0
505,14,88.37,97.33,79.51,34.07,13.34,43.49,0
505,15,87.10,97.32,80.95,34.12,13.65,44.44,0
505,16,87.83,97.03,79.47,34.90,13.06,44.40,0
505,17,88.88,97.48,80.01,34.84,12.60,44.12,0
505,18,90.32,97.45,79.65,35.39,13.66,43.55,0
505,19,87.22,97.30,83.59,34.79,13.00,44.03,0
506,0,90.82,97.71,92.85,37.32,15.20,63.04,0
506,1,89.36,97.94,88.35,35.68,14.88,62.58,0
506,2,91.98,97.71,90.11,36.24,14.79,61.64,0
506,3,89.77,97.79,92.56,35.96,15.33,60.13,0
506,4,91.69,97.94,90.34,37.40,15.27,60.93,0
506,5,92.42,98.22,90.09,36.85,15.03,60.88,0
506,6,88.85,97.93,92.02,37.34,15.40,59.13,0
506,7,88.51,97.63,91.15,36.97,15.23,60.79,0
506,8,89.97,97.85,90.13,35.52,15.00,60.77,0
506,9,89.19,97.82,92.83,36.62,14.86,62.33,0
506,10,90.58,97.70,88.61,36.64,14.86,59.84,0
506,11,90.05,97.60,87.84,37.17,15.05,61.01,0
506,12,87.58,97.72,92.38,36.81,14.94,60.29,0
506,13,90.41,97.43,88.17,37.20,15.30,63.03,0
506,14,87.69,98.16,91.40,37.12,15.13,62.36,0
506,15,89.70,97.81,89.94,37.01,14.93,60.21,0
506,16,90.70,97.77,87.83,36.01,14.79,60.14,0
506,17,88.89,97.89,88.70,37.16,15.80,62.77,0
506,18,89.96,97.93,89.24,36.50,15.57,59.74,0
506,19,90.49,98.10,92.82,35.82,15.18,60.11,0
507,0,87.32,98.38,83.31,34.81,15.37,40.95,0
507,1,88.53,98.98,85.59,34.21,15.55,43.24,0
507,2,87.82,99.03,85.17,33.71,15.31,42.38,0
507,3,87.28,98.84,82.40,33.46,14.85,42.01,0
507,4,89.64,98.26,85.72,34.81,14.75,41.88,0
507,5,87.35,98.56,82.91,34.87,15.17,43.21,0
507,6,90.79,98.93,83.34,33.84,14.66,41.18,0
507,7,89.56,98.54,85.61,34.01,14.55,41.28,0
507,8,89.10,98.72,80.69,34.59,14.50,40.58,0
507,9,88.98,98.41,84.66,33.44,14.53,43.37,0
507,10,87.33,98.86,83.42,34.18,14.86,42.45,0
507,11,87.26,98.65,81.48,33.29,14.71,43.82,0
507,12,85.86,98.91,82.40,33.32,14.88,40.22,0
507,13,87.74,98.50,84.42,34.35,14.57,43.00,0
507,14,86.69,98.60,80.92,33.75,14.56,41.95,0
507,15,89.24,98.97,83.54,34.53,15.56,41.98,0
507,16,87.98,98.45,85.10,33.80,15.61,42.69,0
507,17,89.39,98.76,81.35,33.54,15.12,41.16,0
507,18,88.18,98.77,84.40,34.74,15.02,43.34,0
507,19,89.79,98.88,83.63,35.03,14.56,43.95,0
508,0,79.34,98.43,78.56,34.49,10.49,50.10,0
508,1,77.37,98.58,80.08,35.20,10.91,49.62,0
508,2,79.74,98.42,80.69,35.15,11.24,49.73,0
508,3,78.07,99.13,81.17,34.53,11.45,51.78,0
508,4,77.14,98.40,77.01,35.93,10.78,49.07,0
508,5,78.98,99.14,82.80,34.48,10.92,50.91,0
508,6,77.54,98.89,81.17,34.58,11.04,51.53,0
508,7,77.11,98.47,79.78,36.06,10.58,49.67,0
508,8,84.02,99.08,71.84,35.85,11.64,46.78,0
508,9,86.83,98.93,67.59,35.55,10.49,44.86,0
508,10,86.88,98.72,67.78,35.32,11.57,45.55,1
508,11,84.30,98.93,69.71,34.53,10.75,44.90,0
508,12,83.25,98.52,72.19,34.32,10.47,48.74,0
508,13,75.99,98.52,80.89,35.83,10.97,50.44,0
508,14,78.38,98.97,81.12,35.70,10.98,51.65,0
508,15,76.24,98.82,78.98,35.64,11.54,49.08,0
508,16,78.02,98.85,76.51,34.38,11.33,50.52,0
508,17,77.56,98.59,79.37,34.63,10.86,52.08,0
508,18,78.78,98.89,79.90,35.21,11.02,52.26,0
508,19,76.23,98.75,76.15,35.34,11.35,49.63,0
509,0,80.93,97.31,96.84,38.10,14.12,50.18,0
509,1,78.59,97.45,97.77,37.93,13.81,51.10,0
509,2,80.76,97.41,95.96,39.31,14.57,48.10,0
509,3,81.62,97.16,99.69,38.66,14.15,48.21,0
509,4,79.11,97.77,101.15,38.65,13.96,48.69,0
509,5,80.91,97.40,100.79,39.00,14.30,50.15,0
509,6,80.13,97.31,96.71,39.30,14.04,49.63,0
509,7,80.72,97.24,100.11,38.97,13.79,51.20,0
509,8,79.37,97.47,97.51,39.26,13.76,50.50,0
509,9,80.55,97.19,99.51,38.05,13.92,50.32,0
509,10,79.94,97.47,95.27,38.04,14.49,51.15,0
509,11,80.87,97.72,98.99,38.62,14.33,50.13,0
509,12,80.35,97.73,98.20,38.06,13.71,49.09,0
509,13,77.95,97.35,97.90,37.73,14.05,51.26,0
509,14,79.96,97.58,95.16,37.96,13.83,49.85,0
509,15,79.96,97.12,93.80,38.71,14.11,51.55,0
509,16,78.20,97.28,96.51,37.47,14.76,49.49,0
509,17,81.31,97.62,99.28,39.20,13.83,49.31,0
509,18,81.25,97.33,94.44,38.46,13.78,51.78,0
509,19,81.44,97.39,95.15,38.06,14.35,48.47,0
510,0,80.49,98.10,87.27,37.72,13.77,53.53,0
510,1,80.96,98.08,84.46,37.93,13.59,53.97,0
510,2,83.81,98.14,88.28,38.30,13.81,51.94,0
510,3,81.43,98.51,83.37,39.09,12.79,53.35,0
510,4,84.47,98.29,85.02,38.55,13.23,53.33,0
510,5,83.36,98.38,84.98,38.32,12.84,54.00,0
510,6,81.08,97.94,84.06,38.96,13.94,52.58,0
510,7,82.91,97.92,85.21,38.34,13.72,52.98,0
510,8,82.92,97.92,86.85,39.38,13.65,52.89,0
510,9,81.96,98.04,84.41,37.62,12.99,51.20,0
510,10,81.91,98.30,87.79,38.61,13.46,54.14,0
510,11,82.14,98.11,83.93,39.47,13.15,53.06,0
510,12,80.48,98.14,87.04,38.48,13.03,53.77,0
510,13,80.88,98.18,86.30,38.80,13.83,51.26,0
510,14,79.57,98.34,87.33,38.82,13.91,53.37,0
510,15,81.73,97.80,87.33,39.38,13.03,51.71,0
510,16,82.00,97.80,84.96,38.35,13.71,51.90,0
510,17,80.99,98.30,86.67,37.50,13.57,51.52,0
510,18,82.93,98.55,82.40,38.42,13.56,53.14,0
510,19,81.91,98.47,86.60,38.89,13.33,53.92,0
511,0,90.09,97.61,89.50,36.02,11.69,55.92,0
511,1,92.96,97.99,88.87,34.94,11.74,56.39,0
511,2,89.63,98.24,90.77,36.11,11.44,57.50,0
511,3,90.10,97.71,88.48,35.32,11.89,57.22,0
511,4,93.42,97.87,90.94,35.18,12.44,58.58,0
511,5,92.76,97.65,89.98,34.86,11.87,55.13,0
511,6,90.52,97.53,92.01,34.59,12.28,54.83,0
511,7,89.68,97.88,89.53,34.83,11.91,58.36,0
511,8,90.57,97.49,89.10,36.01,11.71,54.68,0
511,9,90.91,98.10,91.20,36.09,12.50,57.50,0
511,10,91.44,97.87,91.06,35.11,12.06,54.77,0
511,11,92.32,98.09,89.50,35.39,12.21,58.33,0
511,12,91.83,97.46,89.27,34.72,11.94,58.10,0
511,13,88.96,98.01,86.14,35.73,11.53,57.85,0
511,14,90.41,98.19,91.48,35.25,12.35,56.96,0
511,15,89.42,97.73,86.67,34.54,11.96,55.43,0
511,16,89.16,97.98,91.60,35.13,11.76,57.12,0
511,17,89.75,98.09,88.14,35.27,12.56,55.61,0
511,18,90.33,97.68,88.25,36.18,12.22,55.50,0
511,19,91.40,98.23,88.91,34.34,12.38,57.08,0
512,0,70.39,96.95,84.94,35.50,14.88,58.81,0
512,1,70.06,97.01,81.65,34.54,14.34,56.02,0
512,2,72.58,97.23,79.93,34.94,14.10,57.18,0
512,3,71.56,97.41,82.76,34.90,14.76,56.49,0
512,4,72.39,96.93,82.11,35.53,14.57,56.87,0
512,5,71.36,96.68,84.39,34.29,14.67,55.69,0
512,6,70.22,97.10,80.20,35.68,14.82,56.19,0
512,7,71.19,96.73,83.25,35.35,14.61,56.76,0
512,8,70.37,97.04,84.30,35.56,14.62,58.67,0
512,9,75.49,96.68,76.99,35.42,14.95,54.59,0
512,10,77.82,97.11,74.14,34.04,14.69,53.05,0
512,11,79.28,97.27,65.04,33.98,14.05,53.15,1
512,12,76.99,97.27,69.44,34.61,14.89,54.18,0
512,13,76.02,96.75,76.80,34.08,14.25,53.02,0
512,14,69.51,97.26,80.80,35.88,14.89,58.14,0
512,15,69.06,97.10,82.29,35.04,14.35,56.47,0
512,16,68.74,97.07,80.99,34.38,14.24,59.01,0
512,17,68.73,96.98,80.63,34.25,14.39,59.01,0
512,18,70.48,97.40,80.02,35.88,13.95,58.72,0
512,19,71.32,96.93,80.72,35.43,14.47,59.32,0
513,0,79.93,98.71,88.74,35.77,13.42,60.79,0
513,1,78.70,99.06,88.71,37.34,14.12,62.99,0
513,2,78.74,98.66,86.99,36.39,14.13,61.68,0
513,3,79.17,98.80,89.05,37.26,13.09,63.72,0
513,4,79.73,98.43,86.84,36.22,14.14,63.64,0
513,5,80.90,99.06,88.30,36.02,13.82,61.79,0
513,6,80.28,99.14,88.99,37.17,13.84,63.74,0
513,7,80.91,98.85,85.78,37.62,13.21,62.32,0
513,8,78.75,98.45,89.41,37.60,13.24,60.34,0
513,9,77.38,98.42,85.17,37.61,13.61,61.11,0
513,10,79.63,98.54,88.27,37.55,14.20,60.27,0
513,11,76.63,98.58,86.66,35.83,13.80,59.91,0
513,12,78.60,98.97,87.37,37.48,14.09,61.89,0
513,13,78.55,98.88,87.61,37.42,14.05,63.40,0
513,14,79.85,99.12,86.17,36.89,13.06,62.50,0
513,15,76.69,99.00,84.96,36.75,14.20,61.95,0
513,16,76.51,99.18,85.89,36.16,14.09,63.64,0
513,17,80.19,98.68,85.13,37.62,13.43,61.80,0
513,18,77.83,98.60,83.65,37.30,13.41,63.47,0
513,19,78.62,99.13,85.02,37.67,14.17,60.26,0
514,0,78.65,97.52,96.30,38.95,15.98,55.64,0
514,1,80.20,97.50,100.40,39.14,15.49,53.78,0
514,2,78.87,97.39,96.01,37.90,15.83,54.03,0
514,3,80.49,97.28,98.44,37.51,14.98,52.74,0
514,4,79.56,96.96,98.17,38.87,15.38,54.93,0
514,5,83.08,97.31,98.39,38.10,15.18,54.94,0
514,6,79.26,97.30,96.50,39.06,15.98,52.69,0
514,7,81.07,96.95,99.94,38.36,16.00,54.07,0
514,8,80.02,97.11,97.28,38.23,15.50,53.83,0
514,9,78.74,96.96,98.52,37.45,15.69,55.52,0
514,10,80.16,97.47,96.10,37.64,15.95,52.12,0
514,11,81.92,97.47,95.99,38.09,15.14,53.27,0
514,12,79.17,97.37,97.00,37.97,15.51,52.18,0
514,13,79.35,97.44,94.30,39.16,15.38,52.75,0
514,14,79.11,97.39,99.41,39.34,15.22,52.85,0
514,15,78.16,96.95,98.46,37.89,15.30,52.95,0
514,16,81.47,97.27,94.63,38.79,15.47,53.04,0
514,17,78.94,97.72,100.05,37.40,14.96,55.83,0
514,18,78.14,97.57,97.25,38.44,15.60,52.11,0
514,19,81.79,97.43,96.02,37.43,15.76,53.23,0
515,0,76.31,96.84,81.48,33.59,14.16,44.82,0
515,1,76.34,97.28,83.38,34.23,13.29,43.42,0
515,2,78.06,97.41,85.74,34.36,13.92,44.35,0
515,3,77.91,97.22,82.47,34.83,13.05,45.55,0
515,4,79.05,97.27,83.54,34.31,14.12,42.84,0
515,5,79.43,97.28,82.67,35.27,13.98,45.09,0
515,6,78.02,96.94,83.42,35.07,14.13,42.28,0
515,7,80.09,97.28,84.62,34.05,14.02,42.78,0
515,8,82.10,97.33,75.21,34.53,13.97,42.52,0
515,9,86.50,97.00,70.38,34.21,13.56,38.81,0
515,10,86.12,97.16,70.05,34.10,13.84,38.90,1
515,11,87.07,97.07,69.50,33.69,13.12,39.72,0
515,12,81.25,97.08,77.14,33.95,13.93,40.10,0
515,13,75.41,96.90,83.92,34.02,13.55,42.43,0
515,14,78.78,96.78,84.15,34.35,13.33,43.61,0
515,15,77.44,97.44,83.68,33.98,13.85,43.30,0
515,16,76.13,97.13,78.97,33.88,13.47,43.38,0
515,17,75.68,97.34,83.14,34.91,13.64,43.12,0
515,18,76.10,96.97,82.81,35.03,13.36,42.68,0
515,19,77.04,97.31,80.20,34.67,13.47,44.20,0
516,0,80.50,97.65,90.69,35.35,10.54,53.01,0
516,1,81.25,97.72,91.75,35.74,11.04,53.70,0
516,2,78.85,97.48,92.65,35.98,11.39,55.25,0
516,3,81.42,97.53,93.01,37.27,11.38,52.85,0
516,4,80.82,97.14,91.99,36.73,11.44,52.65,0
516,5,80.24,97.24,92.55,35.68,11.28,54.03,0
516,6,81.49,97.28,91.47,36.50,10.85,53.27,0
516,7,81.48,97.48,91.94,35.80,10.55,55.96,0
516,8,81.72,97.09,90.44,37.00,11.19,54.00,0
516,9,81.50,97.60,93.77,35.64,10.79,52.26,0
516,10,80.58,97.11,93.64,36.00,11.20,53.42,0
516,11,80.65,97.80,92.49,35.53,10.95,54.37,0
516,12,78.68,97.16,88.79,35.98,10.48,53.37,0
516,13,79.73,97.29,93.22,36.26,11.22,55.55,0
516,14,80.33,97.49,90.71,35.42,10.58,52.43,0
516,15,79.36,97.50,93.05,35.95,11.27,53.43,0
516,16,78.62,97.38,92.54,35.57,10.75,52.97,0
516,17,78.09,97.66,91.07,36.67,10.81,54.36,0
516,18,78.71,97.49,91.49,36.37,10.83,52.33,0
516,19,78.18,97.25,90.41,35.32,10.85,52.72,0
517,0,85.78,98.34,92.85,36.85,15.97,55.82,0
517,1,87.99,98.82,92.37,35.49,16.29,55.10,0
517,2,86.68,98.18,94.06,36.46,15.91,55.86,0
517,3,86.46,98.18,93.60,35.39,15.76,53.76,0
517,4,87.80,98.84,92.49,35.61,15.84,55.72,0
517,5,88.58,98.31,92.21,35.01,15.55,54.63,0
517,6,88.23,98.59,93.77,34.99,16.19,54.18,0
517,7,87.79,98.09,90.66,36.31,15.47,53.77,0
517,8,89.40,98.10,88.74,35.19,15.61,56.88,0
517,9,88.98,98.76,92.96,36.57,15.76,56.58,0
517,10,88.95,98.26,89.89,35.34,15.92,56.34,0
517,11,88.18,98.20,92.32,36.38,15.38,57.66,0
517,12,87.65,98.12,88.91,36.39,16.03,55.65,0
517,13,87.39,98.64,91.36,36.19,15.61,55.86,0
517,14,86.43,98.45,92.56,36.53,15.30,55.57,0
517,15,86.38,98.64,87.96,35.23,15.22,56.20,0
517,16,87.92,98.27,89.55,36.36,16.17,54.14,0
517,17,85.91,98.22,92.51,35.13,15.59,54.98,0
517,18,87.41,98.18,88.48,35.62,15.26,56.88,0
517,19,85.64,98.31,93.07,36.58,16.00,54.40,0
518,0,70.64,97.44,85.07,35.44,12.98,57.92,0
518,1,72.52,97.33,85.01,34.34,12.64,60.29,0
518,2,70.30,96.72,85.23,34.05,13.58,58.84,0
518,3,69.41,97.13,83.93,33.77,13.32,60.58,0
518,4,73.02,97.07,83.24,35.43,13.42,57.80,0
518,5,72.77,97.40,84.13,34.00,13.36,58.76,0
518,6,72.72,96.84,85.81,33.99,12.54,61.20,0
518,7,70.76,97.40,85.70,33.77,12.81,57.80,0
518,8,69.47,97.28,81.84,35.53,12.58,60.99,0
518,9,70.61,97.05,82.76,35.27,13.51,61.28,0
518,10,71.89,96.70,87.15,34.56,12.93,58.52,0
518,11,69.43,96.79,82.56,34.08,12.75,60.46,0
518,12,70.61,97.38,83.57,34.36,13.12,60.74,0
518,13,68.19,97.37,81.64,33.80,13.24,57.71,0
518,14,67.78,97.41,85.19,34.49,13.17,58.67,0
518,15,67.99,96.71,82.38,34.93,12.70,57.66,0
518,16,71.45,97.44,83.64,34.32,13.23,58.14,0
518,17,71.13,97.42,83.78,34.14,12.67,58.40,0
518,18,69.75,96.78,86.43,34.39,13.20,57.55,0
518,19,71.50,97.32,83.50,35.45,12.87,59.41,0
519,0,88.83,98.18,96.72,33.61,11.44,50.43,0
519,1,92.02,97.81,100.47,33.30,11.60,51.44,0
519,2,92.27,98.23,97.92,32.81,11.28,50.79,0
519,3,92.12,97.98,96.53,34.50,11.21,51.91,0
519,4,89.44,98.12,101.00,34.48,11.62,51.71,0
519,5,92.81,98.32,96.65,34.37,10.90,51.47,0
519,6,93.30,98.24,96.56,32.87,11.76,52.42,0
519,7,92.31,98.10,98.43,33.43,11.43,52.21,0
519,8,92.79,98.38,94.87,33.82,11.19,52.34,0
519,9,89.42,97.80,95.72,34.17,11.19,49.25,0
519,10,89.75,98.40,96.68,33.44,11.20,52.76,0
519,11,89.42,98.44,97.12,34.63,10.73,52.06,0
519,12,88.59,98.18,96.76,33.63,10.80,52.54,0
519,13,88.23,98.20,99.35,33.19,11.78,52.54,0
519,14,90.20,97.91,96.02,33.67,11.45,53.03,0
519,15,89.25,97.88,95.46,33.21,11.57,52.91,0
519,16,89.51,98.01,94.46,34.13,10.73,51.57,0
519,17,89.02,97.67,99.02,33.36,11.16,52.09,0
519,18,89.49,98.25,94.61,33.49,11.43,51.99,0
519,19,88.85,97.74,94.44,33.89,11.59,49.48,0
520,0,90.43,98.06,89.75,35.57,14.63,51.00,0
520,1,88.63,97.84,88.75,37.47,14.91,52.10,0
520,2,88.43,98.07,90.93,35.83,14.92,51.69,0
520,3,91.36,97.86,90.65,35.82,14.60,51.85,0
520,4,90.80,97.88,87.42,35.90,14.07,49.19,0
520,5,90.17,97.67,87.91,37.27,14.40,51.43,0
520,6,90.31,97.88,89.80,36.80,14.10,48.43,0
520,7,90.09,97.41,87.78,36.66,14.38,48.77,0
520,8,90.27,97.86,89.53,36.85,14.56,48.43,0
520,9,90.03,97.92,88.30,36.78,14.12,51.91,0
520,10,89.21,97.48,89.04,35.69,14.25,49.92,0
520,11,89.74,97.64,88.84,37.22,14.41,48.90,0
520,12,87.82,97.58,88.54,36.56,14.42,50.17,0
520,13,89.09,97.51,87.18,37.28,14.35,50.16,0
520,14,89.06,98.10,90.62,35.61,13.97,50.95,0
520,15,87.99,97.37,88.44,36.52,13.86,48.17,0
520,16,88.43,97.79,90.37,36.90,14.74,48.29,0
520,17,88.93,98.06,87.13,36.06,14.17,49.21,0
520,18,88.89,97.52,87.79,37.10,14.90,52.09,0
520,19,89.44,97.93,91.09,37.44,14.24,49.58,0
521,0,88.92,97.47,93.60,36.08,12.84,56.96,0
521,1,85.85,97.61,92.45,34.64,12.36,55.23,0
521,2,87.78,97.79,94.80,35.11,12.79,55.74,0
521,3,88.78,97.37,94.45,35.88,12.07,54.93,0
521,4,88.53,97.43,94.13,34.41,12.92,56.99,0
521,5,89.62,97.66,96.47,35.34,12.21,57.82,0
521,6,86.54,97.45,93.91,34.35,12.74,56.01,0
521,7,87.62,97.63,93.17,35.55,12.77,56.63,0
521,8,85.68,97.47,93.92,34.92,12.58,54.89,0
521,9,86.24,97.25,91.39,34.68,12.19,56.52,0
521,10,86.32,97.97,93.94,35.19,12.21,57.76,0
521,11,86.80,97.94,92.53,35.48,12.19,56.24,0
521,12,84.77,97.70,92.52,34.21,12.28,56.96,0
521,13,88.21,97.95,92.70,35.76,11.92,56.60,0
521,14,85.56,97.62,95.39,35.40,12.24,55.31,0
521,15,87.95,97.91,95.75,35.75,12.74,57.48,0
521,16,88.38,97.95,91.14,34.94,12.04,57.74,0
521,17,85.96,97.49,96.16,36.02,12.21,54.30,0
521,18,88.34,97.36,94.35,34.90,12.20,55.78,0
521,19,86.01,97.61,95.83,36.01,12.08,57.48,0
522,0,82.92,97.14,91.56,35.82,13.56,46.60,0
522,1,82.74,97.13,94.38,36.38,13.69,45.85,0
522,2,80.76,97.38,96.34,35.22,13.71,46.44,0
522,3,82.45,97.13,95.46,35.44,12.92,44.52,0
522,4,83.16,96.96,93.99,35.55,13.36,45.39,0
522,5,82.65,97.11,93.87,35.10,13.19,45.57,0
522,6,80.80,96.82,96.64,36.47,13.77,47.04,0
522,7,84.19,96.76,93.20,36.65,13.75,45.18,0
522,8,80.27,96.97,93.67,35.46,14.04,44.69,0
522,9,82.18,97.11,94.29,35.00,13.88,45.42,0
522,10,86.19,96.98,85.74,35.41,13.17,42.10,0
522,11,87.28,96.71,84.26,35.89,13.01,42.62,0
522,12,91.77,97.27,81.27,36.81,13.28,43.29,1
522,13,89.90,97.32,83.97,35.22,13.26,40.68,0
522,14,88.27,96.89,87.56,35.41,13.54,44.41,0
522,15,81.90,96.72,92.21,36.00,13.68,46.01,0
522,16,81.01,97.26,95.44,35.06,13.99,47.25,0
522,17,81.49,97.13,92.04,36.52,13.67,45.44,0
522,18,80.43,97.19,92.00,35.98,13.30,44.66,0
522,19,82.19,97.49,91.34,35.03,13.43,48.45,0
523,0,84.07,97.60,95.03,37.67,10.59,44.65,0
523,1,86.48,98.25,98.26,37.92,10.77,47.43,0
523,2,84.21,98.03,94.85,36.77,10.95,46.35,0
523,3,85.06,98.10,94.82,38.61,10.65,45.57,0
523,4,86.07,97.76,98.36,37.70,10.08,45.07,0
523,5,87.27,98.16,94.28,37.95,10.50,44.94,0
523,6,87.69,97.65,96.68,37.62,10.69,44.92,0
523,7,87.06,97.84,94.69,37.27,10.37,45.81,0
523,8,85.20,98.09,96.17,37.37,10.58,45.79,0
523,9,87.53,97.66,94.91,36.86,9.96,45.65,0
523,10,84.56,97.65,96.36,38.10,10.96,44.30,0
523,11,85.82,97.86,92.36,36.95,10.12,47.42,0
523,12,86.89,98.12,97.73,36.89,10.17,45.48,0
523,13,83.20,97.64,96.68,37.59,10.12,46.30,0
523,14,85.52,97.84,92.52,38.24,10.69,45.87,0
523,15,86.09,98.14,91.88,37.13,10.10,46.55,0
523,16,85.05,98.35,94.41,37.19,10.64,44.46,0
523,17,84.62,97.68,94.68,38.19,10.32,47.81,0
523,18,85.12,98.22,97.45,36.83,9.88,48.14,0
523,19,85.86,98.20,97.89,36.99,9.91,46.50,0
524,0,89.74,98.34,90.11,35.25,12.71,58.97,0
524,1,90.33,98.31,92.58,34.26,12.46,55.74,0
524,2,90.94,98.72,89.69,34.78,13.43,57.62,0
524,3,90.38,98.51,88.69,35.43,12.87,58.17,0
524,4,89.00,98.69,93.67,34.80,13.34,56.99,0
524,5,90.48,98.59,94.22,36.01,13.17,57.05,0
524,6,87.62,98.12,92.00,34.43,12.64,57.55,0
524,7,90.48,98.50,93.26,34.20,12.56,57.86,0
524,8,89.73,98.34,92.87,34.23,13.12,58.61,0
524,9,89.83,97.97,88.35,35.47,12.68,56.79,0
524,10,86.77,98.29,91.48,34.81,12.85,56.48,0
524,11,86.94,98.68,89.14,35.73,12.80,58.04,0
524,12,90.04,98.37,90.04,35.09,13.49,58.30,0
524,13,89.52,98.16,91.72,34.56,13.27,56.68,0
524,14,88.39,98.44,88.06,34.36,12.69,57.94,0
524,15,87.33,98.19,92.78,34.55,12.58,58.56,0
524,16,89.69,98.25,88.87,35.18,13.52,56.35,0
524,17,87.58,98.58,88.12,34.34,12.54,55.81,0
524,18,87.83,98.11,88.18,34.78,13.40,59.36,0
524,19,89.07,98.56,91.93,34.73,13.32,58.53,0
525,0,83.98,98.52,89.35,33.34,13.99,55.23,0
525,1,84.09,98.40,91.46,34.17,13.69,55.84,0
525,2,84.97,98.03,91.08,32.38,14.10,57.86,0
525,3,85.00,98.74,90.37,33.07,13.59,56.21,0
525,4,85.71,98.37,89.23,34.22,14.17,56.57,0
525,5,84.40,98.03,89.07,33.13,14.37,56.46,0
525,6,85.49,98.41,91.92,33.39,14.28,58.02,0
525,7,86.38,98.55,87.11,32.95,13.83,57.96,0
525,8,83.39,98.43,86.83,33.42,14.20,56.83,0
525,9,82.65,98.72,89.32,32.48,14.61,57.62,0
525,10,91.58,98.23,85.30,32.91,14.31,51.33,0
525,11,94.06,98.00,77.29,32.76,14.09,53.81,0
525,12,95.92,98.66,72.86,33.69,14.19,50.44,1
525,13,91.24,98.16,76.18,33.30,14.51,53.92,0
525,14,89.59,98.51,81.72,33.81,14.01,54.14,0
525,15,85.69,98.31,88.55,32.39,14.40,55.31,0
525,16,85.86,98.35,85.20,32.48,13.92,55.00,0
525,17,84.51,98.65,85.64,32.72,14.18,56.89,0
525,18,83.76,98.18,87.53,32.82,14.38,56.79,0
525,19,85.17,98.18,88.49,32.32,14.52,58.03,0
526,0,76.38,97.94,87.06,35.05,9.81,47.16,0
526,1,73.91,98.56,87.25,35.43,10.88,49.48,0
526,2,74.08,97.94,92.23,34.43,9.87,47.59,0
526,3,76.12,98.41,93.36,34.44,10.28,49.30,0
526,4,77.28,98.35,88.14,34.70,9.88,48.47,0
526,5,73.47,98.33,88.06,35.46,10.47,48.35,0
526,6,74.74,98.30,89.39,35.60,10.29,49.18,0
526,7,75.79,98.14,90.62,33.94,10.45,49.53,0
526,8,76.06,98.49,90.20,34.03,10.38,47.40,0
526,9,74.13,98.26,90.95,34.01,10.60,47.87,0
526,10,73.34,98.41,91.25,34.40,10.78,47.51,0
526,11,75.48,98.10,89.41,34.05,9.77,48.30,0
526,12,72.45,98.41,87.65,33.94,10.62,46.45,0
526,13,73.11,98.48,86.27,34.00,10.63,47.42,0
526,14,72.36,98.49,86.40,35.03,10.39,46.47,0
526,15,75.60,97.96,91.13,35.26,10.63,49.14,0
526,16,72.17,98.05,89.15,33.90,10.12,47.25,0
526,17,73.77,98.28,90.95,35.44,9.82,49.44,0
526,18,72.92,97.99,91.30,34.69,10.77,49.81,0
526,19,74.48,97.86,92.60,34.40,10.01,46.40,0
527,0,71.47,98.82,84.89,33.92,15.49,57.45,0
527,1,71.25,98.44,86.75,35.27,15.15,57.34,0
527,2,71.71,98.64,83.86,34.85,15.35,56.32,0
527,3,72.58,98.28,88.19,34.43,15.78,58.30,0
527,4,73.73,98.87,85.32,35.30,15.17,57.19,0
527,5,71.27,98.29,88.04,34.02,15.85,58.61,0
527,6,73.82,98.13,84.49,35.50,15.75,56.91,0
527,7,73.91,98.26,87.08,35.26,14.92,56.47,0
527,8,71.29,98.50,84.69,33.71,15.94,57.55,0
527,9,73.92,98.81,83.45,34.87,15.43,56.98,0
527,10,71.19,98.36,83.33,33.96,15.78,58.75,0
527,11,73.03,98.12,87.21,34.21,15.94,56.24,0
527,12,70.14,98.47,84.81,34.44,15.62,57.01,0
527,13,70.14,98.77,87.28,35.67,15.66,57.79,0
527,14,70.43,98.10,83.76,34.03,15.23,58.50,0
527,15,72.54,98.15,85.12,35.15,15.66,56.41,0
527,16,70.86,98.57,84.47,35.18,14.89,58.83,0
527,17,71.86,98.79,85.64,33.71,15.96,56.50,0
527,18,70.64,98.47,83.84,35.00,15.42,57.28,0
527,19,72.59,98.29,86.50,34.66,15.97,57.84,0
528,0,82.76,98.79,95.78,35.26,14.14,54.73,0
528,1,83.11,98.81,101.02,36.08,15.06,54.86,0
528,2,82.63,98.22,101.29,35.18,15.10,56.93,0
528,3,82.31,98.64,95.62,35.45,14.60,57.25,0
528,4,85.30,98.69,100.13,35.44,14.63,55.41,0
528,5,84.10,98.42,100.77,35.67,14.78,56.78,0
528,6,85.94,98.45,97.39,36.32,14.21,57.48,0
528,7,84.16,98.74,101.03,35.91,14.97,56.99,0
528,8,84.01,98.58,101.01,35.89,14.65,55.13,0
528,9,84.25,98.28,97.68,36.05,14.46,55.72,0
528,10,82.33,98.30,97.42,36.63,15.32,56.13,0
528,11,81.79,98.87,97.96,35.95,14.20,56.10,0
528,12,81.87,98.51,97.77,35.65,14.86,57.02,0
528,13,83.52,98.45,94.21,35.36,14.83,57.91,0
528,14,81.50,98.21,99.74,36.51,14.82,55.91,0
528,15,80.95,98.53,94.95,35.11,14.51,57.90,0
528,16,81.77,98.77,98.94,36.17,14.35,57.60,0
528,17,80.94,98.25,97.47,36.24,14.26,58.34,0
528,18,83.30,98.47,98.21,36.76,15.01,58.01,0
528,19,82.45,98.26,98.77,36.31,14.75,58.06,0
529,0,80.69,97.46,84.25,35.90,13.63,48.29,0
529,1,80.62,97.51,81.53,34.11,13.19,46.29,0
529,2,82.74,97.33,86.24,34.20,12.84,47.95,0
529,3,81.31,97.95,82.10,35.35,12.86,45.74,0
529,4,83.00,97.57,85.99,34.07,13.47,46.56,0
529,5,83.48,98.00,86.34,34.56,13.65,48.07,0
529,6,83.51,97.68,85.32,35.90,13.31,47.50,0
529,7,80.23,97.38,81.70,34.46,13.68,48.43,0
529,8,81.70,97.63,81.53,34.89,12.73,48.03,0
529,9,83.52,97.78,80.07,35.01,13.07,46.91,0
529,10,83.07,97.43,83.07,35.61,13.06,47.26,0
529,11,80.60,97.61,80.60,34.35,13.08,47.70,0
529,12,82.69,97.55,80.73,35.19,13.51,45.25,0
529,13,82.66,97.65,81.88,33.98,13.44,46.05,0
529,14,79.39,97.57,83.81,34.29,13.11,45.88,0
529,15,81.74,97.54,79.76,34.54,12.77,46.51,0
529,16,79.11,97.47,83.66,35.21,13.77,46.84,0
529,17,81.71,97.51,79.62,35.00,13.34,47.97,0
529,18,81.33,97.59,84.86,35.82,13.38,48.62,0
529,19,79.61,98.04,82.82,34.51,13.50,44.98,0
530,0,74.45,96.78,99.68,35.98,10.38,52.50,0
530,1,73.49,97.01,94.73,35.57,10.24,52.12,0
530,2,74.93,97.22,95.25,36.19,9.80,52.62,0
530,3,75.77,97.16,96.38,35.43,9.99,54.78,0
530,4,75.75,97.01,99.73,36.59,10.65,53.09,0
530,5,75.50,97.22,101.18,36.79,10.87,53.39,0
530,6,75.21,97.22,97.45,36.11,10.08,52.91,0
530,7,72.56,97.02,95.70,34.99,9.84,52.23,0
530,8,75.17,97.01,100.74,36.08,10.59,52.73,0
530,9,73.46,96.87,94.76,36.80,10.75,55.23,0
530,10,74.05,96.96,98.93,35.90,10.59,53.72,0
530,11,72.47,97.12,99.10,35.85,9.83,52.26,0
530,12,75.20,96.73,96.44,36.41,10.12,53.88,0
530,13,74.29,97.15,96.41,35.83,9.97,52.15,0
530,14,73.05,96.66,94.16,36.05,10.53,53.57,0
530,15,73.20,97.13,99.34,35.59,9.86,54.47,0
530,16,73.88,96.99,98.82,35.80,10.79,52.88,0
530,17,73.10,96.78,96.69,36.28,10.56,53.35,0
530,18,75.48,97.06,94.46,35.57,10.03,51.77,0
530,19,74.17,96.66,96.20,35.91,9.85,53.68,0
531,0,84.01,96.69,83.85,32.29,12.73,49.64,0
531,1,83.07,97.29,80.62,32.19,12.89,49.45,0
531,2,85.15,96.95,83.94,33.35,11.83,48.52,0
531,3,82.89,96.98,85.64,33.67,11.76,48.44,0
531,4,82.86,96.96,82.26,33.91,12.02,47.93,0
531,5,83.06,96.79,81.27,32.83,11.83,48.13,0
531,6,83.67,96.96,82.19,33.09,12.86,47.53,0
531,7,84.28,97.40,82.70,33.53,12.12,47.13,0
531,8,85.96,97.38,86.16,33.43,12.79,50.12,0
531,9,83.81,97.23,80.69,32.20,11.79,47.94,0
531,10,83.91,96.90,83.64,33.29,12.88,49.30,0
531,11,84.14,96.90,81.78,32.21,12.17,48.90,0
531,12,82.34,97.10,82.67,33.02,12.14,46.44,0
531,13,81.68,96.90,80.02,32.06,12.91,47.42,0
531,14,82.68,96.98,81.40,32.23,12.84,47.57,0
531,15,82.39,96.81,81.70,33.65,12.88,48.65,0
531,16,83.76,97.32,79.67,33.19,11.80,50.20,0
531,17,84.62,97.33,83.28,32.61,12.22,47.39,0
531,18,83.12,96.62,82.54,32.10,12.83,49.08,0
531,19,82.87,97.08,82.42,32.68,11.97,48.33,0
532,0,83.44,98.00,81.33,38.01,10.65,49.04,0
532,1,84.10,97.72,76.76,36.71,10.21,47.74,0
532,2,82.54,97.52,76.65,37.75,11.19,48.54,0
532,3,83.41,97.74,80.56,37.43,10.55,45.88,0
532,4,83.61,98.03,79.64,36.76,10.63,47.18,0
532,5,85.53,97.60,79.37,36.47,11.18,47.50,0
532,6,84.07,97.62,82.35,36.48,10.47,46.59,0
532,7,82.63,97.80,78.01,37.71,10.15,46.84,0
532,8,83.06,98.21,79.25,36.70,10.59,48.22,0
532,9,83.75,98.25,77.51,37.85,10.68,48.09,0
532,10,83.14,97.80,80.77,37.59,10.52,48.78,0
532,11,81.77,97.56,76.28,37.32,10.37,47.94,0
532,12,84.34,97.69,75.24,37.01,10.56,48.90,0
532,13,84.34,98.02,78.88,36.54,11.17,47.09,0
532,14,84.62,98.00,79.38,37.76,10.71,48.71,0
532,15,81.95,98.07,79.16,36.84,10.82,48.62,0
532,16,82.81,97.91,75.40,37.10,10.69,48.76,0
532,17,82.08,98.15,79.46,38.00,10.46,45.57,0
532,18,84.26,97.66,79.04,37.03,11.10,48.22,0
532,19,81.87,97.78,78.88,37.11,10.85,47.79,0
533,0,84.08,97.22,82.93,36.48,10.55,55.04,0
533,1,82.39,97.70,83.15,34.91,10.43,53.56,0
533,2,83.33,97.61,84.12,35.37,9.85,56.81,0
533,3,85.66,97.85,79.53,35.25,9.91,53.39,0
533,4,85.85,97.42,79.93,36.81,9.86,52.93,0
533,5,84.89,97.30,83.65,36.12,10.00,55.34,0
533,6,83.71,97.73,81.37,35.38,10.18,54.30,0
533,7,84.19,97.50,82.04,35.69,9.84,55.06,0
533,8,83.94,97.38,84.06,35.15,10.14,53.21,0
533,9,89.47,97.49,76.80,36.19,10.54,51.90,0
533,10,90.64,97.28,70.37,36.40,9.89,51.08,0
533,11,92.45,97.70,64.74,35.44,10.50,50.00,1
533,12,90.96,97.62,69.40,36.37,10.24,52.33,0
533,13,88.86,97.51,71.74,36.09,9.99,53.78,0
533,14,80.86,97.53,81.32,36.25,9.64,56.69,0
533,15,83.97,97.70,82.57,36.67,10.57,54.38,0
533,16,84.48,97.74,78.25,34.85,9.54,55.15,0
533,17,82.35,97.31,80.45,35.63,10.20,56.52,0
533,18,84.17,97.70,82.85,36.63,9.60,54.40,0
533,19,83.13,97.70,82.74,35.69,10.32,56.11,0
534,0,85.29,98.37,85.11,36.37,11.16,56.06,0
534,1,85.24,98.14,82.68,35.25,10.34,55.17,0
534,2,85.95,98.53,84.51,36.62,10.62,53.64,0
534,3,87.21,98.29,83.08,35.69,10.34,55.58,0
534,4,85.59,97.85,82.18,34.99,10.59,57.09,0
534,5,84.13,98.42,82.38,36.22,11.29,53.92,0
534,6,86.75,98.52,86.08,35.08,10.79,56.91,0
534,7,87.09,98.16,83.63,36.58,10.16,56.71,0
534,8,83.58,98.37,80.94,34.93,10.74,55.13,0
534,9,83.51,97.91,82.86,35.40,10.49,56.25,0
534,10,84.19,98.13,79.69,35.75,10.26,54.66,0
534,11,82.93,98.53,84.82,35.87,10.28,55.11,0
534,12,82.68,98.40,79.30,35.84,10.77,55.96,0
534,13,82.02,98.26,79.02,35.60,10.14,55.78,0
534,14,85.12,97.82,80.41,36.45,10.83,56.38,0
534,15,84.54,98.17,82.35,35.15,11.06,53.63,0
534,16,85.58,98.13,80.98,35.18,11.06,53.52,0
534,17,85.98,98.22,82.61,36.12,11.28,56.08,0
534,18,84.19,98.27,82.96,36.43,10.53,55.98,0
534,19,85.66,98.56,82.00,35.55,10.99,53.40,0
535,0,75.82,97.68,97.64,36.02,15.07,61.68,0
535,1,79.34,97.68,96.88,36.74,14.73,58.95,0
535,2,76.65,97.37,96.71,37.76,14.88,61.73,0
535,3,77.10,97.64,97.16,37.44,15.50,60.41,0
535,4,79.46,97.16,95.19,36.80,15.55,61.63,0
535,5,79.09,97.69,99.27,35.89,15.54,60.40,0
535,6,80.26,97.33,97.34,36.92,15.73,61.60,0
535,7,78.20,97.68,96.28,37.05,15.83,60.63,0
535,8,85.55,97.22,93.77,36.09,15.24,59.44,0
535,9,85.68,97.07,85.22,36.25,15.13,54.70,0
535,10,88.21,97.18,80.75,37.30,15.67,53.88,1
535,11,84.52,96.96,88.16,37.78,14.71,57.20,0
535,12,82.34,97.40,87.04,37.28,15.09,58.52,0
535,13,75.49,97.00,94.78,37.06,15.44,59.96,0
535,14,78.18,97.30,95.67,37.52,15.38,60.70,0
535,15,75.85,97.49,93.61,36.77,15.76,60.81,0
535,16,77.30,97.48,93.61,36.37,15.07,62.24,0
535,17,78.08,97.61,95.17,36.44,15.69,62.07,0
535,18,79.41,97.48,98.36,36.85,14.80,59.67,0
535,19,78.68,96.93,97.67,37.57,15.80,59.97,0
536,0,80.71,98.07,83.70,37.05,12.12,52.98,0
536,1,81.06,98.13,83.70,38.54,12.29,50.51,0
536,2,79.90,98.03,85.13,38.45,12.41,53.28,0
536,3,80.90,98.00,86.82,38.20,12.42,54.03,0
536,4,80.90,98.13,86.36,38.03,12.43,52.34,0
536,5,79.81,97.59,81.92,38.24,11.40,51.23,0
536,6,80.23,97.93,82.88,38.46,11.68,52.53,0
536,7,79.27,97.58,86.95,38.40,11.91,53.36,0
536,8,81.80,97.95,84.82,37.87,11.46,53.36,0
536,9,80.25,97.55,85.91,37.80,11.98,54.02,0
536,10,80.76,97.64,86.03,38.56,12.01,53.28,0
536,11,81.01,98.07,84.16,37.51,11.81,51.96,0
536,12,78.88,98.15,82.36,37.37,11.90,53.75,0
536,13,80.69,98.15,82.03,36.76,12.17,51.96,0
536,14,80.22,98.14,86.16,37.28,11.49,54.48,0
536,15,78.25,98.27,86.14,37.29,11.39,51.00,0
536,16,79.40,97.80,83.50,37.06,12.41,53.59,0
536,17,77.51,97.97,81.44,37.09,11.47,51.69,0
536,18,78.81,97.77,84.26,38.64,12.04,53.45,0
536,19,79.86,98.17,83.80,37.66,11.42,53.58,0
537,0,83.69,98.35,88.15,33.63,12.21,48.75,0
537,1,86.36,98.47,90.31,34.07,12.24,48.45,0
537,2,86.12,98.29,91.58,34.05,13.05,49.25,0
537,3,85.20,98.03,89.08,33.67,12.36,50.25,0
537,4,84.28,97.98,92.22,33.21,12.33,48.40,0
537,5,85.83,98.17,91.94,33.88,13.18,49.77,0
537,6,84.40,98.23,90.51,33.61,13.03,50.92,0
537,7,83.77,98.45,89.52,32.79,12.55,47.95,0
537,8,83.33,98.35,91.87,32.58,12.85,47.92,0
537,9,83.57,98.11,90.20,33.30,12.76,50.82,0
537,10,84.92,97.98,90.97,32.86,12.56,49.97,0
537,11,84.58,98.42,91.16,32.52,12.96,48.38,0
537,12,86.08,98.31,89.79,33.05,12.88,48.96,0
537,13,83.50,98.43,91.65,33.55,12.67,49.37,0
537,14,83.89,98.02,91.48,33.46,12.92,49.36,0
537,15,82.23,98.26,86.45,33.56,12.28,49.54,0
537,16,82.81,98.34,89.21,33.70,13.01,49.75,0
537,17,83.73,98.43,86.65,33.36,12.37,51.32,0
537,18,84.72,98.32,91.52,32.59,12.34,50.39,0
537,19,86.55,98.44,91.84,32.73,13.14,47.79,0
538,0,88.74,97.33,82.15,33.35,11.01,46.38,0
538,1,90.27,96.96,84.08,33.49,10.66,44.62,0
538,2,91.63,96.98,87.85,33.02,11.08,45.53,0
538,3,91.66,97.24,84.36,34.33,10.25,45.67,0
538,4,91.94,97.58,85.01,32.86,10.96,44.55,0
538,5,92.39,97.47,88.08,33.63,11.07,44.51,0
538,6,90.03,97.24,87.65,33.45,10.65,45.41,0
538,7,90.33,97.31,83.31,34.47,9.92,46.74,0
538,8,90.99,97.51,82.95,34.17,10.27,45.56,0
538,9,90.97,97.29,83.26,33.62,10.39,43.16,0
538,10,89.15,97.33,82.72,34.74,10.34,46.54,0
538,11,89.11,97.25,82.02,33.94,10.75,45.15,0
538,12,90.06,97.29,85.88,34.26,10.20,46.03,0
538,13,88.85,96.92,86.01,33.78,10.26,43.37,0
538,14,87.78,97.13,83.38,33.39,10.65,44.84,0
538,15,87.40,97.69,81.02,34.47,11.01,43.26,0
538,16,88.59,97.33,81.91,33.38,10.36,45.19,0
538,17,90.41,97.02,81.58,34.03,11.03,46.16,0
538,18,90.77,96.94,82.90,33.77,11.03,44.44,0
538,19,88.45,97.62,83.15,33.01,10.80,43.23,0
539,0,75.30,98.73,92.84,35.36,14.48,52.66,0
539,1,72.67,98.79,90.48,36.06,13.81,50.34,0
539,2,74.60,98.55,92.68,35.61,14.32,51.10,0
539,3,74.87,98.32,93.05,35.98,13.65,53.52,0
539,4,73.57,98.92,89.73,36.34,13.91,53.13,0
539,5,72.99,98.84,91.39,34.89,13.68,51.11,0
539,6,72.75,98.85,92.48,36.46,14.54,53.08,0
539,7,75.77,98.45,89.72,34.86,13.81,53.07,0
539,8,75.34,98.83,90.43,35.59,14.63,52.83,0
539,9,75.16,98.48,91.98,36.52,13.72,53.78,0
539,10,73.55,98.55,90.92,35.84,14.32,51.87,0
539,11,73.89,98.67,89.99,35.51,14.10,53.57,0
539,12,73.67,98.86,89.69,36.59,14.57,53.36,0
539,13,73.69,98.42,91.73,35.45,13.65,52.28,0
539,14,72.63,98.81,93.04,36.12,13.96,53.31,0
539,15,73.44,98.40,91.64,36.03,14.11,51.79,0
539,16,72.05,98.51,91.74,36.11,14.17,52.74,0
539,17,72.69,98.60,89.90,35.57,14.61,50.51,0
539,18,72.75,98.98,91.13,36.28,13.92,53.68,0
539,19,72.51,98.37,90.56,36.55,13.82,53.76,0
540,0,92.56,97.38,91.92,38.05,11.17,43.71,0
540,1,92.83,97.70,86.92,36.68,11.32,43.99,0
540,2,93.13,97.79,91.88,37.44,11.06,44.35,0
540,3,92.67,97.84,91.87,37.60,10.92,43.39,0
540,4,90.72,97.22,91.84,37.09,11.20,44.78,0
540,5,92.68,97.60,87.89,37.23,11.60,46.06,0
540,6,90.97,97.25,87.24,38.04,10.91,43.64,0
540,7,89.83,97.18,91.54,38.17,10.78,47.26,0
540,8,91.64,97.53,91.95,37.25,11.74,44.30,0
540,9,90.18,97.50,87.13,38.46,11.06,44.46,0
540,10,89.79,97.70,87.82,38.01,10.86,47.04,0
540,11,88.47,97.66,86.27,36.94,11.81,43.95,0
540,12,89.02,97.21,89.90,38.09,11.00,43.82,0
540,13,88.95,97.54,85.72,38.24,11.29,47.04,0
540,14,89.87,97.50,89.74,38.39,11.73,44.52,0
540,15,90.23,97.49,90.53,38.12,11.05,45.21,0
540,16,91.28,97.47,91.15,38.31,11.46,44.98,0
540,17,91.96,97.50,89.20,38.07,10.67,46.42,0
540,18,90.68,97.60,87.24,38.61,11.38,46.47,0
540,19,89.81,97.52,87.57,37.32,10.82,46.02,0
541,0,88.35,98.25,91.47,36.67,11.75,52.05,0
541,1,88.93,98.56,91.43,35.07,11.94,53.51,0
541,2,87.56,98.81,88.41,35.56,11.63,52.76,0
541,3,89.31,98.10,89.46,36.64,11.82,52.27,0
541,4,87.21,98.26,90.36,36.01,12.25,51.11,0
541,5,89.85,98.13,89.04,36.05,11.48,51.74,0
541,6,88.90,98.36,91.29,35.39,12.60,53.07,0
541,7,88.54,98.21,92.32,35.71,11.75,51.64,0
541,8,95.11,98.48,84.16,36.86,12.24,48.60,0
541,9,93.59,98.85,81.72,35.79,12.12,46.33,0
541,10,98.47,98.37,77.60,36.27,11.58,46.63,1
541,11,94.58,98.83,81.14,36.87,12.14,49.44,0
541,12,94.08,98.61,80.01,36.49,11.64,47.84,0
541,13,86.67,98.83,91.34,35.47,12.23,50.94,0
541,14,86.75,98.10,87.81,35.05,12.04,50.50,0
541,15,86.20,98.35,90.16,36.45,11.89,52.65,0
541,16,87.55,98.12,85.86,36.20,12.58,51.50,0
541,17,86.45,98.84,91.27,36.64,11.56,54.25,0
541,18,85.93,98.33,90.77,36.55,12.50,52.71,0
541,19,85.28,98.57,90.47,36.55,11.55,50.57,0
542,0,77.52,97.76,95.19,35.06,10.79,59.84,0
542,1,81.02,97.53,96.64,36.69,11.50,60.45,0
542,2,80.50,98.28,95.27,36.64,10.86,60.51,0
542,3,80.29,97.91,94.08,36.50,11.56,63.03,0
542,4,81.63,98.31,92.97,36.44,11.29,62.93,0
542,5,80.06,97.86,97.34,36.75,11.80,62.31,0
542,6,80.67,97.76,97.24,36.48,11.77,61.92,0
542,7,78.81,98.15,92.94,36.17,11.04,60.06,0
542,8,79.28,98.01,94.35,36.30,11.69,62.49,0
542,9,80.21,97.84,95.66,36.32,10.73,60.02,0
542,10,77.10,97.71,95.02,36.77,10.98,60.62,0
542,11,78.56,98.24,91.81,36.54,10.75,63.02,0
542,12,78.43,98.27,95.01,36.28,11.18,63.41,0
542,13,79.59,97.84,95.51,36.81,10.94,63.20,0
542,14,78.34,98.27,94.85,35.04,10.77,61.74,0
542,15,76.72,97.60,92.93,36.27,11.46,62.26,0
542,16,76.70,97.88,94.69,36.58,10.76,61.20,0
542,17,77.00,98.10,95.00,35.92,10.81,63.25,0
542,18,77.39,97.64,97.85,36.25,11.64,62.16,0
542,19,78.76,97.66,92.36,36.23,11.06,60.85,0
543,0,82.39,98.47,89.71,36.83,16.36,53.87,0
543,1,79.32,98.50,86.19,37.31,15.78,53.57,0
543,2,79.67,98.90,88.76,37.46,16.30,54.37,0
543,3,81.55,98.48,88.61,36.13,15.76,54.72,0
543,4,81.55,98.34,86.32,35.95,15.89,54.47,0
543,5,82.20,98.32,88.58,37.44,15.45,54.68,0
543,6,80.53,98.74,85.06,36.11,16.08,53.42,0
543,7,80.01,98.57,88.06,36.24,15.47,54.12,0
543,8,79.24,98.76,90.06,37.58,15.32,54.82,0
543,9,78.91,98.82,89.24,36.28,15.23,55.55,0
543,10,79.54,99.03,88.60,37.15,15.33,53.70,0
543,11,81.51,98.45,87.52,35.82,15.90,53.32,0
543,12,80.40,98.52,87.03,36.34,15.22,52.38,0
543,13,78.51,98.45,88.88,37.20,15.27,55.89,0
543,14,80.74,98.84,89.44,37.59,16.19,54.13,0
543,15,81.36,99.04,87.07,36.08,16.33,55.18,0
543,16,80.45,98.62,85.43,36.05,15.74,56.02,0
543,17,81.90,99.04,84.14,36.98,15.62,55.18,0
543,18,79.02,98.82,88.26,37.26,15.36,55.24,0
543,19,82.70,98.65,89.80,37.38,15.20,53.62,0
544,0,88.66,97.78,81.88,34.58,13.64,57.15,0
544,1,91.22,98.10,82.87,34.80,13.07,57.64,0
544,2,87.88,97.77,78.97,34.76,13.12,57.30,0
544,3,88.09,98.14,82.66,33.53,13.50,57.49,0
544,4,90.92,97.83,83.43,34.64,13.69,56.27,0
544,5,91.01,98.10,80.62,34.96,14.13,55.53,0
544,6,89.05,97.46,78.73,35.12,13.18,57.99,0
544,7,87.83,98.01,82.71,35.00,14.09,58.02,0
544,8,88.12,97.51,79.30,33.77,13.11,57.07,0
544,9,90.74,97.62,83.01,35.06,14.11,54.42,0
544,10,90.26,97.64,78.21,33.91,13.02,55.18,0
544,11,88.38,97.60,79.29,34.90,13.56,54.56,0
544,12,89.06,97.54,80.61,34.84,13.15,57.07,0
544,13,86.36,98.13,79.62,35.05,13.66,56.19,0
544,14,87.21,97.84,80.47,34.59,12.99,57.08,0
544,15,87.86,97.75,76.72,33.30,13.15,57.83,0
544,16,89.46,97.99,80.39,34.30,13.57,57.07,0
544,17,88.80,97.69,80.14,33.54,13.77,58.09,0
544,18,87.06,97.49,77.29,33.61,14.11,54.46,0
544,19,89.24,98.17,81.13,34.54,13.15,56.30,0
545,0,86.05,97.71,93.25,35.05,10.66,41.34,0
545,1,85.76,97.23,93.80,35.68,10.42,44.75,0
545,2,84.41,97.60,93.41,36.21,11.25,43.70,0
545,3,85.08,97.28,95.25,35.96,10.40,42.06,0
545,4,84.80,97.37,90.16,36.88,11.03,43.29,0
545,5,87.99,97.60,92.34,35.17,10.19,41.14,0
545,6,85.67,97.71,93.06,35.16,10.70,43.93,0
545,7,87.25,97.34,91.69,36.39,10.21,43.88,0
545,8,87.61,96.99,90.35,34.91,10.47,43.75,0
545,9,84.15,96.97,93.09,35.86,10.11,44.75,0
545,10,87.50,97.29,92.05,35.35,10.74,42.80,0
545,11,85.21,97.66,92.83,36.21,10.53,44.98,0
545,12,83.44,96.96,93.68,35.37,11.06,44.03,0
545,13,86.47,97.20,90.60,35.66,10.24,43.88,0
545,14,84.40,97.62,90.95,36.45,10.18,41.14,0
545,15,84.29,97.59,93.68,36.21,10.29,41.24,0
545,16,83.70,97.35,93.85,36.78,10.44,41.77,0
545,17,87.17,97.11,92.45,35.31,11.22,42.14,0
545,18,86.57,97.61,89.93,36.79,10.84,43.78,0
545,19,85.79,97.41,90.68,36.61,11.14,43.72,0
546,0,84.77,98.96,94.47,34.18,13.04,44.02,0
546,1,87.06,98.30,90.99,34.83,13.77,40.93,0
546,2,84.21,99.00,91.07,34.04,12.96,44.03,0
546,3,85.30,98.42,91.50,34.32,13.37,43.80,0
546,4,85.07,98.78,91.74,34.00,13.40,42.27,0
546,5,84.95,98.97,90.97,34.34,13.31,42.52,0
546,6,87.43,98.87,95.63,34.31,13.52,43.49,0
546,7,84.74,98.41,92.32,35.67,13.54,43.89,0
546,8,86.40,98.81,93.24,35.83,13.83,42.26,0
546,9,86.36,98.47,91.15,34.25,13.64,43.48,0
546,10,85.02,99.01,91.71,35.77,12.87,40.95,0
546,11,86.20,99.05,91.24,35.59,12.83,42.80,0
546,12,85.95,98.45,91.63,35.19,13.76,42.43,0
546,13,83.69,98.64,94.07,35.04,13.01,44.55,0
546,14,85.35,98.55,94.03,35.59,13.15,41.91,0
546,15,82.85,98.89,94.20,34.56,13.45,43.95,0
546,16,83.39,98.57,88.72,34.77,13.84,43.78,0
546,17,84.12,99.02,92.09,34.22,12.75,43.75,0
546,18,86.34,98.42,91.18,35.79,13.64,42.19,0
546,19,86.11,99.07,93.22,35.01,12.83,44.09,0
547,0,83.34,97.43,90.61,35.17,13.11,55.40,0
547,1,83.22,97.01,89.60,34.80,13.11,54.22,0
547,2,82.64,97.01,94.53,34.52,13.75,52.54,0
547,3,85.54,97.35,92.35,35.41,12.80,54.54,0
547,4,82.77,97.02,90.91,35.90,12.83,52.58,0
547,5,82.84,97.01,92.63,35.07,12.82,52.20,0
547,6,85.01,97.52,92.25,35.83,13.67,53.83,0
547,7,84.95,97.11,89.73,35.08,13.28,55.24,0
547,8,87.92,97.17,84.09,35.01,13.11,52.35,0
547,9,89.27,97.61,82.08,35.39,12.98,48.33,0
547,10,93.48,97.34,74.52,35.95,12.74,47.38,1
547,11,88.92,97.51,78.35,35.70,13.11,47.94,0
547,12,89.24,96.95,86.40,36.10,13.61,51.87,0
547,13,82.68,97.47,91.75,34.88,13.55,54.65,0
547,14,80.28,97.51,92.48,35.39,13.17,52.41,0
547,15,82.44,97.01,91.02,34.80,12.89,52.61,0
547,16,82.38,97.60,89.21,35.99,13.13,54.47,0
547,17,83.93,97.14,88.03,34.40,13.53,52.71,0
547,18,81.44,96.90,89.09,35.68,12.69,53.64,0
547,19,83.04,97.08,93.58,34.69,13.72,52.65,0
548,0,79.30,98.09,95.25,34.38,11.59,52.67,0
548,1,80.76,97.66,98.21,34.47,11.03,53.36,0
548,2,81.83,97.43,95.87,34.35,11.01,50.58,0
548,3,81.58,97.49,93.16,35.09,11.65,51.96,0
548,4,79.48,97.39,98.83,34.52,11.70,51.70,0
548,5,82.57,97.45,97.86,34.65,10.98,51.80,0
548,6,81.14,97.82,94.56,33.83,10.98,50.91,0
548,7,80.52,97.96,95.45,34.49,10.56,51.05,0
548,8,81.54,98.14,98.50,35.03,11.11,50.52,0
548,9,79.77,97.79,98.26,33.66,10.86,53.69,0
548,10,80.01,97.46,94.52,34.68,11.19,51.51,0
548,11,81.11,97.57,96.14,33.78,11.53,53.64,0
548,12,80.28,97.82,96.37,35.26,10.92,51.03,0
548,13,80.82,97.91,91.60,35.05,11.41,54.27,0
548,14,78.34,97.51,95.28,34.98,10.74,53.67,0
548,15,78.46,97.78,93.25,34.32,11.29,51.31,0
548,16,80.00,98.08,92.81,33.76,11.29,53.35,0
548,17,79.08,97.89,92.66,33.78,10.60,53.94,0
548,18,78.50,97.79,93.31,35.09,10.77,52.66,0
548,19,81.03,97.98,94.66,34.31,10.91,51.78,0
549,0,72.46,97.58,96.64,37.36,11.61,53.89,0
549,1,74.53,96.88,95.20,37.71,11.18,53.36,0
549,2,72.30,96.93,98.29,38.05,11.86,52.47,0
549,3,73.95,97.09,98.31,38.25,12.14,53.39,0
549,4,73.03,97.30,99.20,38.03,11.68,52.65,0
549,5,74.08,97.49,99.25,38.29,11.99,53.85,0
549,6,74.55,97.08,98.88,38.72,11.62,52.09,0
549,7,73.80,97.13,95.96,38.21,11.30,50.92,0
549,8,75.00,97.29,96.53,37.58,11.49,53.87,0
549,9,74.37,97.35,93.98,38.45,12.26,53.34,0
549,10,71.34,97.00,96.71,38.25,12.15,50.95,0
549,11,74.54,97.20,95.37,38.60,12.20,51.25,0
549,12,73.65,97.32,98.21,37.43,11.30,51.92,0
549,13,72.27,97.32,95.17,38.28,11.94,53.60,0
549,14,70.95,96.98,95.62,38.81,12.21,50.34,0
549,15,73.73,97.54,94.75,36.98,12.10,50.85,0
549,16,74.08,97.50,95.75,37.25,11.96,52.78,0
549,17,73.83,96.84,96.94,37.36,11.79,52.80,0
549,18,70.99,97.24,96.07,38.25,11.48,51.36,0
549,19,72.65,97.15,96.52,38.42,11.74,52.72,0
550,0,71.08,98.39,86.86,32.72,15.66,61.69,0
550,1,69.57,98.49,87.34,33.79,16.08,58.70,0
550,2,72.31,98.26,88.05,33.87,15.77,60.19,0
550,3,69.44,98.23,83.48,33.33,15.79,60.58,0
550,4,69.46,98.01,88.44,32.96,16.14,58.40,0
550,5,70.51,97.77,87.46,32.63,16.27,61.44,0
550,6,69.84,97.87,84.41,33.48,16.49,59.52,0
550,7,70.95,98.16,88.34,33.14,16.00,62.01,0
550,8,71.70,97.80,83.85,33.66,16.30,59.49,0
550,9,71.51,97.81,84.95,32.22,15.55,61.83,0
550,10,68.09,98.41,83.68,33.38,15.89,60.48,0
550,11,69.51,98.24,87.08,32.02,16.11,58.88,0
550,12,68.78,98.09,85.53,33.40,15.41,61.55,0
550,13,70.31,98.21,86.20,33.78,16.10,60.48,0
550,14,70.93,98.21,82.78,32.70,15.88,60.87,0
550,15,69.10,97.86,87.37,32.54,16.14,58.64,0
550,16,67.96,98.45,81.95,32.57,15.43,61.83,0
550,17,68.21,98.39,84.35,33.95,15.90,59.59,0
550,18,70.83,97.85,88.14,33.06,15.74,60.50,0
550,19,68.89,97.87,83.43,33.26,16.23,61.61,0
551,0,70.70,97.49,80.54,36.49,12.76,48.52,0
551,1,72.56,97.28,82.83,36.83,13.54,45.97,0
551,2,74.73,96.96,83.06,36.57,12.93,47.99,0
551,3,74.81,97.52,80.44,35.50,13.16,49.08,0
551,4,73.25,96.98,79.32,37.10,13.71,48.35,0
551,5,71.29,97.09,83.84,36.78,13.04,47.75,0
551,6,72.28,97.35,83.23,36.72,13.60,45.69,0
551,7,72.58,97.23,80.20,36.19,13.51,48.39,0
551,8,73.25,97.30,82.90,36.20,13.28,48.05,0
551,9,74.23,97.69,79.04,36.32,12.58,45.48,0
551,10,73.15,97.37,80.48,35.36,13.38,47.55,0
551,11,71.35,97.08,81.21,35.66,12.91,48.22,0
551,12,73.53,97.09,82.42,35.76,13.34,45.60,0
551,13,72.40,96.97,78.69,36.00,12.83,47.07,0
551,14,69.68,97.37,80.57,35.67,13.47,46.91,0
551,15,71.51,97.53,80.04,36.78,13.67,46.37,0
551,16,72.43,97.20,81.25,36.78,12.62,47.51,0
551,17,70.66,97.26,78.35,35.42,13.11,46.72,0
551,18,73.62,97.47,79.34,35.52,13.48,48.99,0
551,19,73.71,97.21,79.76,37.36,13.71,45.66,0
552,0,72.57,97.69,82.48,37.26,12.97,46.89,0
552,1,75.83,98.27,83.44,36.48,13.57,46.42,0
552,2,76.13,97.55,80.79,36.79,12.71,45.75,0
552,3,73.90,98.26,83.00,37.98,13.30,49.11,0
552,4,75.14,97.79,83.19,37.60,13.72,45.83,0
552,5,76.38,98.08,83.72,37.71,12.96,45.70,0
552,6,73.55,97.61,79.82,37.49,13.63,49.08,0
552,7,72.76,97.66,82.80,37.56,12.63,45.37,0
552,8,75.25,98.16,81.55,36.30,12.99,47.40,0
552,9,74.69,97.72,83.35,37.36,13.67,48.83,0
552,10,75.02,97.67,79.34,37.23,12.83,45.37,0
552,11,73.96,97.64,83.46,36.34,12.65,48.82,0
552,12,71.64,98.05,79.26,37.33,13.56,46.55,0
552,13,72.78,98.25,80.55,37.21,13.72,45.44,0
552,14,74.13,98.20,80.89,36.36,12.68,49.12,0
552,15,72.66,98.02,80.02,36.37,13.56,47.59,0
552,16,74.65,97.94,78.71,37.14,12.65,48.42,0
552,17,72.22,98.04,83.57,37.07,13.73,47.60,0
552,18,73.16,97.58,81.93,36.89,12.78,48.87,0
552,19,73.90,97.75,81.05,36.20,13.48,46.33,0
553,0,80.53,97.65,94.66,37.31,11.75,53.46,0
553,1,84.52,97.66,95.11,36.50,11.77,53.23,0
553,2,82.30,97.69,96.98,37.30,12.61,54.17,0
553,3,81.35,97.34,94.35,37.08,12.04,53.40,0
553,4,84.71,97.60,96.82,37.71,12.07,54.92,0
553,5,82.88,96.95,95.12,37.61,12.59,55.01,0
553,6,84.65,97.27,94.04,36.09,11.72,56.26,0
553,7,84.85,96.97,92.68,37.51,11.96,53.57,0
553,8,83.82,97.62,93.22,36.66,12.21,55.58,0
553,9,81.49,97.28,94.42,36.48,12.47,53.71,0
553,10,82.33,96.97,94.05,37.78,12.53,52.98,0
553,11,83.00,97.32,91.44,36.28,12.47,54.18,0
553,12,80.40,97.71,92.95,36.72,12.23,53.83,0
553,13,80.31,96.99,93.56,36.85,11.65,54.66,0
553,14,81.27,96.96,93.39,37.27,12.22,54.07,0
553,15,80.43,97.40,94.59,37.87,12.17,52.73,0
553,16,81.86,96.95,92.06,37.83,11.55,55.77,0
553,17,80.93,97.39,91.48,37.49,11.76,54.71,0
553,18,82.04,97.60,96.38,36.14,11.63,55.14,0
553,19,83.93,96.96,97.22,37.69,12.11,55.51,0
554,0,70.60,98.80,89.05,39.54,11.19,56.91,0
554,1,70.98,98.49,91.51,38.23,11.16,58.25,0
554,2,72.92,99.13,93.21,38.22,11.41,58.55,0
554,3,70.91,98.85,93.92,38.00,11.12,56.83,0
554,4,73.23,98.88,90.82,38.28,11.67,60.00,0
554,5,73.13,98.95,93.72,39.73,10.56,56.88,0
554,6,71.44,99.24,90.13,39.68,11.60,58.83,0
554,7,71.46,99.13,90.71,38.56,11.56,60.03,0
554,8,73.62,99.15,89.04,37.92,11.58,58.96,0
554,9,73.42,98.52,93.36,38.02,10.78,56.27,0
554,10,72.71,99.23,88.04,39.17,11.23,59.84,0
554,11,71.88,98.99,92.11,39.22,11.71,59.20,0
554,12,70.33,98.58,90.66,38.42,11.53,58.76,0
554,13,71.98,98.67,90.94,38.75,10.99,56.51,0
554,14,72.07,98.90,91.28,38.24,10.64,59.96,0
554,15,69.93,98.54,91.49,38.42,10.75,59.87,0
554,16,71.37,98.91,88.54,38.87,11.45,56.93,0
554,17,69.88,98.56,92.49,38.71,11.47,59.08,0
554,18,69.88,98.90,88.87,38.45,10.99,59.97,0
554,19,71.17,98.68,91.18,37.89,11.64,56.31,0
555,0,84.90,98.96,89.35,37.74,15.57,60.15,0
555,1,83.27,98.80,87.12,37.70,15.34,60.62,0
555,2,84.62,98.43,86.19,38.30,15.95,62.97,0
555,3,84.56,99.07,91.35,39.02,15.51,61.41,0
555,4,84.38,98.60,87.85,37.97,15.84,60.30,0
555,5,84.40,98.41,88.52,38.85,16.01,60.79,0
555,6,84.90,98.39,91.27,37.62,15.64,62.61,0
555,7,85.31,98.68,90.57,38.46,15.41,59.80,0
555,8,82.30,98.44,86.48,38.42,15.31,59.81,0
555,9,91.03,98.46,81.31,37.74,15.85,56.80,0
555,10,92.04,98.50,80.21,37.47,15.83,55.95,0
555,11,93.83,99.18,72.29,38.83,16.02,57.08,1
555,12,92.10,98.82,76.75,37.58,16.28,59.19,0
555,13,88.76,98.42,78.22,37.79,15.30,58.51,0
555,14,80.19,98.44,89.30,38.00,16.12,61.93,0
555,15,83.99,98.83,86.45,38.95,15.60,60.53,0
555,16,83.81,99.05,88.83,38.68,16.10,60.37,0
555,17,83.64,98.74,86.26,38.33,15.93,61.83,0
555,18,83.45,99.04,85.38,38.14,15.88,61.61,0
555,19,81.29,98.81,84.86,38.03,15.28,61.45,0
556,0,72.09,98.08,93.92,33.40,11.19,45.13,0
556,1,72.73,98.60,95.35,34.52,11.24,43.32,0
556,2,73.61,98.19,96.85,33.16,11.59,43.47,0
556,3,75.86,98.65,97.51,34.86,11.32,43.39,0
556,4,75.11,98.18,95.73,33.88,11.09,41.90,0
556,5,74.64,98.07,94.61,34.31,11.55,43.63,0
556,6,74.27,97.97,94.56,34.57,11.37,42.64,0
556,7,72.21,98.22,93.87,34.46,11.13,45.41,0
556,8,74.76,98.09,93.59,33.86,11.31,43.15,0
556,9,78.77,98.19,91.43,34.80,11.50,42.09,0
556,10,81.09,98.66,86.16,33.93,11.12,37.79,0
556,11,81.79,98.62,82.59,33.49,11.59,38.47,1
556,12,79.73,98.13,84.74,34.14,11.99,41.35,0
556,13,77.87,98.00,86.31,34.13,11.77,42.25,0
556,14,74.37,98.14,96.50,34.88,11.35,42.22,0
556,15,73.40,98.51,94.82,33.92,11.33,43.28,0
556,16,73.20,98.48,92.69,33.39,11.58,42.69,0
556,17,71.70,98.40,95.52,34.52,11.18,41.76,0
556,18,74.78,98.60,94.62,34.95,11.65,43.02,0
556,19,74.51,98.72,93.47,34.67,11.57,45.05,0
557,0,83.04,97.94,90.71,37.32,15.78,56.94,0
557,1,81.83,98.55,87.45,37.14,15.22,57.23,0
557,2,80.10,98.50,91.70,37.97,15.75,59.37,0
557,3,80.52,98.02,89.77,37.63,15.15,59.62,0
557,4,80.75,98.12,91.50,37.32,15.81,58.47,0
557,5,80.29,98.52,90.68,37.62,15.05,59.45,0
557,6,83.55,98.08,86.83,37.74,15.87,59.86,0
557,7,82.35,97.96,88.63,37.45,15.86,57.97,0
557,8,86.91,97.87,85.02,38.44,15.71,56.19,0
557,9,88.13,98.33,80.54,37.13,14.92,54.09,0
557,10,90.12,98.16,71.53,38.54,14.95,53.21,1
557,11,88.72,98.44,78.75,37.38,15.65,54.19,0
557,12,87.18,98.44,80.85,38.48,15.76,53.76,0
557,13,79.99,98.59,87.43,37.96,15.95,59.45,0
557,14,81.05,98.09,85.17,37.07,15.08,58.59,0
557,15,82.21,98.48,85.80,38.36,15.08,58.19,0
557,16,81.89,98.51,84.89,36.95,15.85,56.73,0
557,17,81.88,97.93,86.89,37.83,15.05,60.23,0
557,18,80.48,98.18,90.03,38.47,15.77,56.88,0
557,19,83.16,98.44,88.07,37.54,15.08,59.45,0
558,0,79.89,98.15,82.33,35.82,15.75,44.91,0
558,1,77.93,97.77,79.49,35.41,15.61,46.40,0
558,2,77.51,97.82,78.28,35.34,15.56,47.60,0
558,3,77.54,97.72,78.08,35.42,15.17,48.68,0
558,4,79.07,98.21,79.30,35.21,15.16,46.90,0
558,5,79.72,98.32,80.57,34.30,14.92,46.39,0
558,6,78.74,98.05,83.07,35.31,15.12,44.91,0
558,7,79.07,98.47,81.37,35.64,15.83,47.25,0
558,8,77.41,98.23,81.91,34.62,14.84,48.11,0
558,9,76.99,97.81,77.61,35.72,15.20,45.88,0
558,10,79.24,98.25,80.61,35.58,14.76,44.92,0
558,11,79.64,98.48,81.87,35.36,14.99,46.08,0
558,12,78.93,98.05,79.96,33.97,14.89,46.67,0
558,13,76.90,98.20,79.97,35.17,15.21,47.86,0
558,14,78.56,97.93,79.61,35.16,14.71,45.15,0
558,15,76.78,98.11,81.85,35.13,15.76,47.63,0
558,16,77.24,98.27,81.34,35.09,15.77,44.80,0
558,17,78.76,98.07,78.51,34.76,15.31,47.69,0
558,18,77.00,97.79,82.14,35.12,15.33,48.12,0
558,19,78.94,97.81,78.10,35.61,14.73,47.98,0
559,0,75.34,98.80,96.19,35.82,14.75,50.20,0
559,1,77.78,98.95,94.85,36.36,14.16,49.40,0
559,2,76.39,98.99,96.44,35.35,15.29,48.42,0
559,3,78.04,99.16,92.18,36.48,15.11,49.78,0
559,4,77.51,98.91,91.86,34.83,14.91,48.12,0
559,5,79.14,98.44,95.04,34.65,14.58,48.70,0
559,6,76.69,98.78,94.00,36.50,15.15,48.37,0
559,7,75.28,98.59,92.49,35.40,15.04,48.03,0
559,8,77.40,99.13,96.90,35.74,15.01,51.10,0
559,9,75.80,98.59,95.04,35.25,14.26,51.25,0
559,10,76.82,98.88,90.89,35.55,15.30,51.64,0
559,11,77.67,98.63,92.58,35.71,14.21,49.67,0
559,12,77.14,98.98,90.73,36.40,15.26,50.01,0
559,13,75.26,98.50,95.30,36.43,14.77,50.66,0
559,14,74.47,98.68,91.88,35.94,15.07,48.28,0
559,15,76.15,99.20,92.22,35.55,14.60,48.71,0
559,16,74.53,98.83,91.72,34.90,14.80,49.58,0
559,17,77.08,98.43,95.39,35.42,15.11,47.71,0
559,18,77.50,98.69,92.30,34.72,14.14,47.66,0
559,19,74.76,98.94,91.22,35.10,14.54,50.19,0
560,0,72.89,97.85,83.87,33.60,10.36,44.31,0
560,1,72.71,98.03,81.53,32.45,10.47,46.65,0
560,2,75.16,98.01,81.21,33.87,10.38,46.48,0
560,3,74.39,98.37,81.77,32.98,10.74,43.81,0
560,4,76.00,97.74,83.47,33.01,10.32,46.92,0
560,5,74.70,97.60,84.30,32.62,10.49,45.70,0
560,6,76.35,98.04,84.86,33.54,10.85,44.78,0
560,7,74.93,97.94,82.83,32.75,10.59,43.40,0
560,8,73.72,97.79,79.71,32.67,10.47,43.34,0
560,9,75.04,98.24,82.67,33.25,10.95,43.88,0
560,10,74.47,98.14,79.79,32.82,10.66,44.92,0
560,11,72.01,97.94,84.56,33.25,11.00,46.44,0
560,12,71.22,98.18,79.30,33.83,10.84,44.12,0
560,13,73.66,98.00,81.73,33.05,9.96,43.51,0
560,14,74.65,97.76,81.21,33.36,10.46,45.83,0
560,15,71.33,97.88,82.12,33.30,9.90,43.53,0
560,16,72.26,97.79,83.00,32.15,10.09,43.66,0
560,17,71.73,98.22,80.32,32.42,10.22,46.07,0
560,18,75.28,98.30,84.71,32.65,10.99,44.58,0
560,19,74.37,97.75,82.63,32.08,10.42,44.76,0
561,0,80.62,99.03,80.71,36.33,13.61,46.34,0
561,1,81.77,98.72,83.36,35.91,13.28,47.65,0
561,2,82.50,99.20,85.52,36.56,13.66,47.20,0
561,3,82.86,98.81,82.80,37.09,13.93,46.47,0
561,4,80.92,99.10,83.40,35.26,13.76,45.26,0
561,5,83.19,98.69,85.71,37.07,14.03,44.61,0
561,6,83.51,98.70,83.93,36.72,13.33,44.67,0
561,7,80.59,99.12,83.09,35.50,13.82,46.44,0
561,8,80.45,99.10,82.99,36.23,13.82,44.99,0
561,9,83.06,98.79,85.98,36.06,13.35,47.43,0
561,10,79.63,98.90,84.22,35.46,13.62,44.36,0
561,11,79.16,99.07,86.22,36.43,13.89,45.59,0
561,12,79.65,99.25,80.55,35.43,13.84,44.40,0
561,13,79.24,98.53,80.18,36.71,13.92,47.95,0
561,14,81.90,98.69,83.05,36.20,12.95,46.40,0
561,15,79.12,98.83,85.52,36.41,13.68,47.51,0
561,16,80.30,98.52,81.42,35.72,13.02,48.25,0
561,17,80.75,98.95,86.09,35.14,13.25,47.37,0
561,18,79.18,99.12,84.26,36.81,13.23,45.39,0
561,19,82.04,98.77,84.95,36.54,13.25,45.51,0
562,0,83.27,98.37,86.24,36.10,12.28,50.70,0
562,1,84.66,98.09,85.16,35.25,11.72,51.26,0
562,2,84.76,98.09,89.63,35.64,11.69,51.09,0
562,3,82.78,98.25,89.22,36.55,11.74,47.92,0
562,4,84.48,98.72,90.94,36.37,12.04,48.53,0
562,5,81.71,98.20,89.19,35.99,12.19,49.23,0
562,6,84.60,98.18,90.94,34.85,11.83,48.64,0
562,7,83.94,98.17,88.01,36.30,11.89,48.74,0
562,8,83.88,98.18,88.14,35.91,11.57,48.09,0
562,9,83.63,98.67,85.25,35.11,12.57,51.15,0
562,10,83.91,98.17,87.41,36.36,11.70,47.91,0
562,11,81.40,98.29,86.45,35.43,12.24,47.89,0
562,12,83.81,98.32,89.27,35.53,11.74,48.11,0
562,13,82.36,98.86,86.33,36.01,11.59,49.08,0
562,14,82.69,98.45,83.98,35.75,12.56,51.11,0
562,15,81.17,98.57,84.87,34.82,11.71,48.42,0
562,16,83.08,98.76,89.29,35.52,12.06,48.00,0
562,17,83.85,98.37,86.77,35.65,12.24,50.81,0
562,18,81.42,98.33,87.21,36.65,12.16,51.44,0
562,19,82.61,98.24,90.49,34.98,11.59,50.55,0
563,0,75.66,98.15,79.63,33.17,15.05,58.47,0
563,1,77.48,97.86,80.48,33.90,15.88,58.60,0
563,2,79.08,97.79,77.93,33.61,15.25,59.04,0
563,3,76.10,97.78,79.93,32.42,15.04,60.18,0
563,4,79.08,97.73,78.70,33.87,15.70,59.26,0
563,5,77.45,97.92,79.98,33.94,15.66,59.89,0
563,6,78.78,97.67,80.90,33.15,15.38,58.27,0
563,7,77.81,97.78,77.56,34.14,15.90,60.89,0
563,8,77.72,98.18,76.77,33.75,14.83,60.35,0
563,9,76.72,97.64,78.62,32.39,15.57,57.95,0
563,10,84.64,98.17,72.89,33.04,15.31,56.80,0
563,11,85.68,97.62,68.32,33.80,15.91,54.89,0
563,12,87.26,98.10,65.41,33.22,15.44,52.65,1
563,13,84.38,98.28,66.30,33.46,15.08,53.87,0
563,14,81.80,98.10,71.00,34.16,15.34,57.43,0
563,15,75.06,98.13,77.51,33.68,15.41,60.86,0
563,16,77.19,97.71,79.79,33.70,15.02,61.36,0
563,17,76.22,98.23,79.90,33.96,14.85,59.36,0
563,18,79.05,98.31,78.47,33.28,15.46,60.96,0
563,19,78.90,97.85,78.55,33.35,14.81,60.94,0
564,0,80.27,98.91,91.98,34.64,15.05,62.43,0
564,1,82.71,98.41,88.69,34.73,15.13,61.39,0
564,2,82.63,98.91,93.12,34.96,15.04,61.97,0
564,3,80.94,98.65,92.49,34.22,15.20,59.84,0
564,4,81.07,98.95,90.63,34.63,15.25,61.46,0
564,5,81.40,98.56,93.27,33.97,15.19,59.61,0
564,6,80.92,98.22,89.20,35.36,15.02,61.69,0
564,7,80.85,98.96,88.85,34.81,15.10,60.52,0
564,8,83.74,98.94,90.96,35.66,15.03,60.58,0
564,9,80.76,98.87,90.54,35.14,15.19,60.43,0
564,10,87.03,98.35,86.33,35.14,15.15,59.64,0
564,11,89.99,98.55,80.11,35.47,15.41,55.99,0
564,12,91.03,98.41,74.85,34.16,14.95,55.85,1
564,13,90.90,98.64,80.47,34.09,15.46,57.10,0
564,14,88.93,98.36,81.88,34.93,15.89,58.26,0
564,15,81.21,98.49,90.58,35.68,15.36,63.31,0
564,16,82.04,98.50,90.44,34.51,15.86,62.61,0
564,17,82.37,98.20,89.16,34.60,15.40,63.02,0
564,18,83.37,98.97,91.21,34.12,15.69,62.41,0
564,19,82.31,98.31,90.97,34.67,15.67,59.69,0
565,0,70.67,98.31,79.13,35.01,11.14,51.99,0
565,1,71.28,98.20,82.21,34.86,10.91,49.23,0
565,2,71.41,98.22,79.28,35.33,11.37,52.18,0
565,3,70.80,98.17,83.05,34.73,10.64,50.57,0
565,4,70.50,98.19,80.98,35.61,11.29,50.29,0
565,5,72.13,98.21,79.21,35.92,10.30,49.61,0
565,6,71.58,98.04,83.35,34.93,10.48,49.53,0
565,7,72.23,98.24,77.82,34.86,10.49,50.68,0
565,8,70.03,97.96,80.68,34.66,11.44,51.19,0
565,9,70.96,97.75,79.73,34.08,10.57,49.45,0
565,10,69.16,98.27,81.42,35.16,11.20,52.63,0
565,11,71.35,98.12,80.31,34.45,10.42,50.97,0
565,12,71.28,98.36,78.77,35.68,11.02,51.55,0
565,13,69.13,98.31,78.78,34.38,10.95,51.13,0
565,14,70.74,97.91,80.07,35.53,10.78,52.88,0
565,15,70.55,98.05,77.25,35.80,10.64,50.88,0
565,16,69.29,97.77,81.70,34.42,11.07,51.64,0
565,17,71.20,97.66,77.64,34.27,10.91,49.61,0
565,18,68.84,98.20,79.31,35.75,11.17,50.98,0
565,19,71.27,98.42,77.85,34.61,11.32,51.05,0
566,0,73.22,98.06,89.98,36.99,11.68,57.84,0
566,1,71.76,98.72,89.77,37.14,11.21,59.80,0
566,2,74.58,98.51,91.35,37.50,11.44,60.63,0
566,3,74.56,98.66,89.08,36.74,11.19,61.52,0
566,4,72.81,98.42,87.63,37.40,11.47,61.56,0
566,5,73.48,98.50,92.83,37.32,11.56,57.85,0
566,6,72.27,98.82,88.67,37.38,11.29,60.69,0
566,7,73.51,98.53,87.48,36.64,11.73,60.04,0
566,8,72.53,98.36,88.61,37.63,12.02,59.56,0
566,9,73.51,98.19,91.28,37.10,11.18,58.42,0
566,10,77.03,98.38,82.66,36.93,11.08,57.42,0
566,11,81.29,98.13,76.32,37.23,11.64,55.62,0
566,12,82.63,98.07,74.57,37.00,11.97,55.22,1
566,13,82.09,98.79,80.44,36.80,11.39,54.02,0
566,14,79.18,98.53,83.59,36.77,10.97,56.16,0
566,15,71.55,98.51,90.19,37.98,11.67,61.28,0
566,16,72.07,98.06,88.66,36.63,11.68,60.04,0
566,17,73.00,98.58,90.71,37.48,11.20,61.30,0
566,18,71.13,98.12,88.07,36.15,11.61,58.89,0
566,19,72.91,98.56,92.68,36.46,11.76,59.85,0
567,0,69.88,98.20,81.47,34.15,14.48,53.66,0
567,1,69.74,97.92,86.04,33.88,14.64,55.11,0
567,2,70.25,98.36,83.34,34.34,14.36,52.10,0
567,3,72.97,98.12,84.86,32.42,15.33,51.88,0
567,4,70.32,98.51,83.11,33.14,14.92,51.15,0
567,5,70.70,98.37,87.46,33.78,14.89,53.53,0
567,6,69.20,98.11,86.85,34.32,14.29,52.46,0
567,7,72.35,98.00,86.82,33.84,14.50,52.79,0
567,8,78.67,97.84,78.22,32.47,14.32,49.82,0
567,9,76.65,98.08,74.39,34.15,14.96,48.59,0
567,10,79.91,98.51,70.05,33.95,14.68,48.85,1
567,11,76.23,98.31,71.24,33.78,15.39,50.19,0
567,12,75.38,98.60,76.24,32.76,14.45,50.97,0
567,13,68.94,98.24,83.97,33.98,14.72,53.39,0
567,14,69.75,98.06,83.72,33.41,15.03,52.13,0
567,15,67.88,97.90,84.67,33.35,14.90,51.95,0
567,16,70.97,97.84,85.31,32.76,15.04,53.65,0
567,17,69.20,98.02,80.81,33.79,15.01,51.60,0
567,18,68.66,98.47,81.51,34.04,14.91,51.52,0
567,19,71.45,98.29,83.66,34.31,14.53,51.51,0
568,0,90.00,98.41,90.72,37.59,10.57,58.24,0
568,1,91.98,99.12,91.59,37.61,10.14,61.04,0
568,2,91.40,98.70,91.27,38.99,9.67,58.64,0
568,3,91.13,98.84,93.47,39.22,10.43,61.09,0
568,4,92.20,98.91,89.71,37.61,10.36,59.57,0
568,5,91.52,98.46,93.25,38.82,10.37,57.82,0
568,6,90.74,99.09,94.77,38.21,9.83,60.79,0
568,7,89.28,98.53,91.60,38.18,10.07,60.27,0
568,8,89.14,98.37,93.07,38.16,9.94,59.30,0
568,9,95.03,98.66,84.44,38.43,10.01,55.38,0
568,10,100.21,98.85,79.86,37.39,10.23,55.18,0
568,11,98.41,99.00,78.45,38.08,10.07,53.47,1
568,12,96.75,98.35,79.98,37.27,10.60,55.82,0
568,13,95.08,98.56,83.17,38.24,9.61,57.39,0
568,14,90.38,98.43,92.37,37.90,10.29,58.96,0
568,15,90.24,98.98,90.81,38.89,10.10,60.22,0
568,16,89.54,98.33,91.65,37.48,9.94,60.26,0
568,17,91.32,98.87,91.39,38.40,9.77,59.08,0
568,18,92.09,98.42,91.15,38.94,9.79,58.25,0
568,19,91.88,98.73,91.78,38.54,9.96,59.64,0
569,0,86.98,97.45,89.22,37.66,14.31,55.62,0
569,1,86.52,97.76,88.76,37.84,13.70,52.49,0
569,2,86.28,97.74,88.01,37.23,13.86,55.38,0
569,3,89.21,97.48,87.84,38.46,14.41,52.40,0
569,4,89.28,97.52,86.58,37.73,13.92,53.94,0
569,5,87.58,97.75,91.07,38.47,14.17,55.36,0
569,6,86.81,97.46,88.99,36.58,14.41,52.98,0
569,7,86.67,97.69,86.21,37.75,13.52,54.43,0
569,8,85.75,97.36,88.97,37.96,14.37,52.49,0
569,9,86.09,97.38,88.05,38.07,14.13,53.30,0
569,10,87.59,97.53,86.59,37.06,13.55,54.17,0
569,11,85.23,97.14,84.97,38.02,13.40,56.10,0
569,12,85.26,97.65,87.57,37.09,14.13,52.80,0
569,13,87.89,97.17,86.20,37.91,13.91,52.80,0
569,14,87.39,97.54,89.61,38.38,14.17,53.54,0
569,15,85.29,97.36,88.69,37.30,13.71,53.61,0
569,16,87.82,97.77,87.42,37.99,13.84,52.57,0
569,17,86.38,97.24,85.91,38.01,13.90,52.86,0
569,18,86.80,97.73,88.65,37.44,14.34,54.45,0
569,19,88.71,97.75,85.13,37.04,13.86,54.68,0
570,0,74.99,97.70,93.32,36.17,14.51,44.69,0
570,1,72.64,97.94,93.90,35.80,13.88,45.82,0
570,2,76.38,97.47,97.16,36.18,14.61,44.90,0
570,3,75.57,97.80,94.01,36.28,14.11,43.49,0
570,4,74.89,97.72,98.38,35.70,13.95,45.28,0
570,5,74.93,97.98,96.12,36.43,14.49,45.50,0
570,6,73.25,97.72,97.93,37.05,14.51,45.91,0
570,7,74.52,97.90,97.16,36.09,14.19,44.50,0
570,8,74.84,97.94,95.05,35.72,14.50,43.23,0
570,9,75.37,97.58,97.41,35.33,14.65,44.03,0
570,10,73.89,98.09,93.68,36.54,14.42,44.61,0
570,11,72.28,97.69,93.19,35.44,13.93,44.33,0
570,12,73.91,98.05,95.38,36.13,13.57,45.81,0
570,13,72.77,97.48,96.28,36.25,14.26,45.08,0
570,14,71.77,97.63,96.63,36.13,14.47,44.70,0
570,15,74.29,97.46,93.98,36.35,14.00,46.21,0
570,16,73.12,98.06,96.51,35.86,13.83,43.09,0
570,17,72.05,97.81,93.48,35.36,14.26,46.35,0
570,18,73.43,97.69,92.83,35.50,14.33,45.73,0
570,19,73.80,97.40,93.45,36.71,14.14,44.20,0
571,0,84.82,98.24,95.76,35.85,10.85,62.02,0
571,1,85.08,98.58,95.75,34.60,10.73,59.43,0
571,2,85.36,98.45,91.49,33.91,11.11,59.65,0
571,3,87.75,98.24,95.92,34.08,11.09,60.93,0
571,4,88.15,98.17,94.73,35.43,11.25,60.45,0
571,5,86.70,98.05,92.73,34.18,11.26,60.40,0
571,6,87.68,98.20,92.10,34.38,11.33,62.07,0
571,7,87.83,98.40,92.93,34.88,11.12,61.21,0
571,8,86.91,98.46,92.84,34.88,11.46,61.47,0
571,9,85.34,98.67,91.67,34.29,10.97,61.60,0
571,10,85.80,98.13,93.15,34.43,11.86,61.77,0
571,11,84.31,98.64,91.83,34.96,11.13,62.29,0
571,12,84.70,98.20,95.71,35.55,11.14,61.19,0
571,13,85.18,98.06,96.07,35.54,10.96,61.45,0
571,14,84.57,98.56,93.47,34.74,11.80,60.46,0
571,15,85.16,98.21,91.07,34.49,11.71,59.38,0
571,16,85.78,98.21,94.27,34.73,11.18,60.15,0
571,17,85.83,98.66,92.54,34.51,11.01,59.45,0
571,18,87.60,98.16,94.28,34.75,11.66,58.54,0
571,19,87.67,98.31,91.40,35.20,10.72,58.98,0
572,0,70.43,98.60,80.36,39.67,14.19,62.07,0
572,1,71.73,98.51,80.82,38.24,14.65,61.95,0
572,2,71.08,98.31,82.35,38.90,15.25,62.02,0
572,3,71.33,98.17,82.07,38.37,14.36,61.63,0
572,4,70.59,98.49,80.10,39.31,14.67,61.21,0
572,5,72.33,98.37,82.25,38.47,15.02,58.94,0
572,6,69.12,98.56,81.64,39.49,14.44,59.18,0
572,7,69.58,98.71,80.54,37.98,14.84,62.04,0
572,8,68.86,98.40,83.73,38.19,14.60,60.89,0
572,9,76.01,98.23,75.64,38.72,14.87,57.12,0
572,10,79.27,98.06,69.17,39.00,14.70,58.25,0
572,11,79.48,98.22,67.65,38.56,14.84,54.30,1
572,12,77.71,98.63,73.31,38.29,14.34,55.57,0
572,13,75.81,98.27,77.60,38.17,15.05,59.20,0
572,14,71.06,98.53,77.83,39.45,15.33,60.20,0
572,15,70.05,98.49,77.94,39.66,14.28,59.09,0
572,16,67.88,98.50,80.04,38.28,15.04,59.64,0
572,17,69.10,98.57,83.18,38.88,15.04,60.82,0
572,18,70.96,98.16,78.67,38.14,15.28,59.54,0
572,19,70.16,98.51,80.10,38.09,15.06,61.67,0
573,0,82.16,97.60,81.99,37.08,10.16,47.76,0
573,1,81.43,97.53,81.86,38.44,9.57,44.41,0
573,2,81.76,97.79,80.61,36.92,10.46,45.58,0
573,3,82.39,97.59,82.79,37.66,10.08,47.70,0
573,4,84.30,97.75,81.68,37.30,9.67,44.38,0
573,5,81.54,97.79,83.68,37.41,9.67,44.03,0
573,6,80.73,97.83,81.42,37.19,10.21,47.09,0
573,7,83.78,97.64,79.41,36.82,9.95,47.93,0
573,8,82.50,97.42,80.53,38.14,9.87,45.58,0
573,9,81.92,97.13,78.46,38.25,9.85,47.07,0
573,10,81.41,97.88,79.74,37.78,10.30,44.89,0
573,11,80.49,97.85,81.46,37.46,9.61,47.64,0
573,12,82.92,97.23,83.03,38.60,10.29,47.36,0
573,13,82.14,97.74,79.39,37.78,10.40,47.05,0
573,14,81.88,97.46,80.03,37.61,10.56,44.49,0
573,15,82.77,97.26,80.51,38.13,10.50,46.58,0
573,16,80.91,97.29,82.90,38.61,10.48,45.84,0
573,17,80.63,97.20,78.95,37.67,10.48,44.69,0
573,18,81.34,97.48,79.60,37.21,9.55,46.04,0
573,19,81.43,97.76,78.89,37.88,10.52,44.99,0
574,0,85.21,96.91,88.70,36.21,15.40,49.56,0
574,1,87.88,97.44,92.58,35.62,15.63,48.01,0
574,2,85.78,97.15,89.24,35.22,15.38,49.17,0
574,3,87.74,96.78,87.83,35.83,14.90,47.92,0
574,4,88.53,96.96,91.78,35.63,14.98,47.82,0
574,5,88.20,97.17,89.68,35.47,15.70,49.59,0
574,6,85.53,97.40,92.83,35.90,15.25,48.31,0
574,7,86.79,97.12,90.51,35.35,15.72,48.70,0
574,8,86.31,97.21,90.61,36.71,15.94,49.21,0
574,9,85.57,97.29,88.36,36.87,15.81,46.45,0
574,10,84.95,97.05,91.66,36.13,15.56,46.18,0
574,11,84.55,97.45,91.63,36.05,14.90,48.17,0
574,12,87.37,96.83,90.94,36.16,16.04,48.01,0
574,13,87.42,97.19,89.75,35.25,16.00,47.79,0
574,14,87.06,97.37,90.20,36.29,16.05,49.84,0
574,15,86.20,96.79,86.62,36.74,15.22,49.51,0
574,16,86.65,97.37,91.83,36.15,14.93,49.11,0
574,17,87.09,97.35,90.04,35.26,16.04,48.91,0
574,18,88.16,97.20,91.12,36.68,14.88,46.68,0
574,19,86.36,96.70,89.79,35.98,15.72,48.92,0
575,0,93.20,99.34,98.23,37.50,12.26,41.48,0
575,1,92.21,99.28,95.37,37.49,12.59,42.96,0
575,2,93.68,98.59,97.48,37.93,11.83,43.23,0
575,3,90.79,99.35,96.11,37.80,12.05,40.97,0
575,4,90.97,98.78,95.37,38.44,12.59,43.13,0
575,5,94.15,99.17,98.10,39.23,12.62,43.96,0
575,6,93.47,99.10,95.63,38.61,12.32,42.20,0
575,7,92.87,98.89,97.72,39.28,12.63,41.05,0
575,8,93.19,99.08,98.41,37.51,12.57,41.63,0
575,9,98.08,99.07,91.06,38.59,12.81,37.91,0
575,10,97.75,98.57,83.68,38.47,11.86,40.06,0
575,11,103.17,99.30,80.09,38.68,12.31,36.89,1
575,12,98.84,98.93,85.09,39.04,12.37,39.68,0
575,13,96.95,98.68,89.16,37.34,12.59,37.52,0
575,14,92.45,99.22,92.34,37.95,12.12,40.66,0
575,15,90.04,98.67,96.63,37.51,12.37,42.19,0
575,16,90.47,98.63,93.93,38.68,11.67,43.57,0
575,17,93.07,98.65,93.30,38.07,12.45,41.19,0
575,18,93.08,99.13,93.17,38.81,11.82,43.27,0
575,19,92.50,98.60,94.56,37.35,12.48,41.40,0
576,0,84.01,98.41,82.69,35.33,12.33,56.88,0
576,1,86.17,97.83,81.09,34.42,12.51,58.27,0
576,2,85.19,97.85,82.13,35.15,12.53,54.67,0
576,3,85.44,97.72,83.43,35.13,12.37,55.44,0
576,4,84.78,98.03,83.54,35.81,12.14,55.63,0
576,5,86.91,98.28,82.36,35.69,12.08,55.91,0
576,6,83.34,97.88,81.30,34.61,12.08,56.92,0
576,7,83.58,97.72,81.35,34.46,11.91,54.93,0
576,8,83.83,97.91,82.86,34.41,12.75,55.84,0
576,9,85.82,98.48,79.40,35.66,11.90,54.68,0
576,10,85.21,97.78,81.88,34.95,11.92,58.06,0
576,11,83.15,98.39,82.10,35.07,12.21,56.10,0
576,12,84.00,98.03,80.89,34.94,12.08,56.41,0
576,13,84.50,97.94,77.99,35.94,12.35,54.67,0
576,14,83.49,98.39,81.59,35.08,12.81,55.66,0
576,15,81.93,97.99,76.88,35.34,12.26,55.12,0
576,16,85.24,98.35,81.64,35.71,12.71,55.53,0
576,17,83.12,98.39,81.87,35.26,12.36,56.09,0
576,18,84.94,98.09,80.98,36.04,12.92,57.71,0
576,19,85.88,98.42,80.72,35.82,12.78,55.57,0
577,0,93.06,98.17,84.51,33.21,12.29,44.14,0
577,1,91.36,98.52,85.23,33.56,11.76,44.07,0
577,2,90.96,98.10,86.52,33.07,12.28,40.93,0
577,3,91.28,97.94,86.45,33.33,12.22,40.55,0
577,4,93.66,98.19,86.25,34.13,11.90,42.91,0
577,5,92.04,98.40,83.12,33.28,12.05,40.64,0
577,6,89.94,97.90,83.57,32.26,11.93,43.56,0
577,7,91.14,98.49,85.43,34.06,12.68,42.63,0
577,8,90.12,98.18,87.60,32.56,12.32,40.62,0
577,9,90.59,98.09,87.43,33.02,12.16,40.60,0
577,10,96.42,98.18,79.39,33.99,11.66,38.75,0
577,11,100.20,98.39,77.21,33.48,11.98,37.99,0
577,12,102.51,98.03,72.43,33.93,11.73,37.85,1
577,13,98.65,97.76,74.41,32.30,12.46,39.32,0
577,14,97.37,98.04,75.76,32.25,11.73,37.28,0
577,15,89.07,98.24,84.81,32.44,12.29,43.44,0
577,16,89.29,98.13,85.87,32.53,11.56,40.86,0
577,17,91.17,98.17,82.17,33.20,11.70,41.49,0
577,18,89.79,98.13,82.98,32.80,12.49,42.30,0
577,19,91.28,98.01,86.23,33.98,11.65,43.25,0
578,0,84.61,98.60,87.75,38.01,15.22,59.61,0
578,1,85.95,98.87,86.57,37.12,14.94,59.03,0
578,2,83.10,99.20,89.11,38.00,15.12,61.50,0
578,3,85.68,98.64,87.99,37.24,14.27,59.26,0
578,4,84.02,98.57,90.05,36.97,14.84,60.53,0
578,5,82.94,98.85,88.75,37.14,14.93,58.45,0
578,6,85.88,98.98,87.14,37.41,14.85,58.35,0
578,7,86.06,98.93,85.93,38.29,14.86,59.59,0
578,8,82.43,99.28,85.47,37.70,15.35,60.63,0
578,9,83.19,98.85,84.13,37.22,14.61,61.17,0
578,10,89.72,99.17,82.99,38.11,14.40,55.85,0
578,11,91.77,99.29,74.75,37.91,15.22,54.80,0
578,12,93.06,98.86,72.73,37.53,14.67,55.20,1
578,13,89.39,98.96,76.08,37.56,14.34,56.36,0
578,14,88.77,98.97,79.66,36.60,15.33,55.84,0
578,15,81.45,98.96,84.36,37.82,15.25,60.95,0
578,16,82.06,98.68,85.17,36.63,14.49,60.39,0
578,17,82.14,98.87,83.87,38.57,14.29,60.16,0
578,18,81.96,99.22,89.62,37.51,14.46,61.20,0
578,19,83.11,98.57,87.98,37.13,14.56,60.44,0
579,0,84.57,99.01,99.59,35.75,11.60,41.21,0
579,1,81.69,98.81,100.16,35.84,12.17,42.36,0
579,2,83.47,98.96,100.39,37.09,11.43,41.16,0
579,3,84.42,98.84,97.68,35.87,12.34,40.54,0
579,4,85.76,99.29,99.60,35.71,12.11,42.70,0
579,5,82.81,99.29,99.98,37.23,11.59,40.36,0
579,6,82.98,99.09,100.02,35.70,11.51,42.39,0
579,7,83.50,99.20,101.10,36.75,12.34,40.90,0
579,8,85.21,99.15,100.51,36.78,12.40,40.27,0
579,9,83.72,99.05,98.90,36.77,11.65,41.63,0
579,10,83.19,99.28,98.29,35.79,11.40,43.56,0
579,11,83.85,98.99,95.72,36.96,12.07,42.06,0
579,12,82.38,98.95,95.04,36.98,12.34,40.51,0
579,13,80.79,98.78,94.09,36.33,11.67,44.03,0
579,14,83.16,98.97,99.72,36.77,11.75,42.81,0
579,15,81.75,99.03,96.05,36.12,12.11,41.35,0
579,16,84.12,98.75,98.28,35.57,12.47,41.62,0
579,17,84.37,98.67,94.68,36.20,11.67,41.99,0
579,18,84.30,99.21,98.83,36.52,12.09,40.35,0
579,19,82.47,98.62,98.21,36.64,11.98,42.55,0
580,0,69.09,97.52,92.17,36.81,10.63,43.45,0
580,1,73.01,97.11,91.22,36.13,10.09,45.49,0
580,2,70.41,97.03,90.57,36.72,10.55,45.66,0
580,3,72.51,97.60,89.52,35.12,10.61,44.79,0
580,4,70.63,97.40,88.44,35.50,10.95,42.83,0
580,5,71.03,97.36,87.70,35.65,10.15,44.58,0
580,6,73.51,97.55,88.14,35.44,10.67,44.99,0
580,7,72.08,97.23,89.85,36.55,10.21,43.56,0
580,8,70.58,97.00,90.63,36.29,10.77,42.68,0
580,9,72.11,97.64,88.05,35.30,10.70,45.95,0
580,10,69.69,97.42,88.99,35.87,10.18,44.33,0
580,11,71.99,97.60,92.21,36.71,10.97,44.95,0
580,12,71.61,97.27,87.66,36.09,10.39,42.75,0
580,13,69.36,97.23,88.33,36.41,11.01,45.03,0
580,14,70.69,97.40,91.18,36.60,10.56,43.13,0
580,15,70.02,97.51,86.96,35.13,9.88,45.99,0
580,16,69.74,97.02,87.26,36.57,10.98,43.55,0
580,17,70.19,97.23,87.80,36.59,10.88,43.09,0
580,18,72.45,97.04,89.73,36.91,10.92,43.06,0
580,19,71.45,97.28,91.26,36.17,10.85,44.43,0
581,0,71.85,97.61,89.80,34.89,10.52,52.02,0
581,1,71.13,97.64,94.52,35.08,10.82,54.07,0
581,2,72.70,97.89,92.35,36.25,10.67,55.04,0
581,3,71.54,97.96,94.34,35.42,10.83,53.06,0
581,4,72.71,97.53,92.57,34.64,11.28,52.23,0
581,5,72.78,97.26,89.78,34.93,10.35,55.20,0
581,6,72.50,98.03,90.63,36.42,10.68,55.01,0
581,7,72.11,97.40,90.24,34.66,11.41,55.16,0
581,8,69.94,97.37,94.40,36.28,11.32,52.87,0
581,9,71.93,97.45,94.18,36.39,10.75,55.57,0
581,10,70.59,97.57,91.93,36.29,10.85,53.89,0
581,11,70.26,97.72,92.15,36.01,10.42,53.52,0
581,12,70.42,97.65,90.87,34.70,11.19,53.27,0
581,13,68.45,97.77,89.83,36.00,11.31,54.89,0
581,14,68.65,97.94,88.22,36.21,10.81,55.39,0
581,15,71.63,97.85,90.88,35.17,10.83,55.90,0
581,16,68.89,97.84,91.72,35.93,10.99,53.57,0
581,17,68.91,97.56,93.85,35.57,10.66,53.61,0
581,18,71.58,97.73,90.83,35.71,11.27,55.10,0
581,19,71.14,97.80,91.40,36.23,11.14,54.62,0
582,0,81.27,97.58,94.74,39.28,11.98,59.76,0
582,1,82.18,96.79,97.60,38.66,12.51,60.09,0
582,2,83.38,97.18,96.23,37.66,12.96,58.76,0
582,3,82.23,97.48,96.79,38.97,12.87,59.07,0
582,4,82.43,97.56,98.34,38.05,11.99,58.34,0
582,5,82.47,97.18,95.81,38.75,12.12,58.74,0
582,6,82.06,97.31,94.53,39.26,12.54,60.19,0
582,7,83.48,96.82,98.04,37.62,12.11,57.78,0
582,8,83.69,97.12,93.16,38.19,12.66,59.26,0
582,9,81.07,97.09,92.79,37.42,12.70,57.49,0
582,10,83.10,96.78,97.02,38.65,12.33,57.13,0
582,11,80.87,97.50,93.02,37.92,13.02,58.03,0
582,12,80.15,97.03,92.97,39.32,12.14,60.18,0
582,13,81.88,96.90,95.58,39.01,12.66,59.72,0
582,14,80.21,97.48,95.99,37.42,12.59,60.33,0
582,15,80.71,96.92,96.70,37.90,12.21,59.25,0
582,16,83.29,97.54,95.06,39.29,13.02,58.24,0
582,17,83.56,97.12,94.02,39.29,12.32,58.41,0
582,18,81.18,96.88,92.42,38.18,12.50,59.19,0
582,19,81.84,97.47,93.79,37.91,12.52,59.05,0
583,0,74.99,98.21,76.53,37.16,11.07,58.01,0
583,1,75.93,97.98,81.73,37.10,11.17,56.40,0
583,2,77.38,98.01,81.13,37.56,11.72,59.11,0
583,3,78.17,97.94,82.16,37.46,11.18,58.11,0
583,4,77.31,97.74,81.46,38.21,12.13,57.30,0
583,5,77.15,98.15,80.80,37.78,11.31,57.50,0
583,6,75.57,98.32,78.39,38.54,11.34,59.05,0
583,7,79.05,97.69,76.90,37.38,12.13,58.24,0
583,8,82.59,98.27,75.28,37.06,11.09,56.02,0
583,9,86.30,98.09,69.51,37.73,11.95,55.38,0
583,10,87.64,97.92,64.74,37.78,11.97,52.68,1
583,11,84.23,98.34,66.84,37.40,11.50,54.67,0
583,12,82.30,98.16,69.98,36.91,11.55,52.99,0
583,13,76.05,97.63,76.32,37.05,11.48,56.28,0
583,14,76.13,97.72,78.57,38.43,11.83,58.41,0
583,15,77.37,97.95,75.52,37.47,11.20,59.34,0
583,16,75.38,97.86,76.87,37.88,12.06,55.92,0
583,17,75.86,98.36,77.73,36.91,11.78,57.34,0
583,18,77.31,98.15,76.38,37.75,11.02,58.87,0
583,19,77.62,98.02,81.78,37.43,11.01,58.46,0
584,0,80.73,97.44,88.16,36.97,15.52,55.81,0
584,1,84.08,97.14,88.04,36.97,15.89,55.66,0
584,2,82.37,97.42,88.45,35.74,15.36,54.84,0
584,3,82.09,97.36,89.26,36.76,16.13,56.35,0
584,4,84.72,97.27,91.20,36.79,15.76,56.04,0
584,5,84.25,97.37,89.97,36.30,16.03,56.26,0
584,6,82.78,97.73,93.33,36.89,15.54,55.28,0
584,7,82.92,97.60,90.47,36.64,16.12,53.50,0
584,8,83.35,97.31,88.24,35.44,15.67,55.06,0
584,9,81.72,97.34,91.92,36.00,16.44,56.18,0
584,10,80.73,97.14,91.27,36.03,15.38,52.93,0
584,11,81.16,97.75,91.72,35.98,16.27,53.33,0
584,12,81.86,97.42,87.55,36.68,15.59,56.55,0
584,13,81.04,97.22,89.86,36.18,15.42,52.81,0
584,14,82.01,97.61,86.77,36.98,15.54,53.56,0
584,15,79.64,97.10,91.67,35.57,16.11,52.89,0
584,16,83.03,97.15,90.12,36.28,15.76,55.77,0
584,17,80.98,97.30,89.64,35.41,15.97,55.90,0
584,18,81.42,97.54,87.48,37.12,16.51,55.48,0
584,19,81.17,97.60,87.17,36.86,16.22,54.02,0
585,0,80.19,98.74,90.28,35.52,13.60,44.84,0
585,1,82.33,98.77,94.65,34.15,14.40,45.55,0
585,2,81.34,98.21,91.67,34.85,14.15,43.90,0
585,3,79.70,98.15,91.35,35.69,14.64,47.60,0
585,4,79.61,98.39,91.96,35.02,14.57,43.86,0
585,5,81.67,98.08,95.09,35.57,13.66,47.51,0
585,6,79.77,98.70,90.35,35.11,13.63,46.91,0
585,7,80.36,98.51,91.63,34.49,13.71,44.24,0
585,8,81.07,98.84,90.59,35.18,13.74,46.04,0
585,9,82.30,98.45,94.64,34.34,14.44,46.35,0
585,10,82.03,98.29,88.98,35.59,14.20,46.58,0
585,11,80.42,98.63,89.11,34.69,13.97,46.66,0
585,12,81.68,98.45,88.55,34.82,14.26,45.24,0
585,13,80.29,98.65,89.82,34.33,13.58,47.34,0
585,14,81.04,98.79,93.28,34.46,14.66,46.27,0
585,15,77.86,98.76,88.46,34.75,14.39,46.95,0
585,16,80.97,98.41,94.33,35.11,14.43,45.55,0
585,17,78.23,98.15,92.17,34.80,14.40,46.54,0
585,18,80.51,98.40,94.05,34.94,14.27,43.84,0
585,19,80.15,98.59,90.56,34.10,13.58,46.37,0
586,0,75.68,98.74,85.43,35.84,12.61,55.30,0
586,1,77.97,98.92,89.21,34.81,13.52,54.96,0
586,2,75.63,98.27,85.46,35.92,13.04,56.80,0
586,3,76.31,98.32,84.84,34.52,12.47,55.99,0
586,4,77.10,98.44,86.91,35.95,13.00,56.53,0
586,5,76.88,98.70,85.48,35.98,12.70,57.51,0
586,6,75.76,98.69,89.03,34.75,13.17,53.91,0
586,7,76.65,98.49,86.62,36.07,13.25,55.66,0
586,8,76.97,98.52,85.85,35.81,13.52,54.80,0
586,9,76.56,98.46,88.47,35.75,12.50,56.90,0
586,10,73.74,98.30,86.92,34.65,13.15,54.61,0
586,11,74.11,98.57,89.31,34.84,12.93,57.09,0
586,12,73.33,98.36,87.15,36.37,12.98,56.16,0
586,13,73.89,98.77,87.51,36.15,12.48,57.77,0
586,14,74.75,98.83,88.04,36.10,12.54,57.10,0
586,15,73.84,98.64,87.08,36.25,12.57,55.47,0
586,16,75.22,98.49,88.48,34.65,13.18,54.35,0
586,17,75.40,98.52,83.98,35.22,13.19,56.31,0
586,18,76.08,98.67,89.51,34.65,12.95,54.86,0
586,19,74.12,98.25,85.08,35.41,13.22,56.76,0
587,0,76.01,97.63,78.38,32.93,14.19,46.92,0
587,1,76.19,97.63,80.82,32.71,14.84,47.66,0
587,2,76.19,97.68,78.71,32.44,14.67,47.46,0
587,3,76.58,97.65,80.07,33.71,15.34,44.97,0
587,4,76.41,98.12,78.60,33.44,14.53,46.69,0
587,5,78.00,97.89,79.61,32.45,14.81,45.79,0
587,6,78.04,97.68,83.47,32.77,14.59,44.32,0
587,7,78.22,98.15,81.38,33.16,14.93,45.99,0
587,8,76.88,97.60,77.74,32.47,15.26,46.34,0
587,9,78.98,97.72,78.46,33.88,14.69,44.89,0
587,10,77.97,97.81,82.29,33.75,15.28,44.21,0
587,11,77.80,98.16,80.98,33.42,15.08,44.69,0
587,12,78.78,98.07,81.64,32.55,14.55,44.57,0
587,13,77.44,97.86,77.37,33.19,14.72,44.60,0
587,14,77.40,97.65,79.92,33.34,14.62,44.95,0
587,15,75.88,97.91,81.25,33.37,15.04,47.79,0
587,16,75.79,98.03,81.91,33.07,15.25,47.16,0
587,17,78.35,97.93,78.97,33.69,14.48,44.69,0
587,18,78.37,97.95,82.76,32.07,14.49,47.84,0
587,19,75.94,97.55,82.80,33.42,14.40,46.87,0
588,0,69.27,98.29,88.96,34.60,11.69,48.94,0
588,1,68.93,97.93,86.05,36.05,12.01,51.05,0
588,2,71.95,98.24,86.59,36.32,11.88,49.04,0
588,3,69.80,97.69,89.33,35.69,11.70,48.02,0
588,4,71.00,97.87,85.43,34.60,11.98,49.29,0
588,5,70.45,97.60,85.24,35.40,12.08,48.63,0
588,6,72.43,97.92,86.31,36.03,11.06,49.57,0
588,7,71.70,97.73,84.35,36.33,11.34,51.09,0
588,8,68.87,97.58,87.93,34.80,11.11,47.88,0
588,9,70.52,98.06,85.86,36.18,11.52,48.59,0
588,10,68.44,97.57,87.50,36.49,11.36,51.01,0
588,11,70.44,97.81,89.04,34.92,10.91,48.95,0
588,12,71.47,97.89,83.81,35.30,11.91,49.30,0
588,13,67.52,97.99,83.63,35.21,12.04,51.00,0
588,14,70.21,97.69,88.69,34.74,11.95,48.95,0
588,15,70.79,97.55,83.11,34.76,11.67,47.99,0
588,16,70.58,98.11,88.61,34.95,11.17,51.72,0
588,17,71.09,98.21,83.92,35.25,11.09,50.52,0
588,18,71.47,97.64,88.72,36.47,11.85,51.40,0
588,19,68.48,98.12,84.70,36.25,11.22,48.39,0
589,0,84.03,98.34,88.96,35.25,15.08,46.82,0
589,1,84.10,97.97,89.58,34.99,15.06,47.77,0
589,2,82.48,97.73,90.73,34.46,15.83,46.68,0
589,3,84.77,97.87,89.98,34.11,16.03,48.57,0
589,4,84.98,98.06,93.98,34.79,15.79,46.82,0
589,5,82.08,98.10,90.33,34.25,15.34,48.26,0
589,6,84.54,98.11,94.04,35.09,16.17,46.99,0
589,7,84.90,97.89,89.72,34.39,16.08,45.21,0
589,8,83.08,97.93,93.91,34.56,15.54,47.68,0
589,9,81.13,98.31,88.65,34.42,15.85,47.26,0
589,10,83.03,98.00,92.84,35.41,15.36,46.99,0
589,11,82.17,97.85,92.96,35.00,15.48,45.51,0
589,12,82.36,97.94,89.71,35.32,15.12,47.30,0
589,13,82.89,98.24,91.41,35.51,16.02,46.24,0
589,14,82.16,98.39,88.36,35.06,16.20,46.86,0
589,15,82.97,98.15,92.94,34.52,16.05,47.18,0
589,16,82.85,97.85,93.81,35.27,15.82,47.65,0
589,17,81.01,97.69,93.76,35.48,15.80,45.41,0
589,18,81.75,98.03,92.67,34.91,15.52,48.93,0
589,19,84.37,98.38,92.11,34.93,15.12,46.57,0
590,0,91.25,97.50,86.80,37.97,15.10,47.20,0
590,1,90.68,97.15,88.19,37.17,15.03,46.29,0
590,2,93.82,97.32,82.78,36.46,14.71,47.80,0
590,3,91.91,97.27,88.23,36.75,15.23,48.67,0
590,4,91.74,97.24,86.63,36.64,14.91,46.50,0
590,5,94.11,97.40,84.01,37.10,14.45,47.34,0
590,6,92.88,97.56,88.22,37.89,14.41,48.59,0
590,7,94.34,97.44,87.59,36.36,14.34,45.42,0
590,8,91.61,97.78,86.93,37.42,14.49,47.27,0
590,9,91.33,97.15,85.46,37.81,14.84,47.67,0
590,10,93.50,97.84,84.22,37.27,14.85,46.62,0
590,11,90.10,97.43,87.47,36.97,14.77,48.79,0
590,12,92.55,97.50,87.08,38.10,14.47,47.13,0
590,13,89.60,97.25,87.07,37.12,15.15,48.33,0
590,14,91.67,97.30,81.53,37.32,14.24,45.94,0
590,15,89.35,97.71,86.99,36.54,15.18,46.40,0
590,16,91.38,97.45,86.10,36.90,15.21,48.21,0
590,17,90.06,97.87,83.25,37.67,15.05,48.34,0
590,18,92.27,97.41,86.34,38.10,14.93,46.72,0
590,19,92.86,97.49,82.30,37.17,15.17,46.54,0
591,0,83.37,97.58,92.19,34.90,15.45,43.89,0
591,1,84.09,97.31,89.88,34.67,15.50,43.12,0
591,2,84.91,97.47,90.43,35.88,15.28,42.82,0
591,3,81.89,97.16,92.46,34.94,14.90,42.16,0
591,4,81.75,97.54,91.83,36.00,14.79,42.97,0
591,5,83.54,97.61,92.28,35.50,14.57,41.89,0
591,6,82.03,97.88,94.62,34.42,15.51,41.59,0
591,7,83.92,97.25,89.89,35.88,14.37,44.64,0
591,8,82.11,97.66,92.27,34.39,14.66,43.86,0
591,9,83.16,97.28,89.74,34.42,14.84,42.27,0
591,10,82.40,97.74,94.03,35.16,15.37,42.11,0
591,11,81.09,97.26,90.07,35.81,15.32,44.03,0
591,12,82.98,97.85,88.85,34.57,15.35,41.90,0
591,13,81.24,97.22,91.24,34.80,15.27,43.50,0
591,14,80.26,97.37,90.26,35.33,14.57,44.65,0
591,15,80.74,97.87,91.43,34.94,15.27,41.46,0
591,16,81.51,97.18,90.19,35.49,15.27,44.07,0
591,17,83.23,97.40,93.64,35.39,14.94,42.06,0
591,18,83.37,97.36,90.90,35.70,15.45,41.82,0
591,19,84.35,97.17,89.08,34.42,14.97,42.83,0
592,0,80.46,98.72,86.07,38.13,15.51,49.38,0
592,1,82.01,98.89,84.94,37.60,15.09,48.81,0
592,2,81.52,99.26,81.26,38.18,15.67,47.95,0
592,3,81.53,98.62,82.94,37.42,15.46,46.14,0
592,4,80.85,99.05,86.16,37.74,14.89,48.85,0
592,5,82.02,99.11,87.39,37.07,14.90,46.22,0
592,6,83.34,98.89,85.06,37.99,15.01,49.13,0
592,7,80.84,98.91,84.91,36.99,14.75,48.31,0
592,8,83.69,99.05,81.70,37.61,15.06,48.87,0
592,9,83.60,99.13,83.42,37.77,15.55,46.22,0
592,10,80.03,99.26,81.29,37.95,14.89,48.57,0
592,11,82.40,99.39,83.74,37.96,14.82,47.57,0
592,12,82.84,98.99,84.17,37.01,15.07,46.77,0
592,13,80.90,99.23,82.60,36.46,15.54,48.15,0
592,14,81.55,99.21,81.41,36.59,15.09,47.78,0
592,15,81.64,98.62,83.32,37.16,15.43,47.52,0
592,16,81.90,98.88,80.91,37.98,15.25,46.02,0
592,17,79.47,98.69,82.53,37.48,15.43,49.04,0
592,18,79.85,99.10,82.13,36.54,14.86,49.49,0
592,19,82.42,98.66,81.00,37.23,14.76,47.36,0
593,0,85.00,98.41,76.56,33.90,10.26,59.38,0
593,1,85.82,97.97,77.63,34.66,11.02,59.79,0
593,2,83.75,97.84,78.20,32.71,11.16,59.85,0
593,3,85.87,98.43,79.59,34.13,10.96,60.52,0
593,4,84.74,97.96,80.36,33.39,11.26,60.91,0
593,5,83.96,97.77,77.76,34.02,10.39,59.07,0
593,6,87.36,97.79,77.73,34.64,10.86,61.71,0
593,7,84.98,97.85,78.39,33.12,10.25,60.24,0
593,8,83.65,98.30,80.68,34.18,10.85,60.00,0
593,9,84.33,98.44,76.71,34.18,10.61,61.92,0
593,10,84.51,98.04,77.64,34.25,11.31,61.37,0
593,11,82.42,98.13,80.77,33.29,10.30,61.71,0
593,12,82.26,98.27,76.62,34.37,10.62,60.77,0
593,13,82.24,97.83,75.99,33.33,10.51,59.52,0
593,14,84.92,98.05,77.52,34.58,10.61,59.92,0
593,15,85.58,97.94,78.93,33.63,10.85,59.48,0
593,16,83.54,98.26,75.98,34.18,10.48,61.00,0
593,17,84.01,98.43,78.63,32.84,11.11,62.31,0
593,18,82.64,98.18,78.27,34.07,11.07,59.69,0
593,19,85.15,97.89,76.08,33.09,10.30,60.91,0
594,0,71.42,98.02,86.22,38.44,9.93,52.10,0
594,1,74.68,98.45,88.94,37.86,10.26,53.50,0
594,2,73.94,98.40,89.32,38.63,10.50,51.67,0
594,3,73.69,98.31,89.30,37.77,9.66,51.47,0
594,4,73.99,98.45,87.45,37.33,10.08,53.90,0
594,5,73.39,98.55,84.33,37.40,10.50,54.48,0
594,6,71.76,98.58,86.28,37.83,10.01,54.57,0
594,7,72.50,98.48,87.55,37.83,10.67,53.22,0
594,8,77.87,98.20,82.91,37.47,9.96,50.09,0
594,9,81.67,98.53,73.58,37.73,9.73,49.48,0
594,10,83.75,98.50,70.46,37.34,9.57,49.12,1
594,11,80.99,98.28,77.75,37.09,10.50,50.77,0
594,12,79.61,98.02,77.27,38.98,9.72,49.43,0
594,13,72.33,98.06,86.93,39.01,9.58,51.27,0
594,14,73.64,98.08,85.14,38.03,10.21,50.99,0
594,15,73.64,98.46,86.52,38.50,10.36,53.50,0
594,16,73.09,98.00,86.77,38.65,10.52,52.83,0
594,17,73.57,98.01,86.12,38.86,10.05,51.72,0
594,18,72.53,98.47,86.78,38.34,10.55,54.79,0
594,19,74.65,98.53,87.56,37.30,9.90,54.12,0
595,0,70.80,98.77,93.46,33.56,10.11,48.74,0
595,1,73.62,98.70,92.52,33.44,11.14,48.13,0
595,2,74.82,99.04,92.69,33.09,11.09,47.59,0
595,3,72.01,99.09,95.61,34.64,11.15,49.75,0
595,4,73.51,99.05,96.85,33.89,10.88,48.30,0
595,5,75.19,99.16,94.23,34.22,10.45,48.98,0
595,6,75.21,98.72,95.00,34.91,10.18,48.39,0
595,7,73.71,98.83,96.18,34.18,10.45,46.04,0
595,8,71.34,98.46,91.40,33.77,11.20,47.02,0
595,9,73.01,98.61,94.16,34.01,10.92,46.90,0
595,10,73.56,98.62,94.77,34.33,10.35,49.82,0
595,11,70.46,98.68,93.19,33.97,10.12,47.83,0
595,12,73.15,98.61,94.64,33.18,10.25,47.50,0
595,13,70.29,99.18,92.93,34.73,10.45,48.42,0
595,14,71.84,98.88,95.89,33.36,10.07,46.23,0
595,15,70.53,98.80,94.07,33.70,10.24,49.30,0
595,16,73.48,99.20,91.85,34.69,10.66,49.87,0
595,17,72.21,98.91,90.43,34.16,10.74,48.76,0
595,18,72.31,98.82,91.13,33.33,10.50,48.95,0
595,19,73.51,99.16,96.48,33.16,10.21,48.56,0
596,0,89.93,97.36,88.62,34.06,12.90,56.07,0
596,1,89.50,97.66,86.47,34.34,13.54,58.07,0
596,2,92.39,97.30,85.37,35.04,13.31,59.56,0
596,3,88.89,97.38,89.41,34.91,12.96,59.25,0
596,4,92.17,97.97,87.77,35.44,13.41,58.25,0
596,5,89.42,97.56,86.75,35.29,12.83,58.07,0
596,6,91.18,97.54,89.48,33.85,12.80,56.77,0
596,7,89.58,97.77,85.25,34.68,12.91,58.18,0
596,8,91.17,97.47,88.54,34.59,13.00,57.40,0
596,9,91.58,97.96,88.62,33.76,13.12,56.88,0
596,10,89.70,97.61,88.35,35.46,12.92,57.06,0
596,11,88.15,97.41,88.29,35.10,12.79,56.37,0
596,12,87.57,98.05,82.85,35.04,13.15,58.07,0
596,13,89.84,97.55,86.58,33.75,12.93,57.07,0
596,14,90.44,97.84,82.97,33.79,13.84,56.66,0
596,15,90.08,97.73,88.28,34.99,13.46,58.31,0
596,16,88.90,97.56,85.12,35.54,13.15,55.74,0
596,17,90.37,98.06,83.69,35.05,13.20,56.82,0
596,18,89.32,97.42,85.85,34.31,13.19,55.72,0
596,19,90.49,97.62,84.60,34.81,12.81,57.63,0
597,0,74.14,98.29,76.84,35.04,10.66,50.60,0
597,1,76.94,98.52,77.32,35.42,10.69,48.23,0
597,2,74.41,98.63,79.61,36.54,11.38,49.31,0
597,3,74.13,98.76,76.02,35.42,10.98,51.03,0
597,4,74.66,98.74,79.95,35.60,11.43,47.78,0
597,5,77.50,98.51,78.83,35.07,11.61,51.63,0
597,6,77.06,98.36,76.72,36.39,10.51,51.38,0
597,7,73.73,98.00,77.93,36.94,10.72,49.37,0
597,8,80.75,98.34,75.06,36.24,10.88,45.55,0
597,9,82.25,98.09,71.11,35.96,11.36,44.53,0
597,10,82.74,98.52,66.30,35.66,10.74,44.77,1
597,11,82.87,98.18,70.02,36.42,11.53,44.83,0
597,12,79.11,98.36,74.19,35.29,10.61,46.26,0
597,13,73.79,98.22,78.89,35.58,11.55,49.09,0
597,14,72.26,98.27,76.28,35.61,11.30,50.93,0
597,15,75.94,98.30,78.77,36.93,11.27,49.12,0
597,16,72.17,98.59,79.33,36.76,10.88,51.49,0
597,17,74.36,98.53,78.11,36.35,10.93,51.14,0
597,18,73.53,98.14,75.06,36.24,10.52,49.42,0
597,19,74.56,98.57,79.90,36.14,10.78,51.15,0
598,0,84.02,97.28,90.18,35.41,13.22,47.86,0
598,1,84.89,97.45,94.29,35.12,13.46,47.21,0
598,2,85.17,97.18,90.21,35.70,13.47,47.09,0
598,3,82.90,97.05,93.23,36.56,13.20,47.39,0
598,4,83.56,97.57,94.42,34.75,12.98,47.25,0
598,5,85.41,96.90,91.06,34.93,12.57,48.13,0
598,6,81.75,97.35,90.46,35.67,13.08,48.04,0
598,7,85.21,97.28,94.85,36.44,13.58,48.32,0
598,8,88.19,96.87,85.81,35.44,12.64,43.39,0
598,9,91.85,97.53,79.95,36.09,13.53,43.95,0
598,10,94.01,97.57,78.06,35.45,12.81,43.09,1
598,11,89.36,97.51,81.84,35.57,13.03,41.83,0
598,12,87.39,97.52,88.15,36.56,13.67,46.33,0
598,13,82.53,97.33,89.34,34.78,13.42,46.63,0
598,14,80.22,97.30,88.94,36.62,12.96,45.98,0
598,15,82.20,97.12,93.96,35.66,13.28,47.44,0
598,16,80.64,97.30,91.16,35.11,13.26,49.45,0
598,17,81.09,97.49,93.16,35.29,12.58,46.24,0
598,18,81.72,97.47,95.16,35.01,12.59,46.18,0
598,19,82.67,97.47,90.97,35.15,12.88,47.92,0
599,0,78.52,97.96,85.03,38.64,15.74,45.66,0
599,1,77.16,97.78,83.61,38.72,16.41,45.75,0
599,2,78.77,98.19,88.31,38.37,15.97,43.93,0
599,3,77.46,98.01,87.57,39.07,16.29,44.36,0
599,4,79.61,97.99,88.13,38.33,15.70,45.15,0
599,5,79.22,97.72,87.49,37.31,15.58,46.92,0
599,6,79.34,97.78,87.36,38.31,16.07,43.76,0
599,7,76.99,97.74,85.41,38.40,15.95,47.43,0
599,8,78.16,98.26,83.22,37.65,15.89,46.03,0
599,9,76.94,98.42,85.88,37.54,16.37,47.30,0
599,10,77.81,98.39,87.25,38.58,16.54,46.90,0
599,11,78.09,98.27,84.71,37.19,16.28,45.15,0
599,12,76.11,98.37,86.62,38.46,16.15,46.42,0
599,13,77.60,97.94,87.01,38.78,16.50,45.81,0
599,14,75.65,98.17,85.22,37.26,16.18,44.65,0
599,15,75.52,98.25,83.26,38.60,16.43,46.44,0
599,16,75.37,98.19,82.21,38.20,16.33,46.61,0
599,17,76.77,98.22,87.67,38.42,16.41,45.90,0
599,18,78.19,98.32,83.66,38.75,15.86,45.65,0
599,19,75.37,98.42,87.99,37.60,15.85,45.12,0
600,0,72.63,96.96,92.37,32.57,11.08,54.32,0
600,1,71.09,97.00,91.77,33.05,11.05,56.00,0
600,2,72.16,97.71,91.68,34.28,10.35,55.17,0
600,3,70.58,97.50,94.50,34.46,11.27,57.21,0
600,4,70.43,97.45,92.29,32.50,11.17,54.78,0
600,5,73.25,97.61,93.58,32.87,11.07,56.34,0
600,6,70.84,97.07,91.44,32.73,10.33,57.07,0
600,7,71.77,97.41,94.03,33.88,11.12,54.27,0
600,8,71.35,97.02,90.77,32.99,11.26,54.94,0
600,9,72.86,97.68,91.31,33.37,11.30,57.23,0
600,10,78.57,97.30,85.83,34.30,10.75,53.31,0
600,11,77.15,97.32,81.44,33.41,10.99,52.68,0
600,12,79.49,97.03,79.29,33.92,10.77,49.03,1
600,13,77.57,97.32,84.83,32.55,10.86,51.65,0
600,14,75.11,97.43,83.27,32.64,10.55,53.00,0
600,15,70.18,97.61,91.05,32.80,10.48,55.43,0
600,16,70.50,97.46,90.52,34.18,10.92,53.97,0
600,17,71.99,96.97,92.57,32.98,11.42,55.93,0
600,18,71.53,97.12,92.85,32.57,10.39,54.61,0
600,19,68.96,97.66,89.85,34.02,11.06,56.20,0
601,0,70.67,97.97,89.17,37.92,14.56,54.01,0
601,1,72.39,97.97,93.30,37.91,14.18,50.39,0
601,2,70.63,97.76,91.10,38.35,14.84,50.72,0
601,3,72.66,97.82,89.00,37.92,13.96,52.32,0
601,4,74.07,97.22,92.08,37.93,14.21,53.73,0
601,5,71.82,97.29,94.09,39.13,14.64,52.94,0
601,6,73.13,97.28,93.99,37.83,14.37,51.65,0
601,7,71.57,97.83,92.52,39.09,14.44,50.30,0
601,8,71.72,97.78,90.65,38.70,14.24,53.90,0
601,9,72.19,97.19,92.94,38.87,14.10,52.96,0
601,10,71.72,97.48,91.40,39.45,14.76,51.29,0
601,11,70.52,97.41,93.39,39.03,14.62,53.59,0
601,12,70.67,97.50,89.02,38.92,14.79,51.90,0
601,13,73.02,97.25,89.98,38.58,14.68,52.96,0
601,14,71.48,97.76,91.51,39.45,13.98,53.32,0
601,15,73.03,97.96,92.15,37.91,14.46,50.97,0
601,16,72.69,97.45,93.05,38.31,14.30,51.60,0
601,17,70.05,97.69,93.61,38.60,13.97,50.49,0
601,18,72.66,97.88,88.62,38.29,14.52,51.22,0
601,19,71.25,97.97,91.59,39.34,14.11,50.94,0
602,0,75.40,97.25,77.87,38.25,14.94,43.66,0
602,1,77.36,97.12,78.29,37.33,14.47,44.47,0
602,2,75.52,97.04,81.76,37.01,14.69,44.32,0
602,3,77.82,96.88,81.47,38.30,15.03,44.17,0
602,4,79.38,97.44,82.78,38.06,14.47,42.85,0
602,5,79.44,97.35,79.47,37.41,14.31,42.91,0
602,6,78.18,96.69,81.45,38.21,14.35,44.31,0
602,7,76.25,97.15,80.35,36.85,14.56,44.40,0
602,8,75.15,96.74,81.95,37.49,14.42,43.67,0
602,9,77.10,96.91,78.27,37.35,15.26,44.04,0
602,10,77.82,97.35,79.75,38.07,14.69,42.94,0
602,11,76.61,97.20,79.77,37.12,14.86,42.97,0
602,12,74.88,97.30,78.15,38.26,14.97,41.77,0
602,13,75.23,97.33,81.09,36.62,15.09,41.97,0
602,14,76.65,97.09,81.06,37.87,15.24,44.57,0
602,15,75.02,96.90,77.99,38.37,15.42,42.54,0
602,16,75.38,97.06,78.41,38.60,14.90,44.02,0
602,17,75.47,97.26,80.69,37.19,14.54,43.03,0
602,18,75.93,97.25,81.65,36.65,14.31,41.63,0
602,19,78.51,97.30,78.56,37.13,14.29,45.00,0
603,0,89.76,98.90,93.77,38.99,10.89,46.83,0
603,1,90.04,98.48,88.91,39.40,11.91,45.63,0
603,2,90.55,98.47,90.64,38.55,10.88,43.75,0
603,3,90.17,98.44,89.82,39.88,10.99,43.96,0
603,4,89.55,98.61,91.17,38.67,11.50,46.66,0
603,5,91.89,98.86,91.09,38.22,11.90,45.79,0
603,6,90.96,98.44,92.38,38.37,11.66,46.45,0
603,7,92.55,98.33,89.77,39.45,11.56,45.87,0
603,8,90.22,98.78,92.89,39.19,11.66,47.49,0
603,9,88.72,98.54,91.93,39.62,11.29,46.22,0
603,10,90.22,99.03,92.01,38.56,10.84,44.38,0
603,11,88.85,98.46,89.71,39.50,11.78,47.03,0
603,12,89.85,98.29,90.44,38.84,10.86,43.94,0
603,13,91.57,98.51,92.06,39.54,10.77,47.41,0
603,14,88.00,98.28,93.37,38.70,10.87,45.91,0
603,15,91.63,98.74,92.12,39.79,11.64,46.69,0
603,16,88.17,98.71,87.67,39.89,11.42,45.18,0
603,17,89.15,98.71,92.49,39.67,10.90,46.39,0
603,18,90.38,98.73,89.54,38.98,11.80,44.02,0
603,19,92.20,98.80,93.93,39.36,11.02,43.66,0
604,0,72.70,98.59,93.02,34.59,10.06,55.49,0
604,1,74.81,98.32,94.22,34.43,10.18,52.40,0
604,2,75.63,98.26,96.44,34.56,10.37,53.39,0
604,3,75.06,98.57,97.54,33.66,10.98,53.04,0
604,4,73.64,98.83,96.06,35.02,10.27,53.71,0
604,5,75.39,98.47,96.19,34.64,10.46,54.85,0
604,6,73.15,98.63,94.09,35.31,10.39,53.73,0
604,7,72.73,98.44,94.53,33.55,10.11,55.28,0
604,8,75.75,98.56,93.55,34.20,10.60,53.26,0
604,9,73.91,98.24,96.02,35.50,10.18,51.92,0
604,10,78.36,98.06,85.31,35.47,10.77,51.10,0
604,11,80.96,98.33,85.68,33.56,10.30,49.92,0
604,12,81.09,98.71,78.08,34.43,11.03,47.89,1
604,13,82.22,98.31,85.31,35.13,10.88,49.96,0
604,14,77.34,98.40,84.11,34.18,11.13,49.18,0
604,15,74.70,98.25,93.45,34.17,10.72,52.86,0
604,16,72.66,98.20,95.24,35.28,10.61,54.57,0
604,17,71.31,98.81,92.64,35.11,10.29,54.29,0
604,18,71.80,98.15,92.80,34.53,10.09,54.90,0
604,19,72.47,98.41,92.48,34.51,10.92,52.40,0
605,0,74.27,97.55,94.84,34.07,10.35,42.94,0
605,1,71.59,98.03,89.91,33.54,10.48,41.87,0
605,2,73.34,97.53,91.40,32.46,10.53,44.14,0
605,3,74.00,97.51,93.98,32.25,9.72,41.21,0
605,4,75.98,97.71,93.50,32.55,9.99,42.38,0
605,5,73.60,98.15,91.94,33.57,10.17,42.84,0
605,6,72.73,97.50,93.78,34.07,9.65,41.08,0
605,7,72.44,97.98,92.38,32.59,10.03,41.10,0
605,8,73.00,98.16,92.74,33.88,10.14,44.39,0
605,9,72.77,97.91,89.41,33.87,9.55,42.05,0
605,10,74.75,98.01,91.37,33.56,9.95,44.31,0
605,11,74.48,97.90,92.44,33.75,9.54,43.70,0
605,12,71.28,97.80,88.69,33.43,10.65,42.63,0
605,13,73.04,97.97,94.19,33.22,10.60,42.58,0
605,14,73.77,97.77,90.85,33.05,10.01,44.44,0
605,15,72.32,97.61,88.99,32.85,9.64,42.25,0
605,16,73.19,97.71,90.70,33.31,9.95,44.02,0
605,17,72.52,97.79,94.32,33.81,10.43,40.92,0
605,18,74.42,97.92,93.10,33.32,9.85,42.10,0
605,19,72.58,97.65,94.32,34.08,10.63,44.42,0
606,0,80.09,97.41,94.23,34.39,14.46,51.74,0
606,1,77.33,97.37,91.48,34.62,14.29,53.40,0
606,2,81.36,97.66,93.06,35.61,14.69,52.24,0
606,3,81.05,97.08,95.58,34.47,14.73,53.40,0
606,4,80.37,97.46,93.80,34.70,14.94,53.70,0
606,5,80.51,97.17,92.11,34.88,15.00,53.90,0
606,6,78.27,97.58,91.74,35.45,14.13,55.29,0
606,7,78.03,97.22,93.40,35.38,14.97,52.18,0
606,8,81.37,97.69,93.37,35.47,14.48,54.49,0
606,9,80.20,97.63,94.01,34.81,14.29,51.81,0
606,10,79.06,97.73,92.35,35.65,14.39,52.69,0
606,11,77.62,97.62,93.96,36.00,14.44,51.99,0
606,12,76.45,97.29,93.77,36.09,14.98,53.91,0
606,13,80.27,97.16,92.30,35.02,14.06,52.28,0
606,14,76.40,97.15,92.54,35.29,14.44,52.80,0
606,15,80.03,97.78,90.58,34.53,13.84,53.39,0
606,16,78.46,97.43,93.50,34.69,14.16,52.74,0
606,17,78.29,97.19,90.95,35.10,14.50,52.72,0
606,18,76.84,97.78,94.01,34.44,14.12,52.76,0
606,19,79.31,97.23,93.67,34.79,14.57,53.14,0
607,0,88.14,97.09,85.01,38.18,13.94,61.22,0
607,1,88.03,97.55,84.92,39.29,13.36,61.41,0
607,2,87.63,97.31,85.48,38.42,14.07,60.05,0
607,3,88.73,97.40,89.61,38.55,14.29,61.05,0
607,4,86.46,97.54,85.93,38.37,13.93,58.22,0
607,5,85.39,97.09,87.72,38.47,14.11,57.85,0
607,6,88.22,97.30,85.09,37.78,13.83,59.60,0
607,7,86.51,97.11,87.23,38.03,14.47,61.19,0
607,8,86.77,97.11,86.74,39.07,13.33,57.74,0
607,9,88.51,97.17,85.90,38.28,13.40,60.61,0
607,10,86.81,97.17,84.85,37.58,14.39,60.93,0
607,11,85.58,97.00,87.92,37.87,14.19,58.24,0
607,12,85.72,97.46,83.78,38.31,13.54,59.93,0
607,13,85.06,97.69,87.50,38.26,13.29,58.72,0
607,14,86.36,97.05,83.80,38.57,13.95,59.02,0
607,15,86.42,97.15,85.07,38.29,13.96,58.10,0
607,16,84.80,97.12,84.80,38.88,14.41,61.08,0
607,17,84.37,97.10,85.99,38.14,13.74,58.94,0
607,18,87.78,97.32,83.92,39.10,13.42,58.06,0
607,19,88.34,97.05,85.44,39.44,13.79,60.55,0
608,0,85.44,97.86,84.85,35.77,13.19,55.73,0
608,1,87.97,97.79,90.50,36.03,12.97,57.86,0
608,2,87.06,98.40,90.30,36.76,12.10,55.69,0
608,3,89.34,97.91,87.04,36.32,12.51,57.93,0
608,4,87.03,98.43,89.02,35.55,12.24,55.96,0
608,5,88.51,98.30,85.75,36.56,12.49,55.56,0
608,6,89.32,98.00,86.41,36.55,12.69,55.05,0
608,7,89.87,98.43,88.62,35.82,12.20,58.46,0
608,8,88.70,97.81,88.16,35.87,12.94,55.78,0
608,9,87.22,98.17,89.26,35.89,13.25,55.14,0
608,10,87.65,98.14,89.78,36.67,12.96,55.08,0
608,11,87.73,98.30,86.90,36.73,13.14,57.70,0
608,12,84.87,97.93,88.01,35.84,12.67,56.90,0
608,13,85.40,98.54,88.25,36.76,12.49,55.08,0
608,14,87.54,98.01,89.50,37.00,12.26,58.12,0
608,15,86.27,98.18,85.72,35.56,13.25,54.96,0
608,16,85.35,98.00,84.50,36.38,12.71,56.51,0
608,17,86.70,97.79,85.20,36.99,12.34,56.83,0
608,18,87.38,97.90,84.46,35.84,12.15,54.82,0
608,19,86.76,98.47,85.37,37.01,13.16,56.50,0
609,0,80.47,98.39,80.98,34.55,12.29,61.11,0
609,1,81.55,98.13,82.25,34.78,12.84,62.10,0
609,2,80.41,98.24,82.54,36.13,12.75,59.08,0
609,3,82.02,98.13,85.75,34.34,12.87,59.70,0
609,4,81.90,98.42,83.70,35.53,12.87,61.66,0
609,5,83.43,98.53,83.78,34.80,12.11,62.06,0
609,6,80.66,98.54,86.16,34.97,12.46,58.48,0
609,7,82.70,98.53,86.76,36.16,12.17,61.00,0
609,8,82.29,98.31,85.83,34.38,12.87,58.70,0
609,9,80.23,98.00,85.03,35.70,12.73,61.34,0
609,10,86.44,98.48,76.82,35.05,12.42,55.62,0
609,11,89.14,98.50,71.21,34.87,12.84,58.25,0
609,12,90.28,97.92,70.45,35.67,12.31,53.69,1
609,13,88.27,98.20,71.88,35.69,11.88,55.81,0
609,14,88.64,98.41,79.17,34.87,11.98,55.82,0
609,15,79.45,98.15,80.01,34.36,11.94,61.56,0
609,16,81.27,98.04,81.64,35.97,12.37,60.52,0
609,17,80.89,98.07,84.02,35.92,12.70,61.78,0
609,18,80.53,98.19,84.59,35.51,12.25,59.89,0
609,19,81.06,98.28,84.65,34.30,12.34,61.78,0
610,0,85.54,97.55,79.36,35.61,15.79,46.88,0
610,1,85.79,97.43,80.53,36.82,15.69,45.42,0
610,2,85.99,96.83,79.19,36.70,15.32,47.00,0
610,3,86.33,97.31,83.45,36.42,14.98,47.13,0
610,4,85.63,97.14,83.82,35.83,15.95,46.48,0
610,5,82.94,96.88,85.03,36.20,15.96,46.31,0
610,6,83.57,97.18,84.59,37.00,15.40,47.17,0
610,7,83.24,97.47,81.33,35.87,15.98,45.23,0
610,8,88.68,97.47,77.06,36.51,15.55,42.90,0
610,9,92.07,97.02,73.84,36.40,15.42,42.22,0
610,10,94.53,97.25,69.87,37.03,15.75,42.15,1
610,11,90.03,97.09,69.01,36.59,15.47,44.48,0
610,12,89.65,96.81,73.26,35.52,15.36,42.90,0
610,13,81.71,97.10,80.91,36.57,15.11,45.11,0
610,14,83.71,97.10,81.09,36.64,16.04,47.41,0
610,15,82.89,97.28,77.97,36.35,15.10,48.37,0
610,16,83.66,97.00,78.59,36.85,15.10,47.07,0
610,17,84.99,97.10,80.20,36.83,14.93,47.07,0
610,18,85.59,97.06,83.63,36.47,15.41,45.19,0
610,19,84.99,96.78,80.87,36.96,15.17,46.29,0
611,0,77.33,98.13,88.29,34.58,14.72,57.01,0
611,1,78.79,97.62,86.28,35.06,15.51,59.28,0
611,2,81.11,97.74,86.75,34.95,15.31,59.45,0
611,3,81.16,97.60,92.61,35.09,14.78,58.43,0
611,4,80.94,97.48,91.56,35.21,15.50,56.99,0
611,5,79.47,97.59,89.80,35.48,14.61,59.29,0
611,6,80.42,98.10,91.32,34.57,14.73,59.96,0
611,7,80.92,97.63,90.19,33.93,15.06,60.50,0
611,8,81.33,98.00,91.20,35.16,15.09,59.29,0
611,9,80.71,97.62,90.13,35.34,15.55,57.00,0
611,10,78.30,97.82,88.45,35.30,15.09,59.08,0
611,11,77.50,98.13,87.48,34.23,14.71,59.82,0
611,12,80.41,97.66,85.71,33.79,14.61,60.41,0
611,13,79.91,97.86,88.94,35.13,15.69,56.96,0
611,14,77.60,97.87,89.59,35.15,14.76,59.90,0
611,15,80.47,98.00,91.18,34.82,14.86,59.30,0
611,16,78.20,98.14,90.09,35.46,14.64,58.87,0
611,17,79.42,97.90,88.93,33.49,15.64,57.29,0
611,18,79.48,98.00,86.85,34.92,14.66,57.85,0
611,19,79.22,97.83,89.18,34.18,15.31,60.26,0
612,0,76.43,97.98,87.12,35.75,12.21,56.85,0
612,1,79.05,98.33,85.39,34.58,12.46,58.28,0
612,2,76.96,98.47,88.70,34.68,12.58,58.77,0
612,3,77.12,98.45,89.61,34.62,12.93,56.79,0
612,4,76.32,98.16,90.88,34.45,12.88,59.74,0
612,5,76.80,98.11,86.43,34.63,12.76,56.80,0
612,6,77.00,98.72,85.65,35.36,12.27,59.65,0
612,7,77.65,98.21,86.31,35.90,12.42,57.36,0
612,8,76.98,98.06,86.45,35.95,12.12,59.52,0
612,9,75.95,98.04,86.46,34.71,12.85,59.90,0
612,10,76.31,98.58,89.04,34.58,12.01,56.98,0
612,11,76.48,98.04,84.46,35.07,13.19,58.37,0
612,12,77.23,98.54,86.59,35.89,12.91,58.05,0
612,13,78.58,98.15,89.52,35.42,12.95,58.63,0
612,14,77.23,98.22,84.55,34.86,12.09,58.33,0
612,15,78.16,97.97,85.49,34.43,12.34,58.01,0
612,16,75.22,98.18,86.02,36.16,12.54,57.19,0
612,17,76.01,98.70,85.18,35.58,12.28,57.70,0
612,18,76.85,98.21,86.63,35.83,12.29,58.09,0
612,19,75.45,98.52,90.76,34.48,12.60,58.94,0
613,0,70.29,98.30,89.41,38.85,11.41,50.89,0
613,1,71.91,98.07,87.36,39.63,11.79,50.74,0
613,2,69.38,98.11,91.00,39.41,11.45,51.15,0
613,3,72.25,98.16,86.38,39.05,11.78,50.77,0
613,4,72.40,98.04,91.13,38.61,11.49,53.96,0
613,5,70.89,97.67,88.27,39.26,12.34,52.68,0
613,6,71.70,98.23,89.82,38.27,12.05,52.16,0
613,7,70.67,97.63,89.74,38.85,11.93,52.30,0
613,8,75.73,97.75,81.32,38.70,11.48,49.87,0
613,9,78.49,98.24,78.24,39.23,12.07,48.84,0
613,10,79.15,97.88,73.73,38.87,11.79,46.99,1
613,11,78.68,97.87,79.55,38.65,11.40,48.08,0
613,12,75.80,98.00,79.13,39.30,11.45,49.15,0
613,13,69.24,97.78,84.72,38.78,11.40,54.57,0
613,14,69.85,98.34,90.11,39.54,11.49,50.99,0
613,15,67.81,98.30,85.40,38.09,12.41,51.77,0
613,16,71.58,98.27,88.43,38.54,12.23,51.46,0
613,17,70.53,98.21,85.49,39.76,12.34,53.28,0
613,18,70.14,98.15,89.10,38.12,11.59,52.36,0
613,19,70.56,98.15,86.97,38.83,12.37,52.66,0
614,0,87.43,97.42,94.04,35.74,10.98,46.76,0
614,1,86.36,97.32,94.51,35.83,11.02,47.26,0
614,2,88.82,97.01,91.45,34.90,11.20,45.44,0
614,3,90.22,97.47,94.28,35.38,10.93,47.81,0
614,4,88.55,97.72,90.84,36.07,10.67,43.88,0
614,5,90.38,97.34,95.41,35.67,11.31,44.11,0
614,6,89.27,97.74,92.24,34.96,10.96,47.69,0
614,7,89.15,97.70,95.52,35.41,11.07,45.57,0
614,8,86.65,97.32,93.83,34.80,11.19,46.14,0
614,9,87.88,97.58,91.29,35.82,11.03,45.20,0
614,10,88.10,97.03,91.58,35.85,11.74,47.24,0
614,11,89.32,97.64,91.76,34.64,11.49,45.82,0
614,12,85.36,97.37,90.77,35.73,11.77,45.15,0
614,13,85.32,97.63,91.97,35.61,11.67,46.16,0
614,14,86.31,97.44,88.43,34.84,10.99,47.01,0
614,15,88.10,97.63,92.34,34.28,11.61,44.57,0
614,16,87.42,97.62,88.54,34.40,11.45,45.88,0
614,17,89.20,97.65,93.15,34.62,11.01,47.65,0
614,18,86.54,97.50,93.94,34.19,11.59,45.79,0
614,19,88.97,97.65,90.58,35.88,11.30,45.14,0
615,0,85.26,98.29,90.33,35.49,14.84,58.03,0
615,1,85.37,97.86,89.96,36.57,14.70,60.09,0
615,2,82.21,97.96,90.05,35.25,15.43,60.57,0
615,3,85.01,97.76,90.90,35.60,15.83,60.55,0
615,4,84.95,97.94,94.06,35.54,14.77,60.52,0
615,5,83.12,98.01,95.14,35.77,15.11,57.74,0
615,6,82.24,98.07,94.17,36.37,15.74,58.02,0
615,7,84.68,97.79,91.09,35.03,15.27,56.86,0
615,8,84.93,98.11,95.28,36.50,15.62,60.12,0
615,9,84.22,98.25,93.81,35.47,15.37,60.15,0
615,10,83.86,98.24,89.66,35.28,15.37,59.36,0
615,11,84.96,98.27,94.45,36.62,14.83,57.46,0
615,12,81.84,97.76,89.58,36.70,15.46,60.26,0
615,13,83.63,98.26,93.22,36.30,15.29,59.07,0
615,14,84.61,98.10,91.87,35.02,15.56,59.54,0
615,15,82.67,98.35,93.67,36.71,14.75,57.67,0
615,16,81.66,98.15,91.60,36.12,14.74,59.93,0
615,17,81.33,98.50,90.97,36.55,15.30,59.70,0
615,18,83.93,98.38,89.06,36.74,15.30,60.31,0
615,19,81.72,98.52,90.13,36.04,14.87,57.13,0
616,0,93.19,97.83,85.03,34.21,11.68,48.57,0
616,1,92.01,97.89,84.85,35.04,11.49,48.76,0
616,2,93.57,97.76,83.72,35.80,12.06,50.40,0
616,3,90.99,97.87,86.67,34.10,11.33,50.67,0
616,4,91.50,97.42,84.91,34.13,12.23,51.27,0
616,5,92.65,97.12,84.82,34.20,12.13,50.87,0
616,6,90.65,97.81,84.96,34.66,11.55,48.13,0
616,7,91.50,97.59,83.66,35.85,11.39,48.83,0
616,8,92.10,97.13,84.92,35.35,11.30,49.19,0
616,9,91.72,97.84,86.43,35.87,12.12,51.72,0
616,10,97.79,97.54,76.07,35.43,12.27,45.57,0
616,11,99.81,97.77,71.37,35.17,12.11,47.03,0
616,12,99.11,97.84,70.93,35.46,11.99,44.73,1
616,13,98.00,97.44,72.15,34.49,11.77,46.98,0
616,14,95.56,97.87,80.31,34.27,11.85,48.12,0
616,15,92.02,97.28,81.43,35.08,12.02,50.68,0
616,16,92.13,97.65,85.11,34.27,11.45,48.99,0
616,17,89.32,97.12,82.74,35.53,11.90,48.35,0
616,18,91.41,97.77,82.85,34.77,11.91,49.05,0
616,19,91.96,97.43,81.97,34.78,11.75,51.45,0
617,0,76.76,97.19,94.02,36.79,13.96,52.51,0
617,1,76.92,97.18,89.87,35.75,13.64,53.61,0
617,2,77.78,97.87,92.67,36.25,13.71,53.56,0
617,3,78.99,97.87,94.85,35.40,13.81,53.53,0
617,4,77.49,97.87,95.47,36.10,14.23,54.97,0
617,5,77.77,97.85,90.67,36.91,14.11,53.88,0
617,6,76.39,97.49,93.83,35.58,13.15,54.23,0
617,7,77.46,97.75,95.28,36.78,13.68,52.82,0
617,8,76.25,97.73,94.06,35.34,14.09,54.53,0
617,9,84.55,97.22,85.75,35.65,13.89,51.88,0
617,10,84.59,97.72,79.27,35.46,13.19,49.94,0
617,11,86.65,97.52,74.78,36.86,13.88,46.98,1
617,12,86.24,97.46,83.44,35.35,14.21,50.99,0
617,13,83.01,97.46,84.60,36.23,13.73,49.49,0
617,14,75.07,97.29,88.32,35.77,13.45,54.63,0
617,15,75.38,97.70,92.65,36.67,13.16,52.92,0
617,16,77.31,97.22,92.22,35.67,13.79,51.69,0
617,17,76.26,97.26,88.83,36.31,13.58,53.38,0
617,18,78.96,97.58,89.66,36.12,14.10,52.71,0
617,19,77.38,97.69,90.05,36.64,13.35,55.23,0
618,0,92.68,97.18,83.47,38.17,16.26,48.06,0
618,1,89.86,97.56,82.88,37.66,15.73,47.94,0
618,2,90.91,97.53,84.35,37.97,16.18,49.68,0
618,3,91.74,97.61,83.83,37.80,15.72,47.89,0
618,4,92.64,97.62,85.61,38.52,15.98,50.71,0
618,5,89.72,97.16,81.70,37.58,15.78,47.76,0
618,6,91.16,97.64,83.02,37.70,16.02,49.21,0
618,7,89.74,97.15,85.68,38.28,16.22,47.88,0
618,8,93.25,97.27,83.13,38.26,15.59,47.74,0
618,9,92.63,97.34,86.12,37.63,16.30,51.13,0
618,10,90.63,97.24,81.39,37.93,15.68,47.66,0
618,11,88.87,96.97,81.92,37.82,15.41,50.78,0
618,12,89.49,97.06,81.07,38.87,15.69,47.68,0
618,13,89.68,96.98,80.04,38.08,16.20,47.94,0
618,14,90.01,97.21,79.69,38.85,15.75,50.92,0
618,15,88.93,96.96,79.73,37.62,16.35,48.25,0
618,16,89.46,97.38,85.34,38.29,15.94,50.24,0
618,17,91.81,97.37,81.77,37.95,15.68,47.70,0
618,18,92.34,97.68,81.14,38.58,16.41,50.44,0
618,19,92.58,97.65,84.02,36.96,15.27,47.26,0
619,0,83.16,98.16,83.71,34.13,14.86,62.07,0
619,1,84.42,97.64,84.38,33.02,15.69,63.13,0
619,2,86.62,98.11,80.47,33.50,15.56,60.76,0
619,3,83.15,97.56,82.99,32.57,15.43,60.42,0
619,4,85.16,98.13,84.01,33.41,14.77,61.03,0
619,5,84.24,97.56,84.34,33.34,15.68,63.08,0
619,6,84.03,97.69,84.31,33.05,15.00,61.65,0
619,7,83.43,97.68,81.15,32.63,14.66,60.04,0
619,8,88.95,97.53,77.92,34.26,14.66,58.88,0
619,9,92.42,97.58,71.65,33.27,14.92,56.28,0
619,10,92.54,97.45,66.82,33.10,15.74,56.89,1
619,11,91.13,97.87,69.52,32.70,14.87,56.82,0
619,12,90.54,98.05,78.61,34.19,15.65,57.45,0
619,13,82.06,97.80,84.46,33.30,15.03,62.98,0
619,14,84.63,97.76,80.15,34.49,15.67,61.75,0
619,15,84.06,98.13,79.79,33.30,14.79,60.17,0
619,16,83.12,98.11,81.76,33.49,15.48,60.92,0
619,17,82.40,97.42,85.19,33.02,14.77,59.97,0
619,18,84.95,97.96,81.93,34.53,14.88,62.13,0
619,19,83.62,98.00,84.25,33.08,15.20,61.04,0
620,0,77.70,98.63,87.00,35.29,12.13,48.72,0
620,1,79.24,98.72,86.13,34.85,11.35,49.09,0
620,2,79.03,98.35,83.53,34.88,11.18,46.19,0
620,3,79.58,98.64,86.07,34.50,11.44,47.24,0
620,4,77.54,98.41,89.67,34.46,11.39,48.02,0
620,5,80.13,98.57,88.04,36.40,11.89,47.18,0
620,6,77.25,98.30,86.41,34.71,11.61,48.92,0
620,7,80.26,98.51,86.21,35.07,12.06,45.66,0
620,8,78.40,98.19,86.83,34.78,11.88,47.46,0
620,9,79.75,98.34,85.12,34.81,11.34,47.31,0
620,10,79.56,98.62,85.71,36.05,11.51,47.95,0
620,11,76.78,98.55,86.23,35.52,11.17,48.69,0
620,12,78.72,98.50,83.59,35.44,11.19,48.51,0
620,13,75.66,98.73,85.52,36.23,11.66,45.95,0
620,14,75.83,98.56,87.48,34.79,11.14,46.85,0
620,15,75.99,98.78,82.24,36.34,11.31,48.58,0
620,16,77.28,98.12,83.09,36.00,11.08,46.38,0
620,17,77.70,98.80,82.59,35.91,11.47,46.05,0
620,18,77.35,98.35,83.86,35.51,11.16,47.10,0
620,19,80.09,98.85,83.80,35.08,11.84,48.52,0
621,0,72.92,97.80,81.67,34.56,10.98,59.63,0
621,1,70.93,98.18,81.29,35.24,11.63,57.53,0
621,2,71.57,97.75,84.04,36.08,11.78,57.74,0
621,3,72.67,98.18,83.37,36.40,11.20,59.68,0
621,4,70.82,97.87,82.07,36.41,12.07,60.08,0
621,5,71.45,97.98,84.80,36.19,11.54,60.56,0
621,6,74.15,97.81,80.69,36.13,11.91,59.71,0
621,7,72.90,98.03,82.96,34.75,11.26,59.29,0
621,8,70.31,97.77,84.11,34.45,11.83,58.86,0
621,9,70.88,98.25,79.51,35.81,12.02,59.80,0
621,10,70.88,97.79,83.80,35.39,11.04,57.41,0
621,11,70.72,97.96,82.93,35.99,11.92,58.78,0
621,12,69.42,98.17,84.12,36.13,11.23,59.74,0
621,13,69.61,98.33,78.89,35.87,11.96,59.93,0
621,14,69.04,97.78,82.84,34.99,11.58,59.78,0
621,15,72.45,97.79,80.64,35.18,11.46,59.29,0
621,16,72.69,97.73,81.32,35.18,11.81,60.28,0
621,17,72.87,97.82,81.13,34.95,11.96,57.13,0
621,18,71.75,97.92,82.40,35.02,11.47,56.93,0
621,19,72.35,98.08,81.62,34.44,11.38,60.47,0
622,0,73.02,98.59,95.65,39.10,13.17,43.65,0
622,1,73.62,98.53,95.34,38.84,13.77,44.10,0
622,2,73.80,98.67,98.29,38.64,13.23,43.26,0
622,3,73.21,99.00,96.54,38.66,14.08,43.46,0
622,4,74.59,99.01,97.90,39.19,13.87,46.34,0
622,5,74.86,98.73,99.23,37.53,13.26,45.75,0
622,6,72.02,98.80,97.20,37.31,13.87,45.89,0
622,7,72.59,99.06,99.03,38.51,13.79,44.73,0
622,8,73.50,98.71,98.66,38.80,13.37,45.94,0
622,9,73.39,98.42,96.37,37.40,14.24,43.88,0
622,10,72.87,99.07,96.62,37.77,14.01,43.26,0
622,11,72.19,98.92,94.48,38.98,13.52,45.11,0
622,12,72.46,98.86,93.72,38.27,13.31,42.62,0
622,13,71.20,98.63,94.04,37.26,13.30,43.68,0
622,14,70.13,98.57,94.02,39.10,13.46,43.13,0
622,15,70.92,98.57,96.24,37.47,13.40,45.91,0
622,16,70.84,98.56,93.46,38.44,13.05,46.39,0
622,17,71.13,99.11,93.47,37.47,13.08,45.30,0
622,18,72.94,98.62,98.51,38.03,13.78,45.32,0
622,19,70.85,98.97,97.76,37.67,13.11,44.87,0
623,0,76.29,96.85,85.22,33.01,11.24,56.17,0
623,1,76.61,96.81,88.32,33.63,10.40,53.10,0
623,2,76.42,97.03,85.69,33.11,10.47,52.73,0
623,3,78.27,97.32,90.54,34.15,10.31,53.25,0
623,4,76.59,97.03,88.51,33.61,10.83,54.06,0
623,5,77.67,97.33,91.02,33.80,10.55,54.79,0
623,6,76.41,97.30,87.47,34.49,10.54,56.60,0
623,7,76.12,96.92,90.49,34.91,10.53,54.85,0
623,8,77.72,96.87,88.84,33.92,10.74,53.79,0
623,9,78.07,97.23,84.68,33.04,11.07,54.73,0
623,10,82.18,96.66,81.51,33.58,11.13,51.38,0
623,11,83.19,97.30,74.34,34.26,11.17,50.76,0
623,12,86.95,97.35,72.36,34.91,10.64,51.12,1
623,13,83.21,96.83,74.03,33.08,10.97,50.12,0
623,14,82.93,97.44,79.21,34.44,10.90,52.40,0
623,15,76.29,96.75,89.39,34.81,10.61,54.22,0
623,16,76.16,97.31,86.37,34.04,11.08,55.00,0
623,17,76.55,97.40,85.97,33.37,11.09,55.42,0
623,18,78.24,97.26,85.57,33.39,11.05,55.14,0
623,19,76.90,96.87,85.88,33.42,10.84,56.28,0
624,0,72.22,97.44,81.11,38.10,13.13,56.84,0
624,1,72.30,97.80,81.56,38.42,12.65,55.95,0
624,2,71.52,97.88,83.71,38.65,13.16,55.25,0
624,3,72.40,97.69,81.40,37.14,12.80,54.92,0
624,4,71.98,97.84,80.94,37.66,13.21,54.35,0
624,5,74.43,97.84,82.53,37.08,12.95,57.14,0
624,6,72.12,97.87,83.33,37.03,12.92,57.78,0
624,7,73.88,97.75,79.72,37.13,13.57,56.21,0
624,8,72.93,97.54,84.10,38.49,13.24,54.78,0
624,9,77.55,97.59,77.64,37.43,13.22,54.46,0
624,10,79.62,98.15,67.98,37.78,12.69,51.84,0
624,11,83.43,98.18,65.60,37.02,13.50,52.39,1
624,12,79.94,97.54,68.11,37.87,13.22,52.82,0
624,13,75.79,97.40,75.91,38.47,13.75,52.22,0
624,14,70.10,98.14,77.53,37.71,13.74,54.10,0
624,15,73.06,98.11,77.85,38.66,13.61,55.21,0
624,16,73.41,97.56,79.69,38.31,13.05,57.20,0
624,17,70.78,97.71,80.26,37.07,13.06,55.30,0
624,18,70.45,97.95,82.30,37.29,13.02,55.98,0
624,19,70.78,97.77,78.10,38.29,13.12,54.50,0
625,0,78.46,97.05,86.93,35.02,14.60,55.36,0
625,1,77.40,97.28,82.14,35.02,14.89,57.50,0
625,2,80.49,97.22,86.90,34.55,14.53,55.18,0
625,3,79.16,97.22,86.35,35.47,14.66,55.26,0
625,4,77.49,97.40,84.38,34.49,15.43,57.06,0
625,5,80.34,96.84,86.56,34.57,15.19,57.93,0
625,6,77.66,96.78,85.52,35.65,14.35,57.47,0
625,7,76.94,97.40,85.42,35.58,14.79,56.32,0
625,8,78.96,97.51,87.31,33.92,15.11,55.13,0
625,9,76.56,97.31,82.24,34.89,14.89,56.10,0
625,10,79.95,97.43,85.85,34.31,15.24,55.86,0
625,11,76.40,97.17,86.33,35.39,14.54,54.97,0
625,12,78.53,97.24,84.30,35.37,15.26,56.27,0
625,13,78.44,96.91,83.30,35.26,15.21,54.29,0
625,14,78.78,97.34,83.48,34.57,14.70,54.51,0
625,15,78.89,97.23,84.17,33.77,15.45,55.11,0
625,16,75.97,97.35,81.23,33.90,15.20,57.88,0
625,17,78.52,97.36,85.73,35.05,14.70,54.60,0
625,18,78.79,96.94,86.82,34.79,15.27,55.49,0
625,19,76.59,96.92,82.28,35.07,14.81,54.51,0
626,0,86.89,97.44,91.72,39.22,13.24,55.31,0
626,1,86.92,97.28,92.96,37.93,13.16,54.45,0
626,2,85.26,97.24,92.35,39.23,13.29,54.10,0
626,3,86.03,97.55,91.85,39.65,14.08,53.90,0
626,4,86.53,97.17,96.36,37.98,13.20,56.28,0
626,5,88.65,97.58,91.37,37.80,13.92,55.16,0
626,6,86.42,97.35,95.41,37.87,13.36,56.85,0
626,7,87.15,97.04,90.86,38.58,13.46,56.06,0
626,8,87.12,96.94,90.59,38.88,13.90,56.74,0
626,9,85.98,97.56,95.17,38.08,13.49,56.42,0
626,10,86.13,97.38,92.08,39.22,13.28,54.13,0
626,11,84.35,97.08,93.97,39.49,13.51,55.69,0
626,12,85.07,97.17,92.85,38.42,13.50,55.85,0
626,13,83.66,96.96,89.43,38.29,13.65,53.45,0
626,14,86.02,97.26,90.19,38.28,13.80,56.75,0
626,15,85.72,97.15,90.61,37.81,13.72,55.77,0
626,16,85.41,97.67,89.44,39.48,13.40,53.63,0
626,17,87.37,97.60,93.72,38.68,13.31,54.65,0
626,18,84.91,97.05,92.65,38.22,13.20,54.29,0
626,19,87.04,97.18,90.84,38.47,13.17,56.12,0
627,0,85.29,99.12,84.59,32.93,12.30,49.05,0
627,1,85.57,99.11,81.79,33.36,11.96,49.06,0
627,2,83.62,99.02,86.04,32.99,12.01,49.66,0
627,3,83.59,99.14,82.01,32.51,12.13,48.72,0
627,4,86.42,98.61,85.39,32.74,12.09,48.36,0
627,5,85.19,98.89,81.06,33.65,12.19,49.29,0
627,6,84.09,98.44,84.06,33.79,12.07,51.21,0
627,7,82.66,98.79,80.37,33.72,12.08,48.86,0
627,8,86.27,98.54,83.11,33.86,12.53,49.54,0
627,9,82.68,98.87,82.80,33.47,12.12,49.24,0
627,10,89.61,98.79,76.65,32.63,12.76,47.69,0
627,11,90.27,98.79,71.21,33.50,11.64,45.10,0
627,12,94.62,98.69,68.52,33.14,11.74,46.75,1
627,13,89.91,98.46,74.33,33.41,11.93,44.89,0
627,14,89.53,98.96,78.14,33.62,12.27,48.54,0
627,15,84.53,98.90,82.86,32.79,12.00,51.58,0
627,16,82.48,98.98,82.43,32.89,12.28,51.60,0
627,17,85.11,98.60,80.30,32.67,11.60,49.60,0
627,18,85.02,98.88,82.52,33.32,12.15,49.37,0
627,19,83.69,99.01,81.23,32.79,12.34,49.02,0
628,0,79.80,98.54,87.92,37.45,12.09,53.70,0
628,1,81.29,98.93,84.10,38.50,12.85,52.39,0
628,2,79.63,99.08,87.20,38.87,12.78,53.72,0
628,3,79.47,98.66,86.41,38.84,12.31,54.79,0
628,4,82.47,98.62,86.49,38.17,11.85,55.98,0
628,5,80.39,98.87,89.38,38.31,12.30,53.55,0
628,6,79.02,98.86,85.41,37.46,12.48,55.40,0
628,7,80.00,98.58,85.88,37.58,12.03,54.32,0
628,8,79.41,98.93,84.26,37.19,12.37,52.93,0
628,9,79.08,98.98,87.02,37.14,11.93,53.08,0
628,10,77.84,98.70,85.94,37.18,11.99,54.33,0
628,11,78.37,99.06,84.52,37.36,12.61,54.15,0
628,12,78.10,98.53,86.33,38.11,12.25,54.01,0
628,13,78.61,99.06,88.08,38.64,11.96,54.73,0
628,14,80.69,98.80,88.28,38.29,12.06,55.97,0
628,15,80.29,98.56,84.42,38.92,11.85,53.98,0
628,16,78.80,98.77,88.10,38.50,11.69,54.67,0
628,17,78.68,98.62,87.82,38.12,12.67,54.43,0
628,18,80.19,99.11,84.26,37.19,12.45,54.32,0
628,19,79.35,98.70,89.83,38.56,11.83,55.84,0
629,0,82.84,98.04,80.53,34.29,13.89,47.46,0
629,1,84.59,97.88,81.64,34.98,13.81,48.49,0
629,2,83.72,97.76,82.49,35.99,14.39,48.27,0
629,3,85.31,97.66,84.94,35.17,14.79,46.74,0
629,4,85.07,97.49,86.33,34.21,14.18,45.94,0
629,5,82.81,97.98,80.98,34.62,14.36,47.62,0
629,6,84.67,97.85,86.48,34.96,14.89,48.33,0
629,7,82.85,97.96,86.00,35.81,14.61,46.45,0
629,8,83.31,97.85,85.12,34.91,14.42,46.19,0
629,9,83.95,97.92,86.02,35.34,14.26,48.84,0
629,10,84.31,97.80,81.55,36.02,14.15,46.11,0
629,11,84.68,97.41,85.50,35.39,14.18,48.71,0
629,12,84.54,97.56,81.93,35.79,14.19,45.45,0
629,13,83.09,97.95,81.88,35.16,14.61,47.98,0
629,14,82.68,97.86,80.49,35.50,14.59,48.25,0
629,15,83.63,98.07,80.32,36.03,14.61,46.62,0
629,16,83.26,97.46,81.83,35.29,13.73,47.61,0
629,17,82.76,97.85,81.07,35.76,14.37,46.23,0
629,18,84.99,97.87,81.75,35.78,13.83,47.72,0
629,19,83.84,97.45,85.00,35.11,14.34,47.87,0
630,0,77.94,96.93,96.62,35.37,14.79,61.21,0
630,1,79.08,97.55,96.03,35.11,14.53,59.91,0
630,2,76.68,97.64,100.30,35.03,14.53,60.78,0
630,3,79.74,97.32,98.19,36.11,14.64,57.64,0
630,4,79.12,97.47,98.81,36.69,14.30,58.42,0
630,5,79.26,97.54,96.15,36.26,14.87,61.03,0
630,6,77.99,96.99,96.42,35.25,15.06,60.54,0
630,7,80.29,97.49,95.53,36.76,14.69,58.22,0
630,8,83.32,97.15,93.15,35.23,14.74,55.58,0
630,9,85.59,97.66,87.38,35.45,14.67,53.61,0
630,10,87.16,97.61,83.45,36.77,14.47,55.43,1
630,11,85.40,97.25,85.06,36.82,14.79,55.16,0
630,12,83.85,97.43,91.50,36.29,14.70,58.04,0
630,13,79.06,97.48,94.36,35.63,14.67,57.61,0
630,14,77.23,97.32,94.58,36.56,14.26,60.96,0
630,15,76.88,96.99,96.81,35.15,14.91,57.85,0
630,16,76.29,96.95,95.68,35.49,14.46,58.41,0
630,17,75.58,97.18,97.71,35.41,14.55,57.67,0
630,18,78.41,97.50,96.24,35.96,14.27,61.18,0
630,19,79.71,96.93,96.22,35.79,14.40,61.36,0
631,0,84.67,97.54,82.97,35.87,13.91,61.28,0
631,1,85.60,97.09,85.39,35.66,13.53,60.61,0
631,2,84.23,97.66,81.01,35.29,13.85,61.11,0
631,3,86.92,97.52,84.12,35.36,14.14,62.19,0
631,4,86.66,97.39,82.70,36.39,14.11,59.13,0
631,5,86.57,97.53,86.55,35.67,14.36,59.66,0
631,6,84.21,97.11,84.90,36.87,13.89,61.43,0
631,7,83.66,97.43,86.35,35.03,13.30,62.73,0
631,8,85.16,97.30,83.98,36.39,13.88,62.13,0
631,9,84.22,97.17,80.33,36.29,13.89,62.67,0
631,10,83.67,96.89,82.86,36.53,13.79,60.72,0
631,11,84.21,97.66,85.68,36.73,14.26,59.86,0
631,12,85.56,97.68,80.78,36.83,13.22,59.26,0
631,13,85.43,97.54,82.63,35.67,13.33,59.78,0
631,14,83.76,96.98,80.70,35.25,14.30,61.30,0
631,15,82.58,97.36,83.55,36.45,13.91,61.10,0
631,16,82.61,97.18,80.54,35.95,13.77,59.31,0
631,17,86.05,97.44,83.43,35.67,14.11,61.14,0
631,18,84.82,97.27,81.83,36.84,14.05,61.86,0
631,19,84.30,97.68,85.52,35.51,13.48,60.36,0
632,0,70.41,97.85,92.43,35.13,13.91,45.60,0
632,1,70.46,97.67,90.34,34.65,13.53,44.55,0
632,2,70.71,97.86,91.52,34.71,13.15,45.01,0
632,3,72.99,98.09,90.47,35.03,13.60,47.58,0
632,4,70.11,97.97,90.15,33.99,12.89,46.31,0
632,5,69.84,97.60,93.41,34.99,13.02,47.76,0
632,6,72.62,97.87,94.63,34.39,13.30,43.86,0
632,7,72.08,97.72,92.41,33.96,12.84,46.25,0
632,8,72.86,97.81,88.86,34.54,13.31,46.35,0
632,9,78.58,97.97,87.96,35.39,13.43,41.41,0
632,10,77.60,97.54,79.92,35.24,13.23,40.98,0
632,11,80.14,97.95,76.42,34.83,13.61,41.38,1
632,12,77.54,97.81,80.55,34.37,13.92,40.63,0
632,13,75.34,97.38,85.84,35.04,12.99,42.82,0
632,14,70.24,97.89,92.67,34.07,13.60,45.45,0
632,15,68.16,98.12,88.11,35.46,12.86,44.52,0
632,16,70.89,98.10,88.12,34.49,13.57,44.97,0
632,17,68.96,97.66,93.08,34.68,12.83,47.22,0
632,18,69.08,97.84,92.93,35.34,13.36,45.77,0
632,19,70.46,97.83,88.62,35.49,12.98,46.53,0
633,0,76.62,97.18,78.08,36.11,14.82,50.47,0
633,1,78.78,97.08,79.09,35.83,14.55,52.48,0
633,2,75.59,97.29,76.83,34.92,13.69,52.37,0
633,3,76.33,97.16,80.60,35.77,14.16,50.48,0
633,4,78.75,97.39,79.45,36.80,14.05,50.94,0
633,5,75.79,97.50,78.05,36.76,14.27,51.40,0
633,6,78.44,96.78,81.88,36.26,14.23,50.45,0
633,7,78.90,96.89,78.53,35.40,13.68,50.20,0
633,8,76.34,97.00,76.59,35.89,13.90,50.94,0
633,9,78.16,96.82,76.69,35.41,14.54,50.93,0
633,10,77.04,96.79,76.22,35.44,14.07,53.49,0
633,11,75.74,96.92,76.40,36.38,13.91,50.21,0
633,12,76.83,97.23,75.46,36.05,14.23,51.26,0
633,13,76.95,97.24,79.80,35.76,14.36,50.35,0
633,14,74.49,97.24,79.44,34.91,13.71,51.95,0
633,15,74.74,97.18,76.90,36.22,13.67,51.99,0
633,16,74.06,97.29,80.12,35.86,14.67,53.50,0
633,17,77.70,97.25,75.95,34.93,14.57,52.67,0
633,18,75.17,96.99,79.27,36.53,14.21,50.79,0
633,19,76.44,96.94,78.64,34.91,13.74,53.18,0
634,0,73.13,98.38,88.42,37.90,14.48,42.25,0
634,1,74.08,98.67,88.63,38.23,15.08,41.72,0
634,2,74.67,97.99,90.47,37.79,14.95,42.75,0
634,3,71.74,98.03,87.06,37.85,13.94,41.18,0
634,4,73.96,97.96,87.96,37.20,14.75,41.95,0
634,5,72.09,98.23,87.54,37.70,13.98,43.71,0
634,6,74.61,98.54,87.78,36.62,14.41,43.25,0
634,7,74.23,98.29,85.78,38.11,15.02,41.39,0
634,8,73.58,98.23,90.28,36.42,14.69,43.65,0
634,9,80.41,98.55,82.29,37.27,14.20,39.96,0
634,10,82.57,98.14,76.18,36.87,14.97,39.63,0
634,11,84.08,98.01,76.69,36.53,13.93,36.63,1
634,12,78.70,98.63,78.59,37.56,14.03,39.51,0
634,13,76.22,98.45,78.91,36.75,14.97,39.50,0
634,14,71.80,97.95,88.52,37.48,14.95,42.37,0
634,15,70.75,98.13,87.29,37.93,14.17,41.82,0
634,16,71.64,98.24,87.70,36.98,13.94,44.50,0
634,17,70.79,98.29,86.68,37.55,15.08,44.32,0
634,18,74.55,98.09,88.77,38.03,14.49,43.57,0
634,19,72.49,98.50,87.29,37.92,14.96,44.64,0
635,0,75.06,97.52,91.22,38.57,15.09,53.37,0
635,1,76.89,97.50,89.92,38.28,14.76,53.18,0
635,2,77.61,97.03,94.09,39.24,15.03,55.81,0
635,3,75.74,97.60,94.14,38.86,14.84,56.42,0
635,4,76.85,97.40,92.92,38.79,15.11,55.65,0
635,5,76.53,97.37,92.28,37.94,15.07,53.83,0
635,6,76.69,97.72,94.40,39.58,15.22,53.16,0
635,7,75.26,97.44,94.17,39.57,14.34,56.55,0
635,8,74.65,97.52,91.77,39.90,15.07,53.36,0
635,9,77.32,97.66,88.93,39.24,15.16,54.11,0
635,10,75.62,97.20,93.16,39.11,15.09,53.15,0
635,11,75.62,97.63,89.64,39.33,14.40,56.34,0
635,12,76.58,97.37,92.94,39.62,14.55,53.10,0
635,13,77.12,97.58,89.73,39.48,14.63,53.64,0
635,14,73.74,97.37,91.78,38.86,14.45,56.79,0
635,15,73.68,97.69,87.96,39.21,14.66,55.59,0
635,16,74.13,97.48,92.35,39.66,14.58,54.48,0
635,17,75.89,97.31,90.55,39.34,14.43,54.24,0
635,18,74.60,97.78,91.10,38.10,15.03,53.51,0
635,19,77.66,97.55,93.52,39.33,14.74,54.27,0
636,0,69.47,97.76,83.67,36.85,12.28,55.82,0
636,1,69.49,98.02,82.53,35.92,12.61,57.69,0
636,2,71.05,97.92,85.22,36.06,11.73,56.63,0
636,3,69.63,97.83,88.64,37.02,12.29,57.99,0
636,4,71.60,97.82,85.88,36.65,11.76,58.10,0
636,5,70.53,98.34,83.69,37.45,11.47,55.89,0
636,6,73.39,97.96,87.64,37.25,12.14,57.85,0
636,7,72.98,98.10,87.99,35.55,11.46,55.12,0
636,8,72.76,98.34,84.38,37.41,12.10,55.72,0
636,9,72.10,98.05,84.29,36.50,11.61,57.31,0
636,10,71.66,98.15,82.65,35.98,12.58,55.80,0
636,11,70.75,98.10,83.08,35.91,11.79,58.76,0
636,12,70.81,97.85,84.85,36.01,12.44,55.91,0
636,13,71.70,98.11,82.03,36.42,12.22,56.92,0
636,14,70.02,97.95,82.67,37.38,11.62,57.42,0
636,15,71.73,98.10,82.26,35.93,11.56,55.15,0
636,16,70.72,98.25,84.59,36.85,11.94,57.16,0
636,17,71.72,98.28,84.58,36.23,11.77,56.51,0
636,18,71.24,98.16,85.36,35.71,12.12,57.61,0
636,19,70.89,97.96,87.48,36.75,12.29,57.65,0
637,0,74.89,98.17,83.98,37.36,15.20,49.96,0
637,1,75.17,98.21,84.25,38.92,14.35,49.57,0
637,2,79.14,98.44,82.46,38.23,14.39,52.29,0
637,3,78.90,98.16,85.20,38.62,14.54,49.10,0
637,4,79.21,98.44,85.04,38.54,14.62,49.95,0
637,5,77.21,98.30,84.32,38.69,14.72,49.65,0
637,6,79.21,98.09,83.17,37.67,15.05,52.83,0
637,7,78.06,98.51,84.41,38.16,15.14,49.73,0
637,8,76.59,98.33,83.95,37.88,15.45,50.39,0
637,9,83.81,97.98,76.31,38.14,14.61,49.63,0
637,10,84.91,98.01,71.93,37.72,14.95,46.52,0
637,11,86.76,97.90,68.86,37.19,15.11,46.68,1
637,12,83.99,98.23,74.92,38.46,14.44,46.07,0
637,13,81.74,98.07,74.47,37.92,14.78,48.24,0
637,14,76.70,98.58,83.77,37.34,14.42,49.34,0
637,15,77.36,98.09,80.45,37.86,15.20,50.27,0
637,16,76.72,98.06,82.03,37.38,15.46,51.13,0
637,17,77.03,98.02,80.07,38.71,15.47,50.54,0
637,18,76.42,97.80,81.01,37.06,14.46,52.50,0
637,19,77.80,97.89,85.84,38.44,15.10,51.10,0
638,0,78.13,97.38,86.02,33.51,11.99,54.28,0
638,1,79.24,97.05,86.69,34.90,11.18,52.88,0
638,2,81.82,96.76,85.16,34.76,11.15,54.51,0
638,3,81.94,96.94,85.05,34.72,11.80,52.40,0
638,4,82.53,97.28,88.71,34.41,11.68,52.62,0
638,5,79.99,96.77,88.09,34.04,12.16,53.02,0
638,6,82.50,97.50,85.84,33.68,12.10,52.62,0
638,7,79.19,97.03,88.28,33.76,12.03,52.70,0
638,8,79.80,97.34,83.19,34.29,11.55,50.78,0
638,9,79.15,97.04,84.20,33.63,11.19,50.99,0
638,10,77.92,97.33,88.07,33.65,11.60,50.84,0
638,11,80.69,97.15,83.20,34.87,11.93,51.07,0
638,12,79.57,97.28,84.66,34.97,11.66,51.58,0
638,13,79.61,97.35,87.44,34.12,11.23,53.65,0
638,14,79.02,97.42,85.98,34.87,11.13,52.78,0
638,15,78.61,97.40,87.30,34.04,11.20,51.12,0
638,16,79.57,96.76,87.87,34.97,11.54,51.81,0
638,17,78.91,97.24,82.68,35.23,12.13,53.55,0
638,18,80.13,97.12,88.00,35.39,11.68,52.00,0
638,19,78.65,97.27,86.62,33.74,11.86,52.97,0
639,0,70.26,98.04,89.19,34.65,15.17,45.27,0
639,1,72.83,97.88,91.33,36.22,15.22,46.92,0
639,2,72.01,98.36,93.56,34.48,15.30,46.67,0
639,3,71.42,97.84,91.35,34.52,15.14,46.11,0
639,4,71.67,97.88,90.45,35.06,15.03,47.37,0
639,5,73.06,97.78,89.23,35.64,15.40,44.68,0
639,6,71.20,97.79,90.80,35.69,15.46,47.94,0
639,7,72.05,98.11,88.76,35.22,14.75,46.50,0
639,8,71.30,98.31,93.27,34.24,14.64,46.36,0
639,9,72.01,97.64,88.43,35.90,15.61,44.45,0
639,10,72.62,97.89,87.53,35.90,14.94,45.08,0
639,11,70.85,98.25,89.06,35.91,15.63,45.33,0
639,12,69.30,98.07,90.62,35.48,15.35,47.21,0
639,13,69.86,98.29,88.33,35.87,14.63,45.82,0
639,14,71.92,98.16,88.13,35.52,14.69,46.37,0
639,15,72.32,97.93,89.36,35.03,15.66,45.34,0
639,16,72.12,98.14,89.24,36.08,14.64,45.20,0
639,17,69.68,98.02,87.47,35.53,15.65,45.71,0
639,18,72.61,97.59,90.11,35.06,15.24,47.83,0
639,19,72.39,97.61,89.81,35.54,15.80,46.27,0
640,0,89.61,98.82,93.53,38.85,12.68,57.54,0
640,1,88.47,98.93,91.87,38.54,12.13,57.45,0
640,2,87.93,98.92,97.19,38.86,11.65,56.41,0
640,3,89.39,98.97,95.38,38.60,12.59,59.76,0
640,4,88.22,98.80,97.59,39.29,11.81,58.03,0
640,5,88.98,98.75,96.51,39.01,11.73,58.65,0
640,6,89.40,98.42,95.75,37.53,11.74,60.25,0
640,7,90.05,98.57,97.78,38.06,12.54,58.74,0
640,8,87.18,98.27,96.38,38.90,12.05,57.92,0
640,9,87.70,98.31,97.26,38.32,12.27,56.84,0
640,10,88.07,98.55,95.67,38.55,11.87,59.23,0
640,11,88.46,98.50,95.73,37.93,11.91,59.25,0
640,12,87.68,98.56,95.86,38.47,12.71,57.67,0
640,13,89.44,98.89,96.46,37.92,12.72,56.55,0
640,14,88.44,98.70,92.50,37.97,12.32,60.12,0
640,15,88.34,98.23,94.97,38.28,12.44,58.93,0
640,16,86.93,98.30,92.17,37.81,12.57,57.81,0
640,17,89.41,98.81,95.96,37.40,12.05,59.93,0
640,18,88.61,98.75,92.41,38.57,12.33,59.00,0
640,19,87.30,98.30,94.45,38.69,12.75,58.59,0
641,0,77.41,98.78,92.76,36.63,11.58,40.70,0
641,1,76.52,98.23,95.45,36.93,10.82,41.18,0
641,2,76.62,98.39,94.59,37.51,11.71,43.28,0
641,3,74.32,98.53,92.62,36.60,11.31,40.91,0
641,4,76.66,98.32,96.42,37.63,11.28,42.68,0
641,5,78.35,98.25,96.29,36.03,11.11,40.95,0
641,6,75.82,98.47,94.94,37.03,11.74,42.77,0
641,7,76.48,98.70,94.36,36.90,11.00,41.55,0
641,8,73.99,98.58,97.34,36.16,11.42,43.34,0
641,9,77.57,98.70,92.86,36.06,11.53,42.73,0
641,10,75.19,98.86,94.66,37.98,11.21,40.54,0
641,11,75.53,98.67,96.45,36.48,11.09,42.42,0
641,12,74.28,98.58,94.14,36.86,11.50,43.96,0
641,13,76.06,98.27,96.12,36.70,11.60,40.43,0
641,14,75.64,98.90,93.49,37.75,10.70,43.28,0
641,15,76.76,98.45,94.61,37.63,10.72,40.59,0
641,16,73.31,98.65,92.03,36.58,11.68,43.06,0
641,17,74.93,98.79,91.91,36.70,11.54,40.91,0
641,18,74.36,98.61,96.98,36.53,10.91,42.79,0
641,19,76.60,98.25,91.92,36.98,10.97,42.56,0
642,0,85.52,98.06,80.01,34.23,9.78,61.22,0
642,1,85.79,97.93,78.70,35.36,9.67,61.89,0
642,2,85.42,97.84,79.58,34.82,10.24,61.52,0
642,3,87.03,97.82,84.03,33.71,10.80,58.38,0
642,4,86.67,97.97,81.77,34.90,9.81,58.75,0
642,5,85.61,98.13,78.69,34.44,9.92,61.18,0
642,6,87.46,97.88,82.84,34.60,10.48,59.74,0
642,7,86.33,97.87,83.94,34.72,10.72,59.92,0
642,8,85.21,97.79,78.02,34.16,10.27,61.92,0
642,9,87.27,98.07,80.08,34.36,10.50,61.56,0
642,10,83.91,98.40,77.73,33.65,10.30,60.39,0
642,11,86.41,98.46,82.35,34.66,10.60,59.51,0
642,12,83.02,97.88,79.13,34.79,10.23,61.45,0
642,13,82.91,97.74,78.95,33.92,10.01,58.60,0
642,14,83.03,97.75,82.36,33.89,10.25,61.52,0
642,15,83.94,98.05,79.37,35.47,10.07,61.77,0
642,16,84.02,98.14,80.41,34.48,10.51,58.26,0
642,17,85.13,98.36,78.43,35.01,9.93,59.62,0
642,18,85.39,97.97,82.67,34.81,10.05,61.10,0
642,19,85.32,98.50,80.46,35.54,10.77,60.40,0
643,0,82.98,98.04,79.52,34.11,13.08,57.95,0
643,1,85.27,97.60,79.00,34.77,12.53,60.54,0
643,2,84.60,97.99,80.66,34.73,12.16,60.79,0
643,3,86.05,97.42,81.60,34.48,12.38,58.69,0
643,4,84.66,97.82,77.68,35.23,11.98,59.65,0
643,5,85.28,97.82,82.30,35.20,12.11,59.28,0
643,6,83.48,98.16,82.75,34.34,12.82,58.96,0
643,7,83.52,97.63,82.84,33.77,12.61,60.28,0
643,8,86.88,97.41,77.81,33.80,12.57,58.65,0
643,9,83.25,97.83,79.02,33.72,11.91,58.93,0
643,10,83.00,97.94,77.47,34.99,12.13,61.16,0
643,11,82.27,97.77,79.53,33.65,12.62,58.19,0
643,12,85.97,97.57,77.48,34.06,12.42,57.60,0
643,13,83.58,97.50,81.43,34.06,12.99,57.37,0
643,14,83.69,97.60,81.55,34.41,12.79,59.68,0
643,15,82.38,98.09,81.44,34.44,12.26,57.49,0
643,16,83.03,97.62,76.45,35.41,12.07,57.64,0
643,17,83.00,98.07,78.53,35.29,12.12,58.49,0
643,18,82.84,98.03,76.97,34.07,12.75,60.66,0
643,19,84.66,98.04,81.17,33.75,12.25,60.86,0
644,0,87.91,98.66,94.74,36.61,12.37,51.52,0
644,1,88.47,99.17,95.33,36.44,11.93,51.93,0
644,2,85.06,99.03,97.19,38.20,11.78,53.02,0
644,3,85.58,98.57,95.15,37.32,11.54,50.19,0
644,4,88.98,98.65,100.99,37.58,11.63,50.74,0
644,5,88.59,99.06,98.95,37.74,11.66,53.39,0
644,6,88.02,99.29,97.00,36.88,12.22,52.36,0
644,7,87.68,99.08,98.14,37.86,12.18,51.20,0
644,8,85.21,99.15,97.52,36.64,11.83,50.60,0
644,9,92.27,98.85,93.92,38.21,11.35,50.02,0
644,10,94.00,98.81,87.06,38.04,11.37,49.47,0
644,11,97.53,98.81,81.55,37.26,11.37,46.84,1
644,12,93.67,99.22,85.16,37.03,12.11,48.07,0
644,13,91.84,98.69,89.83,37.52,11.73,49.07,0
644,14,86.61,99.09,94.57,37.14,11.44,53.67,0
644,15,83.51,99.17,98.73,37.31,12.13,51.73,0
644,16,84.34,99.20,97.18,37.51,12.18,51.57,0
644,17,84.21,99.06,97.82,38.18,11.95,52.37,0
644,18,87.96,98.61,98.15,36.96,11.59,53.41,0
644,19,86.11,99.21,99.97,38.09,11.24,51.45,0
645,0,79.58,97.00,84.75,35.02,12.49,53.71,0
645,1,79.74,97.23,86.06,35.66,12.33,57.40,0
645,2,83.45,97.00,83.88,35.52,11.51,54.94,0
645,3,82.96,97.31,86.64,34.75,12.49,55.97,0
645,4,81.50,97.57,82.02,36.32,11.78,54.81,0
645,5,83.64,97.11,83.02,35.19,12.14,55.84,0
645,6,81.28,97.70,85.59,35.29,11.82,55.72,0
645,7,82.31,97.24,81.80,36.58,11.63,54.95,0
645,8,80.96,97.01,81.20,36.59,12.30,57.03,0
645,9,82.60,96.92,81.69,34.98,12.42,54.04,0
645,10,82.83,97.07,80.71,35.91,12.17,55.77,0
645,11,81.62,97.42,82.88,36.59,11.57,54.09,0
645,12,81.20,97.24,80.64,35.51,11.95,55.65,0
645,13,80.52,97.22,83.40,36.32,12.04,54.47,0
645,14,79.56,97.64,82.58,35.61,11.99,56.09,0
645,15,80.13,97.02,80.39,35.98,11.90,54.27,0
645,16,80.60,97.69,84.34,35.90,11.77,55.88,0
645,17,82.40,97.19,85.73,36.61,11.83,54.99,0
645,18,82.09,97.20,83.44,36.08,12.23,55.55,0
645,19,81.42,96.97,84.37,36.43,11.86,56.60,0
646,0,74.95,99.12,92.57,33.09,16.21,62.18,0
646,1,71.52,98.38,92.85,32.49,15.62,59.86,0
646,2,73.64,98.46,91.75,32.38,15.41,61.46,0
646,3,73.40,98.85,88.47,32.80,15.93,61.11,0
646,4,74.07,98.35,90.95,32.33,15.84,62.73,0
646,5,74.76,99.09,93.41,32.93,15.75,61.72,0
646,6,73.25,98.37,93.24,33.79,15.82,60.45,0
646,7,71.96,98.70,91.11,32.33,15.57,62.33,0
646,8,79.11,99.13,85.93,33.94,16.02,57.16,0
646,9,82.19,98.84,79.77,32.86,16.43,57.66,0
646,10,81.96,99.09,76.47,34.06,15.88,54.99,1
646,11,79.76,98.43,81.24,32.12,16.24,54.92,0
646,12,79.22,98.80,81.63,33.60,15.63,56.01,0
646,13,74.06,98.70,90.99,33.46,16.14,60.53,0
646,14,70.93,98.99,88.20,33.35,16.10,61.65,0
646,15,71.22,99.13,86.74,32.57,16.01,60.64,0
646,16,73.43,98.42,92.12,32.75,16.32,59.14,0
646,17,70.82,98.67,87.73,33.62,15.59,62.78,0
646,18,71.16,98.35,88.87,32.94,15.85,60.66,0
646,19,74.59,98.81,88.45,32.51,16.29,61.36,0
647,0,84.47,97.56,81.61,38.55,14.13,58.41,0
647,1,85.36,98.05,81.63,37.80,14.27,58.98,0
647,2,84.76,98.02,79.67,37.65,14.72,59.50,0
647,3,86.56,98.00,81.54,37.29,15.13,58.95,0
647,4,85.63,97.79,79.86,37.39,14.16,60.64,0
647,5,87.29,98.07,80.57,38.30,14.86,62.10,0
647,6,84.59,97.57,79.12,37.33,14.93,61.51,0
647,7,83.77,98.34,77.60,36.61,14.42,58.33,0
647,8,85.17,97.65,82.34,38.12,15.09,58.97,0
647,9,83.72,97.64,77.34,37.77,14.46,61.50,0
647,10,85.22,97.72,79.62,36.84,14.72,60.58,0
647,11,85.08,97.99,81.67,37.38,14.22,60.57,0
647,12,82.32,97.91,80.90,38.24,14.20,62.10,0
647,13,82.54,97.99,81.77,37.23,14.98,58.31,0
647,14,84.87,97.71,80.45,37.15,14.69,60.69,0
647,15,85.53,98.13,79.88,37.42,14.77,60.49,0
647,16,83.36,97.56,78.44,37.42,14.31,61.47,0
647,17,82.84,97.67,81.98,37.08,14.78,60.13,0
647,18,84.09,97.88,82.25,36.73,14.46,61.63,0
647,19,86.21,97.84,79.26,37.47,14.39,59.88,0
648,0,80.45,99.14,80.78,35.76,12.51,61.95,0
648,1,81.06,98.73,80.58,35.11,13.12,59.93,0
648,2,80.37,98.94,81.57,36.52,12.51,62.29,0
648,3,81.86,98.77,84.89,35.86,12.66,60.26,0
648,4,82.20,99.05,86.06,35.91,13.31,62.93,0
648,5,82.35,99.07,83.07,35.37,12.31,62.30,0
648,6,79.47,99.28,84.89,35.74,13.09,61.85,0
648,7,81.50,98.70,84.39,35.49,13.30,63.07,0
648,8,80.70,98.99,84.72,35.89,13.04,60.17,0
648,9,78.74,98.64,82.64,36.81,12.97,61.51,0
648,10,80.33,98.69,82.07,35.32,12.54,59.50,0
648,11,80.07,98.72,82.33,35.89,13.02,60.37,0
648,12,80.96,98.83,82.98,35.17,13.18,59.78,0
648,13,79.04,98.98,83.93,34.91,13.38,60.48,0
648,14,77.29,98.85,79.27,35.36,12.37,62.94,0
648,15,77.90,98.72,81.28,35.32,13.23,61.27,0
648,16,77.77,98.95,79.19,36.20,13.09,61.80,0
648,17,78.85,98.60,85.13,35.95,13.00,60.38,0
648,18,79.60,98.55,81.93,35.64,12.89,63.40,0
648,19,80.49,99.03,81.55,35.19,12.50,62.63,0
649,0,79.75,97.48,89.26,33.88,11.77,56.56,0
649,1,80.45,97.73,89.81,35.18,12.50,57.42,0
649,2,79.50,97.65,93.57,35.37,11.56,58.18,0
649,3,80.88,97.60,91.20,35.02,11.71,56.93,0
649,4,81.64,97.28,90.24,35.37,11.84,57.93,0
649,5,80.68,97.63,92.59,35.35,12.60,58.82,0
649,6,78.88,97.02,90.05,34.60,12.36,56.61,0
649,7,79.16,97.77,91.64,35.71,12.33,60.22,0
649,8,77.66,97.51,89.44,34.27,12.13,58.79,0
649,9,78.65,97.09,90.95,34.01,11.58,59.72,0
649,10,79.97,97.04,91.86,35.61,12.65,56.41,0
649,11,79.04,97.61,93.28,34.34,12.08,60.32,0
649,12,77.24,97.35,87.85,34.60,11.74,57.06,0
649,13,78.70,97.03,91.49,34.44,12.34,58.79,0
649,14,76.96,97.41,89.00,33.93,11.96,59.43,0
649,15,76.71,97.17,87.24,34.64,12.22,58.89,0
649,16,77.83,97.42,87.66,34.88,11.90,59.94,0
649,17,76.51,97.67,88.74,34.26,12.71,56.58,0
649,18,78.81,97.01,93.50,34.48,12.08,60.30,0
649,19,77.48,97.40,90.38,34.00,12.35,57.98,0
650,0,84.35,98.15,81.52,34.62,11.50,60.05,0
650,1,81.73,98.05,83.98,33.22,11.73,61.19,0
650,2,81.52,97.89,80.82,33.68,11.13,62.80,0
650,3,84.98,98.07,79.62,33.18,10.82,60.53,0
650,4,83.04,98.14,83.52,34.26,11.59,61.45,0
650,5,85.08,98.04,85.46,33.09,10.92,60.27,0
650,6,82.01,97.48,81.46,33.04,11.15,60.49,0
650,7,82.80,97.62,82.80,34.00,11.55,62.97,0
650,8,83.17,97.51,79.80,33.43,11.08,61.39,0
650,9,84.94,97.90,83.78,33.09,11.55,62.68,0
650,10,82.68,97.69,78.92,33.36,11.30,59.93,0
650,11,82.29,98.07,80.84,32.83,11.27,60.68,0
650,12,82.32,97.95,80.83,34.26,11.90,62.96,0
650,13,82.92,97.96,79.21,34.28,11.17,62.11,0
650,14,81.65,97.79,80.72,33.71,11.06,61.88,0
650,15,81.67,98.13,80.29,33.76,11.63,59.69,0
650,16,81.07,98.21,82.71,33.63,11.05,63.13,0
650,17,82.30,97.74,82.18,34.32,11.83,62.19,0
650,18,80.82,97.57,82.24,34.60,11.41,59.70,0
650,19,83.36,97.96,84.57,33.49,11.94,59.73,0
651,0,91.36,98.36,94.18,37.62,12.96,58.21,0
651,1,88.61,97.95,93.80,37.12,14.13,61.84,0
651,2,90.24,98.06,97.01,37.41,13.08,61.73,0
651,3,89.86,97.87,94.47,38.31,13.05,58.17,0
651,4,91.47,98.40,96.84,38.08,13.37,59.35,0
651,5,90.85,98.15,92.79,38.25,14.11,60.89,0
651,6,90.75,98.06,96.03,38.15,13.40,60.43,0
651,7,89.31,97.86,98.05,37.23,13.51,59.92,0
651,8,91.32,97.94,94.52,38.12,13.35,59.07,0
651,9,89.93,98.41,96.66,37.06,13.98,58.11,0
651,10,88.91,97.90,91.74,38.25,13.87,59.31,0
651,11,90.99,98.11,94.58,36.47,14.05,60.20,0
651,12,88.47,98.04,96.58,37.80,13.78,61.15,0
651,13,87.33,97.91,93.87,36.81,12.98,61.82,0
651,14,90.67,98.22,92.66,37.88,13.42,57.95,0
651,15,90.65,97.84,94.96,37.46,13.59,58.11,0
651,16,89.41,97.90,94.06,37.58,13.53,61.41,0
651,17,91.03,98.26,93.92,38.03,13.56,61.26,0
651,18,88.94,98.30,93.02,38.35,13.23,59.99,0
651,19,89.96,97.75,93.49,36.47,14.12,58.05,0
652,0,76.06,98.35,77.78,36.80,15.22,58.28,0
652,1,75.85,98.14,78.92,36.56,15.49,56.77,0
652,2,73.57,98.02,79.86,37.18,15.75,60.08,0
652,3,72.94,97.77,83.66,36.85,15.76,58.49,0
652,4,74.37,98.03,81.15,36.66,15.67,57.99,0
652,5,75.69,98.28,83.47,37.46,15.90,58.35,0
652,6,75.84,98.37,81.91,37.52,15.66,60.13,0
652,7,76.32,97.69,80.76,37.77,15.83,58.73,0
652,8,81.83,98.16,76.12,36.36,15.64,56.31,0
652,9,83.68,98.11,67.80,37.16,14.87,55.68,0
652,10,85.91,98.09,68.45,37.70,15.54,54.33,1
652,11,80.62,98.07,70.12,37.75,15.85,55.75,0
652,12,78.72,97.88,73.28,36.07,15.46,56.17,0
652,13,71.66,98.05,80.19,37.90,15.43,56.51,0
652,14,74.06,98.07,76.98,36.38,15.88,57.54,0
652,15,73.17,97.80,81.53,37.70,15.76,56.85,0
652,16,71.79,97.71,79.21,37.54,15.63,57.52,0
652,17,71.95,98.43,81.40,37.85,15.89,57.79,0
652,18,73.20,98.32,77.17,36.78,15.45,58.41,0
652,19,73.14,97.69,77.44,37.75,15.03,56.53,0
653,0,70.71,98.30,81.81,36.43,13.95,41.28,0
653,1,70.36,98.56,82.10,36.27,14.04,41.28,0
653,2,72.44,98.41,84.79,36.24,13.45,41.29,0
653,3,69.82,98.43,82.55,35.72,14.28,40.60,0
653,4,70.49,98.61,83.04,34.69,14.14,42.86,0
653,5,72.90,98.33,81.46,36.30,13.91,43.68,0
653,6,73.57,98.59,84.16,34.70,13.64,43.02,0
653,7,73.08,98.03,83.60,35.67,13.88,41.90,0
653,8,72.97,98.04,83.96,36.46,13.83,40.19,0
653,9,71.74,98.58,84.72,34.94,14.30,42.44,0
653,10,72.27,98.07,81.07,35.82,13.49,44.14,0
653,11,69.08,98.59,80.84,36.23,14.45,40.84,0
653,12,71.04,98.67,82.12,35.75,14.24,42.45,0
653,13,70.49,98.40,82.19,36.44,13.59,41.93,0
653,14,68.32,98.56,80.26,34.76,13.65,42.45,0
653,15,68.49,98.52,79.92,34.56,13.65,44.13,0
653,16,70.20,98.10,79.85,35.58,13.92,42.28,0
653,17,69.26,97.95,81.34,35.41,13.74,41.72,0
653,18,70.80,97.95,80.66,34.95,14.15,40.67,0
653,19,69.18,98.63,80.33,36.08,14.11,41.14,0
654,0,71.27,98.55,90.99,36.84,10.48,42.59,0
654,1,69.08,98.10,94.23,38.09,10.05,41.21,0
654,2,71.52,98.38,93.42,37.76,10.11,42.33,0
654,3,72.77,98.06,88.82,38.51,10.29,44.41,0
654,4,72.21,98.47,94.03,38.05,10.43,44.12,0
654,5,71.60,98.19,90.22,37.41,10.68,43.20,0
654,6,69.53,98.69,93.12,38.08,10.63,44.38,0
654,7,69.50,98.08,94.54,37.90,11.13,43.46,0
654,8,72.93,98.29,91.67,37.09,11.01,44.47,0
654,9,68.82,98.51,91.07,37.70,10.45,43.86,0
654,10,70.88,98.20,92.75,36.85,10.19,43.82,0
654,11,71.80,98.10,93.33,36.96,10.59,41.50,0
654,12,70.74,98.05,90.99,36.77,11.00,41.18,0
654,13,71.63,97.98,91.40,36.93,10.84,44.56,0
654,14,69.05,98.18,89.82,37.15,10.41,44.32,0
654,15,68.40,98.34,90.47,38.45,10.11,41.70,0
654,16,68.41,98.71,93.27,36.99,10.86,43.87,0
654,17,71.12,98.59,93.05,37.26,10.62,43.74,0
654,18,69.80,98.69,92.87,37.31,10.68,42.18,0
654,19,69.07,98.29,91.64,38.27,10.92,44.30,0
655,0,84.69,99.02,77.76,34.19,10.76,54.08,0
655,1,84.90,98.46,81.32,33.10,10.77,53.73,0
655,2,86.07,98.82,80.23,34.09,10.19,53.77,0
655,3,85.46,98.93,77.36,33.89,10.49,56.14,0
655,4,83.55,98.34,76.96,33.94,9.81,57.40,0
655,5,85.29,98.84,81.71,33.57,10.61,56.53,0
655,6,82.47,98.99,81.94,32.68,10.69,53.77,0
655,7,83.13,98.23,80.24,33.80,10.65,54.12,0
655,8,84.78,98.78,78.30,34.18,9.96,54.13,0
655,9,83.84,98.97,77.66,33.59,10.49,56.62,0
655,10,81.79,98.94,76.55,34.07,10.51,54.15,0
655,11,82.05,98.48,80.97,34.06,10.73,55.43,0
655,12,81.68,98.68,75.22,32.42,10.37,56.23,0
655,13,80.95,98.62,76.84,34.08,9.84,55.25,0
655,14,83.31,98.82,78.00,33.65,9.82,56.96,0
655,15,82.72,98.50,76.58,32.50,9.82,57.38,0
655,16,84.65,98.48,76.88,33.22,10.35,55.57,0
655,17,82.07,98.85,80.05,34.01,10.62,56.26,0
655,18,82.02,98.57,77.57,33.48,10.45,54.28,0
655,19,83.60,98.35,80.22,33.69,10.01,57.39,0
656,0,79.06,97.28,76.71,35.05,13.08,45.84,0
656,1,81.30,97.68,81.45,36.09,13.19,46.89,0
656,2,82.36,97.69,81.85,35.80,13.60,46.40,0
656,3,82.98,97.49,77.55,36.00,13.92,45.24,0
656,4,80.48,96.96,79.17,36.35,12.84,45.69,0
656,5,80.32,97.21,78.68,36.03,13.68,45.38,0
656,6,80.08,97.14,77.54,35.16,12.91,45.42,0
656,7,82.27,97.31,79.20,34.85,13.42,44.48,0
656,8,82.67,97.70,79.56,35.79,13.47,47.80,0
656,9,79.64,97.24,79.17,36.32,13.93,45.37,0
656,10,79.03,97.50,81.31,35.58,13.40,44.48,0
656,11,80.17,96.99,76.95,35.79,13.28,46.16,0
656,12,80.19,97.43,79.08,36.28,13.90,46.45,0
656,13,81.68,97.03,78.39,35.25,13.93,44.87,0
656,14,81.70,97.42,80.00,35.42,13.36,45.93,0
656,15,81.52,97.18,77.26,36.28,12.95,46.11,0
656,16,80.07,97.14,81.20,35.33,13.54,46.33,0
656,17,82.06,97.18,78.93,36.68,12.84,44.32,0
656,18,80.06,97.23,78.70,36.49,13.87,47.82,0
656,19,82.27,97.57,80.69,36.08,13.40,48.14,0
657,0,71.64,98.03,90.40,36.98,11.24,46.59,0
657,1,71.42,98.04,95.78,37.05,11.21,46.65,0
657,2,73.04,98.09,94.69,36.34,10.57,48.02,0
657,3,73.38,97.96,92.85,38.23,10.84,47.05,0
657,4,72.74,98.24,96.29,36.29,11.12,47.90,0
657,5,70.36,98.14,92.64,37.87,10.87,46.33,0
657,6,70.67,97.69,94.75,36.81,10.84,45.79,0
657,7,73.06,98.00,96.44,36.37,11.16,45.84,0
657,8,71.72,97.70,92.48,37.78,11.30,47.29,0
657,9,72.35,98.24,90.22,36.96,11.09,44.15,0
657,10,71.59,98.12,94.62,38.24,10.65,44.54,0
657,11,69.86,97.77,90.04,36.58,11.31,44.68,0
657,12,69.57,98.22,95.02,38.18,10.48,48.03,0
657,13,71.23,98.25,89.35,37.27,10.85,46.49,0
657,14,70.52,98.00,93.87,37.31,11.54,46.92,0
657,15,70.32,98.41,91.58,37.61,11.05,47.41,0
657,16,70.79,98.41,90.19,38.03,11.23,46.24,0
657,17,69.92,98.04,90.81,36.71,10.91,44.45,0
657,18,72.15,98.38,93.27,36.37,11.07,47.59,0
657,19,72.97,97.85,90.80,36.69,10.83,47.37,0
658,0,88.35,96.96,83.20,36.35,14.86,58.31,0
658,1,89.58,97.66,85.68,35.97,15.78,56.48,0
658,2,87.80,97.63,87.17,37.02,14.76,55.43,0
658,3,88.43,97.13,86.32,37.04,15.07,57.74,0
658,4,88.23,97.28,85.24,36.79,15.73,56.62,0
658,5,90.51,97.54,85.45,36.63,15.60,58.93,0
658,6,89.47,97.30,85.70,36.10,15.48,58.55,0
658,7,88.39,96.93,84.25,37.35,14.64,58.48,0
658,8,88.68,96.99,83.06,36.21,14.78,57.14,0
658,9,86.80,97.64,87.11,36.54,15.73,57.65,0
658,10,87.68,97.14,82.83,35.84,14.82,55.43,0
658,11,85.47,97.60,82.98,37.11,15.74,57.20,0
658,12,88.00,97.10,85.65,36.95,14.84,56.12,0
658,13,87.04,97.34,84.81,36.59,15.73,58.01,0
658,14,86.52,97.45,85.96,37.32,14.93,58.32,0
658,15,86.00,97.12,85.51,37.18,15.47,56.42,0
658,16,88.40,97.21,87.33,35.85,15.61,55.35,0
658,17,88.25,97.61,83.37,36.65,15.30,58.31,0
658,18,89.25,97.34,87.07,36.62,15.75,56.26,0
658,19,86.48,96.92,85.05,36.33,15.47,56.69,0
659,0,76.31,98.41,82.76,36.41,13.96,60.05,0
659,1,74.40,98.56,83.93,36.22,14.26,60.70,0
659,2,76.58,98.07,86.92,36.57,13.85,58.70,0
659,3,76.27,98.25,83.69,35.94,13.84,62.33,0
659,4,75.23,98.53,84.86,36.12,13.80,60.26,0
659,5,74.95,98.31,85.65,35.88,13.79,59.53,0
659,6,75.82,98.56,82.29,34.95,13.69,60.74,0
659,7,76.03,98.21,84.33,36.34,14.02,59.62,0
659,8,74.97,98.18,81.67,35.32,13.89,59.46,0
659,9,75.07,98.24,87.04,35.41,13.46,62.55,0
659,10,75.88,98.53,82.07,36.75,13.43,60.68,0
659,11,75.77,98.22,84.21,36.04,13.36,62.04,0
659,12,75.76,98.49,85.83,36.30,14.07,59.74,0
659,13,73.79,98.51,86.15,35.21,13.24,59.75,0
659,14,73.30,98.06,85.07,35.55,14.18,59.42,0
659,15,72.85,98.21,83.18,34.91,13.31,61.61,0
659,16,73.31,98.55,80.78,36.57,14.10,60.27,0
659,17,74.78,98.66,81.14,35.08,13.43,62.49,0
659,18,73.66,98.63,84.23,36.10,14.03,60.97,0
659,19,72.70,98.48,84.87,36.53,13.77,59.15,0
660,0,83.60,97.86,82.76,34.82,14.87,49.26,0
660,1,82.70,98.15,85.49,35.09,15.06,49.15,0
660,2,81.49,98.15,87.37,34.11,14.86,50.92,0
660,3,83.14,97.90,87.91,34.08,15.40,48.87,0
660,4,82.73,97.61,88.23,34.34,15.15,52.23,0
660,5,82.11,97.91,83.94,35.52,15.24,50.16,0
660,6,81.66,97.84,85.67,34.86,15.00,51.21,0
660,7,82.64,97.59,84.93,35.34,15.16,49.42,0
660,8,84.15,97.87,84.68,35.42,15.64,49.65,0
660,9,82.30,98.18,88.13,35.95,15.84,51.79,0
660,10,81.26,97.84,85.25,35.09,15.00,50.91,0
660,11,79.78,97.88,84.51,34.67,15.72,50.58,0
660,12,80.15,97.64,83.68,34.27,15.37,49.68,0
660,13,82.35,98.15,86.56,35.24,15.01,51.42,0
660,14,81.68,97.99,86.40,35.68,15.00,50.20,0
660,15,81.18,97.70,84.88,35.21,14.83,51.05,0
660,16,80.08,97.47,87.30,35.46,15.49,51.41,0
660,17,82.81,97.98,86.02,35.61,15.36,50.20,0
660,18,83.70,97.82,84.32,35.29,14.98,48.36,0
660,19,80.08,98.08,83.87,35.55,15.85,50.34,0
661,0,75.74,97.43,98.49,38.72,12.92,61.49,0
661,1,73.86,97.50,95.24,38.42,12.99,60.20,0
661,2,77.17,97.43,97.18,38.54,13.22,60.27,0
661,3,77.44,97.39,98.56,38.01,12.67,61.60,0
661,4,75.82,97.38,98.00,38.66,12.76,61.73,0
661,5,77.48,97.95,96.76,38.46,13.39,61.18,0
661,6,75.34,97.71,100.79,37.36,12.45,62.99,0
661,7,77.64,97.29,99.59,38.26,12.40,61.36,0
661,8,75.49,97.62,98.57,38.67,13.47,61.39,0
661,9,75.14,97.33,100.09,37.37,12.91,61.42,0
661,10,76.88,97.45,99.91,38.14,13.44,62.78,0
661,11,76.19,97.34,95.93,36.98,12.93,60.75,0
661,12,73.32,97.80,94.17,38.48,13.08,61.02,0
661,13,75.22,97.90,94.21,37.07,12.85,63.66,0
661,14,75.83,98.06,99.07,38.64,12.76,63.20,0
661,15,74.12,97.36,94.10,37.99,12.70,63.50,0
661,16,76.00,97.55,94.39,36.96,13.37,63.85,0
661,17,73.04,97.62,99.61,37.70,13.22,61.15,0
661,18,74.35,97.80,96.94,38.16,13.03,62.80,0
661,19,74.53,97.97,99.20,38.87,13.29,63.76,0
662,0,91.43,98.31,85.52,37.77,12.16,43.74,0
662,1,91.79,98.76,85.43,35.94,11.81,43.02,0
662,2,91.20,98.22,88.65,36.97,12.65,44.50,0
662,3,92.72,98.45,87.34,36.36,12.34,43.47,0
662,4,93.17,98.46,86.18,36.29,12.88,44.04,0
662,5,92.07,98.65,88.57,36.38,11.94,46.83,0
662,6,90.41,98.59,86.23,36.76,12.92,46.25,0
662,7,90.41,98.68,89.79,37.82,12.23,45.89,0
662,8,90.28,98.36,85.09,36.07,12.85,46.51,0
662,9,92.34,98.33,90.10,35.91,11.92,46.04,0
662,10,89.06,98.37,90.48,37.51,12.36,43.94,0
662,11,90.52,98.17,84.92,37.11,12.25,43.03,0
662,12,89.31,98.29,87.54,36.91,11.84,45.55,0
662,13,89.67,98.73,84.92,36.67,12.97,44.99,0
662,14,89.17,98.41,89.21,37.15,12.34,45.99,0
662,15,88.49,98.15,87.44,36.62,12.27,45.02,0
662,16,91.59,98.34,86.07,36.91,12.39,43.73,0
662,17,90.96,98.52,84.32,35.87,12.84,45.21,0
662,18,89.93,98.26,86.41,36.37,12.60,43.88,0
662,19,91.38,98.56,87.36,36.86,12.50,46.95,0
663,0,89.98,98.80,82.75,36.75,11.54,49.49,0
663,1,90.16,98.36,88.47,36.92,11.20,50.22,0
663,2,88.04,98.54,84.83,36.03,10.95,49.99,0
663,3,90.51,98.44,85.19,36.92,11.64,48.56,0
663,4,88.61,98.70,85.21,35.70,11.54,50.15,0
663,5,88.35,98.10,87.87,36.51,10.78,50.81,0
663,6,88.17,98.52,87.14,37.25,11.76,51.68,0
663,7,89.57,98.75,83.35,35.38,11.16,49.86,0
663,8,86.94,98.45,86.07,37.23,11.65,51.30,0
663,9,86.86,98.11,83.62,35.37,11.23,51.67,0
663,10,90.16,98.58,86.53,36.39,11.42,49.58,0
663,11,88.88,98.58,85.43,36.78,10.92,50.63,0
663,12,88.89,98.74,85.58,36.40,10.98,51.78,0
663,13,89.75,98.29,84.39,37.28,10.98,48.93,0
663,14,89.32,98.30,83.38,35.44,11.41,52.12,0
663,15,87.48,98.22,82.66,37.04,10.79,49.05,0
663,16,86.35,98.12,83.56,36.87,11.17,51.04,0
663,17,89.29,98.28,84.03,37.32,11.02,51.84,0
663,18,86.72,98.47,87.34,36.01,10.80,48.70,0
663,19,88.06,98.83,85.15,36.50,11.53,49.30,0
664,0,85.29,97.49,90.59,34.65,15.09,49.94,0
664,1,82.89,97.58,92.82,34.15,16.04,50.91,0
664,2,85.85,96.89,90.89,35.72,15.00,48.05,0
664,3,82.76,96.96,89.03,34.78,15.03,50.61,0
664,4,84.66,97.17,89.02,35.33,15.82,50.04,0
664,5,83.19,97.61,91.23,35.01,15.36,47.94,0
664,6,85.00,96.89,93.15,35.39,15.94,48.34,0
664,7,84.62,97.46,91.79,35.39,15.85,48.41,0
664,8,84.39,97.36,88.63,34.94,15.22,50.80,0
664,9,83.05,97.14,92.57,35.31,16.03,50.45,0
664,10,83.48,97.18,89.04,34.25,14.98,51.43,0
664,11,82.75,97.06,91.89,34.58,15.36,51.53,0
664,12,82.36,97.05,89.27,35.70,16.06,48.83,0
664,13,81.58,97.41,91.22,35.63,15.20,47.97,0
664,14,82.92,97.29,91.56,35.17,15.33,51.53,0
664,15,82.06,97.52,88.20,34.01,15.35,49.25,0
664,16,84.75,97.10,91.79,35.11,15.50,49.56,0
664,17,82.94,96.96,89.34,34.08,15.28,51.50,0
664,18,83.18,97.10,90.42,34.83,15.70,48.41,0
664,19,85.70,97.26,89.31,34.17,15.85,49.48,0
665,0,93.51,99.00,77.75,35.91,14.46,45.87,0
665,1,91.08,98.42,80.79,34.81,14.72,45.33,0
665,2,91.45,98.88,79.62,36.69,14.42,46.94,0
665,3,91.38,98.25,78.94,36.31,14.02,46.83,0
665,4,92.88,98.50,81.27,36.33,14.42,46.33,0
665,5,90.68,98.92,80.66,34.90,15.04,45.66,0
665,6,91.61,98.94,78.36,35.01,14.92,46.84,0
665,7,90.44,98.40,80.90,35.53,14.00,45.23,0
665,8,91.61,98.24,79.94,35.50,14.11,46.77,0
665,9,96.07,98.37,76.73,35.39,15.03,41.50,0
665,10,101.47,98.62,72.05,36.57,15.04,43.27,0
665,11,103.10,98.42,68.22,36.43,14.67,41.18,1
665,12,99.99,98.32,67.85,35.56,14.75,43.54,0
665,13,95.95,98.39,72.19,35.11,14.34,42.70,0
665,14,89.89,98.76,80.74,36.13,13.87,47.10,0
665,15,91.23,99.01,82.31,36.51,14.04,45.44,0
665,16,92.79,98.33,78.31,36.03,14.39,47.38,0
665,17,91.10,98.66,79.14,36.32,14.64,44.23,0
665,18,91.66,98.75,79.97,36.66,13.95,46.94,0
665,19,93.34,98.87,78.16,35.44,14.65,45.13,0
666,0,77.27,97.35,82.94,37.30,13.99,59.48,0
666,1,76.73,97.03,84.67,37.79,13.31,58.88,0
666,2,73.97,97.20,81.49,36.79,13.61,59.52,0
666,3,77.67,96.87,86.70,36.78,13.53,59.40,0
666,4,76.05,97.48,83.80,36.44,13.94,58.64,0
666,5,75.31,97.26,81.87,37.70,13.31,60.07,0
666,6,74.89,97.41,82.65,37.01,14.36,59.11,0
666,7,74.34,96.94,82.26,36.48,13.52,59.26,0
666,8,80.24,97.45,78.86,37.37,14.12,55.83,0
666,9,84.95,97.24,73.35,37.84,13.33,55.86,0
666,10,83.76,97.22,70.58,36.70,13.86,53.70,1
666,11,82.22,96.92,72.82,36.85,13.36,54.95,0
666,12,80.09,97.10,74.82,37.01,13.47,54.03,0
666,13,73.99,96.96,83.52,37.93,13.24,59.86,0
666,14,75.30,97.26,84.77,37.50,14.30,58.76,0
666,15,73.60,97.00,83.90,37.26,13.56,58.40,0
666,16,75.75,97.37,83.84,37.76,14.24,57.09,0
666,17,73.10,97.34,84.35,36.58,13.55,58.20,0
666,18,74.10,97.06,82.51,37.12,13.82,60.23,0
666,19,73.51,96.91,83.76,36.20,13.93,60.52,0
667,0,84.87,97.38,81.48,34.03,14.62,55.92,0
667,1,84.16,97.60,80.55,34.37,14.44,58.53,0
667,2,84.13,97.55,80.41,33.56,14.71,54.83,0
667,3,85.50,97.92,82.64,33.75,14.20,57.81,0
667,4,85.48,97.41,82.13,33.26,14.40,57.55,0
667,5,86.57,97.77,83.04,33.66,14.75,55.29,0
667,6,84.09,97.84,77.12,33.10,15.31,56.24,0
667,7,83.88,97.56,78.85,32.88,14.30,56.79,0
667,8,85.89,97.40,81.69,32.77,14.55,58.59,0
667,9,85.11,97.43,77.05,32.87,15.27,55.60,0
667,10,83.46,97.43,77.40,34.60,15.16,57.21,0
667,11,85.23,98.02,81.03,33.60,14.19,57.76,0
667,12,81.21,97.68,80.77,33.81,14.32,57.51,0
667,13,82.80,97.74,75.92,33.34,14.57,54.98,0
667,14,84.46,98.00,77.31,32.73,14.96,55.98,0
667,15,81.16,97.48,80.26,34.27,15.04,57.83,0
667,16,81.81,97.58,78.80,34.10,14.30,55.51,0
667,17,83.96,97.62,76.61,32.84,14.18,58.04,0
667,18,82.04,97.43,76.43,33.50,14.92,56.14,0
667,19,82.46,97.34,81.50,32.97,14.24,58.46,0
668,0,89.13,97.75,86.46,35.45,14.93,59.94,0
668,1,91.47,97.51,91.49,36.00,15.12,63.00,0
668,2,91.94,97.84,89.37,36.47,14.59,60.28,0
668,3,91.45,97.63,89.32,35.94,14.80,62.93,0
668,4,89.15,97.38,90.36,35.43,14.29,62.97,0
668,5,89.53,97.15,88.92,34.87,15.04,59.45,0
668,6,89.21,97.78,88.51,35.14,15.16,62.79,0
668,7,90.03,97.48,92.25,35.08,14.41,59.43,0
668,8,92.03,97.14,91.13,35.24,15.02,59.89,0
668,9,90.53,97.57,86.89,34.97,14.50,61.08,0
668,10,90.45,97.39,87.30,36.54,14.72,62.84,0
668,11,90.22,97.66,85.83,35.51,15.08,61.92,0
668,12,91.52,97.42,89.44,35.77,14.47,60.14,0
668,13,91.44,97.76,91.18,35.76,14.70,60.16,0
668,14,88.04,97.77,86.37,35.04,14.74,60.50,0
668,15,91.21,97.83,87.72,36.33,14.85,61.79,0
668,16,90.21,97.39,90.48,34.75,14.81,61.94,0
668,17,91.86,97.45,86.31,34.90,14.45,61.16,0
668,18,90.01,97.90,86.84,36.47,14.27,61.74,0
668,19,90.22,97.14,90.58,34.68,15.01,62.41,0
669,0,76.52,97.26,90.00,37.03,9.50,46.31,0
669,1,80.00,96.83,91.90,36.29,9.65,45.24,0
669,2,80.57,97.08,94.55,36.62,10.22,45.39,0
669,3,80.76,97.26,95.18,35.93,10.26,48.36,0
669,4,79.32,97.13,90.93,35.89,9.79,47.30,0
669,5,77.95,97.42,91.22,36.94,9.75,48.07,0
669,6,78.54,96.74,91.24,36.28,9.80,46.81,0
669,7,77.24,97.07,93.80,37.03,10.45,46.22,0
669,8,80.34,97.23,92.58,36.38,10.09,46.24,0
669,9,77.99,97.30,95.77,35.52,9.84,47.04,0
669,10,77.08,97.16,94.64,36.60,9.81,46.08,0
669,11,79.58,96.80,90.48,37.03,9.81,47.37,0
669,12,79.46,97.07,91.33,35.80,9.74,45.84,0
669,13,76.49,97.26,92.98,36.65,9.92,47.46,0
669,14,76.04,97.24,90.92,36.73,9.98,47.02,0
669,15,78.55,96.92,93.10,36.36,9.78,47.89,0
669,16,77.98,97.06,89.88,35.74,10.61,47.81,0
669,17,76.19,96.75,91.26,36.76,10.19,45.28,0
669,18,79.75,96.82,92.29,36.67,10.53,47.50,0
669,19,79.61,97.15,90.64,35.57,10.09,47.48,0
670,0,73.67,98.03,92.00,34.16,10.74,58.91,0
670,1,76.33,98.48,94.17,33.99,10.18,59.73,0
670,2,74.13,97.94,90.19,34.41,10.13,58.76,0
670,3,72.97,98.19,89.20,34.24,10.63,60.91,0
670,4,74.58,98.61,91.99,33.43,10.68,58.81,0
670,5,74.79,98.64,90.75,34.53,10.02,62.29,0
670,6,74.21,98.26,92.83,34.09,10.84,62.29,0
670,7,76.39,98.66,93.60,34.58,9.93,60.97,0
670,8,75.37,98.21,90.63,33.98,9.84,61.36,0
670,9,75.74,98.44,90.87,32.82,10.06,62.31,0
670,10,74.39,98.44,93.68,34.51,9.90,60.31,0
670,11,71.80,98.32,92.72,33.36,10.31,62.07,0
670,12,73.19,98.23,90.28,32.97,10.71,61.73,0
670,13,74.59,98.33,91.89,34.53,10.46,60.14,0
670,14,74.28,98.61,92.42,33.91,10.93,60.76,0
670,15,73.46,98.17,88.52,34.15,9.80,59.47,0
670,16,71.52,97.96,92.45,33.46,10.79,61.07,0
670,17,74.86,98.26,93.22,33.66,9.96,61.25,0
670,18,72.99,98.54,93.20,34.00,10.00,61.46,0
670,19,73.04,98.50,88.72,33.81,9.89,59.54,0
671,0,81.04,97.92,81.10,36.72,11.16,54.41,0
671,1,80.23,98.16,80.70,36.70,10.47,56.44,0
671,2,79.80,98.20,81.26,37.14,10.52,57.22,0
671,3,82.45,97.73,83.19,37.49,10.64,55.10,0
671,4,80.87,98.39,84.00,37.99,10.77,54.89,0
671,5,81.12,98.18,85.27,38.01,10.80,55.75,0
671,6,79.16,98.21,81.37,37.78,11.17,54.76,0
671,7,79.23,98.17,85.94,36.58,11.26,56.64,0
671,8,80.41,97.78,82.18,37.65,11.28,54.54,0
671,9,79.36,97.86,80.32,36.61,10.97,57.60,0
671,10,79.75,98.24,81.19,38.49,10.89,56.37,0
671,11,80.69,98.11,81.10,38.17,10.52,56.41,0
671,12,79.83,97.89,81.53,37.25,10.66,56.98,0
671,13,78.42,98.03,79.94,38.54,10.55,55.39,0
671,14,80.52,97.65,84.15,38.01,10.79,55.05,0
671,15,78.48,97.69,79.93,37.20,10.46,58.37,0
671,16,80.85,97.78,80.21,37.39,10.59,55.36,0
671,17,78.82,98.19,85.27,38.19,11.42,56.52,0
671,18,80.53,98.40,85.44,37.37,11.18,54.76,0
671,19,80.83,98.01,83.14,38.54,10.46,56.39,0
672,0,69.69,97.02,79.27,36.07,10.42,49.40,0
672,1,72.31,97.08,82.60,36.48,10.90,48.57,0
672,2,73.10,96.94,79.35,35.20,10.83,48.28,0
672,3,72.84,97.15,77.93,36.38,11.08,49.31,0
672,4,72.86,96.92,81.73,36.61,10.53,47.80,0
672,5,70.21,97.03,82.76,35.97,11.08,48.94,0
672,6,70.51,97.26,82.60,36.92,11.32,50.88,0
672,7,72.35,97.52,83.49,36.51,10.44,49.21,0
672,8,70.38,97.68,81.37,36.88,11.00,50.78,0
672,9,70.07,97.40,79.89,36.92,11.00,47.94,0
672,10,71.80,96.98,82.85,36.69,10.84,48.95,0
672,11,70.04,97.34,78.81,36.96,11.17,47.56,0
672,12,69.61,97.67,78.88,35.46,11.28,51.14,0
672,13,69.80,97.02,81.42,35.53,10.74,48.49,0
672,14,69.52,97.14,79.45,37.08,10.38,47.73,0
672,15,71.51,97.20,81.23,36.47,10.35,50.66,0
672,16,71.41,97.69,78.00,36.31,10.56,49.89,0
672,17,68.46,97.23,77.78,36.37,10.85,50.09,0
672,18,70.08,97.02,81.36,36.17,10.77,49.35,0
672,19,69.72,97.39,81.16,36.57,10.70,48.23,0
673,0,80.93,98.20,84.58,32.80,12.80,46.52,0
673,1,81.84,98.20,82.67,32.44,12.95,44.14,0
673,2,81.73,98.13,86.68,33.29,12.90,45.16,0
673,3,80.27,98.24,83.72,33.00,12.32,44.39,0
673,4,79.35,97.97,82.16,33.69,12.71,44.59,0
673,5,82.01,97.80,86.59,33.03,12.70,47.02,0
673,6,82.05,98.14,86.96,33.92,12.43,46.25,0
673,7,78.73,97.86,85.60,33.52,12.46,45.49,0
673,8,82.29,98.19,84.18,34.12,12.53,45.73,0
673,9,81.58,97.71,83.50,33.13,12.00,45.00,0
673,10,80.23,97.56,81.33,32.31,12.19,46.37,0
673,11,78.66,97.76,80.59,32.35,12.67,44.48,0
673,12,79.19,97.87,82.56,33.69,12.25,43.96,0
673,13,79.08,97.83,80.24,33.52,12.73,47.59,0
673,14,80.03,98.12,84.54,32.87,12.47,45.97,0
673,15,78.78,97.74,83.82,33.38,12.13,45.80,0
673,16,79.39,98.23,80.83,32.29,12.29,44.93,0
673,17,79.15,98.17,81.13,32.83,12.43,44.59,0
673,18,78.18,97.54,85.89,32.95,11.83,47.04,0
673,19,79.17,98.19,82.61,32.50,12.23,46.24,0
674,0,90.50,98.21,90.48,37.05,12.74,54.18,0
674,1,88.98,98.87,89.86,37.09,13.32,53.74,0
674,2,89.14,98.26,88.96,37.04,12.80,53.11,0
674,3,91.79,98.28,90.71,37.19,12.68,51.30,0
674,4,89.29,98.50,88.91,36.87,12.84,52.58,0
674,5,91.59,98.17,89.76,38.10,13.07,50.54,0
674,6,88.68,98.70,88.05,37.45,13.01,53.72,0
674,7,89.85,98.54,87.46,37.22,12.23,51.94,0
674,8,88.87,98.55,86.63,38.18,13.10,51.39,0
674,9,90.18,98.43,89.51,37.89,13.34,54.36,0
674,10,88.72,98.21,87.35,36.96,12.68,53.99,0
674,11,87.48,98.50,87.44,37.60,12.30,53.57,0
674,12,87.73,98.45,87.66,36.54,13.20,53.99,0
674,13,90.09,98.82,87.09,36.79,13.23,54.46,0
674,14,87.72,98.10,86.15,37.35,12.31,51.81,0
674,15,87.63,98.44,89.02,37.31,12.27,52.73,0
674,16,88.18,98.28,85.22,37.35,12.43,52.70,0
674,17,90.37,98.67,87.38,37.36,12.87,51.81,0
674,18,89.77,98.61,88.26,38.19,13.15,50.76,0
674,19,89.30,98.27,86.64,37.32,13.29,52.19,0
675,0,86.96,97.69,83.87,35.04,14.15,62.28,0
675,1,85.64,97.96,83.75,34.30,13.60,61.44,0
675,2,87.55,97.73,84.42,35.27,13.97,62.35,0
675,3,85.95,97.90,83.02,35.60,14.44,60.54,0
675,4,88.21,97.64,83.06,35.54,14.03,59.95,0
675,5,87.36,97.75,83.53,34.69,14.32,63.16,0
675,6,87.09,97.40,84.40,34.01,13.87,60.80,0
675,7,86.46,98.16,79.12,35.57,13.51,63.34,0
675,8,86.16,98.15,83.91,34.55,14.46,59.54,0
675,9,84.65,98.12,81.13,35.14,14.24,60.63,0
675,10,83.47,97.83,78.87,35.30,14.06,62.24,0
675,11,86.08,97.70,81.55,33.84,13.50,61.19,0
675,12,86.16,97.62,78.79,34.50,13.84,62.99,0
675,13,83.63,97.43,78.55,35.21,13.83,61.67,0
675,14,83.65,97.67,80.57,35.25,13.70,62.76,0
675,15,84.58,98.19,79.10,35.02,13.57,62.72,0
675,16,83.66,98.03,79.80,34.51,13.64,62.15,0
675,17,84.44,97.79,82.70,34.70,14.14,61.74,0
675,18,86.58,98.08,81.02,34.96,14.02,61.96,0
675,19,84.00,97.61,79.18,34.96,14.09,60.18,0
676,0,71.78,98.57,88.51,33.65,10.78,46.23,0
676,1,74.83,98.67,90.02,34.21,11.04,45.91,0
676,2,74.57,99.03,93.53,33.28,10.55,46.31,0
676,3,73.78,98.78,91.29,34.23,10.96,45.28,0
676,4,72.82,98.42,89.52,32.97,10.86,45.01,0
676,5,75.49,98.87,90.19,33.43,10.72,44.58,0
676,6,74.52,99.03,88.76,33.91,11.15,45.22,0
676,7,75.20,98.52,93.30,34.19,10.77,43.65,0
676,8,71.56,98.85,90.83,34.09,10.92,44.83,0
676,9,73.67,98.48,92.04,33.77,10.62,44.08,0
676,10,79.28,98.74,87.05,34.32,11.36,43.68,0
676,11,80.29,98.46,80.16,33.63,11.07,40.27,0
676,12,83.38,98.87,77.97,34.50,11.39,39.15,1
676,13,81.10,98.55,81.01,32.66,10.47,42.16,0
676,14,80.27,98.32,81.61,34.29,11.23,40.58,0
676,15,72.90,98.26,90.30,34.22,10.36,43.71,0
676,16,72.81,99.01,88.93,34.48,10.75,43.84,0
676,17,73.19,98.60,87.01,32.93,10.30,46.26,0
676,18,73.26,98.72,88.87,33.47,11.35,46.90,0
676,19,73.32,98.64,89.70,32.89,11.31,46.50,0
677,0,82.24,97.92,87.17,38.46,13.67,57.42,0
677,1,81.83,98.14,86.41,38.53,14.56,56.84,0
677,2,82.39,97.41,85.67,38.24,13.94,57.17,0
677,3,80.08,97.45,87.56,38.27,14.39,56.92,0
677,4,81.14,97.42,86.77,38.11,14.78,57.02,0
677,5,80.51,97.81,85.71,38.66,13.90,54.43,0
677,6,83.07,97.54,85.25,38.76,13.95,54.01,0
677,7,83.39,97.43,87.23,38.47,13.82,57.24,0
677,8,80.66,97.55,84.16,38.72,14.57,56.34,0
677,9,79.08,97.82,83.14,39.45,13.67,53.83,0
677,10,80.29,97.75,88.51,39.06,13.90,54.86,0
677,11,80.18,97.60,87.25,38.03,14.14,54.12,0
677,12,80.57,97.86,87.08,38.81,14.02,56.22,0
677,13,78.77,98.17,87.42,38.90,14.68,56.93,0
677,14,80.71,97.94,86.47,38.99,14.20,56.60,0
677,15,78.66,98.17,83.04,38.11,13.82,57.14,0
677,16,78.61,97.62,87.10,38.31,14.81,57.44,0
677,17,78.70,97.53,87.02,37.73,14.78,54.66,0
677,18,82.01,97.75,83.93,38.42,14.52,54.12,0
677,19,79.45,98.01,86.34,37.94,13.68,56.04,0
678,0,85.92,98.45,82.22,33.31,12.28,62.10,0
678,1,88.12,98.90,82.50,33.45,13.08,58.98,0
678,2,87.52,98.69,80.01,34.00,12.27,60.87,0
678,3,88.23,98.30,77.55,32.54,12.70,59.98,0
678,4,89.11,98.31,78.71,33.92,12.50,59.45,0
678,5,85.38,98.21,79.03,32.56,12.96,62.10,0
678,6,88.90,98.89,78.12,33.51,13.32,59.32,0
678,7,85.92,98.29,82.11,32.60,12.74,62.28,0
678,8,85.14,98.86,81.20,33.48,12.58,59.86,0
678,9,88.21,98.32,76.66,33.66,12.87,62.16,0
678,10,86.73,98.15,80.75,33.94,12.88,61.33,0
678,11,87.16,98.53,76.63,33.71,13.33,59.23,0
678,12,85.40,98.26,77.69,34.22,13.30,59.63,0
678,13,85.62,98.78,80.54,33.09,13.10,60.12,0
678,14,85.49,98.48,80.51,32.39,12.49,60.39,0
678,15,87.04,98.32,78.20,32.97,12.23,62.40,0
678,16,85.46,98.44,79.82,32.76,12.67,62.57,0
678,17,87.19,98.42,82.01,33.58,12.47,59.42,0
678,18,88.18,98.88,78.29,33.95,12.47,61.77,0
678,19,84.75,98.29,78.33,33.16,12.66,59.30,0
679,0,84.06,97.27,91.41,38.33,14.14,55.94,0
679,1,85.09,97.50,94.39,38.43,13.97,55.09,0
679,2,87.61,97.33,93.38,37.37,13.87,53.99,0
679,3,84.57,97.17,93.70,37.78,14.49,56.16,0
679,4,88.56,97.17,93.00,38.01,14.32,56.40,0
679,5,84.97,97.55,91.57,39.10,13.72,57.73,0
679,6,86.81,97.46,94.61,37.76,14.70,54.96,0
679,7,85.16,97.63,95.08,37.40,14.20,57.32,0
679,8,84.92,97.67,95.28,38.52,14.57,56.41,0
679,9,84.03,97.77,91.18,38.85,14.22,55.71,0
679,10,87.71,97.83,93.46,37.64,14.16,57.27,0
679,11,83.57,97.85,88.98,38.56,14.15,57.33,0
679,12,84.21,97.74,88.70,37.99,13.65,54.58,0
679,13,85.81,97.87,91.07,38.54,13.79,53.80,0
679,14,85.73,97.49,91.97,38.52,14.64,55.32,0
679,15,85.66,97.74,93.13,37.90,13.85,54.27,0
679,16,85.31,97.93,88.79,37.33,13.60,56.49,0
679,17,86.68,97.55,89.34,37.44,14.02,54.26,0
679,18,86.06,97.66,92.79,37.53,13.70,56.49,0
679,19,83.94,97.42,92.79,38.77,14.18,54.15,0
680,0,90.93,98.71,80.63,36.88,9.96,60.47,0
680,1,92.63,98.60,80.78,38.05,10.85,60.23,0
680,2,89.60,98.37,76.22,37.20,10.66,59.94,0
680,3,92.10,98.08,78.14,38.47,10.40,61.01,0
680,4,91.53,98.75,81.14,37.97,10.68,58.53,0
680,5,91.74,98.26,76.50,37.65,10.58,60.67,0
680,6,92.85,98.40,76.40,37.66,10.82,58.84,0
680,7,91.62,98.70,81.48,38.58,9.89,60.90,0
680,8,90.76,98.50,81.67,37.70,10.01,61.68,0
680,9,97.41,98.41,72.25,36.83,10.64,55.53,0
680,10,100.10,98.09,65.77,38.03,10.09,55.98,0
680,11,100.73,98.37,66.30,37.36,10.42,53.63,1
680,12,98.25,98.03,66.72,36.86,10.31,56.29,0
680,13,97.70,98.33,74.24,36.79,10.20,55.21,0
680,14,88.89,98.72,75.90,36.85,10.93,58.33,0
680,15,89.17,98.50,79.88,38.41,10.66,60.67,0
680,16,88.93,98.61,78.96,37.43,10.35,60.21,0
680,17,92.00,98.74,75.98,38.24,9.90,58.31,0
680,18,91.27,98.33,76.12,38.36,10.10,58.92,0
680,19,89.95,98.54,80.58,36.66,10.45,59.13,0
681,0,82.19,98.66,83.59,38.21,12.29,53.20,0
681,1,80.97,98.44,79.33,37.69,12.30,52.83,0
681,2,84.64,98.25,81.18,37.95,12.36,52.84,0
681,3,83.09,98.66,82.43,38.95,12.22,51.88,0
681,4,82.55,98.48,79.14,37.05,12.40,51.71,0
681,5,84.83,98.42,81.57,38.00,12.07,55.33,0
681,6,83.33,98.58,84.32,38.56,11.49,54.84,0
681,7,83.29,98.55,79.03,37.32,11.72,52.10,0
681,8,84.76,98.23,83.11,38.53,11.70,54.09,0
681,9,90.39,98.48,76.66,38.68,11.62,50.34,0
681,10,89.94,98.94,69.86,37.26,11.83,49.67,0
681,11,93.71,98.45,65.83,37.99,12.42,48.04,1
681,12,89.64,98.68,69.52,38.59,11.78,48.75,0
681,13,85.97,98.24,76.89,38.83,11.34,51.92,0
681,14,80.88,98.21,82.53,38.63,11.95,52.60,0
681,15,80.66,98.67,78.15,37.95,11.74,52.37,0
681,16,81.98,98.46,82.98,38.08,11.59,51.60,0
681,17,83.28,98.50,77.86,37.82,11.67,54.37,0
681,18,81.58,98.24,83.10,37.90,12.23,52.29,0
681,19,82.76,98.51,83.07,37.97,12.28,53.14,0
682,0,72.46,98.28,78.05,34.50,11.71,45.87,0
682,1,70.93,98.75,82.96,34.18,12.40,47.59,0
682,2,72.64,98.66,78.75,34.95,12.20,45.92,0
682,3,72.41,98.75,83.63,35.81,12.79,45.90,0
682,4,73.58,98.50,81.18,35.68,11.92,45.63,0
682,5,72.25,98.20,82.34,34.26,12.15,46.56,0
682,6,70.08,98.74,82.89,34.06,12.04,46.14,0
682,7,71.75,98.34,79.00,35.27,11.66,47.42,0
682,8,71.02,98.51,79.02,35.34,12.29,46.70,0
682,9,69.94,98.86,78.56,35.43,11.97,46.86,0
682,10,71.95,98.56,80.17,35.11,12.18,46.63,0
682,11,68.66,98.62,78.10,35.17,12.08,47.30,0
682,12,70.38,98.62,79.09,34.94,12.05,47.29,0
682,13,68.71,98.35,79.03,35.45,12.12,47.52,0
682,14,68.23,98.85,79.59,34.19,12.72,46.52,0
682,15,69.33,98.40,79.24,34.32,11.92,47.66,0
682,16,71.78,98.89,81.26,35.19,12.36,46.08,0
682,17,70.46,98.76,77.26,34.93,11.82,48.19,0
682,18,69.18,98.69,80.33,34.87,12.33,44.48,0
682,19,69.56,98.14,77.94,35.38,12.27,46.67,0
683,0,84.79,98.49,85.31,33.08,11.99,48.47,0
683,1,86.25,98.01,83.35,33.52,11.69,48.55,0
683,2,86.78,98.47,82.09,32.70,12.03,49.75,0
683,3,86.99,98.37,82.47,32.74,11.70,47.06,0
683,4,85.72,98.18,86.15,33.72,11.74,49.76,0
683,5,86.08,98.04,84.02,33.99,11.57,48.58,0
683,6,84.42,98.12,85.68,32.48,11.30,47.08,0
683,7,87.01,98.39,82.53,32.34,11.87,48.13,0
683,8,87.27,98.38,86.33,33.26,11.23,49.60,0
683,9,84.56,98.10,87.20,33.21,10.88,49.24,0
683,10,92.64,98.74,77.18,33.12,11.05,45.97,0
683,11,91.90,98.70,71.22,33.21,11.03,45.67,0
683,12,93.75,98.51,67.57,34.03,11.43,42.21,1
683,13,90.91,98.29,73.20,32.70,11.88,43.41,0
683,14,88.89,98.79,79.24,33.25,11.58,45.25,0
683,15,85.00,98.49,81.65,34.00,11.17,48.13,0
683,16,86.11,98.27,82.99,33.14,11.83,50.26,0
683,17,84.49,98.33,83.15,34.13,11.17,49.10,0
683,18,85.83,98.31,85.28,33.73,11.35,49.02,0
683,19,84.56,98.51,82.11,32.38,11.29,47.08,0
684,0,85.97,97.48,90.42,37.28,12.64,56.50,0
684,1,87.27,97.62,89.25,38.85,13.01,56.71,0
684,2,85.56,97.76,87.33,38.85,12.73,56.30,0
684,3,88.61,97.34,90.00,38.37,13.21,54.45,0
684,4,88.41,97.17,88.25,38.34,12.56,55.82,0
684,5,88.60,97.60,92.09,37.77,13.53,54.22,0
684,6,89.14,97.46,90.26,39.01,13.40,53.45,0
684,7,88.41,97.83,90.87,37.55,12.72,54.81,0
684,8,87.96,97.91,87.17,38.77,13.69,54.34,0
684,9,85.16,97.81,91.16,37.94,12.78,53.62,0
684,10,86.87,97.23,89.23,38.78,13.66,56.66,0
684,11,84.28,97.87,91.13,38.86,13.48,56.49,0
684,12,84.84,97.95,88.45,38.07,13.37,56.20,0
684,13,86.35,97.67,90.45,38.77,13.43,53.61,0
684,14,85.98,97.22,88.78,38.28,12.65,53.37,0
684,15,85.60,97.67,86.29,38.06,12.80,55.85,0
684,16,86.05,97.22,90.80,38.79,12.63,54.36,0
684,17,86.16,97.94,86.48,37.71,13.13,53.22,0
684,18,87.58,97.75,86.53,37.27,13.33,55.56,0
684,19,85.71,97.86,88.16,38.01,12.73,56.77,0
685,0,82.93,98.69,95.99,35.76,11.34,57.85,0
685,1,83.38,98.53,94.63,34.50,11.51,54.26,0
685,2,81.45,98.54,94.96,35.42,11.02,58.15,0
685,3,82.10,98.86,95.11,34.26,11.00,55.72,0
685,4,81.05,98.81,97.79,34.94,11.24,56.42,0
685,5,83.33,98.61,97.61,35.11,11.38,55.41,0
685,6,80.57,98.80,94.51,34.27,11.53,54.56,0
685,7,83.37,98.62,94.88,34.81,11.57,55.70,0
685,8,83.20,98.78,93.79,35.70,11.60,55.24,0
685,9,80.48,98.68,93.45,34.85,11.38,57.40,0
685,10,83.28,98.45,96.80,35.95,11.14,54.92,0
685,11,79.58,98.75,95.96,34.49,11.30,56.39,0
685,12,81.28,98.38,91.40,34.91,10.92,57.22,0
685,13,82.36,98.73,90.62,35.20,11.32,57.20,0
685,14,79.60,98.83,94.97,35.36,10.96,58.14,0
685,15,82.68,98.63,91.51,35.27,10.74,55.82,0
685,16,79.53,98.78,91.47,34.69,10.90,54.46,0
685,17,81.25,98.57,92.06,35.66,10.86,56.42,0
685,18,79.94,98.71,93.48,35.22,11.18,57.89,0
685,19,82.78,98.41,95.98,34.43,11.46,56.64,0
686,0,81.22,97.64,96.59,34.22,15.86,50.03,0
686,1,79.88,97.90,98.26,33.74,15.37,49.75,0
686,2,79.46,98.01,93.95,34.68,16.00,49.90,0
686,3,79.57,97.60,94.42,35.30,16.24,50.09,0
686,4,81.99,97.56,96.26,35.42,16.32,50.01,0
686,5,80.87,97.75,94.42,34.49,15.66,49.11,0
686,6,79.83,97.87,98.52,35.58,16.47,49.31,0
686,7,81.33,97.76,97.07,34.94,15.74,51.47,0
686,8,78.73,98.23,97.80,34.20,16.37,51.04,0
686,9,78.08,97.60,94.66,33.81,15.70,49.23,0
686,10,77.59,98.03,95.86,34.32,15.76,50.65,0
686,11,78.30,98.27,93.79,35.25,15.41,48.15,0
686,12,79.46,97.82,92.48,35.25,15.29,49.50,0
686,13,80.38,97.74,95.70,34.75,16.08,51.44,0
686,14,79.62,97.81,93.90,34.35,15.64,48.39,0
686,15,76.68,97.77,92.16,34.64,16.36,48.91,0
686,16,80.02,97.90,97.15,35.50,15.69,49.30,0
686,17,79.58,97.84,96.59,35.06,16.04,49.64,0
686,18,80.12,97.77,92.72,35.42,15.49,47.82,0
686,19,80.34,97.92,98.28,34.94,16.00,47.66,0
687,0,89.69,98.30,82.13,36.86,14.70,42.92,0
687,1,93.30,98.67,79.15,38.67,14.36,41.35,0
687,2,89.70,98.51,83.13,38.12,15.25,41.04,0
687,3,90.18,98.03,78.27,38.44,14.53,42.03,0
687,4,90.47,98.61,83.49,38.00,14.53,43.79,0
687,5,92.03,98.39,78.20,38.22,14.64,40.78,0
687,6,93.51,98.16,81.59,37.53,14.29,41.11,0
687,7,91.47,98.39,82.41,37.83,14.76,41.75,0
687,8,91.35,98.17,81.75,36.91,14.92,43.16,0
687,9,93.13,98.19,78.08,37.78,15.09,43.20,0
687,10,91.58,98.24,80.59,37.83,14.52,43.19,0
687,11,89.29,98.18,78.59,38.58,14.92,43.28,0
687,12,90.47,98.52,82.59,38.74,14.48,43.76,0
687,13,90.68,98.44,78.49,38.12,14.19,40.89,0
687,14,88.68,98.32,81.97,37.65,14.91,41.11,0
687,15,91.98,98.27,79.41,38.78,14.88,43.71,0
687,16,90.58,98.68,78.11,37.11,14.48,41.55,0
687,17,92.57,98.40,80.60,36.91,14.70,44.39,0
687,18,91.41,97.94,77.26,37.53,15.13,41.39,0
687,19,90.37,97.93,79.31,37.89,14.54,44.10,0
688,0,86.83,97.98,79.75,38.48,11.28,45.61,0
688,1,86.77,98.17,79.29,38.96,11.41,45.19,0
688,2,85.45,98.69,84.80,39.19,11.62,43.80,0
688,3,87.66,98.37,80.88,38.97,11.61,45.21,0
688,4,85.52,98.37,81.51,38.49,11.53,45.75,0
688,5,88.73,98.44,81.53,39.38,12.02,46.79,0
688,6,87.06,98.42,83.12,39.28,11.34,46.87,0
688,7,86.09,98.22,84.09,37.85,11.22,46.94,0
688,8,87.98,97.90,78.79,37.85,11.28,46.10,0
688,9,88.28,98.62,81.30,39.25,11.30,46.61,0
688,10,85.10,97.95,82.80,38.74,11.83,46.71,0
688,11,84.44,98.08,78.06,37.98,11.25,43.51,0
688,12,85.73,98.52,78.83,38.57,11.36,44.48,0
688,13,86.26,98.65,79.31,38.71,11.64,45.79,0
688,14,86.13,98.48,79.45,39.13,12.01,43.84,0
688,15,85.37,98.41,79.21,39.43,11.63,44.92,0
688,16,84.39,98.45,81.17,37.76,10.90,43.84,0
688,17,87.63,98.37,81.92,39.66,11.65,45.84,0
688,18,86.38,98.24,80.95,38.09,11.09,45.30,0
688,19,86.74,98.40,80.78,38.03,12.00,43.87,0
689,0,77.08,97.18,98.20,37.42,14.57,57.68,0
689,1,77.35,97.80,94.70,38.03,13.76,58.61,0
689,2,77.70,97.13,98.14,37.19,14.32,57.47,0
689,3,76.23,97.43,98.86,37.44,13.70,58.85,0
689,4,79.36,97.66,96.95,37.78,14.54,58.33,0
689,5,79.48,97.73,99.85,37.20,13.82,56.83,0
689,6,78.36,97.15,98.29,37.76,14.45,57.23,0
689,7,76.82,97.86,95.75,37.23,14.13,55.11,0
689,8,78.44,97.15,97.89,37.28,14.41,56.09,0
689,9,78.80,97.23,93.99,38.37,14.19,55.12,0
689,10,75.62,97.09,94.12,37.37,14.53,56.08,0
689,11,78.38,97.35,98.50,37.19,14.34,56.87,0
689,12,78.03,97.60,97.34,37.17,13.71,55.21,0
689,13,76.87,97.61,94.53,37.56,14.56,57.59,0
689,14,74.72,97.61,93.61,38.04,14.03,58.79,0
689,15,75.69,97.77,96.37,38.02,14.03,57.57,0
689,16,75.94,97.89,94.17,36.74,14.01,55.21,0
689,17,74.92,97.52,95.93,37.13,14.09,58.92,0
689,18,76.77,97.66,93.93,36.75,13.85,58.08,0
689,19,77.86,97.72,94.93,37.69,13.88,55.21,0
690,0,69.77,98.62,97.10,36.40,15.49,48.05,0
690,1,70.19,98.73,94.34,36.72,14.69,49.18,0
690,2,70.16,98.68,93.58,37.51,15.50,46.88,0
690,3,71.90,99.21,98.47,37.36,14.98,49.14,0
690,4,72.51,98.67,98.44,38.30,14.56,46.04,0
690,5,72.02,99.16,95.18,36.48,15.31,47.07,0
690,6,72.77,98.60,94.14,37.32,15.01,47.33,0
690,7,70.96,98.57,94.81,36.80,15.43,49.14,0
690,8,75.46,98.87,87.39,37.31,14.54,42.45,0
690,9,77.96,99.17,86.59,38.09,14.78,44.00,0
690,10,81.31,98.82,79.30,36.63,15.13,41.90,1
690,11,78.38,98.70,84.87,37.79,15.35,44.39,0
690,12,74.52,98.67,88.14,37.23,14.56,43.83,0
690,13,70.09,98.98,93.91,38.28,15.52,47.92,0
690,14,67.74,98.68,95.94,37.03,15.40,48.93,0
690,15,70.50,98.53,96.58,37.43,15.42,45.66,0
690,16,68.89,98.78,94.72,38.26,15.31,47.68,0
690,17,69.68,98.86,96.05,37.11,14.91,48.84,0
690,18,70.58,99.23,96.46,37.04,14.87,48.10,0
690,19,69.46,99.14,95.39,37.49,14.68,46.78,0
691,0,75.13,97.86,89.95,32.65,14.52,60.92,0
691,1,75.45,98.24,93.09,33.40,14.15,61.25,0
691,2,75.69,98.21,93.66,33.82,14.68,58.15,0
691,3,74.73,98.08,89.55,32.91,13.64,59.77,0
691,4,76.21,97.66,89.67,32.98,14.19,58.04,0
691,5,76.64,97.82,88.61,33.29,14.52,59.37,0
691,6,74.31,98.07,88.54,33.35,14.46,60.74,0
691,7,74.86,97.68,88.90,33.63,14.28,59.60,0
691,8,75.92,97.88,91.69,33.28,14.49,57.68,0
691,9,75.62,97.75,90.38,33.93,14.26,59.91,0
691,10,75.09,97.73,90.21,33.76,14.59,57.88,0
691,11,75.89,97.61,88.01,33.21,14.32,58.38,0
691,12,72.59,98.15,87.20,33.09,14.77,60.89,0
691,13,73.73,98.32,90.84,33.67,14.43,57.73,0
691,14,73.94,97.74,90.89,32.26,14.63,59.49,0
691,15,72.01,97.83,87.97,33.15,14.74,59.38,0
691,16,73.44,98.04,89.47,32.34,14.59,59.37,0
691,17,73.78,97.71,92.51,33.09,14.11,61.36,0
691,18,76.50,97.75,89.54,33.48,14.12,59.76,0
691,19,76.48,98.27,91.37,33.09,13.94,59.75,0
692,0,90.23,97.85,91.42,34.92,10.90,42.04,0
692,1,89.40,97.31,89.48,35.42,11.05,40.98,0
692,2,88.40,97.85,92.84,34.77,11.19,40.88,0
692,3,89.84,97.93,92.46,35.80,11.73,43.72,0
692,4,92.03,97.47,93.97,36.04,11.63,41.00,0
692,5,91.27,97.77,92.85,35.55,11.41,40.62,0
692,6,89.97,97.31,88.92,35.16,10.54,41.71,0
692,7,91.01,97.63,89.61,35.30,10.73,43.00,0
692,8,90.60,97.86,92.72,35.81,10.61,41.24,0
692,9,89.20,97.27,93.32,36.25,10.72,44.01,0
692,10,89.58,97.76,89.55,34.88,11.26,42.97,0
692,11,89.02,97.71,88.45,36.11,11.24,41.75,0
692,12,87.30,97.32,93.18,35.37,11.50,41.96,0
692,13,89.45,97.68,88.63,35.20,11.70,40.46,0
692,14,88.45,97.32,91.46,35.70,10.55,42.67,0
692,15,87.53,97.70,87.51,35.03,11.32,41.36,0
692,16,87.08,97.68,87.33,35.82,11.50,42.23,0
692,17,89.12,97.15,89.34,35.54,11.06,43.78,0
692,18,88.31,97.22,89.85,35.72,10.64,42.35,0
692,19,90.29,97.41,92.75,35.30,11.30,41.94,0
693,0,71.88,98.42,90.83,35.41,14.94,47.41,0
693,1,68.84,98.66,91.36,36.32,15.94,48.70,0
693,2,68.69,98.59,92.17,35.34,15.90,46.73,0
693,3,71.56,98.45,90.51,35.81,15.17,47.65,0
693,4,71.93,98.00,90.92,36.08,15.74,48.95,0
693,5,72.58,98.38,89.73,35.09,15.35,47.00,0
693,6,70.86,98.63,88.50,35.06,15.92,48.36,0
693,7,72.25,98.46,92.00,36.00,15.49,48.31,0
693,8,68.69,98.60,91.38,35.60,15.71,47.01,0
693,9,71.10,98.37,88.01,35.44,15.36,46.24,0
693,10,71.03,98.40,86.72,36.88,15.71,47.64,0
693,11,68.88,98.72,87.86,36.04,15.62,46.26,0
693,12,67.47,98.47,89.80,36.75,15.44,48.65,0
693,13,69.84,98.15,88.38,36.88,15.41,45.89,0
693,14,67.34,98.43,90.15,35.13,15.22,49.73,0
693,15,67.51,98.17,87.76,35.12,15.14,47.48,0
693,16,69.67,98.70,90.88,35.64,15.08,48.45,0
693,17,68.88,98.37,86.52,36.20,15.19,46.43,0
693,18,70.38,98.62,91.97,35.96,15.55,46.88,0
693,19,70.74,98.60,86.60,35.00,15.94,46.62,0
694,0,75.80,98.01,82.90,35.82,12.86,58.73,0
694,1,73.53,98.54,86.42,36.44,12.13,59.01,0
694,2,74.21,97.94,85.51,36.05,12.76,55.38,0
694,3,74.99,98.25,82.60,36.01,12.70,56.88,0
694,4,75.06,98.51,86.10,36.43,12.16,55.59,0
694,5,73.02,98.54,86.04,36.87,12.63,58.58,0
694,6,74.54,98.11,84.05,36.45,12.55,56.43,0
694,7,76.31,97.85,87.94,35.35,12.81,59.13,0
694,8,73.04,98.33,81.94,35.70,13.29,58.63,0
694,9,75.07,98.11,86.45,36.79,13.11,58.06,0
694,10,72.94,98.23,86.82,36.52,12.90,55.48,0
694,11,73.01,98.14,85.76,36.64,12.19,55.72,0
694,12,74.46,98.44,82.25,36.69,12.78,56.83,0
694,13,73.13,98.07,82.79,36.47,12.76,56.64,0
694,14,71.64,98.32,86.56,36.70,12.34,55.32,0
694,15,71.49,98.20,84.29,36.34,12.64,58.42,0
694,16,73.03,97.89,83.51,36.98,13.08,55.73,0
694,17,72.46,98.03,84.81,36.93,12.80,55.86,0
694,18,74.41,98.47,86.42,35.96,12.61,57.09,0
694,19,73.65,98.18,81.73,36.27,12.88,59.16,0
695,0,75.83,98.52,92.84,35.97,13.55,43.72,0
695,1,76.78,98.35,93.58,35.58,13.27,42.37,0
695,2,75.18,98.83,91.92,35.78,12.60,44.13,0
695,3,75.40,98.28,92.57,37.00,13.32,44.94,0
695,4,77.07,98.54,96.28,35.81,13.42,43.40,0
695,5,77.35,98.24,93.51,36.15,13.33,42.41,0
695,6,76.79,98.52,93.96,37.06,13.49,42.24,0
695,7,74.90,98.82,96.13,36.19,13.46,42.69,0
695,8,75.82,98.93,94.43,35.52,12.91,43.23,0
695,9,83.62,98.53,88.62,36.46,13.51,40.61,0
695,10,84.49,98.35,82.57,35.38,13.19,40.16,0
695,11,86.76,98.64,76.43,35.25,13.46,39.56,1
695,12,81.96,98.29,81.25,35.49,13.52,41.47,0
695,13,83.09,98.95,87.28,36.47,12.46,42.24,0
695,14,76.49,98.47,93.70,35.27,13.25,42.92,0
695,15,75.24,98.80,92.84,35.25,12.85,44.38,0
695,16,76.37,98.88,90.77,35.75,13.37,42.79,0
695,17,74.27,98.36,90.45,37.05,12.55,42.76,0
695,18,74.37,98.67,93.42,36.75,13.33,45.42,0
695,19,77.56,98.91,91.61,36.26,12.85,42.77,0
696,0,82.96,99.11,95.18,36.58,9.71,45.41,0
696,1,85.50,98.63,93.99,36.71,10.63,45.52,0
696,2,86.57,98.69,94.75,37.57,9.75,45.37,0
696,3,86.08,98.50,96.04,36.10,10.21,44.22,0
696,4,84.17,98.90,97.94,36.47,9.85,43.80,0
696,5,84.83,98.98,92.57,37.28,9.80,44.23,0
696,6,85.41,98.60,95.54,35.80,9.90,45.30,0
696,7,85.16,98.79,94.72,37.26,10.36,46.32,0
696,8,84.82,99.02,97.17,35.86,10.87,46.53,0
696,9,84.83,99.10,93.95,36.05,10.11,44.33,0
696,10,85.73,98.61,91.87,35.78,9.99,43.00,0
696,11,85.18,99.25,92.36,35.73,10.32,45.96,0
696,12,82.81,98.91,96.23,37.57,10.67,46.53,0
696,13,85.96,98.72,90.75,35.66,9.73,44.16,0
696,14,83.71,98.61,94.75,35.76,10.14,43.60,0
696,15,82.15,98.67,95.72,35.87,10.10,46.40,0
696,16,84.55,98.75,91.84,36.31,9.86,44.75,0
696,17,85.27,98.75,92.17,35.72,10.87,44.13,0
696,18,83.00,98.86,91.27,36.44,10.00,42.54,0
696,19,84.62,99.06,92.50,37.03,10.49,42.71,0
697,0,81.93,98.07,99.75,32.90,11.39,43.52,0
697,1,84.60,98.04,97.15,32.73,11.66,41.05,0
697,2,83.82,98.05,96.36,34.08,11.90,41.26,0
697,3,84.97,97.89,99.86,33.52,11.56,43.41,0
697,4,86.19,98.44,95.72,33.97,11.47,43.91,0
697,5,85.68,98.14,100.65,32.22,12.01,40.84,0
697,6,83.19,97.98,98.38,33.32,11.60,43.41,0
697,7,86.31,98.24,97.83,33.14,11.21,43.51,0
697,8,82.75,98.40,99.23,33.56,11.37,41.13,0
697,9,82.61,98.15,98.34,32.44,11.45,43.07,0
697,10,84.41,98.45,98.28,33.24,11.50,41.52,0
697,11,82.42,98.15,95.45,32.43,11.84,43.10,0
697,12,83.89,97.90,96.05,32.26,11.72,40.63,0
697,13,82.18,98.20,96.05,32.79,11.80,43.55,0
697,14,81.54,97.92,98.88,33.62,11.91,42.60,0
697,15,82.93,97.89,97.32,33.91,11.95,43.76,0
697,16,81.47,98.22,99.18,32.55,11.17,43.94,0
697,17,83.49,97.87,98.86,32.30,10.92,41.71,0
697,18,84.80,97.97,97.79,33.32,11.92,40.49,0
697,19,82.91,98.17,99.91,33.93,11.37,42.04,0
698,0,82.60,97.69,92.14,37.94,14.40,41.72,0
698,1,80.01,97.71,92.26,37.56,14.99,44.98,0
698,2,80.16,97.60,92.72,37.85,14.97,44.91,0
698,3,83.66,97.70,93.13,37.22,14.70,44.82,0
698,4,80.97,97.60,92.66,37.59,14.94,42.88,0
698,5,83.59,97.85,90.20,36.02,14.37,42.02,0
698,6,81.21,97.69,91.92,36.86,15.02,44.71,0
698,7,83.00,98.05,90.64,37.84,14.50,42.80,0
698,8,83.16,98.05,93.75,37.49,15.01,43.62,0
698,9,81.40,97.72,92.75,37.23,15.02,42.08,0
698,10,81.88,97.80,91.45,36.15,15.21,42.82,0
698,11,82.55,97.61,93.26,36.66,14.88,43.49,0
698,12,81.08,97.94,90.51,37.39,15.12,44.86,0
698,13,81.61,97.79,92.19,36.15,15.23,41.64,0
698,14,81.39,97.65,91.47,36.92,14.74,41.38,0
698,15,81.07,98.09,90.32,36.28,15.02,43.16,0
698,16,80.56,98.11,92.13,37.53,14.13,42.37,0
698,17,81.47,97.98,93.98,36.31,14.30,42.42,0
698,18,80.22,98.19,90.54,37.37,15.14,43.21,0
698,19,81.73,98.03,90.84,36.64,14.55,44.54,0
699,0,78.85,98.11,94.80,36.90,9.76,45.65,0
699,1,81.27,97.75,92.07,37.30,10.07,45.33,0
699,2,79.80,98.30,91.56,36.80,10.47,47.51,0
699,3,81.49,98.18,95.38,37.55,9.78,45.28,0
699,4,78.43,97.80,95.17,38.21,10.28,47.80,0
699,5,81.54,98.20,95.85,38.25,10.45,47.12,0
699,6,79.47,97.98,91.04,37.20,10.64,45.72,0
699,7,78.56,97.67,95.41,36.63,10.56,48.33,0
699,8,80.03,97.74,94.20,38.35,10.51,45.56,0
699,9,78.81,98.25,92.48,37.73,9.69,48.19,0
699,10,78.99,97.62,93.01,37.47,10.20,47.20,0
699,11,77.98,98.06,90.01,37.56,10.51,45.64,0
699,12,79.12,97.98,94.02,37.47,9.98,44.92,0
699,13,77.73,98.38,91.42,38.07,9.87,46.20,0
699,14,76.87,98.31,94.58,37.67,10.19,48.25,0
699,15,77.20,98.15,91.10,36.77,10.62,48.03,0
699,16,79.38,98.11,92.27,36.78,10.51,45.55,0
699,17,80.01,97.61,91.51,37.22,9.94,45.78,0
699,18,78.67,98.25,92.15,37.10,9.94,45.06,0
699,19,79.21,98.10,94.24,36.72,10.03,47.13,0
700,0,84.27,97.16,84.60,35.99,10.85,60.41,0
700,1,83.27,96.84,80.12,34.36,10.29,58.31,0
700,2,85.81,97.15,83.22,34.75,10.84,60.11,0
700,3,86.54,96.99,80.97,35.72,10.30,58.66,0
700,4,85.45,96.89,85.03,35.29,10.18,59.04,0
700,5,85.81,97.21,81.43,35.35,11.07,61.09,0
700,6,85.13,96.70,84.04,35.93,10.25,62.02,0
700,7,84.41,97.20,82.52,34.60,10.84,58.54,0
700,8,83.16,97.05,81.24,35.76,10.64,61.09,0
700,9,85.30,97.29,80.96,36.00,10.33,60.08,0
700,10,84.97,97.21,78.84,36.23,10.45,60.60,0
700,11,85.04,96.85,82.48,36.16,10.87,61.02,0
700,12,84.84,96.73,79.22,34.89,10.42,60.70,0
700,13,84.17,97.02,81.34,35.95,10.47,61.05,0
700,14,85.22,97.42,78.70,35.47,10.99,58.80,0
700,15,83.32,97.20,82.45,34.86,10.16,60.46,0
700,16,85.59,97.00,79.73,36.15,10.46,60.25,0
700,17,83.71,96.82,82.70,35.58,11.16,60.20,0
700,18,84.54,97.01,80.98,35.73,10.26,61.70,0
700,19,86.29,97.37,80.40,34.94,10.07,60.08,0
701,0,73.62,98.05,88.84,35.79,11.13,61.18,0
701,1,74.78,97.33,85.68,35.88,10.26,59.66,0
701,2,73.24,98.08,89.40,35.11,10.49,62.72,0
701,3,75.20,97.65,91.04,35.76,10.31,60.94,0
701,4,75.03,97.58,90.74,35.92,10.24,60.27,0
701,5,76.14,97.84,89.81,36.39,10.57,62.07,0
701,6,76.36,97.37,88.50,35.74,10.61,63.14,0
701,7,75.98,97.69,85.89,35.71,10.94,61.79,0
701,8,75.68,97.46,91.20,36.60,10.95,62.40,0
701,9,72.39,97.44,89.07,35.64,10.82,62.29,0
701,10,73.98,97.55,89.81,36.84,10.55,62.07,0
701,11,72.85,97.82,87.52,37.10,9.99,61.22,0
701,12,72.53,97.63,89.94,37.05,10.45,62.98,0
701,13,72.25,97.59,87.59,35.59,10.58,59.91,0
701,14,71.85,97.45,89.45,36.97,10.57,61.09,0
701,15,74.93,97.89,86.57,36.61,10.83,60.65,0
701,16,71.44,97.37,90.51,35.90,11.07,60.46,0
701,17,71.65,98.04,85.70,36.17,10.44,61.42,0
701,18,74.75,97.45,89.50,36.66,11.11,61.20,0
701,19,72.37,97.61,89.99,36.53,10.73,60.98,0
702,0,80.20,97.34,80.37,33.81,11.74,44.39,0
702,1,81.75,97.14,78.70,32.34,12.05,44.66,0
702,2,81.10,97.42,79.42,32.28,11.72,43.45,0
702,3,79.34,97.42,83.02,33.25,11.75,42.87,0
702,4,80.10,97.14,81.26,33.28,11.88,41.35,0
702,5,78.68,97.53,82.35,33.00,12.27,44.10,0
702,6,79.28,97.04,79.61,33.89,11.35,44.91,0
702,7,81.78,96.98,78.16,33.63,12.44,43.28,0
702,8,79.75,97.07,81.56,32.96,12.26,43.24,0
702,9,78.30,97.61,78.50,32.35,11.92,44.78,0
702,10,78.49,97.05,82.00,32.46,11.47,43.86,0
702,11,77.79,96.99,81.93,33.25,12.44,41.24,0
702,12,78.17,97.05,80.31,33.99,12.22,41.61,0
702,13,78.31,97.28,78.67,32.18,11.58,41.60,0
702,14,78.33,97.26,76.41,32.56,11.78,44.23,0
702,15,78.98,96.84,80.45,32.90,12.17,43.93,0
702,16,77.40,97.32,76.40,32.92,12.15,43.90,0
702,17,79.84,97.44,78.44,33.44,11.58,43.00,0
702,18,80.98,96.91,77.78,32.32,12.32,44.70,0
702,19,79.78,96.92,77.06,33.57,12.37,43.30,0
703,0,89.58,98.70,83.74,34.58,15.02,46.28,0
703,1,90.08,98.95,82.55,33.65,15.40,49.03,0
703,2,89.35,98.51,81.91,33.57,15.20,48.26,0
703,3,88.39,98.39,83.55,34.64,15.57,48.62,0
703,4,88.28,98.84,81.59,34.39,15.91,49.57,0
703,5,89.05,98.78,81.48,33.55,15.36,49.70,0
703,6,90.53,98.41,79.22,32.85,16.04,46.17,0
703,7,89.89,98.79,82.19,34.74,15.18,46.94,0
703,8,86.81,98.58,81.51,33.87,15.80,48.85,0
703,9,88.29,98.94,83.86,33.37,15.62,47.46,0
703,10,88.56,98.28,77.73,34.41,16.04,49.06,0
703,11,87.15,98.43,82.96,34.06,15.52,46.24,0
703,12,87.63,98.48,78.49,34.31,15.11,49.55,0
703,13,85.77,98.48,80.04,33.23,15.82,47.74,0
703,14,86.97,98.98,82.34,34.23,16.00,48.15,0
703,15,89.40,98.69,80.52,34.20,15.42,49.67,0
703,16,85.90,98.97,81.46,34.44,15.70,46.07,0
703,17,87.21,98.54,82.63,33.70,14.98,47.91,0
703,18,88.20,98.79,81.57,32.91,15.19,47.27,0
703,19,89.95,98.52,79.39,33.86,15.44,46.18,0
704,0,83.24,97.83,83.99,37.66,15.71,50.80,0
704,1,81.31,97.65,85.33,38.02,15.87,52.34,0
704,2,84.28,97.82,85.17,36.65,15.67,53.61,0
704,3,84.43,97.40,84.45,37.87,15.49,52.76,0
704,4,83.01,97.51,87.01,38.09,15.52,53.03,0
704,5,84.91,97.70,88.42,38.15,15.77,52.70,0
704,6,81.97,97.92,85.24,37.97,15.44,52.96,0
704,7,82.58,97.51,87.86,38.16,16.07,50.98,0
704,8,82.66,97.43,82.81,37.14,16.34,52.85,0
704,9,81.41,97.90,86.71,37.39,15.64,53.47,0
704,10,82.28,97.37,84.97,37.61,16.49,53.05,0
704,11,82.64,97.89,84.80,37.65,16.53,51.31,0
704,12,81.77,97.96,83.04,37.22,15.83,52.76,0
704,13,82.94,97.58,86.64,37.02,15.88,53.24,0
704,14,82.38,97.56,86.61,36.55,16.21,51.76,0
704,15,83.31,97.69,85.84,37.20,15.77,53.30,0
704,16,80.67,97.75,84.60,36.34,15.69,52.77,0
704,17,82.84,97.80,84.02,37.60,16.48,53.38,0
704,18,81.98,97.77,85.20,36.26,16.24,52.90,0
704,19,80.37,97.27,87.28,37.52,16.53,51.86,0
705,0,79.56,97.51,78.29,37.09,12.15,52.90,0
705,1,82.86,97.18,77.09,37.90,12.12,53.91,0
705,2,80.06,97.44,76.43,37.98,12.49,55.79,0
705,3,83.82,97.73,82.53,37.57,11.60,56.12,0
705,4,82.65,97.60,76.84,36.93,12.26,54.07,0
705,5,83.11,97.01,76.88,36.79,12.44,52.89,0
705,6,80.51,97.41,81.69,38.27,12.48,54.06,0
705,7,83.47,97.38,77.48,37.04,12.48,55.74,0
705,8,83.41,97.66,77.69,36.86,12.35,53.75,0
705,9,82.00,97.43,78.61,37.41,12.10,55.78,0
705,10,79.95,97.50,78.56,37.95,12.46,54.64,0
705,11,80.69,97.74,79.32,38.24,12.07,53.90,0
705,12,79.12,97.07,81.08,37.63,12.09,55.02,0
705,13,82.02,97.31,79.98,36.85,11.66,55.85,0
705,14,79.64,97.47,76.16,37.86,11.92,53.59,0
705,15,81.71,97.54,80.40,38.47,12.15,53.41,0
705,16,78.84,97.15,78.54,37.69,12.31,52.16,0
705,17,80.05,97.06,76.79,38.19,11.41,55.12,0
705,18,80.99,97.07,81.20,38.02,12.03,53.08,0
705,19,79.92,97.03,78.12,37.68,11.85,53.49,0
706,0,85.89,97.85,84.33,33.35,15.44,52.01,0
706,1,86.75,97.98,85.52,34.07,15.14,54.12,0
706,2,87.64,97.94,83.54,32.72,15.39,53.08,0
706,3,86.20,97.60,84.98,34.00,15.68,55.13,0
706,4,88.00,98.13,82.50,32.54,14.94,53.52,0
706,5,90.10,97.53,83.11,32.81,16.03,52.61,0
706,6,89.25,97.99,84.16,33.43,15.27,53.91,0
706,7,87.15,97.66,82.18,34.03,16.09,54.54,0
706,8,85.78,97.99,81.27,34.02,14.94,54.56,0
706,9,89.15,97.76,85.35,33.73,14.96,53.95,0
706,10,89.04,97.67,83.77,32.85,15.96,51.92,0
706,11,86.52,97.69,83.77,32.57,15.39,54.44,0
706,12,88.52,97.92,84.81,34.33,15.54,53.09,0
706,13,87.66,98.02,84.53,33.16,15.01,52.95,0
706,14,86.46,97.64,79.74,33.35,15.29,53.70,0
706,15,86.69,97.60,83.15,34.02,15.61,51.66,0
706,16,84.98,97.56,81.73,32.42,15.45,54.28,0
706,17,85.63,98.24,81.31,32.94,15.99,53.30,0
706,18,89.06,98.26,85.08,33.05,16.03,52.86,0
706,19,88.81,97.96,81.26,32.69,15.84,54.12,0
707,0,92.08,97.23,91.97,34.56,10.80,45.23,0
707,1,89.36,96.68,88.01,33.98,10.87,43.06,0
707,2,89.91,97.05,90.02,34.40,11.59,43.02,0
707,3,89.73,96.79,93.00,33.67,11.80,45.93,0
707,4,90.29,97.13,92.62,34.74,11.63,42.98,0
707,5,90.46,97.39,87.78,35.20,11.31,43.30,0
707,6,89.12,96.93,88.55,34.04,10.87,45.50,0
707,7,90.30,97.41,92.90,34.81,11.15,44.80,0
707,8,90.25,97.08,88.21,34.45,10.75,42.38,0
707,9,88.98,97.39,91.25,33.68,10.82,44.34,0
707,10,97.52,97.17,81.76,33.74,11.62,40.31,0
707,11,96.33,97.05,81.86,34.18,11.05,40.03,0
707,12,101.53,96.64,77.86,34.01,11.42,41.26,1
707,13,99.30,97.22,76.89,34.20,10.81,39.35,0
707,14,97.28,97.40,84.79,33.79,11.40,41.74,0
707,15,89.43,96.65,87.01,35.09,11.06,44.41,0
707,16,89.91,96.89,86.75,35.11,11.20,45.95,0
707,17,90.49,96.75,87.31,35.25,11.16,42.63,0
707,18,88.17,97.41,88.02,35.23,10.73,43.96,0
707,19,89.62,97.10,89.63,35.62,10.76,45.77,0
708,0,69.99,98.89,84.86,37.91,11.76,47.68,0
708,1,70.13,98.57,83.97,37.90,11.36,44.51,0
708,2,70.11,98.78,87.14,36.77,12.15,45.60,0
708,3,72.45,99.12,87.52,37.48,12.28,44.36,0
708,4,72.14,98.54,84.52,37.33,11.86,44.45,0
708,5,71.05,98.65,88.17,37.85,11.58,46.02,0
708,6,71.95,98.65,88.54,38.58,12.39,44.94,0
708,7,69.75,99.14,85.70,38.55,12.49,45.74,0
708,8,71.91,98.37,83.75,36.76,11.47,45.85,0
708,9,70.78,99.05,87.51,37.61,11.38,44.76,0
708,10,71.08,99.08,86.96,37.18,11.71,46.92,0
708,11,69.24,98.82,83.61,37.38,11.94,45.51,0
708,12,69.83,98.96,81.98,37.99,11.78,47.51,0
708,13,70.25,98.89,82.99,38.55,12.18,45.97,0
708,14,71.44,98.59,82.83,37.71,11.55,45.66,0
708,15,70.37,98.44,83.33,38.40,11.82,48.15,0
708,16,69.59,99.00,85.47,38.42,12.28,45.79,0
708,17,68.66,98.60,84.72,38.54,12.17,45.70,0
708,18,69.95,98.98,84.82,36.88,12.51,45.75,0
708,19,72.36,98.87,83.38,37.56,11.88,44.39,0
709,0,84.36,97.71,95.63,37.53,12.39,59.57,0
709,1,85.13,98.14,100.58,38.66,12.19,62.66,0
709,2,86.36,97.91,100.86,37.29,12.19,62.44,0
709,3,84.75,97.53,101.43,36.91,12.63,62.07,0
709,4,86.62,97.71,99.59,37.81,11.86,62.92,0
709,5,83.27,97.81,96.45,38.80,11.93,63.03,0
709,6,83.70,97.77,101.23,38.81,12.11,60.95,0
709,7,86.57,98.01,100.38,37.94,12.39,60.77,0
709,8,84.56,97.77,95.33,37.17,12.17,60.10,0
709,9,86.32,97.81,98.55,37.64,12.27,59.88,0
709,10,84.00,97.55,99.35,38.78,12.76,62.72,0
709,11,84.95,98.16,97.01,38.74,11.79,62.94,0
709,12,85.30,97.79,99.09,37.91,11.85,59.23,0
709,13,85.25,97.69,98.95,37.35,11.74,61.82,0
709,14,85.27,98.13,94.70,38.63,11.73,61.85,0
709,15,83.10,98.04,99.91,38.36,12.35,59.78,0
709,16,84.42,98.19,99.35,38.70,12.67,61.66,0
709,17,85.82,97.85,96.66,36.98,12.04,62.75,0
709,18,83.88,97.78,96.86,37.99,12.29,59.59,0
709,19,83.92,97.59,95.74,37.05,11.75,63.04,0
710,0,87.71,99.17,93.66,37.02,11.30,60.46,0
710,1,91.37,98.86,91.10,35.85,11.70,60.97,0
710,2,91.12,98.91,91.50,36.22,11.78,61.03,0
710,3,91.07,98.66,95.60,36.06,11.49,59.87,0
710,4,90.26,99.17,95.85,35.59,12.21,62.69,0
710,5,88.91,99.20,91.19,35.48,11.26,63.67,0
710,6,91.07,98.90,91.88,36.12,11.69,62.06,0
710,7,88.58,99.18,94.35,36.93,11.29,61.25,0
710,8,89.89,98.76,92.30,36.19,12.00,63.73,0
710,9,87.80,99.05,93.68,36.56,11.41,60.65,0
710,10,88.17,99.12,93.46,36.21,11.13,61.83,0
710,11,87.55,99.06,92.39,35.78,11.88,63.59,0
710,12,86.90,98.76,94.12,35.89,11.28,61.21,0
710,13,87.86,99.05,93.79,36.34,11.74,61.73,0
710,14,87.84,99.08,90.41,35.55,12.23,61.12,0
710,15,87.77,98.57,91.17,37.33,11.23,62.21,0
710,16,90.25,99.04,94.81,35.62,11.82,61.14,0
710,17,90.17,98.72,94.09,36.12,11.51,61.04,0
710,18,87.60,99.11,93.44,35.86,11.41,61.60,0
710,19,88.91,99.06,91.92,35.62,11.19,60.54,0
711,0,88.49,97.08,94.38,35.43,13.54,42.80,0
711,1,88.25,97.27,96.40,34.99,13.87,45.82,0
711,2,89.62,97.65,98.46,34.84,13.87,42.24,0
711,3,91.63,97.63,96.42,35.30,13.35,45.09,0
711,4,90.82,97.51,98.28,35.67,13.60,44.76,0
711,5,90.01,97.19,97.91,35.17,14.22,45.75,0
711,6,90.01,97.13,98.14,34.73,13.34,45.87,0
711,7,88.42,97.07,95.58,34.85,13.88,43.38,0
711,8,94.21,97.56,89.49,36.25,13.63,41.74,0
711,9,97.42,96.93,88.12,35.76,13.81,40.59,0
711,10,98.52,97.49,84.03,36.51,13.80,38.34,1
711,11,95.55,97.11,87.51,36.63,13.68,39.59,0
711,12,93.56,97.66,89.59,35.83,13.19,39.18,0
711,13,87.89,97.43,91.87,35.66,13.42,44.57,0
711,14,87.42,97.50,96.59,34.85,13.88,45.75,0
711,15,86.51,97.71,95.35,35.02,13.80,44.05,0
711,16,86.64,97.12,95.05,34.84,14.09,43.72,0
711,17,88.51,97.08,93.44,34.76,13.67,44.18,0
711,18,87.26,97.69,97.49,36.43,13.23,41.92,0
711,19,89.76,97.63,94.77,35.29,13.81,45.53,0
712,0,70.90,97.91,94.74,38.72,13.77,58.11,0
712,1,71.99,98.29,97.92,37.71,12.86,57.70,0
712,2,71.98,97.84,96.23,37.65,13.60,56.34,0
712,3,71.88,98.34,98.53,38.71,13.62,56.64,0
712,4,74.28,98.17,98.81,38.74,13.63,59.71,0
712,5,73.33,97.89,99.19,38.11,13.25,57.19,0
712,6,75.22,98.02,94.97,38.35,13.77,57.05,0
712,7,71.36,98.37,96.38,39.41,13.22,58.89,0
712,8,72.00,97.77,99.32,39.41,13.65,58.96,0
712,9,71.43,98.12,97.48,39.54,13.68,57.11,0
712,10,73.91,98.27,99.97,38.98,13.36,59.49,0
712,11,73.02,98.48,98.26,39.60,12.74,57.31,0
712,12,70.22,98.33,99.20,38.37,13.28,59.62,0
712,13,73.34,98.36,94.56,39.51,13.05,58.64,0
712,14,70.25,98.17,96.23,39.59,12.77,59.63,0
712,15,72.82,97.71,97.11,39.14,13.29,56.61,0
712,16,70.96,97.99,95.40,38.47,12.92,57.74,0
712,17,73.96,97.91,94.27,38.61,13.70,59.94,0
712,18,73.51,98.34,94.40,38.92,12.80,59.87,0
712,19,70.93,98.43,96.94,38.33,13.37,59.78,0
713,0,85.51,98.77,96.84,33.54,15.43,56.29,0
713,1,86.37,99.05,96.90,35.27,16.51,56.19,0
713,2,87.29,99.13,95.57,33.69,15.59,57.25,0
713,3,85.37,99.28,96.70,34.66,15.97,56.71,0
713,4,88.68,99.18,95.11,33.38,15.84,55.86,0
713,5,85.47,98.56,93.50,34.89,15.92,56.54,0
713,6,88.94,99.08,98.71,33.44,16.05,55.06,0
713,7,86.07,99.28,95.41,34.90,16.41,54.56,0
713,8,88.13,98.95,96.81,33.39,15.45,54.06,0
713,9,84.49,99.03,96.93,33.55,15.55,54.95,0
713,10,84.89,98.86,93.41,33.91,16.36,57.67,0
713,11,85.63,99.19,93.37,35.05,15.55,55.98,0
713,12,86.97,98.55,93.61,34.10,15.74,56.25,0
713,13,84.39,98.61,96.93,33.79,15.50,57.47,0
713,14,86.40,98.57,97.03,33.50,16.22,57.37,0
713,15,86.86,99.21,94.47,34.81,16.35,54.62,0
713,16,83.68,98.52,92.03,34.40,15.73,54.17,0
713,17,87.22,98.52,93.78,33.79,15.56,54.17,0
713,18,86.66,99.02,93.63,33.77,16.39,54.20,0
713,19,85.51,99.28,93.86,34.08,15.98,57.11,0
714,0,76.35,96.98,84.88,32.81,11.64,61.33,0
714,1,78.99,97.45,89.26,32.81,11.40,61.50,0
714,2,78.53,97.52,89.66,32.92,11.37,61.66,0
714,3,79.16,97.61,87.20,32.95,12.31,62.93,0
714,4,79.36,97.19,86.38,33.23,12.42,63.23,0
714,5,78.49,96.82,84.83,32.59,11.38,62.86,0
714,6,78.57,97.04,90.24,33.59,11.49,60.52,0
714,7,78.26,97.30,85.29,33.80,11.29,63.08,0
714,8,76.56,97.57,84.11,33.84,11.71,60.70,0
714,9,78.10,97.34,85.70,32.74,12.11,62.89,0
714,10,76.43,96.91,88.43,33.96,12.37,59.93,0
714,11,77.40,97.02,87.92,32.20,12.39,62.73,0
714,12,77.71,97.51,87.86,32.49,11.26,60.59,0
714,13,78.04,97.45,85.55,32.90,11.87,59.60,0
714,14,78.92,97.25,86.62,33.57,12.15,61.26,0
714,15,77.36,96.93,86.32,32.30,11.97,59.81,0
714,16,77.14,97.20,87.01,32.18,11.74,62.59,0
714,17,76.06,97.61,89.13,32.46,11.61,61.52,0
714,18,77.83,97.05,87.36,32.14,12.00,63.18,0
714,19,77.73,97.41,87.26,33.64,11.25,61.04,0
715,0,85.49,97.81,85.62,36.67,14.96,47.55,0
715,1,86.46,97.90,85.53,35.71,14.97,45.27,0
715,2,87.08,97.79,82.49,35.62,14.88,48.28,0
715,3,86.29,98.00,85.86,36.53,15.38,47.06,0
715,4,87.07,97.98,83.74,36.27,15.17,46.19,0
715,5,87.67,97.97,83.14,37.03,15.33,46.07,0
715,6,87.58,98.04,82.84,35.98,15.51,47.27,0
715,7,87.29,97.97,82.28,36.61,14.65,45.68,0
715,8,85.55,97.99,82.00,36.19,14.36,46.33,0
715,9,86.19,98.23,83.85,35.57,14.43,45.25,0
715,10,84.89,97.68,85.30,35.89,14.89,45.34,0
715,11,86.78,98.25,83.44,36.86,14.84,48.72,0
715,12,85.73,97.68,83.90,35.32,15.43,46.70,0
715,13,84.65,98.36,81.94,35.38,14.52,45.93,0
715,14,83.77,97.84,83.22,36.85,14.72,45.25,0
715,15,86.28,98.08,83.39,35.31,14.40,48.62,0
715,16,86.46,97.93,80.73,37.13,15.33,46.88,0
715,17,86.12,98.04,81.29,35.42,15.33,48.78,0
715,18,86.57,98.03,86.40,37.13,15.24,45.60,0
715,19,86.97,97.80,87.03,36.08,14.48,45.69,0
716,0,71.52,97.61,86.02,38.36,14.88,50.66,0
716,1,71.21,97.67,87.07,38.67,15.02,49.64,0
716,2,70.04,97.95,85.79,38.04,15.22,49.72,0
716,3,73.28,98.25,84.88,38.43,15.25,52.84,0
716,4,71.53,97.81,88.07,38.65,15.22,52.89,0
716,5,71.42,98.02,84.53,39.30,14.55,52.58,0
716,6,70.49,97.84,85.22,39.09,14.64,49.12,0
716,7,69.95,98.28,84.74,38.55,14.30,51.78,0
716,8,69.95,97.58,86.84,38.32,14.42,52.90,0
716,9,69.70,97.86,83.78,39.29,15.23,49.87,0
716,10,71.22,97.67,84.05,39.53,15.46,49.26,0
716,11,72.32,97.93,83.29,39.18,15.34,50.83,0
716,12,71.69,97.82,84.93,38.55,14.50,52.70,0
716,13,70.89,97.66,83.15,38.25,14.56,52.14,0
716,14,69.34,97.73,84.08,38.50,14.95,52.49,0
716,15,70.93,97.97,84.70,38.27,14.29,49.76,0
716,16,71.23,97.79,86.99,38.47,14.76,51.32,0
716,17,70.42,97.98,82.51,38.45,14.75,52.26,0
716,18,70.55,98.23,83.10,38.58,14.33,51.75,0
716,19,72.88,97.91,87.57,39.04,14.93,52.17,0
717,0,84.30,98.60,84.69,39.05,12.83,58.33,0
717,1,83.51,98.93,86.97,39.25,12.61,60.88,0
717,2,82.27,99.01,86.78,39.55,12.62,60.99,0
717,3,83.75,98.73,88.31,38.29,12.45,59.46,0
717,4,83.13,98.95,83.96,39.12,12.67,61.02,0
717,5,82.84,98.79,87.70,38.52,12.64,60.30,0
717,6,82.70,98.53,84.88,38.43,12.54,62.14,0
717,7,83.27,98.93,84.01,39.61,12.38,62.17,0
717,8,86.07,98.98,83.76,39.21,12.51,62.01,0
717,9,82.10,98.69,86.86,37.96,12.29,58.93,0
717,10,85.23,98.95,87.97,37.85,12.50,59.05,0
717,11,85.05,98.89,82.45,38.07,12.71,60.34,0
717,12,82.79,98.39,86.60,39.60,12.93,61.79,0
717,13,81.60,98.57,82.98,38.10,12.52,58.29,0
717,14,83.13,98.67,87.02,39.42,12.08,59.62,0
717,15,84.20,99.16,86.26,38.04,12.21,61.99,0
717,16,81.25,98.55,82.27,39.74,12.90,61.74,0
717,17,84.98,99.06,87.79,39.08,12.07,60.71,0
717,18,82.15,98.50,84.76,39.48,12.84,59.04,0
717,19,85.66,98.98,83.00,39.68,12.30,59.27,0
718,0,72.08,97.86,94.39,35.59,15.21,58.63,0
718,1,71.89,97.59,91.55,34.32,15.23,55.57,0
718,2,75.03,97.43,91.42,35.18,14.42,59.08,0
718,3,75.46,97.41,93.31,34.18,15.04,58.80,0
718,4,72.08,97.96,94.96,35.18,15.29,57.34,0
718,5,72.49,97.79,90.95,35.61,15.46,59.29,0
718,6,72.82,97.61,93.89,33.91,15.16,58.97,0
718,7,73.98,97.80,91.61,35.65,14.94,55.98,0
718,8,71.39,97.74,91.23,35.47,14.69,58.32,0
718,9,71.82,97.48,89.46,35.88,15.17,55.39,0
718,10,70.72,97.79,91.91,35.57,14.29,56.30,0
718,11,74.09,97.40,89.65,34.48,14.69,58.51,0
718,12,71.39,98.13,90.79,35.21,14.89,55.62,0
718,13,72.40,97.54,89.83,35.22,15.01,56.74,0
718,14,71.00,97.69,89.80,34.71,15.06,58.61,0
718,15,73.99,97.60,92.05,35.17,14.29,56.07,0
718,16,71.97,97.99,91.96,34.01,15.45,57.32,0
718,17,70.51,97.95,89.77,34.85,14.89,56.80,0
718,18,72.19,97.80,93.03,35.78,14.79,57.38,0
718,19,74.09,97.62,95.00,34.13,15.01,57.70,0
719,0,80.96,97.37,82.64,33.53,11.21,54.96,0
719,1,78.40,97.81,85.40,33.82,10.82,55.95,0
719,2,81.25,97.91,81.94,32.29,10.78,53.03,0
719,3,81.33,97.30,87.07,33.44,10.88,54.20,0
719,4,78.62,98.00,82.35,33.04,10.69,55.77,0
719,5,79.60,97.34,83.79,33.82,11.06,53.77,0
719,6,79.16,97.99,84.66,33.92,10.88,53.19,0
719,7,80.49,97.30,87.50,33.80,11.40,53.55,0
719,8,79.38,97.49,82.69,32.68,10.74,53.37,0
719,9,86.40,97.47,81.10,33.90,11.22,52.09,0
719,10,86.82,97.87,75.08,33.95,11.10,49.11,0
719,11,88.61,97.28,69.75,33.72,11.50,48.71,1
719,12,86.87,98.02,75.82,33.65,11.74,49.49,0
719,13,83.90,97.51,76.41,33.87,11.77,52.93,0
719,14,78.48,97.35,80.64,32.43,10.66,53.24,0
719,15,77.40,97.58,83.19,33.88,11.12,54.65,0
719,16,78.11,97.86,84.69,33.87,11.03,55.33,0
719,17,79.38,97.77,84.31,34.04,11.42,53.45,0
719,18,77.92,97.25,83.23,33.70,11.20,53.59,0
719,19,78.09,97.71,86.31,33.90,11.04,54.02,0
720,0,70.41,97.70,87.72,34.17,14.56,56.30,0
720,1,72.39,97.93,87.00,34.43,14.21,56.60,0
720,2,70.52,98.07,91.48,33.89,14.87,56.15,0
720,3,72.63,97.58,90.15,35.52,14.72,56.37,0
720,4,70.65,97.68,91.47,33.92,14.70,55.48,0
720,5,69.59,97.58,87.61,35.79,14.68,57.67,0
720,6,71.64,97.52,88.27,35.83,14.21,56.43,0
720,7,70.40,97.79,90.46,35.41,14.97,54.87,0
720,8,76.27,98.16,83.90,33.95,14.43,53.25,0
720,9,76.58,97.94,80.52,35.48,14.88,50.61,0
720,10,80.70,98.12,72.09,35.60,14.16,52.93,1
720,11,77.34,97.76,77.03,33.92,14.40,52.44,0
720,12,74.20,98.13,79.48,34.04,14.50,51.62,0
720,13,70.72,97.88,88.28,35.22,14.72,56.69,0
720,14,70.01,97.45,90.21,35.24,15.08,57.70,0
720,15,67.65,98.05,87.48,34.30,14.38,55.24,0
720,16,69.30,97.79,87.23,35.42,14.46,55.61,0
720,17,71.13,97.68,88.99,34.05,15.07,55.93,0
720,18,69.65,98.14,87.12,35.25,14.00,54.70,0
720,19,70.32,98.15,87.63,34.83,14.26,54.46,0
721,0,83.15,98.15,98.61,36.73,10.90,58.56,0
721,1,81.89,97.66,99.96,35.38,11.21,60.65,0
721,2,81.94,97.86,96.81,36.81,10.73,59.86,0
721,3,84.75,97.74,99.57,35.64,11.15,62.25,0
721,4,82.66,97.74,100.05,36.35,10.96,60.10,0
721,5,83.09,97.60,101.44,36.89,11.01,60.82,0
721,6,82.63,97.79,101.35,36.89,11.09,59.64,0
721,7,81.78,97.57,98.37,36.29,11.08,60.64,0
721,8,82.68,97.99,100.21,36.20,10.81,61.58,0
721,9,81.64,97.69,100.25,36.36,10.76,60.01,0
721,10,87.54,97.91,91.29,35.79,11.03,58.74,0
721,11,90.46,97.65,88.31,36.31,10.80,55.22,0
721,12,91.48,98.18,82.79,35.76,10.31,56.72,1
721,13,89.61,97.98,86.72,35.39,10.40,54.96,0
721,14,88.04,98.10,90.93,35.37,10.96,57.61,0
721,15,82.60,97.96,98.61,36.15,10.92,59.82,0
721,16,83.33,98.04,95.71,36.34,10.21,61.04,0
721,17,83.67,98.06,94.24,36.29,10.38,61.54,0
721,18,81.74,98.12,94.67,35.14,10.40,62.37,0
721,19,84.38,97.50,96.08,35.61,11.11,58.64,0
722,0,78.14,97.61,78.51,33.27,10.24,50.11,0
722,1,78.29,97.89,83.01,32.82,10.31,48.46,0
722,2,79.12,97.89,82.75,33.90,10.77,49.98,0
722,3,78.12,97.74,83.35,33.49,10.45,48.43,0
722,4,77.90,98.15,80.02,32.90,10.58,48.78,0
722,5,78.87,98.06,84.44,32.66,10.26,50.51,0
722,6,76.71,97.67,81.63,33.25,10.30,49.94,0
722,7,76.11,98.03,82.29,32.55,9.64,50.21,0
722,8,77.78,97.84,81.08,33.39,10.15,50.94,0
722,9,77.63,97.54,80.55,32.12,9.73,50.85,0
722,10,76.16,97.75,81.73,33.36,10.37,51.50,0
722,11,75.33,97.97,83.12,32.33,10.44,51.00,0
722,12,78.48,98.30,81.53,32.75,10.33,48.15,0
722,13,76.24,97.71,81.77,33.48,10.62,49.52,0
722,14,77.20,97.57,78.54,32.58,10.44,49.96,0
722,15,75.16,97.65,77.72,33.71,9.96,49.05,0
722,16,77.74,97.87,77.31,33.65,9.71,49.76,0
722,17,77.10,97.86,81.74,33.57,10.41,49.81,0
722,18,74.99,97.71,80.25,32.90,10.28,51.35,0
722,19,78.92,97.98,80.70,32.70,10.72,50.21,0
723,0,88.52,98.95,87.06,38.60,12.58,52.73,0
723,1,90.80,98.53,86.64,37.74,12.88,55.27,0
723,2,92.21,98.72,89.62,38.01,12.93,52.87,0
723,3,91.65,98.89,86.63,39.31,13.24,55.83,0
723,4,90.62,98.82,87.92,37.87,12.63,54.87,0
723,5,89.15,98.81,86.49,37.76,13.00,55.69,0
723,6,90.76,98.98,86.85,38.34,13.47,55.34,0
723,7,90.73,98.79,85.39,38.87,13.55,53.23,0
723,8,91.46,98.93,87.44,38.39,12.58,56.16,0
723,9,89.37,98.62,84.45,38.90,12.43,55.11,0
723,10,89.81,98.80,90.09,39.15,13.56,56.17,0
723,11,89.08,99.08,89.45,37.66,13.22,55.46,0
723,12,90.19,98.70,88.21,38.78,12.77,53.46,0
723,13,89.89,99.07,87.08,38.23,12.82,54.73,0
723,14,87.36,98.96,85.80,38.28,13.30,53.48,0
723,15,90.03,99.09,87.85,38.95,13.44,54.14,0
723,16,89.87,99.01,86.91,37.98,12.70,53.01,0
723,17,88.21,99.00,89.81,39.10,13.22,55.67,0
723,18,88.06,98.98,90.06,39.18,13.58,53.38,0
723,19,87.94,98.54,85.41,38.51,13.27,53.68,0
724,0,69.21,97.28,91.90,35.75,14.82,62.05,0
724,1,71.25,97.33,92.85,34.13,14.89,61.51,0
724,2,70.79,96.88,93.88,34.37,15.40,60.25,0
724,3,73.43,97.57,93.51,35.24,14.99,60.18,0
724,4,70.60,96.90,92.10,35.33,14.43,63.27,0
724,5,71.77,97.21,91.53,35.47,14.96,60.29,0
724,6,72.67,97.49,93.16,34.20,14.78,61.73,0
724,7,71.67,96.91,93.72,35.80,14.68,60.31,0
724,8,72.81,97.49,90.67,34.93,14.66,63.03,0
724,9,70.86,97.14,94.90,34.29,15.09,61.27,0
724,10,70.31,97.46,91.84,34.97,14.97,59.97,0
724,11,69.92,97.26,91.52,34.73,14.83,60.23,0
724,12,71.32,97.46,91.45,35.83,14.40,61.82,0
724,13,70.64,97.03,92.75,34.03,15.25,61.04,0
724,14,71.57,97.62,89.15,34.47,14.65,60.56,0
724,15,69.63,97.27,89.14,33.92,15.17,62.37,0
724,16,69.04,97.62,91.45,34.81,14.97,63.02,0
724,17,71.87,97.19,90.73,35.73,15.16,61.93,0
724,18,70.74,97.21,90.47,34.43,14.94,61.52,0
724,19,72.27,97.07,94.85,33.89,15.06,62.20,0
725,0,74.90,97.38,81.72,32.46,10.42,54.40,0
725,1,73.68,97.45,78.63,32.96,10.37,57.53,0
725,2,72.18,97.19,82.25,33.89,10.33,54.16,0
725,3,75.35,97.27,78.86,33.11,11.25,54.54,0
725,4,72.84,97.42,80.02,33.30,11.12,56.75,0
725,5,73.20,97.05,82.38,32.26,11.02,57.10,0
725,6,74.34,97.62,78.21,33.05,11.34,54.06,0
725,7,71.74,97.17,82.69,33.68,10.87,56.41,0
725,8,78.23,97.00,71.36,32.11,10.35,53.31,0
725,9,81.07,97.17,71.92,33.37,11.38,51.66,0
725,10,83.79,97.59,62.75,33.14,10.38,52.37,1
725,11,79.11,96.87,71.08,32.10,10.58,50.34,0
725,12,80.28,97.15,73.86,32.43,10.84,52.68,0
725,13,71.43,97.17,77.27,33.61,10.74,56.08,0
725,14,72.99,97.07,76.96,32.44,10.99,54.92,0
725,15,74.17,97.61,76.18,33.39,11.17,57.86,0
725,16,70.51,97.21,77.90,32.08,11.08,55.91,0
725,17,74.00,96.96,81.87,33.89,10.32,56.79,0
725,18,74.81,97.05,82.04,32.83,10.69,56.08,0
725,19,72.07,97.58,79.96,32.99,11.27,57.26,0
726,0,89.08,97.88,89.33,32.76,11.41,42.27,0
726,1,89.25,97.97,90.05,34.28,11.68,44.15,0
726,2,91.49,97.57,88.70,32.82,11.80,43.04,0
726,3,90.93,97.86,89.14,33.28,12.38,43.53,0
726,4,90.94,97.88,89.08,33.03,12.32,42.05,0
726,5,90.05,97.48,89.92,34.09,12.33,42.12,0
726,6,90.17,97.48,91.47,32.89,11.52,44.97,0
726,7,90.70,98.20,87.62,34.11,11.51,44.15,0
726,8,89.42,97.96,86.14,32.78,11.96,44.66,0
726,9,90.50,98.07,90.17,32.72,12.12,43.48,0
726,10,90.61,98.15,90.88,33.62,12.10,42.36,0
726,11,87.69,98.13,87.58,33.05,12.37,42.76,0
726,12,89.30,97.66,87.61,33.72,12.44,45.12,0
726,13,88.13,97.95,87.65,34.07,11.41,42.09,0
726,14,87.44,97.50,88.36,34.09,11.65,45.58,0
726,15,88.68,97.56,87.58,33.22,12.02,42.49,0
726,16,90.99,98.14,87.16,32.55,12.35,42.53,0
726,17,88.40,98.15,90.22,33.93,12.21,42.38,0
726,18,88.99,98.15,90.92,34.17,12.48,45.46,0
726,19,91.96,98.09,90.94,34.01,12.01,43.64,0
727,0,72.27,98.55,84.94,39.25,14.44,58.13,0
727,1,72.85,98.62,85.31,38.99,13.39,57.19,0
727,2,73.68,98.27,86.54,38.83,13.63,56.37,0
727,3,74.59,98.15,87.29,38.61,14.10,57.44,0
727,4,73.20,98.24,89.58,38.75,14.04,58.36,0
727,5,75.96,98.72,85.56,39.66,14.03,57.81,0
727,6,73.00,98.09,89.94,38.55,14.21,56.53,0
727,7,75.48,98.13,88.78,38.86,13.56,56.47,0
727,8,72.97,98.45,86.10,38.51,13.84,57.70,0
727,9,73.28,98.45,84.10,39.60,14.03,58.56,0
727,10,74.27,98.46,84.63,39.17,14.25,56.67,0
727,11,71.78,98.21,87.81,37.78,13.83,56.59,0
727,12,71.78,98.01,85.76,38.61,14.11,57.97,0
727,13,73.39,98.38,83.61,39.37,13.68,56.20,0
727,14,71.90,98.27,85.75,39.41,14.06,60.16,0
727,15,72.55,98.06,86.11,38.46,14.21,56.73,0
727,16,74.85,97.95,85.40,39.07,13.87,59.77,0
727,17,72.70,98.05,84.09,38.29,13.60,57.74,0
727,18,75.39,98.63,88.96,39.01,13.73,56.50,0
727,19,73.87,98.58,85.42,38.17,13.91,57.81,0
728,0,75.86,98.21,92.71,37.19,12.14,51.00,0
728,1,76.64,98.02,92.40,37.12,11.57,54.22,0
728,2,77.00,98.08,91.86,37.94,12.28,51.10,0
728,3,76.34,98.58,94.24,37.88,12.51,54.20,0
728,4,76.33,98.36,91.55,36.17,11.66,51.73,0
728,5,75.69,98.34,96.60,37.54,11.96,51.26,0
728,6,75.86,98.23,92.99,37.30,11.93,50.99,0
728,7,74.32,98.20,91.92,36.84,12.07,51.97,0
728,8,75.26,98.21,96.41,37.56,12.50,53.11,0
728,9,73.24,98.66,92.68,37.11,12.38,51.67,0
728,10,72.77,98.65,95.16,36.15,11.33,53.86,0
728,11,76.39,98.12,93.93,36.13,11.75,52.79,0
728,12,75.42,98.05,91.65,37.00,12.13,53.68,0
728,13,75.00,98.21,95.13,37.58,11.96,54.82,0
728,14,73.34,98.59,92.76,36.69,12.11,53.58,0
728,15,75.23,98.02,92.57,36.23,12.03,53.53,0
728,16,73.24,98.12,91.73,36.82,11.79,52.63,0
728,17,75.06,98.37,95.91,36.93,12.45,54.40,0
728,18,73.82,98.46,91.57,37.32,12.27,53.18,0
728,19,74.23,98.19,92.63,37.67,12.18,51.81,0
729,0,81.75,98.95,80.86,34.73,10.11,55.90,0
729,1,83.60,98.81,80.42,33.83,9.66,58.09,0
729,2,83.53,98.95,86.18,33.84,10.20,55.15,0
729,3,81.45,99.16,84.77,34.39,10.03,56.35,0
729,4,82.39,98.51,81.06,35.16,10.70,57.40,0
729,5,81.52,98.99,82.77,34.19,10.05,57.26,0
729,6,82.10,99.03,81.59,34.62,10.41,58.10,0
729,7,81.05,98.69,84.78,35.37,10.08,57.15,0
729,8,82.81,98.86,82.73,33.89,9.64,55.15,0
729,9,83.76,98.63,81.33,35.21,9.62,55.95,0
729,10,86.58,98.64,76.68,34.45,10.55,53.00,0
729,11,89.39,98.96,70.69,34.36,10.36,53.63,0
729,12,92.99,99.14,66.31,35.42,9.76,49.74,1
729,13,89.82,99.01,72.89,34.62,9.63,52.13,0
729,14,86.04,98.62,76.68,34.18,9.89,52.14,0
729,15,80.70,99.02,83.11,35.42,9.82,56.29,0
729,16,80.57,99.15,82.03,34.50,9.95,57.57,0
729,17,80.97,98.78,84.43,35.07,9.72,55.21,0
729,18,83.33,98.60,79.95,34.14,9.62,55.79,0
729,19,82.58,99.13,80.91,33.98,9.69,56.83,0
730,0,75.46,97.92,80.85,38.06,15.30,44.08,0
730,1,76.51,97.70,81.90,39.15,15.73,44.00,0
730,2,77.88,97.47,79.53,37.65,15.06,42.15,0
730,3,76.56,97.93,79.23,37.39,15.39,42.85,0
730,4,76.73,98.01,82.58,38.40,16.14,43.34,0
730,5,77.14,97.81,82.77,38.29,16.11,43.88,0
730,6,76.45,97.95,81.94,38.40,15.77,45.56,0
730,7,78.76,98.05,80.33,38.29,15.49,43.77,0
730,8,76.44,97.44,78.65,39.12,15.70,42.80,0
730,9,77.87,97.41,78.40,38.14,15.19,43.75,0
730,10,77.35,97.96,78.73,38.16,15.73,42.22,0
730,11,76.90,97.43,76.89,39.02,15.01,43.25,0
730,12,75.36,97.89,75.85,38.02,15.32,43.85,0
730,13,76.89,97.95,77.72,38.00,15.36,45.43,0
730,14,74.31,97.69,81.07,38.54,15.99,45.47,0
730,15,74.87,97.96,78.76,37.81,16.13,45.58,0
730,16,76.28,97.65,76.94,38.09,16.12,43.30,0
730,17,75.73,97.68,76.08,39.09,15.82,45.72,0
730,18,75.56,97.62,80.56,38.79,15.94,43.71,0
730,19,75.44,97.57,78.81,38.19,15.51,42.78,0
731,0,75.45,97.15,95.34,35.80,14.73,59.83,0
731,1,76.05,97.87,90.63,35.78,15.42,59.32,0
731,2,75.99,97.84,93.11,34.99,14.58,60.45,0
731,3,77.12,97.14,91.67,35.33,15.02,62.92,0
731,4,77.10,97.86,92.32,33.96,14.56,59.28,0
731,5,76.09,97.66,91.43,35.40,14.74,59.55,0
731,6,74.99,97.71,93.64,35.04,15.24,59.54,0
731,7,73.95,97.45,94.29,34.57,15.05,59.89,0
731,8,74.95,97.62,90.61,34.61,14.85,62.02,0
731,9,75.90,97.84,93.18,35.73,14.47,60.27,0
731,10,82.38,97.66,88.63,33.89,14.76,56.55,0
731,11,84.22,97.82,83.23,34.51,14.59,56.53,0
731,12,85.63,97.36,77.23,33.97,15.07,54.28,1
731,13,81.43,97.52,81.50,33.98,15.08,56.91,0
731,14,78.05,97.30,84.96,34.61,14.38,57.43,0
731,15,74.46,97.45,93.23,34.24,15.15,59.00,0
731,16,73.43,97.20,89.94,34.87,14.84,61.54,0
731,17,74.74,97.20,92.22,35.22,14.97,59.19,0
731,18,74.30,97.65,91.74,34.79,15.06,61.12,0
731,19,76.55,97.80,90.56,34.55,15.56,59.19,0
732,0,83.78,98.96,82.16,37.67,14.37,57.86,0
732,1,84.73,98.52,85.01,37.12,14.39,54.09,0
732,2,82.92,99.02,82.29,38.08,14.21,54.09,0
732,3,82.34,99.10,81.81,36.73,14.75,57.62,0
732,4,85.79,98.53,81.40,37.56,14.80,57.02,0
732,5,83.22,98.75,85.45,38.17,14.83,55.53,0
732,6,82.25,99.19,86.46,37.23,14.71,55.63,0
732,7,82.35,98.76,84.78,36.86,14.62,55.24,0
732,8,83.70,98.94,84.19,36.72,14.50,57.51,0
732,9,83.38,98.75,85.92,37.07,14.72,55.19,0
732,10,84.48,98.56,82.17,36.24,13.97,54.12,0
732,11,81.77,98.70,85.46,38.00,14.82,55.32,0
732,12,80.85,98.93,80.50,37.72,13.93,55.31,0
732,13,81.26,98.94,82.50,37.75,13.96,54.56,0
732,14,80.85,98.48,84.72,37.96,14.34,55.61,0
732,15,82.07,98.96,80.95,37.47,14.57,56.19,0
732,16,80.62,98.54,81.59,37.50,13.89,55.15,0
732,17,82.06,98.95,84.87,36.77,14.02,57.63,0
732,18,83.74,99.05,82.13,37.44,14.06,54.30,0
732,19,84.26,98.51,80.79,36.66,14.87,54.07,0
733,0,89.05,98.17,88.02,34.54,11.04,51.89,0
733,1,91.64,97.86,86.47,33.57,10.20,53.00,0
733,2,93.16,98.47,85.17,33.98,9.91,52.84,0
733,3,91.57,97.83,89.52,33.69,10.41,52.85,0
733,4,90.91,97.94,87.59,33.99,10.26,52.79,0
733,5,90.63,98.27,85.82,34.08,10.89,49.99,0
733,6,90.01,98.05,88.31,33.91,10.39,51.77,0
733,7,92.39,98.22,90.01,34.70,9.94,50.14,0
733,8,90.33,97.95,87.21,33.95,10.60,53.09,0
733,9,97.54,98.14,78.85,34.46,10.57,49.15,0
733,10,97.13,98.48,79.03,33.88,10.07,47.73,0
733,11,101.17,97.91,70.20,32.77,10.48,46.86,1
733,12,97.11,98.42,77.67,33.27,10.75,48.65,0
733,13,97.74,97.95,78.67,33.41,10.29,46.51,0
733,14,89.36,98.19,83.70,33.34,9.90,50.65,0
733,15,91.99,97.88,88.25,34.66,10.44,51.27,0
733,16,90.93,97.82,86.13,33.49,10.23,52.64,0
733,17,88.55,97.89,88.24,34.56,10.34,52.29,0
733,18,89.28,97.98,88.58,33.46,11.01,50.53,0
733,19,90.51,98.30,87.73,34.51,10.16,51.68,0
734,0,77.24,97.44,93.58,33.46,11.75,55.74,0
734,1,78.62,97.11,94.92,32.88,11.18,55.32,0
734,2,78.39,97.28,94.78,32.57,11.85,56.39,0
734,3,79.36,97.32,96.09,33.41,11.92,57.75,0
734,4,80.18,97.82,98.24,34.14,12.18,56.71,0
734,5,77.83,97.26,95.79,32.65,11.24,55.60,0
734,6,80.41,97.72,94.02,32.41,11.57,55.50,0
734,7,80.51,97.46,95.61,33.67,12.07,55.79,0
734,8,76.74,97.28,95.68,33.04,11.58,58.52,0
734,9,76.86,97.64,96.21,33.28,12.02,57.21,0
734,10,77.51,97.57,92.17,34.16,11.19,58.13,0
734,11,78.48,97.27,91.92,32.59,11.40,58.06,0
734,12,76.49,97.53,96.31,33.02,11.83,55.56,0
734,13,76.54,97.16,91.48,33.55,12.14,57.36,0
734,14,79.26,97.74,95.62,33.36,11.13,56.41,0
734,15,77.66,97.38,96.89,33.45,11.91,57.89,0
734,16,76.19,97.88,93.29,33.57,11.11,57.00,0
734,17,76.67,97.79,97.01,33.70,11.26,58.13,0
734,18,76.58,97.70,91.81,33.21,11.35,57.41,0
734,19,78.66,97.66,96.00,33.05,12.25,55.72,0
735,0,75.00,97.86,88.50,38.87,15.87,54.95,0
735,1,72.14,98.21,89.93,37.60,15.70,53.47,0
735,2,74.76,98.55,90.08,38.16,15.31,52.83,0
735,3,72.83,98.06,93.80,39.55,14.96,55.55,0
735,4,76.43,97.90,91.09,39.40,15.33,54.90,0
735,5,73.55,97.86,92.83,38.64,14.87,52.99,0
735,6,74.54,98.15,91.32,38.81,15.59,53.03,0
735,7,73.46,98.38,91.55,39.04,15.57,53.49,0
735,8,80.90,98.53,82.72,38.60,15.76,52.05,0
735,9,82.33,98.51,82.57,38.47,15.60,51.82,0
735,10,81.88,97.95,73.11,39.18,15.70,50.43,1
735,11,81.01,97.93,81.65,38.11,15.73,48.70,0
735,12,79.12,98.24,84.17,39.27,15.64,51.38,0
735,13,71.45,98.04,88.94,38.10,15.05,54.84,0
735,14,72.49,98.44,87.67,37.90,15.89,53.44,0
735,15,71.87,97.90,90.65,39.03,15.45,54.66,0
735,16,71.50,98.23,92.01,39.35,15.17,54.69,0
735,17,72.96,98.19,87.23,37.85,14.82,53.77,0
735,18,71.59,98.46,87.74,38.37,15.20,54.21,0
735,19,73.36,98.49,92.71,38.41,15.30,52.57,0
736,0,76.74,97.74,86.98,33.75,13.89,49.02,0
736,1,74.83,97.72,92.09,33.95,14.56,48.80,0
736,2,75.16,97.56,92.50,32.54,13.79,47.21,0
736,3,77.64,97.57,88.96,32.92,14.50,49.29,0
736,4,77.18,97.03,92.77,33.03,13.69,48.24,0
736,5,77.88,97.29,89.68,33.88,13.92,48.26,0
736,6,78.27,97.00,92.81,33.98,13.76,48.79,0
736,7,76.39,97.75,87.99,34.13,13.82,47.98,0
736,8,76.48,97.07,87.26,33.22,13.88,50.68,0
736,9,74.01,97.33,88.04,33.15,13.70,47.41,0
736,10,76.12,97.65,91.68,33.29,14.81,48.37,0
736,11,73.72,97.33,89.06,33.34,13.83,47.25,0
736,12,73.80,97.75,89.74,33.83,14.57,49.84,0
736,13,74.86,97.58,91.26,33.47,14.55,50.57,0
736,14,74.09,97.28,86.82,33.09,14.53,50.03,0
736,15,73.46,97.40,91.64,33.79,13.87,47.89,0
736,16,75.50,97.00,91.83,33.75,14.61,49.70,0
736,17,76.46,97.04,91.80,34.14,13.98,47.80,0
736,18,74.81,97.20,90.26,33.19,14.77,48.04,0
736,19,74.70,97.02,87.04,34.12,13.87,49.26,0
737,0,86.28,98.23,83.91,37.40,11.18,51.39,0
737,1,87.21,98.09,87.94,37.26,11.45,49.90,0
737,2,84.05,98.68,83.84,36.82,10.44,51.15,0
737,3,86.17,98.47,86.68,36.18,10.49,51.19,0
737,4,87.26,98.24,86.85,36.10,10.29,49.01,0
737,5,86.74,98.18,88.50,37.61,10.83,52.38,0
737,6,84.38,98.65,87.76,36.31,10.70,48.72,0
737,7,84.82,98.24,89.11,37.55,10.89,49.62,0
737,8,86.11,98.11,86.38,37.30,10.34,50.36,0
737,9,86.97,98.43,83.96,36.82,11.39,50.07,0
737,10,89.93,98.59,77.67,37.17,10.27,48.22,0
737,11,93.10,98.11,75.15,36.04,10.70,45.53,0
737,12,96.59,98.22,70.02,36.75,11.34,46.77,1
737,13,93.50,98.72,77.21,36.32,10.84,47.70,0
737,14,90.94,98.71,77.47,36.50,11.41,48.96,0
737,15,85.78,98.45,87.74,36.42,10.26,50.69,0
737,16,86.26,98.43,84.38,36.35,10.58,49.72,0
737,17,86.20,98.38,87.51,36.35,11.12,51.34,0
737,18,83.79,98.32,86.90,36.51,11.12,52.35,0
737,19,85.55,98.73,84.92,36.54,10.28,48.67,0
738,0,76.43,97.37,90.46,34.56,14.19,48.83,0
738,1,75.89,97.65,89.49,34.25,14.96,50.80,0
738,2,75.62,97.28,89.62,33.76,14.43,47.62,0
738,3,76.28,97.82,92.53,34.93,13.85,47.85,0
738,4,76.69,97.56,88.67,35.05,13.86,47.21,0
738,5,75.58,97.33,87.56,35.31,13.84,48.42,0
738,6,76.20,97.85,89.28,35.20,14.08,48.00,0
738,7,74.37,97.59,89.02,34.24,14.59,50.19,0
738,8,77.83,97.20,90.99,34.27,14.73,50.21,0
738,9,75.25,97.10,88.23,34.48,14.95,49.75,0
738,10,74.17,97.69,90.09,34.40,13.91,49.49,0
738,11,76.65,97.49,87.10,33.75,14.60,49.12,0
738,12,76.07,97.63,89.78,34.87,14.61,48.48,0
738,13,76.24,97.27,91.13,34.46,14.78,50.44,0
738,14,74.09,97.83,88.64,34.07,14.44,50.90,0
738,15,73.00,97.89,85.43,34.89,14.61,48.72,0
738,16,75.29,97.58,88.83,34.99,14.42,47.44,0
738,17,75.49,97.78,88.62,33.90,14.55,47.19,0
738,18,73.82,97.66,88.08,35.39,14.59,49.73,0
738,19,76.64,97.67,91.93,35.11,13.96,47.45,0
739,0,89.94,97.26,76.85,35.96,13.68,42.24,0
739,1,93.08,97.71,81.85,37.76,13.14,42.32,0
739,2,91.66,97.44,77.79,37.47,13.44,42.24,0
739,3,91.99,97.30,82.60,37.76,13.26,44.95,0
739,4,92.67,97.39,80.95,37.69,12.84,43.25,0
739,5,93.82,97.73,81.02,36.92,12.73,45.23,0
739,6,93.12,97.32,77.64,36.92,13.83,45.53,0
739,7,93.81,97.07,79.34,37.84,13.65,44.26,0
739,8,91.97,97.22,80.24,37.80,13.01,42.75,0
739,9,96.61,97.13,75.01,36.47,13.30,40.46,0
739,10,99.62,97.73,70.26,36.91,12.84,39.99,0
739,11,101.42,97.71,64.49,36.48,12.86,38.02,1
739,12,97.34,97.74,67.74,37.88,12.78,39.65,0
739,13,96.68,97.48,73.24,35.93,13.22,42.51,0
739,14,92.18,97.73,78.88,36.70,13.09,45.63,0
739,15,89.51,97.33,80.38,37.25,12.71,42.28,0
739,16,90.25,97.32,80.99,37.59,13.25,45.76,0
739,17,90.18,97.17,76.21,36.45,13.79,43.50,0
739,18,93.27,97.19,76.12,36.48,13.75,45.74,0
739,19,93.15,97.42,78.67,37.39,13.54,42.99,0
740,0,71.25,98.18,85.48,34.62,15.17,52.52,0
740,1,72.30,97.57,88.16,34.80,14.65,53.69,0
740,2,72.37,98.25,85.48,34.14,14.49,54.03,0
740,3,73.79,97.88,89.77,34.88,14.96,53.16,0
740,4,72.70,98.01,88.49,34.86,14.74,52.31,0
740,5,73.60,98.28,86.49,34.69,14.97,52.63,0
740,6,73.40,97.87,86.46,34.56,14.69,53.94,0
740,7,71.25,98.03,85.16,34.89,14.54,51.76,0
740,8,73.72,98.00,86.25,34.15,14.72,51.65,0
740,9,72.78,97.91,85.82,34.08,14.53,50.75,0
740,10,69.74,98.08,88.00,33.31,14.37,51.68,0
740,11,72.01,98.11,85.77,34.18,15.22,53.20,0
740,12,72.12,97.61,84.15,34.89,15.06,53.93,0
740,13,71.87,98.04,85.80,33.52,15.45,53.42,0
740,14,70.10,97.71,86.84,34.90,14.35,50.60,0
740,15,70.57,97.72,84.73,33.37,15.11,52.85,0
740,16,70.36,97.63,86.86,34.52,14.55,52.14,0
740,17,69.69,97.81,88.54,34.19,15.21,51.27,0
740,18,70.76,98.19,88.92,33.77,15.20,52.49,0
740,19,72.93,98.18,88.50,34.84,15.25,53.60,0
741,0,87.10,98.25,81.89,34.05,13.37,52.42,0
741,1,84.95,98.26,85.01,33.11,13.48,50.92,0
741,2,88.12,98.29,81.64,34.07,13.02,52.00,0
741,3,85.59,98.30,83.86,33.58,13.78,54.71,0
741,4,87.22,98.17,84.31,34.64,13.30,54.17,0
741,5,88.88,98.09,81.61,34.84,12.95,54.32,0
741,6,88.84,98.12,81.80,34.72,13.66,51.52,0
741,7,88.70,98.49,80.42,34.54,12.83,52.49,0
741,8,87.09,98.06,82.27,34.75,12.83,51.22,0
741,9,88.42,98.13,82.67,33.79,12.90,51.79,0
741,10,87.32,98.03,84.84,33.02,13.05,52.53,0
741,11,87.38,98.53,80.58,33.74,13.61,50.86,0
741,12,84.09,98.04,82.91,33.82,13.32,51.55,0
741,13,87.48,98.41,79.96,33.45,13.17,52.12,0
741,14,85.50,98.66,79.31,33.18,12.81,54.57,0
741,15,85.25,98.25,79.19,32.98,12.99,53.46,0
741,16,84.95,98.56,81.37,34.20,12.80,52.17,0
741,17,84.77,97.99,81.46,33.72,13.85,54.64,0
741,18,86.06,98.28,83.71,33.59,13.41,53.00,0
741,19,84.76,98.26,83.96,34.12,13.52,52.24,0
742,0,86.79,97.31,78.40,35.40,15.70,59.98,0
742,1,85.58,97.99,78.10,34.58,15.89,63.02,0
742,2,87.55,97.42,81.94,35.27,15.03,62.98,0
742,3,87.11,97.73,77.86,35.62,15.90,61.50,0
742,4,84.40,97.35,79.92,34.86,15.59,62.27,0
742,5,87.83,97.35,80.85,35.95,14.85,60.51,0
742,6,84.62,97.33,81.43,34.69,16.00,59.54,0
742,7,84.74,97.65,81.92,35.35,15.25,59.55,0
742,8,86.98,97.32,78.34,34.24,15.42,60.45,0
742,9,92.88,97.37,71.96,35.27,15.51,58.62,0
742,10,94.40,97.38,68.33,34.69,15.19,58.27,0
742,11,94.58,97.29,63.46,34.78,15.35,54.51,1
742,12,91.90,97.67,69.81,35.85,15.48,56.76,0
742,13,91.87,97.64,74.63,34.49,15.49,58.42,0
742,14,84.82,97.97,79.70,34.35,14.90,62.72,0
742,15,83.18,97.73,79.12,35.98,15.40,62.52,0
742,16,85.90,98.01,77.30,35.86,15.07,60.46,0
742,17,86.51,97.67,80.19,34.13,15.75,59.11,0
742,18,85.94,98.07,80.16,35.46,15.73,59.54,0
742,19,86.74,97.77,80.40,35.34,15.68,60.85,0
743,0,88.94,97.65,78.94,38.48,13.43,51.04,0
743,1,90.16,97.39,80.52,37.37,14.29,49.53,0
743,2,89.76,97.55,81.52,37.37,13.53,49.19,0
743,3,92.81,97.38,79.79,38.97,13.47,48.03,0
743,4,90.49,97.66,83.68,39.05,13.60,50.16,0
743,5,90.93,97.68,82.03,38.05,13.12,47.45,0
743,6,93.37,97.84,82.14,38.85,14.16,49.29,0
743,7,90.83,97.48,83.35,37.54,13.55,49.77,0
743,8,98.83,97.79,78.36,38.63,13.20,45.25,0
743,9,98.11,97.19,71.24,38.97,13.63,45.39,0
743,10,99.66,97.35,70.40,38.34,14.03,43.16,1
743,11,97.01,97.63,71.65,37.95,13.28,44.82,0
743,12,94.35,97.08,74.99,38.40,13.76,47.42,0
743,13,90.14,97.12,80.05,37.42,13.14,49.31,0
743,14,91.41,97.57,81.86,37.62,13.28,50.70,0
743,15,90.64,97.13,80.98,39.11,13.82,49.37,0
743,16,90.31,97.71,82.40,38.18,13.15,49.94,0
743,17,88.65,97.51,82.61,38.26,13.94,47.51,0
743,18,91.67,97.64,82.03,38.50,13.57,48.72,0
743,19,89.60,97.19,80.56,38.20,13.99,47.83,0
744,0,88.85,98.03,95.18,36.52,10.70,57.46,0
744,1,88.91,97.72,93.80,36.46,10.39,60.34,0
744,2,90.31,98.44,93.53,37.28,10.33,58.28,0
744,3,93.20,98.25,90.99,37.93,10.34,58.11,0
744,4,89.47,97.74,93.73,38.24,9.91,57.76,0
744,5,90.69,98.34,94.23,37.68,10.54,59.86,0
744,6,92.38,98.20,95.27,37.56,10.22,58.62,0
744,7,91.00,97.78,94.97,37.82,10.30,58.15,0
744,8,92.66,98.09,90.38,37.32,10.69,58.77,0
744,9,91.48,97.94,95.33,37.92,9.84,60.04,0
744,10,90.19,97.78,94.86,37.54,10.65,60.01,0
744,11,88.49,98.23,90.86,38.33,10.61,60.52,0
744,12,89.49,98.02,90.83,38.04,10.17,58.65,0
744,13,89.28,97.95,92.47,37.16,10.99,59.67,0
744,14,87.80,98.39,88.93,37.00,10.94,58.51,0
744,15,90.46,97.71,92.17,36.74,9.97,58.27,0
744,16,89.47,98.41,91.08,36.71,10.56,60.25,0
744,17,91.68,98.47,93.81,36.99,9.91,58.61,0
744,18,88.43,98.40,95.10,37.66,10.28,60.13,0
744,19,88.78,97.75,90.06,37.08,10.49,60.63,0
745,0,85.93,98.27,75.82,34.68,13.86,48.01,0
745,1,86.19,98.60,80.88,34.78,13.39,47.34,0
745,2,88.43,98.68,80.10,34.37,13.43,45.48,0
745,3,85.90,98.54,81.21,34.07,13.45,44.77,0
745,4,86.05,98.31,79.35,34.89,14.38,44.30,0
745,5,89.44,98.58,76.97,33.99,14.41,44.49,0
745,6,89.52,98.41,79.41,35.19,13.59,44.32,0
745,7,86.25,98.52,76.31,34.94,14.39,44.45,0
745,8,89.00,98.45,79.56,35.20,13.68,44.42,0
745,9,86.50,98.12,76.46,35.74,13.83,44.61,0
745,10,86.48,98.59,80.08,35.58,14.08,45.67,0
745,11,87.16,98.55,80.25,35.14,13.79,46.71,0
745,12,87.42,98.33,77.13,35.54,14.54,46.23,0
745,13,84.55,98.43,77.27,34.82,14.15,45.66,0
745,14,85.71,98.20,76.78,34.03,14.28,47.42,0
745,15,87.83,98.82,74.77,34.78,13.73,46.32,0
745,16,85.19,98.26,80.44,35.26,14.50,45.17,0
745,17,85.22,98.23,75.56,33.89,14.52,47.94,0
745,18,87.39,98.42,75.54,35.19,14.46,47.88,0
745,19,87.65,98.76,75.33,34.76,13.99,45.87,0
746,0,80.15,98.34,82.56,38.10,12.66,53.40,0
746,1,80.70,98.74,78.83,37.46,12.32,52.21,0
746,2,80.89,98.49,80.47,37.71,12.16,54.14,0
746,3,80.57,98.35,78.69,38.45,12.31,53.36,0
746,4,82.76,98.90,81.36,38.26,12.33,52.83,0
746,5,80.10,98.66,82.39,37.70,12.65,54.89,0
746,6,82.80,98.94,80.11,37.08,12.51,52.87,0
746,7,81.32,98.73,81.20,37.25,12.06,52.06,0
746,8,81.51,98.33,80.85,37.55,12.52,52.74,0
746,9,80.96,98.63,80.92,37.52,12.96,55.29,0
746,10,82.81,98.77,77.52,38.45,12.18,51.35,0
746,11,80.70,98.98,79.84,37.89,12.70,53.41,0
746,12,79.90,98.33,79.27,38.25,12.34,54.96,0
746,13,82.15,98.68,79.51,37.51,12.11,52.99,0
746,14,81.65,98.82,81.33,37.50,11.86,52.59,0
746,15,79.54,98.59,81.27,37.49,12.05,51.43,0
746,16,79.71,98.75,77.72,37.87,12.71,52.86,0
746,17,81.39,99.06,78.36,36.80,11.87,53.65,0
746,18,82.55,98.85,82.57,38.13,12.34,53.38,0
746,19,81.11,98.77,79.04,38.07,11.83,54.05,0
747,0,88.41,97.32,83.40,36.26,14.54,60.74,0
747,1,88.21,97.08,85.21,35.10,13.86,62.45,0
747,2,87.97,97.18,84.05,35.19,14.15,61.63,0
747,3,89.44,97.22,86.76,35.72,14.56,61.82,0
747,4,88.03,97.39,83.77,35.75,14.41,61.20,0
747,5,88.55,97.68,83.38,34.64,14.62,61.20,0
747,6,86.81,97.00,87.34,34.59,14.68,60.67,0
747,7,89.22,97.76,84.40,34.90,13.82,63.03,0
747,8,94.09,97.30,79.93,35.82,14.30,57.95,0
747,9,93.57,97.11,74.99,36.05,14.17,56.04,0
747,10,99.00,97.01,69.69,34.88,14.52,55.37,1
747,11,94.73,97.36,73.09,36.41,13.88,56.70,0
747,12,93.02,97.63,76.90,35.52,14.63,59.28,0
747,13,84.92,97.21,82.39,35.31,13.72,60.07,0
747,14,87.09,97.74,82.05,36.22,13.73,61.73,0
747,15,87.58,97.31,83.67,36.01,13.80,62.45,0
747,16,87.86,97.49,81.73,34.92,14.58,61.82,0
747,17,86.64,97.50,81.72,35.33,13.79,62.05,0
747,18,88.79,97.40,82.75,36.32,14.52,59.73,0
747,19,88.39,97.42,80.78,35.08,14.35,62.24,0
748,0,84.31,98.05,95.97,34.63,14.04,56.67,0
748,1,84.80,97.90,96.80,35.12,14.32,58.60,0
748,2,82.44,98.17,96.41,35.07,14.48,55.73,0
748,3,85.10,98.05,95.65,35.19,14.51,57.94,0
748,4,83.84,97.55,95.94,33.84,14.05,55.59,0
748,5,84.35,97.83,95.76,34.62,14.18,58.66,0
748,6,82.91,98.12,94.09,34.13,14.84,57.10,0
748,7,81.72,97.95,96.28,33.92,14.25,58.29,0
748,8,82.44,98.00,97.88,34.41,14.29,54.86,0
748,9,82.09,98.13,93.17,34.95,14.11,54.98,0
748,10,84.64,97.92,94.09,34.32,14.26,58.51,0
748,11,82.46,97.89,95.15,34.57,14.64,57.58,0
748,12,80.44,97.78,96.79,35.04,15.03,58.58,0
748,13,80.96,97.59,95.84,34.51,13.94,56.77,0
748,14,81.35,97.49,91.72,34.15,14.44,56.56,0
748,15,83.42,97.80,94.79,33.56,14.50,55.83,0
748,16,81.19,97.85,92.85,34.58,14.95,57.99,0
748,17,81.69,97.93,91.53,33.64,14.59,58.65,0
748,18,81.28,97.72,96.80,33.66,14.72,55.03,0
748,19,82.20,97.70,94.92,34.96,14.20,56.02,0
749,0,92.80,97.37,81.93,38.83,11.44,44.82,0
749,1,91.70,96.87,84.13,38.15,11.42,44.02,0
749,2,90.24,97.01,79.31,38.11,11.02,44.46,0
749,3,92.42,97.24,81.97,39.20,11.12,45.16,0
749,4,91.58,96.83,84.53,39.09,11.94,45.11,0
749,5,90.82,97.22,83.48,37.63,11.77,42.51,0
749,6,92.15,97.16,80.82,38.47,11.11,45.36,0
749,7,91.37,97.41,84.61,38.18,11.10,45.63,0
749,8,92.76,97.18,83.71,38.50,11.24,44.20,0
749,9,91.90,97.41,81.85,39.13,11.31,43.35,0
749,10,92.36,97.18,79.77,37.80,11.13,45.34,0
749,11,92.02,97.43,81.44,37.41,11.89,44.32,0
749,12,89.98,96.69,80.28,38.81,11.54,43.40,0
749,13,91.92,97.42,83.06,37.49,10.99,43.30,0
749,14,92.27,97.14,79.25,37.86,11.50,45.53,0
749,15,90.78,97.17,78.45,37.42,11.78,44.47,0
749,16,90.95,96.77,81.34,37.74,11.63,43.23,0
749,17,90.13,97.25,82.00,38.01,11.17,43.36,0
749,18,89.57,97.37,79.81,37.94,10.93,43.95,0
749,19,91.04,97.24,81.07,39.39,11.21,44.77,0
750,0,79.79,97.54,95.34,35.40,11.64,50.28,0
750,1,81.50,97.56,94.39,36.58,11.58,49.86,0
750,2,81.58,97.59,90.67,35.35,11.91,49.71,0
750,3,80.40,97.78,95.13,36.30,11.19,47.99,0
750,4,81.66,97.99,96.78,36.37,11.28,51.20,0
750,5,81.62,97.52,93.67,36.88,11.12,47.95,0
750,6,80.33,97.89,96.01,36.19,11.64,48.40,0
750,7,82.20,98.09,91.15,35.85,11.96,49.12,0
750,8,81.11,97.62,94.59,35.44,11.39,50.56,0
750,9,81.54,97.84,91.04,36.52,11.87,50.25,0
750,10,81.49,98.10,90.49,36.51,11.40,48.42,0
750,11,78.90,97.87,91.25,36.81,12.23,47.69,0
750,12,80.94,97.87,89.87,36.02,12.20,48.27,0
750,13,78.22,97.44,89.74,36.17,11.30,50.95,0
750,14,78.94,97.59,94.98,36.41,11.40,49.27,0
750,15,81.93,97.72,95.36,35.37,12.12,49.70,0
750,16,78.68,98.13,93.35,36.71,11.42,47.95,0
750,17,78.91,97.83,91.87,36.30,11.70,50.03,0
750,18,81.37,97.48,93.94,36.90,11.92,49.79,0
750,19,81.32,97.46,94.64,35.47,11.68,51.45,0
751,0,79.15,98.64,95.66,37.03,10.31,51.05,0
751,1,79.60,98.99,96.32,36.28,10.25,52.66,0
751,2,79.63,98.48,99.94,35.31,10.58,50.40,0
751,3,79.70,98.58,97.45,36.56,10.62,53.90,0
751,4,78.65,98.76,97.65,36.80,10.54,51.60,0
751,5,79.53,98.91,97.85,35.10,10.68,51.03,0
751,6,79.96,98.79,96.61,36.11,10.55,52.96,0
751,7,79.45,98.34,98.46,36.90,9.91,54.15,0
751,8,78.15,98.44,94.15,36.86,10.59,52.72,0
751,9,86.02,98.26,91.84,36.00,10.29,50.79,0
751,10,86.41,99.00,84.60,35.28,10.78,48.84,0
751,11,89.66,98.84,81.83,36.69,10.05,45.57,1
751,12,85.97,98.41,86.97,36.84,9.71,48.92,0
751,13,82.00,98.66,89.44,36.28,10.17,49.21,0
751,14,76.37,98.85,93.12,37.05,9.72,53.57,0
751,15,77.21,98.50,93.68,36.13,10.73,53.43,0
751,16,77.24,98.71,94.04,35.27,10.76,52.08,0
751,17,77.63,98.73,98.58,37.04,9.98,52.47,0
751,18,79.55,98.30,99.18,35.18,10.01,54.23,0
751,19,77.81,98.25,96.68,36.54,10.65,50.91,0
752,0,68.70,98.28,93.15,34.83,15.86,60.02,0
752,1,68.85,98.51,88.03,34.16,16.30,60.41,0
752,2,69.98,98.42,91.43,34.09,16.50,61.53,0
752,3,70.68,98.05,89.49,34.17,16.38,59.23,0
752,4,71.97,98.63,88.81,35.03,16.42,61.18,0
752,5,72.56,98.25,94.21,34.11,15.53,59.06,0
752,6,69.14,98.54,91.79,35.16,15.59,59.65,0
752,7,70.58,98.76,92.68,34.33,15.97,60.79,0
752,8,68.81,98.78,92.54,35.58,16.41,61.98,0
752,9,71.34,98.02,90.66,35.25,16.18,60.85,0
752,10,69.79,98.45,91.95,34.48,15.60,60.24,0
752,11,70.34,98.19,89.45,34.60,15.37,59.46,0
752,12,68.82,98.68,92.12,35.60,16.14,61.94,0
752,13,69.69,98.45,88.50,34.77,15.93,61.98,0
752,14,67.54,98.06,89.33,35.96,15.74,58.83,0
752,15,70.53,98.32,92.71,35.75,15.55,60.87,0
752,16,70.20,98.15,91.35,34.40,16.01,59.40,0
752,17,69.04,98.59,92.85,34.81,15.96,58.45,0
752,18,68.55,98.75,89.53,35.03,15.46,58.81,0
752,19,70.00,98.03,88.12,35.53,15.63,58.84,0
753,0,90.20,97.10,87.23,36.85,11.87,49.25,0
753,1,91.77,97.73,87.01,37.38,11.62,50.33,0
753,2,90.25,97.24,91.93,36.68,12.58,48.86,0
753,3,89.40,97.62,89.68,36.18,12.33,51.41,0
753,4,92.08,97.41,87.55,37.74,12.08,48.42,0
753,5,89.05,97.20,87.30,36.09,12.08,51.81,0
753,6,91.31,97.64,88.70,37.41,11.80,49.84,0
753,7,91.86,97.21,91.30,37.14,12.33,51.10,0
753,8,90.93,97.36,88.72,36.52,12.02,50.23,0
753,9,97.42,97.37,83.54,36.47,12.28,47.70,0
753,10,96.33,97.00,79.25,37.80,12.31,46.91,0
753,11,99.35,97.31,77.32,37.67,12.39,46.95,1
753,12,98.69,97.38,79.32,37.84,11.88,45.28,0
753,13,93.27,97.20,85.01,36.47,11.84,48.71,0
753,14,89.80,97.64,90.95,36.81,11.82,51.64,0
753,15,88.51,97.33,86.97,37.07,12.26,48.53,0
753,16,90.68,97.73,89.66,35.88,11.72,48.75,0
753,17,90.58,97.64,90.57,36.57,12.08,51.39,0
753,18,91.15,97.72,87.45,36.27,11.83,49.13,0
753,19,90.66,97.71,91.21,37.04,11.86,51.04,0
754,0,70.53,97.81,77.93,35.05,11.14,57.36,0
754,1,69.88,97.19,79.69,35.82,11.22,55.30,0
754,2,71.31,97.39,75.96,36.00,11.09,57.47,0
754,3,70.79,97.24,81.51,36.63,11.55,56.03,0
754,4,71.38,97.63,81.32,35.33,10.84,58.66,0
754,5,73.50,97.33,79.30,36.17,10.89,58.44,0
754,6,71.85,97.75,81.47,36.05,10.91,55.27,0
754,7,69.95,97.43,78.38,35.86,11.78,56.16,0
754,8,72.59,97.47,81.20,35.58,11.11,58.76,0
754,9,72.46,97.43,76.95,35.26,11.65,57.10,0
754,10,72.02,97.76,75.61,36.44,11.48,54.87,0
754,11,71.07,97.67,76.65,35.23,10.86,56.35,0
754,12,71.55,97.57,75.18,36.61,11.77,55.49,0
754,13,71.92,97.75,79.59,36.06,11.34,56.91,0
754,14,68.48,97.48,74.69,36.09,11.80,57.28,0
754,15,70.95,97.29,75.13,35.66,11.78,55.70,0
754,16,68.61,97.27,79.68,35.79,11.88,55.07,0
754,17,68.84,97.52,77.26,36.06,11.50,57.28,0
754,18,72.52,97.80,78.67,35.16,11.16,58.22,0
754,19,72.09,97.18,77.59,36.10,11.68,54.99,0
755,0,90.76,99.07,94.55,36.93,14.71,46.22,0
755,1,91.27,99.18,94.30,36.36,15.10,45.38,0
755,2,91.57,99.17,92.37,36.67,15.15,48.97,0
755,3,91.99,99.21,91.55,36.59,14.86,48.29,0
755,4,91.78,98.83,94.93,36.22,15.18,45.68,0
755,5,91.35,98.46,94.02,35.88,14.35,48.30,0
755,6,93.98,98.49,90.43,36.90,15.12,48.68,0
755,7,93.48,98.90,92.99,36.25,14.43,45.54,0
755,8,91.71,98.63,95.49,36.69,14.10,48.20,0
755,9,93.34,98.97,90.07,35.40,14.56,45.21,0
755,10,91.06,99.17,89.06,36.54,14.35,48.38,0
755,11,90.59,98.52,92.83,36.51,14.93,48.38,0
755,12,92.33,98.96,89.08,35.98,14.98,45.37,0
755,13,89.70,99.15,89.59,36.64,15.23,47.79,0
755,14,89.23,98.89,94.38,37.00,14.46,47.32,0
755,15,91.32,99.14,92.35,35.33,14.48,48.92,0
755,16,92.32,98.62,90.58,36.64,14.15,45.87,0
755,17,90.69,99.12,91.87,35.55,15.04,46.56,0
755,18,91.95,98.90,94.35,35.33,15.01,47.12,0
755,19,92.79,99.04,94.88,35.87,14.61,47.76,0
756,0,83.09,98.37,77.73,38.62,15.08,46.60,0
756,1,82.22,98.78,83.21,38.18,14.57,44.28,0
756,2,80.23,98.73,81.25,38.04,15.33,46.32,0
756,3,82.89,98.20,78.54,38.07,15.14,43.74,0
756,4,82.80,98.74,81.79,39.41,15.10,45.40,0
756,5,81.86,98.86,81.96,39.63,15.59,43.92,0
756,6,82.77,98.24,79.93,38.30,14.71,46.43,0
756,7,83.72,98.54,82.56,37.99,14.98,47.35,0
756,8,80.91,98.41,77.51,38.55,14.80,46.61,0
756,9,79.96,98.66,81.44,37.86,15.48,46.71,0
756,10,79.84,98.70,78.44,38.77,15.51,44.43,0
756,11,81.17,98.17,81.33,38.78,15.12,46.08,0
756,12,80.32,98.40,81.60,38.56,14.81,43.93,0
756,13,79.75,98.48,78.18,39.15,15.20,44.44,0
756,14,80.58,98.87,79.91,39.57,15.54,44.85,0
756,15,80.34,98.54,77.85,38.86,14.69,45.70,0
756,16,80.79,98.39,80.12,38.93,15.24,45.26,0
756,17,79.81,98.67,81.25,38.49,14.56,47.51,0
756,18,82.99,98.62,78.89,38.96,15.48,45.37,0
756,19,81.54,98.41,77.50,37.79,14.56,47.53,0
757,0,82.80,96.94,86.52,35.06,11.01,48.89,0
757,1,82.49,97.46,90.16,34.24,10.97,48.79,0
757,2,80.49,97.49,88.80,33.19,10.19,50.92,0
757,3,83.45,97.35,90.09,33.34,10.85,48.88,0
757,4,82.24,97.02,89.12,33.14,9.98,48.22,0
757,5,83.39,97.24,89.52,33.18,10.27,50.49,0
757,6,82.80,97.34,87.31,33.45,10.16,49.77,0
757,7,82.69,97.47,85.67,34.34,9.91,47.74,0
757,8,84.06,97.24,89.69,34.11,10.36,48.82,0
757,9,82.12,97.33,86.10,34.87,10.53,50.16,0
757,10,82.97,97.29,88.10,34.32,10.90,48.96,0
757,11,82.36,97.63,86.65,34.65,10.42,49.83,0
757,12,81.72,97.28,85.92,33.39,10.50,47.42,0
757,13,80.53,97.46,84.57,34.04,9.90,49.65,0
757,14,80.99,96.98,83.91,33.63,10.44,50.18,0
757,15,81.53,97.37,83.89,34.25,10.26,49.99,0
757,16,79.40,97.60,89.10,34.35,10.90,47.48,0
757,17,82.37,96.98,89.94,33.33,10.90,50.73,0
757,18,80.04,97.15,84.48,33.42,10.46,50.37,0
757,19,82.45,97.11,87.44,35.06,9.98,50.01,0
758,0,78.01,97.66,91.73,33.29,15.22,54.04,0
758,1,81.01,98.22,88.55,34.56,15.55,55.83,0
758,2,79.82,97.74,89.30,33.43,14.63,56.15,0
758,3,80.32,97.62,89.98,34.97,14.51,54.17,0
758,4,78.90,98.17,89.71,33.48,15.01,55.74,0
758,5,79.02,98.32,89.72,33.99,15.51,56.17,0
758,6,80.55,97.75,91.25,34.98,15.45,57.02,0
758,7,80.85,98.00,92.15,33.73,15.40,55.07,0
758,8,79.48,97.75,90.40,34.91,15.35,56.10,0
758,9,79.81,97.59,88.96,33.81,14.52,56.51,0
758,10,78.00,97.94,90.39,33.88,15.25,56.84,0
758,11,79.54,98.25,90.03,33.84,15.29,56.64,0
758,12,78.59,97.92,89.22,33.58,14.88,54.99,0
758,13,79.78,98.11,87.44,34.43,15.53,53.91,0
758,14,78.32,97.66,88.77,33.91,14.47,56.34,0
758,15,79.57,97.62,88.65,34.24,15.53,54.43,0
758,16,79.40,97.68,93.04,34.42,15.44,56.72,0
758,17,77.72,98.27,91.10,34.01,15.17,54.21,0
758,18,79.39,97.69,92.23,34.44,15.31,54.47,0
758,19,81.16,97.84,91.84,33.55,14.57,55.14,0
759,0,73.10,98.87,93.06,38.02,13.04,54.75,0
759,1,74.33,99.12,88.25,37.80,14.01,55.09,0
759,2,73.99,98.85,93.63,38.57,13.81,52.93,0
759,3,74.52,98.71,93.27,38.15,13.45,55.45,0
759,4,72.13,98.47,90.63,36.63,13.71,56.65,0
759,5,72.79,98.52,88.00,38.26,13.86,55.34,0
759,6,72.63,98.78,91.32,36.95,13.72,54.31,0
759,7,73.37,99.02,91.66,37.88,13.15,56.33,0
759,8,73.14,98.48,88.06,37.70,13.85,53.38,0
759,9,73.14,99.16,87.84,37.20,13.33,52.93,0
759,10,70.21,99.17,88.20,36.91,13.01,55.93,0
759,11,72.07,98.40,91.16,37.28,13.50,53.96,0
759,12,71.45,98.99,90.64,37.62,12.98,55.55,0
759,13,69.50,98.92,91.53,37.69,13.27,55.14,0
759,14,72.91,99.12,88.29,38.28,12.97,56.21,0
759,15,71.60,98.51,86.91,37.64,12.99,55.72,0
759,16,70.28,98.80,90.42,38.30,12.91,53.65,0
759,17,70.35,98.65,90.10,38.15,12.93,53.03,0
759,18,71.84,98.56,92.09,37.37,13.17,55.65,0
759,19,70.97,98.80,90.89,37.79,13.16,53.58,0
760,0,88.26,98.93,97.76,37.29,12.49,44.72,0
760,1,85.39,98.91,96.15,37.43,11.81,44.64,0
760,2,85.38,99.09,94.14,37.39,12.84,44.55,0
760,3,85.78,99.12,94.98,37.31,12.50,45.03,0
760,4,87.62,98.62,95.57,37.41,12.14,45.80,0
760,5,86.45,98.85,94.01,37.78,11.90,46.24,0
760,6,87.36,99.15,94.50,37.33,11.88,44.96,0
760,7,87.32,98.53,96.28,37.78,11.94,45.98,0
760,8,85.73,98.73,92.69,38.36,12.50,46.56,0
760,9,88.01,98.93,92.53,38.27,12.61,45.86,0
760,10,86.75,99.07,93.89,37.26,11.85,46.45,0
760,11,87.48,98.87,96.21,38.29,12.73,48.38,0
760,12,86.81,99.09,96.30,37.15,12.66,46.34,0
760,13,85.87,98.46,92.11,36.80,11.93,48.15,0
760,14,84.83,98.79,97.00,37.98,12.59,46.34,0
760,15,85.24,99.03,92.69,38.52,12.62,45.60,0
760,16,86.99,98.65,91.98,36.87,12.60,46.79,0
760,17,86.49,98.76,95.26,36.78,11.89,47.53,0
760,18,87.12,98.92,97.41,37.83,12.07,47.07,0
760,19,85.37,98.87,96.31,37.47,12.96,46.87,0
761,0,75.99,98.48,83.60,35.31,10.17,56.78,0
761,1,74.76,98.66,84.02,35.31,10.48,56.52,0
761,2,74.20,98.67,82.11,36.30,9.70,57.43,0
761,3,76.65,98.78,84.62,35.84,9.81,57.61,0
761,4,75.11,98.61,84.20,35.54,10.21,57.99,0
761,5,74.91,98.38,84.64,35.03,9.96,57.70,0
761,6,74.31,98.53,84.06,34.83,10.59,56.34,0
761,7,76.04,98.47,87.00,34.59,10.52,56.10,0
761,8,74.55,98.60,85.92,35.90,10.34,57.32,0
761,9,73.57,98.47,86.64,36.28,9.66,55.77,0
761,10,76.17,99.09,85.74,36.14,9.72,57.94,0
761,11,75.39,99.14,80.80,35.57,10.48,58.59,0
761,12,72.43,98.87,84.28,35.03,10.84,55.25,0
761,13,74.41,98.64,83.26,34.97,9.84,55.95,0
761,14,75.32,98.87,82.35,34.51,9.75,55.75,0
761,15,74.41,98.62,80.92,35.11,9.97,58.75,0
761,16,73.58,99.05,80.30,35.06,9.99,58.28,0
761,17,72.67,99.02,83.65,36.44,10.40,59.03,0
761,18,75.67,99.09,81.12,36.43,9.99,57.91,0
761,19,74.97,98.89,85.02,35.87,10.82,56.96,0
762,0,88.60,99.22,99.12,34.61,14.44,56.50,0
762,1,87.64,99.20,94.86,35.02,14.02,58.69,0
762,2,91.66,98.94,95.55,34.69,14.51,57.77,0
762,3,87.92,98.97,98.98,35.57,13.48,57.95,0
762,4,91.41,99.06,94.83,35.40,14.38,55.78,0
762,5,91.50,98.72,96.55,36.06,14.02,59.08,0
762,6,87.92,99.34,94.73,36.27,14.05,58.23,0
762,7,89.76,98.86,95.00,34.56,13.83,58.28,0
762,8,89.65,99.10,99.93,34.92,13.75,55.77,0
762,9,91.27,99.14,98.00,34.76,13.65,56.47,0
762,10,94.06,98.96,93.08,34.34,13.88,53.76,0
762,11,96.87,98.65,88.63,34.84,13.53,51.29,0
762,12,98.91,98.58,84.49,34.35,13.46,53.26,1
762,13,96.67,99.15,84.14,34.90,13.33,52.08,0
762,14,93.01,99.02,91.95,34.73,14.36,55.70,0
762,15,87.47,99.18,97.14,35.80,14.17,55.68,0
762,16,89.84,98.94,98.55,35.79,14.03,56.48,0
762,17,90.21,98.76,96.22,36.24,14.17,56.55,0
762,18,87.89,99.33,97.09,36.20,14.11,57.40,0
762,19,87.66,99.32,96.72,35.73,14.34,58.80,0
763,0,78.31,97.35,80.16,38.37,12.60,49.67,0
763,1,78.47,97.21,81.01,38.83,12.74,49.17,0
763,2,76.21,97.79,79.00,39.94,12.91,47.37,0
763,3,76.90,97.19,77.06,39.25,12.74,48.77,0
763,4,76.19,97.60,76.36,38.39,12.17,46.56,0
763,5,79.14,97.31,76.77,39.28,12.88,46.35,0
763,6,77.45,97.73,81.94,38.19,12.85,47.89,0
763,7,76.42,97.53,80.48,39.98,12.62,46.42,0
763,8,75.41,97.37,77.89,39.51,12.64,47.47,0
763,9,75.68,97.27,78.94,38.34,11.92,46.34,0
763,10,78.05,97.59,80.47,39.63,12.51,48.26,0
763,11,77.03,97.54,81.00,39.00,12.47,46.75,0
763,12,75.54,97.28,76.46,39.52,12.32,47.15,0
763,13,77.67,97.20,80.55,39.99,12.04,50.07,0
763,14,76.99,97.17,78.18,39.59,12.42,48.93,0
763,15,75.94,97.32,78.98,39.90,12.18,47.21,0
763,16,76.41,97.42,80.66,38.51,12.28,46.74,0
763,17,74.60,97.52,79.87,38.47,12.38,48.11,0
763,18,74.79,97.41,80.11,38.70,12.20,50.10,0
763,19,75.09,97.75,78.18,39.84,11.96,48.20,0
764,0,87.55,97.47,82.09,32.83,12.11,48.74,0
764,1,88.88,97.33,87.28,34.29,11.69,48.31,0
764,2,88.56,97.23,83.15,33.92,11.03,51.16,0
764,3,87.19,97.50,87.13,34.21,11.47,50.91,0
764,4,89.37,96.96,85.64,33.09,11.56,48.00,0
764,5,89.73,97.09,86.00,34.06,11.04,49.86,0
764,6,90.78,96.85,87.47,32.61,11.74,48.58,0
764,7,87.39,97.41,87.22,33.96,11.67,51.14,0
764,8,89.55,96.76,87.98,33.37,12.08,48.94,0
764,9,88.75,97.06,84.77,32.91,11.66,50.60,0
764,10,88.91,96.92,82.93,34.01,11.24,48.55,0
764,11,88.00,97.22,84.59,33.62,11.88,51.54,0
764,12,85.62,97.50,82.90,33.53,11.83,50.26,0
764,13,89.30,97.37,85.07,33.71,11.64,49.81,0
764,14,85.69,96.87,83.97,32.93,11.19,50.58,0
764,15,85.55,97.28,84.28,32.62,11.39,49.56,0
764,16,89.43,96.99,84.66,33.61,11.20,47.83,0
764,17,86.91,96.82,82.77,32.43,11.50,47.84,0
764,18,89.93,96.75,85.52,34.09,11.28,51.08,0
764,19,86.32,96.76,85.73,33.79,11.80,48.15,0
765,0,77.62,97.85,96.84,36.76,10.56,47.98,0
765,1,75.72,97.85,96.00,36.31,10.63,48.91,0
765,2,74.74,97.95,95.18,36.13,10.29,48.01,0
765,3,75.44,97.71,96.77,35.76,10.47,51.03,0
765,4,75.91,97.87,95.53,37.42,11.21,50.30,0
765,5,76.72,97.82,93.32,36.84,10.77,49.62,0
765,6,75.40,97.74,93.87,37.23,11.20,48.86,0
765,7,76.11,97.93,93.32,36.46,10.89,49.40,0
765,8,75.24,98.19,93.34,37.16,10.56,50.72,0
765,9,76.86,98.03,93.17,35.67,10.46,51.17,0
765,10,76.03,97.73,95.23,35.67,11.15,51.66,0
765,11,74.20,97.72,91.95,35.66,10.21,50.91,0
765,12,76.69,97.67,93.79,36.51,10.93,50.58,0
765,13,75.83,98.05,96.43,35.79,10.93,51.77,0
765,14,74.89,97.92,91.64,36.39,11.22,51.12,0
765,15,74.18,97.47,91.57,36.37,10.42,50.03,0
765,16,75.99,97.64,95.69,35.99,10.44,49.04,0
765,17,74.74,97.52,96.43,36.44,11.25,48.18,0
765,18,74.94,97.55,91.87,36.64,10.57,49.95,0
765,19,77.80,97.73,95.91,36.82,10.83,48.85,0
766,0,85.41,97.49,86.12,38.64,10.14,56.95,0
766,1,85.71,97.86,84.64,38.64,10.33,53.78,0
766,2,88.16,98.00,81.43,37.26,10.56,56.32,0
766,3,87.21,98.00,84.85,37.94,10.70,56.72,0
766,4,84.64,97.99,84.60,37.74,10.35,56.74,0
766,5,88.60,97.72,86.42,38.53,10.34,53.47,0
766,6,86.04,97.76,85.24,38.23,9.65,53.40,0
766,7,85.64,97.93,81.95,38.00,10.45,55.61,0
766,8,87.38,97.93,85.03,38.04,9.81,54.78,0
766,9,84.28,98.20,81.71,37.07,10.61,56.35,0
766,10,85.24,97.49,85.95,38.48,10.63,54.33,0
766,11,84.62,97.62,80.77,38.96,10.55,54.96,0
766,12,83.70,97.51,84.02,38.08,9.83,54.53,0
766,13,86.06,97.87,85.82,38.86,10.32,53.38,0
766,14,83.82,97.84,80.96,37.87,10.45,55.99,0
766,15,86.63,97.73,83.22,38.71,9.90,57.24,0
766,16,83.67,97.92,84.58,38.68,9.88,55.29,0
766,17,85.36,98.11,85.14,37.46,10.12,53.67,0
766,18,86.47,97.90,85.01,38.66,9.99,54.55,0
766,19,87.01,97.83,83.49,38.73,10.29,54.75,0
767,0,82.36,97.93,79.45,35.81,15.29,48.74,0
767,1,80.50,97.78,79.78,36.14,14.88,49.00,0
767,2,79.81,97.47,81.75,34.90,15.73,45.38,0
767,3,79.86,97.59,78.05,36.14,15.26,46.16,0
767,4,79.90,97.71,82.29,35.30,15.82,45.56,0
767,5,82.70,97.71,79.93,34.90,14.94,45.38,0
767,6,80.24,97.52,79.33,35.40,14.64,46.41,0
767,7,79.73,97.95,81.49,35.77,14.98,45.16,0
767,8,79.96,97.69,80.16,34.68,15.11,47.72,0
767,9,79.89,97.45,77.82,34.95,15.33,45.82,0
767,10,85.43,98.16,73.65,35.27,14.69,45.48,0
767,11,89.02,98.14,71.41,35.94,14.67,44.24,0
767,12,91.55,97.91,63.59,36.13,15.52,43.53,1
767,13,88.66,97.75,66.72,36.13,14.88,43.71,0
767,14,86.74,97.94,75.98,36.07,15.78,42.97,0
767,15,81.99,98.16,79.52,34.83,14.95,45.42,0
767,16,81.73,97.96,80.05,36.28,15.82,46.66,0
767,17,79.33,97.78,78.37,36.02,14.94,48.21,0
767,18,80.54,97.74,78.58,35.18,15.32,45.76,0
767,19,79.40,97.70,81.36,36.29,15.48,46.67,0
768,0,89.61,98.80,88.11,38.29,9.99,45.09,0
768,1,90.24,98.86,91.78,37.59,10.82,45.51,0
768,2,91.12,98.84,89.02,37.04,10.59,47.79,0
768,3,90.19,98.80,90.38,36.51,11.01,45.56,0
768,4,91.71,99.29,89.53,38.40,10.09,45.93,0
768,5,90.06,99.09,89.43,37.42,10.65,45.81,0
768,6,88.82,98.90,89.55,36.58,10.92,47.06,0
768,7,88.99,99.14,93.75,37.47,10.88,48.08,0
768,8,89.88,98.95,90.03,37.88,10.05,47.13,0
768,9,90.28,99.01,90.18,38.06,11.05,44.50,0
768,10,90.66,99.12,88.96,37.01,9.93,44.29,0
768,11,86.91,98.84,91.74,38.07,9.95,44.46,0
768,12,88.86,98.96,89.84,37.84,10.74,44.64,0
768,13,87.60,98.88,87.61,37.01,10.34,46.51,0
768,14,86.24,99.19,90.22,37.45,10.76,48.12,0
768,15,89.89,98.88,89.78,36.83,10.06,44.46,0
768,16,87.90,98.57,91.34,38.38,10.45,45.73,0
768,17,87.08,99.16,90.02,37.13,10.05,46.36,0
768,18,87.50,98.58,92.71,37.17,10.49,46.09,0
768,19,90.53,99.04,89.85,37.92,10.25,44.82,0
769,0,82.49,98.41,94.77,37.99,13.42,51.39,0
769,1,82.52,98.08,97.02,37.67,13.32,50.26,0
769,2,83.97,98.65,92.99,38.01,13.41,50.24,0
769,3,83.66,98.05,93.09,38.01,13.22,52.65,0
769,4,84.17,98.69,96.54,38.56,13.72,52.75,0
769,5,82.77,98.79,98.65,39.06,13.50,50.45,0
769,6,84.35,98.68,94.72,37.50,12.81,51.84,0
769,7,81.64,98.47,97.92,38.81,13.41,51.72,0
769,8,82.29,98.26,93.03,39.02,13.11,52.33,0
769,9,82.57,98.14,92.12,39.08,13.48,53.32,0
769,10,83.30,98.67,92.88,37.70,13.71,52.54,0
769,11,80.52,98.72,92.02,37.42,13.42,53.36,0
769,12,82.87,98.44,96.73,38.70,12.99,53.79,0
769,13,82.92,98.80,92.44,37.88,13.06,52.49,0
769,14,82.08,98.43,94.58,38.27,13.20,52.36,0
769,15,80.24,98.74,91.98,38.49,13.16,51.41,0
769,16,81.07,98.78,95.34,37.99,13.51,53.18,0
769,17,81.55,98.26,95.40,38.02,12.87,53.53,0
769,18,83.12,98.66,96.91,37.59,12.85,52.99,0
769,19,83.14,98.38,94.80,38.58,13.45,51.61,0
770,0,77.56,98.13,96.82,37.11,13.66,44.06,0
770,1,78.46,98.03,100.18,36.53,14.50,43.20,0
770,2,78.96,98.25,99.59,37.77,14.21,46.20,0
770,3,80.75,98.01,100.79,38.39,14.40,44.94,0
770,4,79.04,97.91,96.76,36.62,13.80,45.50,0
770,5,79.14,98.40,99.01,36.50,14.28,42.60,0
770,6,79.21,98.10,100.26,37.88,13.93,42.90,0
770,7,79.63,98.01,98.89,37.31,13.43,43.55,0
770,8,80.65,98.27,99.73,36.48,13.40,43.34,0
770,9,83.83,97.77,92.87,38.03,13.45,43.06,0
770,10,85.51,97.81,84.78,36.78,14.28,38.44,0
770,11,88.92,97.91,85.80,37.95,13.78,37.95,1
770,12,84.83,97.68,89.55,38.15,13.98,40.01,0
770,13,86.25,98.34,89.19,38.44,13.75,41.75,0
770,14,80.05,97.89,98.93,37.29,14.45,44.83,0
770,15,77.59,98.10,96.48,38.37,14.09,43.47,0
770,16,76.56,97.91,97.80,37.77,14.45,45.32,0
770,17,77.88,97.69,96.39,37.87,14.51,46.34,0
770,18,77.94,97.90,97.89,37.14,14.38,43.19,0
770,19,79.74,97.77,99.59,37.49,13.67,44.20,0
771,0,79.07,97.93,88.93,37.04,14.11,43.50,0
771,1,81.42,97.79,88.38,37.21,13.45,43.16,0
771,2,79.21,98.10,85.43,37.85,14.42,46.15,0
771,3,80.85,97.60,86.54,37.58,13.72,44.28,0
771,4,78.39,97.55,88.09,38.21,13.63,45.99,0
771,5,80.46,97.88,85.15,38.33,13.91,44.48,0
771,6,79.90,97.73,88.48,37.74,13.54,42.67,0
771,7,79.64,97.85,86.70,36.73,13.38,43.01,0
771,8,87.50,98.03,80.76,37.65,13.33,40.68,0
771,9,88.60,98.15,75.99,37.35,13.38,40.14,0
771,10,90.12,97.52,71.22,38.23,14.07,39.33,1
771,11,85.50,97.78,75.82,37.93,13.40,40.34,0
771,12,84.01,97.51,77.71,37.14,13.27,42.39,0
771,13,77.10,97.40,84.08,37.45,14.22,44.18,0
771,14,78.56,97.44,86.67,38.13,13.29,44.51,0
771,15,77.43,97.46,85.30,37.03,14.20,42.45,0
771,16,80.08,97.89,88.94,38.40,14.31,44.58,0
771,17,80.04,97.63,87.78,38.48,13.45,45.78,0
771,18,78.22,97.81,89.61,37.78,13.50,42.52,0
771,19,78.60,97.64,86.34,38.22,13.57,44.59,0
772,0,77.93,97.93,91.66,35.14,15.77,46.43,0
772,1,78.69,97.74,95.23,35.57,15.91,46.12,0
772,2,80.27,98.36,96.30,35.28,15.90,45.40,0
772,3,80.69,98.34,93.98,36.12,15.86,45.68,0
772,4,78.45,97.92,94.49,36.27,15.89,43.39,0
772,5,82.01,98.35,96.65,35.88,15.36,44.97,0
772,6,79.08,97.76,96.03,35.83,16.46,46.62,0
772,7,80.85,98.22,97.61,34.43,16.13,45.62,0
772,8,78.51,98.39,92.13,34.90,16.22,43.37,0
772,9,80.86,97.83,97.47,35.16,15.69,46.90,0
772,10,79.03,97.87,95.69,35.41,16.09,45.25,0
772,11,77.04,98.30,96.73,34.90,15.57,44.15,0
772,12,80.48,98.36,96.89,35.24,15.50,45.75,0
772,13,79.48,97.66,95.27,35.87,16.23,44.98,0
772,14,76.64,98.18,91.96,35.72,16.42,45.97,0
772,15,78.52,98.30,96.23,35.76,15.66,45.46,0
772,16,77.30,97.79,91.79,35.17,16.53,46.22,0
772,17,79.63,98.37,95.86,35.96,15.72,46.20,0
772,18,77.37,97.95,92.28,35.03,16.14,43.94,0
772,19,78.16,98.18,95.19,34.90,15.92,46.68,0
773,0,77.14,99.12,81.88,37.08,12.30,48.92,0
773,1,77.73,98.63,85.51,36.65,12.16,49.56,0
773,2,77.59,98.89,82.53,37.74,11.77,49.10,0
773,3,77.49,98.74,84.33,37.53,11.86,50.83,0
773,4,80.50,99.16,81.76,36.67,11.97,50.10,0
773,5,78.79,98.72,83.21,37.43,11.29,47.20,0
773,6,79.47,98.70,81.79,38.17,11.61,47.39,0
773,7,77.60,99.10,84.98,37.73,11.51,48.85,0
773,8,80.04,99.18,82.94,37.90,11.93,47.24,0
773,9,78.78,99.18,80.54,37.41,11.66,47.46,0
773,10,76.94,98.78,82.09,36.90,11.92,49.23,0
773,11,76.38,99.21,81.13,37.27,12.35,48.04,0
773,12,76.62,98.86,84.22,37.72,11.54,50.32,0
773,13,75.98,98.81,81.80,38.10,11.43,50.26,0
773,14,76.41,99.20,82.30,37.38,12.18,48.04,0
773,15,78.98,98.75,83.51,36.82,11.90,47.06,0
773,16,78.07,98.61,79.37,37.05,11.73,48.60,0
773,17,76.19,98.99,84.01,37.03,11.70,47.76,0
773,18,76.63,98.61,82.28,37.18,11.56,47.09,0
773,19,78.64,98.94,80.13,37.81,12.30,50.01,0
774,0,85.17,97.27,81.50,36.57,13.87,52.56,0
774,1,88.47,97.34,77.18,35.98,14.38,53.54,0
774,2,85.22,96.95,79.22,35.16,14.51,52.62,0
774,3,87.64,97.39,81.59,35.73,13.73,53.26,0
774,4,85.45,96.75,79.05,35.26,14.42,51.19,0
774,5,85.66,96.69,77.97,36.23,13.92,51.18,0
774,6,86.62,96.72,78.94,35.82,14.07,50.15,0
774,7,87.27,97.29,79.78,35.97,14.66,51.03,0
774,8,87.24,97.04,78.33,35.30,14.65,52.54,0
774,9,87.56,97.13,80.74,36.57,14.71,49.72,0
774,10,86.17,97.12,77.55,36.07,14.30,51.76,0
774,11,87.63,96.84,76.90,36.68,14.71,52.01,0
774,12,85.82,96.65,79.24,35.92,14.80,50.57,0
774,13,85.66,96.93,77.36,36.61,14.47,50.11,0
774,14,84.36,97.24,76.90,35.49,13.68,51.99,0
774,15,86.60,96.94,76.86,35.24,13.77,52.51,0
774,16,87.64,97.30,77.29,36.55,14.55,51.91,0
774,17,84.97,97.09,79.62,36.01,14.63,52.82,0
774,18,85.02,96.71,80.02,35.62,14.19,51.62,0
774,19,87.64,97.01,81.91,34.88,14.27,52.72,0
775,0,79.11,97.78,91.01,35.12,12.62,52.03,0
775,1,80.72,97.54,90.43,35.24,12.59,50.15,0
775,2,80.79,97.80,88.90,34.21,13.58,51.92,0
775,3,79.96,97.78,90.80,34.78,13.22,51.36,0
775,4,82.48,97.29,89.57,34.94,12.81,49.55,0
775,5,81.79,97.28,87.45,34.26,13.22,51.71,0
775,6,80.36,97.39,89.73,34.70,13.58,51.68,0
775,7,79.12,97.64,91.34,34.89,12.51,51.51,0
775,8,82.39,97.24,88.03,34.93,12.51,50.43,0
775,9,81.29,97.59,87.67,33.80,13.46,51.45,0
775,10,80.26,97.80,87.72,34.42,12.54,51.40,0
775,11,79.55,97.24,87.33,34.75,13.53,50.15,0
775,12,79.55,97.66,91.19,35.34,13.00,51.68,0
775,13,77.69,97.27,86.72,34.98,13.25,48.30,0
775,14,77.88,97.11,86.58,34.81,13.09,51.92,0
775,15,80.14,97.29,88.69,35.08,13.59,48.11,0
775,16,80.03,97.62,89.33,35.69,12.64,51.31,0
775,17,80.14,97.39,87.56,35.29,12.61,49.22,0
775,18,80.58,97.78,87.07,34.49,13.64,50.35,0
775,19,80.76,97.77,87.61,34.28,12.74,52.07,0
776,0,90.50,98.66,87.41,37.54,13.88,59.68,0
776,1,87.81,98.09,84.54,37.21,13.28,61.61,0
776,2,89.11,98.76,87.81,38.94,13.73,61.71,0
776,3,89.12,98.25,82.38,37.26,13.04,61.71,0
776,4,89.41,98.39,86.43,37.86,13.33,59.17,0
776,5,89.06,98.46,86.89,38.78,13.39,60.62,0
776,6,90.67,98.57,85.23,37.39,14.12,60.58,0
776,7,88.52,98.70,82.33,38.21,14.10,58.97,0
776,8,90.29,98.78,82.49,38.31,13.68,59.91,0
776,9,91.14,98.59,86.39,37.57,14.05,59.81,0
776,10,89.43,98.56,86.44,37.80,13.96,61.46,0
776,11,90.81,98.40,84.86,38.08,13.29,62.39,0
776,12,87.77,98.13,83.24,38.24,14.08,59.47,0
776,13,89.47,98.63,84.19,38.35,13.85,60.00,0
776,14,86.62,98.52,86.80,38.03,14.07,61.19,0
776,15,89.34,98.35,85.84,37.55,13.67,59.76,0
776,16,89.20,98.66,81.31,37.81,13.67,60.46,0
776,17,88.67,98.14,85.47,37.47,13.38,60.45,0
776,18,90.79,98.30,86.30,38.32,13.59,59.14,0
776,19,90.23,98.77,87.49,38.15,13.36,59.40,0
777,0,79.60,98.25,95.56,38.55,14.44,42.12,0
777,1,81.18,97.96,95.86,37.03,14.99,44.01,0
777,2,83.30,98.04,98.77,37.76,14.97,44.80,0
777,3,80.47,98.53,99.93,37.69,15.07,42.75,0
777,4,80.65,98.19,101.00,38.02,14.40,44.96,0
777,5,82.03,98.10,101.03,36.88,14.67,45.00,0
777,6,83.35,98.14,99.94,37.64,14.48,45.17,0
777,7,82.35,98.42,97.99,38.53,14.88,45.00,0
777,8,80.22,98.58,95.60,37.10,15.15,45.18,0
777,9,80.91,98.23,100.77,38.37,15.30,43.95,0
777,10,80.18,98.36,95.67,37.27,15.18,42.24,0
777,11,81.81,98.40,94.70,38.15,15.20,41.97,0
777,12,79.08,98.29,99.12,38.39,15.42,44.94,0
777,13,82.09,97.95,94.42,36.79,14.99,41.89,0
777,14,81.70,97.99,98.30,36.71,15.22,44.52,0
777,15,82.15,98.56,97.93,36.98,14.62,43.24,0
777,16,81.66,98.03,94.71,37.24,14.59,44.41,0
777,17,82.16,98.10,95.96,38.65,14.48,41.83,0
777,18,79.50,98.19,98.54,36.97,15.50,44.03,0
777,19,81.58,97.93,95.93,36.88,14.95,43.40,0
778,0,87.09,96.95,83.74,37.29,14.65,51.96,0
778,1,85.99,97.43,83.68,37.54,14.12,52.20,0
778,2,87.06,96.75,85.72,38.90,14.21,49.26,0
778,3,87.02,97.44,82.20,38.27,14.00,49.90,0
778,4,86.68,97.27,85.91,38.69,14.55,51.68,0
778,5,86.12,97.08,85.13,38.11,14.17,51.62,0
778,6,86.79,96.95,82.35,37.83,14.39,51.42,0
778,7,84.67,97.39,81.98,37.62,14.79,50.22,0
778,8,86.92,97.26,86.38,37.54,14.05,52.00,0
778,9,85.13,96.90,83.45,37.40,14.51,52.19,0
778,10,83.65,97.26,84.01,38.40,14.83,51.40,0
778,11,84.18,96.86,86.54,39.04,14.23,52.36,0
778,12,82.84,96.93,84.38,37.90,14.44,49.41,0
778,13,83.49,96.92,81.05,37.71,13.96,51.93,0
778,14,86.14,96.84,83.21,38.55,14.07,52.46,0
778,15,83.90,97.04,85.99,37.55,14.27,51.41,0
778,16,83.26,97.05,81.81,37.87,15.11,50.71,0
778,17,84.39,97.29,84.02,38.93,14.20,51.93,0
778,18,83.72,97.43,86.49,37.51,15.08,49.49,0
778,19,86.30,97.27,85.88,38.53,14.87,50.98,0
779,0,71.92,96.73,89.99,38.28,16.15,58.73,0
779,1,73.36,97.25,94.25,36.87,15.30,59.31,0
779,2,72.21,97.30,92.36,36.70,16.21,55.88,0
779,3,74.48,97.35,92.09,37.44,16.07,57.09,0
779,4,75.31,97.28,90.55,37.29,15.37,56.71,0
779,5,72.98,97.36,95.05,37.35,15.84,56.06,0
779,6,75.15,97.52,90.85,36.74,15.95,55.80,0
779,7,75.51,97.17,92.01,38.10,15.61,57.28,0
779,8,75.82,96.77,89.21,37.58,15.27,56.14,0
779,9,78.72,97.20,83.26,38.22,15.26,53.41,0
779,10,81.70,97.50,80.36,37.74,15.12,53.18,0
779,11,85.04,97.20,74.16,37.36,15.55,54.43,1
779,12,82.16,97.06,77.79,37.34,15.84,52.73,0
779,13,80.36,97.46,82.81,38.06,15.59,53.41,0
779,14,71.66,97.20,91.05,38.12,15.28,55.79,0
779,15,74.83,97.39,92.32,36.61,15.74,58.69,0
779,16,73.78,96.88,90.51,36.66,16.08,59.05,0
779,17,72.74,97.14,91.55,36.67,15.97,58.62,0
779,18,71.95,97.38,93.60,38.12,15.06,56.59,0
779,19,71.72,97.34,91.30,36.74,15.56,57.42,0
780,0,73.66,98.04,95.72,36.20,13.57,47.01,0
780,1,74.15,97.41,96.60,35.53,14.14,46.12,0
780,2,71.71,98.02,99.78,36.11,13.47,44.30,0
780,3,72.13,98.02,98.25,34.85,13.99,44.90,0
780,4,73.84,97.98,101.16,35.28,13.88,45.70,0
780,5,73.32,97.42,95.34,36.58,13.07,47.51,0
780,6,75.23,97.43,97.84,34.73,13.29,44.60,0
780,7,74.17,97.66,98.28,35.80,13.39,46.40,0
780,8,71.24,97.73,94.79,36.37,13.35,46.85,0
780,9,73.54,97.90,94.55,36.56,13.21,46.55,0
780,10,73.99,97.78,96.13,36.36,14.17,47.27,0
780,11,72.75,97.52,98.49,36.44,13.92,44.94,0
780,12,73.01,97.51,97.24,35.33,13.43,45.53,0
780,13,73.09,97.40,96.25,35.36,13.31,44.87,0
780,14,72.01,97.87,98.19,35.19,13.32,45.29,0
780,15,73.84,97.39,99.04,36.19,13.20,46.63,0
780,16,73.82,98.08,96.09,36.03,14.14,44.27,0
780,17,74.07,97.51,97.99,36.10,13.14,44.19,0
780,18,71.45,97.66,95.97,35.81,13.19,44.24,0
780,19,71.99,97.79,95.92,34.76,13.38,45.12,0
781,0,92.10,97.96,95.29,37.47,11.99,59.87,0
781,1,88.72,97.52,95.58,36.69,12.65,62.70,0
781,2,90.60,97.80,93.58,38.32,12.02,61.09,0
781,3,92.21,97.90,96.35,37.80,12.49,63.06,0
781,4,91.15,97.31,96.90,37.68,12.18,61.79,0
781,5,89.96,98.03,95.43,36.79,12.05,60.98,0
781,6,92.76,97.94,96.55,36.61,11.96,59.46,0
781,7,89.24,97.41,95.93,37.51,12.93,61.43,0
781,8,89.86,97.30,94.83,37.49,12.97,62.07,0
781,9,96.34,97.57,89.17,37.46,13.00,56.62,0
781,10,98.32,97.69,83.17,38.10,12.89,58.25,0
781,11,99.89,97.58,81.67,37.76,13.01,55.59,1
781,12,99.28,97.94,86.65,37.38,12.51,56.81,0
781,13,95.43,97.34,87.30,36.55,12.19,57.34,0
781,14,88.70,97.91,92.38,37.73,12.63,62.53,0
781,15,87.52,97.70,97.66,37.35,12.45,61.65,0
781,16,91.28,97.56,94.30,37.88,13.04,61.45,0
781,17,91.60,97.87,93.05,38.42,12.55,59.79,0
781,18,91.69,97.36,97.87,38.50,13.05,62.84,0
781,19,91.65,97.75,94.62,38.16,12.44,59.66,0
782,0,90.62,98.37,90.64,36.45,12.10,47.80,0
782,1,92.11,98.18,93.98,35.55,12.52,48.28,0
782,2,90.60,98.27,95.85,36.81,12.52,51.42,0
782,3,89.40,98.53,90.71,36.58,12.96,48.88,0
782,4,89.82,98.80,92.09,35.51,11.92,50.74,0
782,5,90.34,98.20,94.51,36.62,11.92,50.67,0
782,6,92.44,98.58,94.52,37.44,12.05,50.66,0
782,7,89.93,98.52,94.73,36.86,11.96,51.02,0
782,8,91.83,98.31,91.42,37.10,12.53,51.16,0
782,9,89.97,98.87,92.58,37.21,12.32,48.82,0
782,10,91.40,98.74,90.11,37.31,12.83,49.23,0
782,11,90.03,98.75,90.56,35.89,12.93,51.37,0
782,12,88.91,98.15,91.66,36.12,12.30,49.11,0
782,13,89.99,98.44,93.98,36.36,12.23,50.71,0
782,14,89.87,98.44,92.56,37.09,12.18,47.89,0
782,15,88.89,98.84,90.45,36.29,12.16,48.95,0
782,16,90.46,98.33,93.63,36.20,12.15,48.63,0
782,17,90.54,98.52,91.69,36.10,12.57,49.54,0
782,18,90.06,98.10,93.32,35.70,12.27,51.37,0
782,19,90.34,98.34,92.99,36.17,12.35,49.05,0
783,0,86.16,98.47,78.97,38.86,15.05,55.61,0
783,1,83.81,97.97,82.17,39.16,15.89,54.63,0
783,2,84.18,98.49,79.67,38.25,15.26,54.88,0
783,3,84.15,98.28,80.97,39.44,16.08,56.34,0
783,4,84.77,98.52,81.62,38.69,15.64,55.81,0
783,5,85.40,98.27,81.91,38.81,15.85,55.67,0
783,6,84.80,98.06,82.58,38.56,15.14,55.98,0
783,7,86.71,98.18,83.62,39.52,15.18,55.07,0
783,8,85.64,98.03,80.88,39.04,15.89,54.50,0
783,9,84.20,98.49,84.09,38.21,15.44,53.75,0
783,10,83.28,98.27,82.29,39.46,15.43,53.78,0
783,11,85.86,98.25,78.87,38.61,15.04,56.75,0
783,12,85.42,98.31,80.69,38.83,15.14,54.89,0
783,13,85.94,98.03,82.15,39.47,16.15,54.18,0
783,14,83.04,98.34,82.68,37.84,15.38,56.58,0
783,15,84.63,98.57,83.38,38.46,15.42,55.30,0
783,16,86.08,98.48,78.43,38.85,15.15,55.55,0
783,17,83.46,97.85,79.40,38.52,16.13,53.63,0
783,18,85.79,98.32,82.63,38.60,15.44,53.51,0
783,19,84.24,97.93,82.19,38.45,15.84,55.92,0
784,0,74.87,98.06,96.83,32.89,15.10,47.99,0
784,1,74.65,97.43,97.22,34.15,15.93,49.80,0
784,2,77.18,97.89,95.45,33.68,14.85,47.19,0
784,3,76.80,98.00,94.21,32.72,15.81,48.84,0
784,4,75.13,97.64,96.00,33.22,15.14,50.55,0
784,5,75.23,97.43,97.25,33.60,15.72,50.01,0
784,6,74.42,97.68,95.17,32.49,15.83,47.37,0
784,7,76.26,97.88,96.39,34.26,15.87,48.70,0
784,8,75.46,97.76,94.79,33.94,15.31,50.66,0
784,9,74.67,97.37,93.68,32.67,14.87,49.97,0
784,10,83.18,97.87,91.97,33.86,15.60,46.80,0
784,11,81.92,97.38,88.29,33.46,15.55,44.98,0
784,12,86.45,97.71,78.38,34.31,15.58,42.17,1
784,13,81.05,97.45,85.39,34.20,14.85,45.57,0
784,14,81.62,97.60,90.52,33.63,15.24,46.43,0
784,15,75.69,97.96,94.58,33.31,14.94,47.28,0
784,16,74.13,97.88,92.56,33.85,15.71,49.85,0
784,17,75.27,97.92,98.12,33.79,15.89,50.34,0
784,18,77.27,97.47,95.30,32.42,14.91,50.20,0
784,19,74.74,97.27,96.96,32.74,14.83,47.90,0
785,0,86.05,97.93,96.08,38.57,10.28,48.75,0
785,1,86.44,97.83,94.59,37.26,11.13,51.48,0
785,2,86.79,97.89,96.48,37.02,10.50,50.27,0
785,3,88.04,97.66,93.87,37.03,10.77,47.95,0
785,4,88.00,97.83,97.03,37.25,10.27,48.40,0
785,5,89.07,97.35,96.15,37.86,10.82,47.81,0
785,6,87.39,97.64,98.54,38.39,10.74,49.49,0
785,7,87.39,97.55,95.12,36.90,11.22,48.23,0
785,8,88.20,97.70,92.81,37.09,10.29,49.91,0
785,9,91.20,97.42,88.70,37.94,10.49,45.64,0
785,10,94.56,97.36,86.25,37.13,10.58,45.88,0
785,11,95.64,97.94,79.70,37.97,10.92,45.33,1
785,12,94.57,97.94,82.13,38.20,10.89,43.68,0
785,13,92.31,97.71,90.94,37.85,10.71,46.27,0
785,14,84.10,97.84,91.86,38.71,10.70,48.48,0
785,15,86.11,97.98,93.11,38.17,10.53,48.51,0
785,16,86.70,97.54,92.10,38.46,11.04,51.20,0
785,17,87.16,97.40,91.67,37.54,10.81,48.12,0
785,18,85.98,97.56,96.04,37.58,11.36,49.92,0
785,19,85.68,97.23,96.73,37.38,10.32,49.57,0
786,0,81.17,98.18,83.13,39.99,13.21,50.82,0
786,1,80.73,98.41,78.31,39.50,13.24,48.83,0
786,2,80.66,97.90,84.14,39.07,14.19,49.28,0
786,3,78.74,97.67,82.83,38.81,13.32,49.03,0
786,4,79.70,97.92,82.34,38.80,13.35,48.79,0
786,5,80.72,97.84,81.08,38.06,13.65,49.14,0
786,6,80.19,98.00,81.98,39.05,13.21,49.80,0
786,7,78.86,97.86,82.12,39.85,13.46,48.02,0
786,8,79.51,98.35,81.53,39.26,14.01,49.58,0
786,9,79.88,98.10,80.47,38.91,13.74,50.45,0
786,10,78.11,97.97,81.80,39.34,13.15,50.94,0
786,11,80.73,98.20,82.16,39.03,14.23,49.31,0
786,12,80.32,98.18,82.49,38.21,13.23,51.11,0
786,13,79.74,98.04,82.95,38.89,14.17,48.73,0
786,14,79.70,97.67,79.58,39.69,13.54,51.01,0
786,15,76.62,97.72,82.13,39.58,13.38,50.22,0
786,16,80.33,98.11,78.18,39.43,14.20,49.88,0
786,17,78.34,98.41,82.66,38.12,13.91,47.78,0
786,18,79.78,98.06,80.00,38.95,13.83,47.64,0
786,19,80.51,98.29,80.57,38.67,14.08,47.48,0
787,0,71.14,97.48,93.34,35.27,15.45,56.10,0
787,1,71.25,97.59,94.70,35.05,15.94,54.86,0
787,2,74.13,97.42,94.77,35.24,15.83,55.07,0
787,3,73.53,97.52,97.68,36.89,15.34,54.08,0
787,4,73.78,97.75,93.96,35.40,15.78,54.47,0
787,5,73.49,97.54,93.22,35.74,15.47,55.93,0
787,6,73.48,97.44,98.19,36.32,15.44,55.27,0
787,7,73.07,97.76,95.90,36.66,14.90,55.94,0
787,8,71.66,97.94,95.14,35.62,15.88,54.81,0
787,9,74.28,97.28,98.02,36.69,15.47,56.39,0
787,10,73.08,97.84,96.34,36.86,15.43,55.04,0
787,11,72.10,97.44,96.36,36.08,15.52,55.17,0
787,12,72.74,97.85,97.05,35.31,15.40,55.95,0
787,13,73.03,97.75,95.31,35.71,14.86,56.53,0
787,14,73.73,97.30,94.81,36.02,15.40,54.80,0
787,15,73.14,97.68,96.17,36.91,14.83,55.87,0
787,16,73.54,97.56,92.85,36.87,15.25,56.10,0
787,17,70.22,97.63,93.90,36.62,15.57,53.30,0
787,18,72.73,97.72,95.85,35.27,14.89,56.45,0
787,19,71.64,97.37,97.03,36.51,15.96,54.54,0
788,0,90.84,98.86,81.42,37.20,15.37,58.00,0
788,1,91.62,98.47,85.74,37.35,15.92,58.00,0
788,2,89.10,98.61,83.73,38.52,16.34,59.13,0
788,3,91.35,98.65,86.50,38.09,16.29,59.60,0
788,4,89.25,98.61,86.04,38.57,15.92,59.66,0
788,5,91.85,98.87,83.32,36.70,16.52,56.87,0
788,6,90.53,98.51,84.69,37.82,15.68,57.98,0
788,7,90.32,98.91,82.68,37.06,16.38,59.37,0
788,8,90.55,98.97,86.62,37.45,15.47,57.55,0
788,9,91.82,98.95,80.63,36.98,15.59,57.94,0
788,10,91.00,98.86,85.29,38.30,16.11,58.48,0
788,11,88.58,98.26,83.06,36.95,15.99,57.66,0
788,12,88.55,98.23,81.40,37.26,15.75,59.50,0
788,13,90.12,98.89,83.44,38.37,15.90,57.97,0
788,14,87.35,98.45,83.87,38.37,15.52,56.06,0
788,15,88.42,98.39,80.64,36.65,16.36,57.70,0
788,16,90.36,98.65,81.15,37.76,15.36,59.05,0
788,17,89.27,98.48,82.37,37.56,15.54,56.19,0
788,18,88.66,98.66,83.71,36.73,15.95,57.27,0
788,19,91.86,98.90,82.51,37.13,16.35,57.17,0
789,0,75.96,98.52,88.13,38.73,12.36,49.18,0
789,1,75.70,99.05,88.54,38.49,11.57,46.97,0
789,2,77.64,98.49,87.55,38.91,12.12,48.32,0
789,3,76.52,98.95,88.86,37.72,12.59,46.94,0
789,4,77.64,98.94,89.50,38.73,12.23,50.03,0
789,5,79.78,98.72,84.64,37.85,12.53,50.12,0
789,6,77.47,99.14,88.83,38.23,11.90,48.53,0
789,7,76.16,98.68,85.17,37.74,11.80,47.24,0
789,8,76.97,98.88,85.58,39.36,12.26,48.85,0
789,9,77.33,98.48,84.56,38.75,11.60,46.81,0
789,10,78.28,98.77,84.06,39.25,12.01,49.27,0
789,11,75.07,98.66,84.12,38.79,11.73,49.01,0
789,12,77.38,99.05,84.56,37.96,12.57,48.87,0
789,13,78.20,98.65,84.86,38.79,11.67,46.68,0
789,14,76.82,98.43,86.86,38.36,12.16,49.71,0
789,15,77.46,99.03,87.34,38.80,12.02,50.13,0
789,16,76.14,98.59,87.94,38.40,11.41,50.31,0
789,17,74.83,98.98,85.02,38.74,11.63,49.91,0
789,18,76.25,98.63,84.03,38.55,12.18,49.71,0
789,19,78.18,98.54,84.99,37.57,11.68,48.21,0
790,0,84.74,97.52,97.02,36.41,15.74,43.60,0
790,1,85.01,97.54,96.01,35.94,15.70,41.60,0
790,2,87.41,97.90,93.18,35.62,15.66,42.58,0
790,3,84.74,97.99,98.18,35.61,15.64,43.11,0
790,4,84.35,97.56,95.44,35.65,15.14,44.44,0
790,5,87.82,97.93,97.31,35.19,15.50,41.61,0
790,6,86.23,97.57,97.37,35.23,15.44,43.17,0
790,7,86.50,97.85,94.45,35.39,15.54,42.48,0
790,8,86.23,97.55,96.22,36.14,15.22,45.43,0
790,9,84.39,98.03,96.05,35.76,15.66,43.14,0
790,10,89.78,98.02,86.46,36.68,15.54,42.19,0
790,11,92.30,97.84,83.10,35.07,15.80,38.82,0
790,12,94.99,98.05,79.94,35.90,15.67,40.37,1
790,13,91.23,97.89,86.05,35.30,15.71,41.21,0
790,14,89.18,97.48,88.32,36.44,15.92,40.97,0
790,15,84.33,97.33,95.51,35.63,14.84,43.84,0
790,16,84.22,97.84,92.31,35.68,15.91,45.10,0
790,17,83.13,97.68,94.92,35.52,14.89,42.95,0
790,18,85.62,97.83,93.45,36.28,15.15,45.22,0
790,19,86.10,98.00,93.39,35.24,15.70,42.90,0
791,0,80.82,98.96,92.02,36.27,15.08,56.15,0
791,1,83.36,98.88,92.64,36.31,14.17,54.37,0
791,2,83.91,98.35,88.42,36.32,14.15,54.28,0
791,3,83.69,98.83,92.35,37.40,14.01,54.36,0
791,4,81.64,98.98,92.63,37.87,14.34,53.21,0
791,5,82.55,98.88,92.63,37.29,14.96,54.38,0
791,6,83.90,98.65,89.37,37.66,14.54,53.04,0
791,7,83.72,98.81,93.44,37.51,14.99,53.37,0
791,8,81.64,98.50,90.96,36.48,15.01,56.62,0
791,9,83.74,98.57,92.40,36.85,15.02,52.84,0
791,10,80.13,98.84,89.92,37.55,14.78,54.33,0
791,11,82.12,98.33,88.57,37.48,14.36,55.38,0
791,12,79.94,98.91,88.05,37.40,15.02,54.14,0
791,13,81.07,98.53,86.81,37.29,14.66,56.78,0
791,14,81.38,98.32,91.88,37.66,14.80,54.50,0
791,15,81.46,98.46,90.16,36.49,14.83,55.74,0
791,16,81.71,98.97,86.66,37.15,14.07,55.76,0
791,17,82.96,98.63,92.60,37.87,14.04,52.97,0
791,18,82.66,98.33,90.11,37.05,13.89,54.87,0
791,19,83.88,98.51,88.18,36.99,14.20,55.11,0
792,0,88.49,97.53,95.88,33.53,10.91,41.33,0
792,1,88.69,97.66,95.01,34.89,9.86,40.13,0
792,2,87.86,97.47,98.55,33.53,10.45,43.67,0
792,3,85.72,97.71,94.13,33.88,10.22,42.37,0
792,4,86.07,98.02,96.26,33.52,10.21,41.39,0
792,5,89.61,97.71,99.11,35.12,10.07,43.84,0
792,6,86.44,97.47,96.90,33.71,9.93,41.07,0
792,7,88.01,97.90,93.78,34.26,10.56,42.25,0
792,8,87.65,97.95,98.11,33.26,10.00,43.02,0
792,9,88.69,97.88,97.17,35.19,9.84,41.07,0
792,10,88.25,98.02,97.97,33.30,10.80,43.12,0
792,11,84.91,97.96,96.99,35.18,10.91,42.29,0
792,12,85.68,98.06,93.24,35.03,10.61,43.35,0
792,13,86.22,97.89,92.30,35.11,10.43,43.09,0
792,14,86.15,98.19,92.75,33.68,9.81,42.96,0
792,15,85.09,97.60,97.82,33.94,10.21,41.84,0
792,16,85.73,97.90,96.36,33.92,10.26,40.21,0
792,17,87.59,97.92,96.32,33.85,10.58,41.85,0
792,18,86.95,97.44,97.58,35.09,10.33,42.13,0
792,19,85.81,98.17,93.74,33.57,10.40,43.83,0
793,0,90.92,98.13,80.89,37.61,14.09,51.66,0
793,1,87.88,97.93,76.78,36.85,15.09,51.55,0
793,2,88.24,98.03,81.07,37.86,13.99,54.75,0
793,3,88.85,98.40,79.87,36.82,14.50,52.36,0
793,4,88.51,97.85,81.85,37.95,14.61,52.94,0
793,5,90.56,98.50,82.65,37.98,14.79,51.43,0
793,6,90.85,98.18,81.36,38.16,14.33,52.71,0
793,7,88.21,98.42,78.14,36.69,14.36,53.95,0
793,8,91.00,97.97,80.11,36.92,14.49,51.41,0
793,9,87.48,98.48,82.03,37.49,14.38,51.64,0
793,10,88.08,98.17,79.68,37.74,14.52,51.70,0
793,11,87.20,98.18,79.25,37.86,15.01,53.62,0
793,12,87.00,98.19,78.13,36.75,15.14,54.16,0
793,13,86.52,97.89,79.72,36.76,14.91,52.76,0
793,14,89.59,98.21,77.90,38.29,14.71,54.82,0
793,15,86.67,98.05,76.12,37.77,14.56,54.85,0
793,16,89.45,98.25,77.29,36.71,15.07,54.90,0
793,17,87.00,98.01,77.68,38.48,14.00,55.24,0
793,18,89.31,98.59,81.08,36.94,14.45,52.38,0
793,19,88.65,97.96,80.13,36.94,14.86,55.27,0
794,0,75.83,98.98,91.38,36.08,13.57,51.67,0
794,1,77.86,98.34,93.30,35.40,13.72,50.14,0
794,2,77.68,98.57,91.26,35.90,13.83,50.09,0
794,3,77.99,98.91,93.92,35.84,13.42,50.93,0
794,4,76.76,98.84,90.74,36.16,13.84,50.23,0
794,5,76.32,98.76,93.31,36.37,13.66,49.99,0
794,6,74.96,98.72,91.29,36.91,13.58,50.36,0
794,7,76.79,98.36,89.21,35.68,14.11,52.11,0
794,8,75.33,98.22,89.51,36.61,13.83,52.83,0
794,9,76.56,98.46,92.20,35.87,13.97,52.61,0
794,10,74.31,98.68,91.01,36.77,13.70,53.48,0
794,11,74.83,98.52,93.35,36.13,13.18,50.08,0
794,12,75.88,98.33,90.15,36.78,13.76,50.49,0
794,13,73.87,98.55,92.77,36.80,13.12,52.57,0
794,14,76.77,98.89,87.54,37.30,14.00,50.81,0
794,15,74.61,98.93,92.57,36.75,13.72,53.39,0
794,16,75.70,98.96,91.37,35.67,13.95,52.00,0
794,17,75.92,98.97,93.10,35.55,14.13,52.00,0
794,18,74.87,99.00,92.23,36.32,13.05,51.36,0
794,19,77.08,98.60,91.36,36.98,13.91,52.76,0
795,0,77.21,98.16,91.45,37.86,11.72,46.57,0
795,1,77.75,98.23,90.55,37.87,11.07,47.62,0
795,2,81.20,98.45,91.62,39.01,11.90,46.60,0
795,3,81.63,98.40,91.76,39.49,11.03,45.95,0
795,4,81.41,97.87,94.44,38.25,11.33,48.31,0
795,5,81.97,98.50,92.85,39.50,12.01,48.31,0
795,6,81.20,98.47,89.06,39.63,12.04,47.33,0
795,7,79.77,98.06,91.02,39.75,11.93,47.65,0
795,8,79.32,98.36,93.05,38.01,10.93,45.96,0
795,9,80.35,97.83,91.16,38.04,11.12,46.37,0
795,10,79.66,98.38,89.90,38.47,10.96,45.08,0
795,11,77.53,97.73,93.88,38.75,11.86,47.97,0
795,12,78.79,97.73,93.18,39.23,11.33,47.11,0
795,13,76.59,98.41,89.59,37.93,11.86,46.61,0
795,14,77.41,98.42,93.24,38.24,11.02,47.51,0
795,15,78.53,98.26,92.11,38.79,11.23,44.86,0
795,16,78.32,97.83,89.92,38.14,11.87,47.77,0
795,17,80.01,98.48,87.90,39.44,11.58,44.43,0
795,18,78.90,97.74,92.81,39.33,11.02,45.66,0
795,19,77.88,98.18,88.58,39.25,11.02,45.10,0
796,0,91.07,97.67,95.99,33.09,10.57,44.22,0
796,1,88.61,97.42,96.09,34.37,10.86,42.50,0
796,2,89.83,97.79,99.27,32.80,11.40,43.81,0
796,3,91.10,97.39,97.04,34.05,10.30,43.65,0
796,4,89.07,97.19,100.83,34.37,11.32,43.23,0
796,5,92.83,97.75,99.27,33.72,10.52,43.56,0
796,6,91.81,97.49,97.84,33.16,10.51,43.50,0
796,7,89.94,97.18,96.00,34.02,11.25,41.92,0
796,8,89.27,97.71,95.99,33.09,10.84,43.58,0
796,9,90.98,97.07,98.68,33.82,10.40,41.24,0
796,10,97.49,97.20,91.49,33.98,11.25,40.42,0
796,11,98.57,97.66,87.97,32.79,10.60,38.49,0
796,12,98.59,97.30,80.83,34.02,10.66,39.40,1
796,13,97.42,97.33,85.54,34.04,10.99,37.17,0
796,14,94.80,97.65,89.70,32.68,11.21,38.67,0
796,15,91.21,97.17,95.99,33.40,10.64,40.98,0
796,16,87.88,97.56,95.54,33.74,11.36,41.14,0
796,17,90.00,97.14,96.94,34.28,11.33,41.58,0
796,18,89.86,97.04,98.10,34.30,10.28,43.97,0
796,19,91.22,97.19,97.70,33.61,10.54,41.20,0
797,0,92.81,97.66,80.28,34.34,10.12,62.07,0
797,1,90.83,97.74,77.69,33.93,10.11,60.44,0
797,2,92.73,97.68,80.42,34.55,10.08,58.76,0
797,3,90.04,98.04,81.12,33.23,10.00,60.70,0
797,4,91.22,97.72,79.20,33.40,9.59,58.65,0
797,5,89.89,97.83,82.47,32.97,9.69,59.54,0
797,6,91.42,98.30,79.05,33.07,9.88,60.23,0
797,7,89.91,97.58,82.88,34.32,9.74,58.55,0
797,8,90.09,97.64,82.81,34.80,9.47,59.67,0
797,9,90.26,98.19,81.03,34.77,9.83,59.56,0
797,10,97.63,97.67,71.44,34.85,9.98,55.95,0
797,11,99.58,98.18,72.26,33.24,9.88,56.47,0
797,12,101.93,97.57,63.78,33.07,9.49,54.84,1
797,13,99.08,98.08,71.89,33.23,9.48,54.15,0
797,14,94.88,97.62,72.05,33.76,10.29,56.75,0
797,15,90.82,97.95,79.87,34.69,9.86,58.95,0
797,16,89.85,97.65,79.78,34.33,10.55,60.00,0
797,17,88.98,97.57,80.95,33.61,9.47,62.15,0
797,18,89.18,97.72,81.22,33.42,9.67,60.76,0
797,19,90.51,97.98,77.70,33.15,10.36,59.57,0
798,0,75.70,97.30,86.67,36.32,15.65,62.33,0
798,1,75.97,97.35,89.60,35.01,15.75,59.99,0
798,2,79.50,96.82,88.83,35.55,15.14,61.56,0
798,3,77.97,97.01,92.87,35.95,15.51,59.29,0
798,4,77.51,97.05,88.55,36.64,15.26,60.55,0
798,5,78.69,97.20,92.53,35.75,14.57,60.30,0
798,6,76.63,97.20,92.17,35.81,14.77,62.67,0
798,7,79.77,97.18,87.72,36.71,15.67,60.16,0
798,8,78.13,96.80,90.25,36.82,14.64,61.21,0
798,9,79.64,97.18,91.74,36.93,15.04,61.22,0
798,10,77.83,96.90,87.08,35.19,15.11,60.83,0
798,11,76.60,97.12,86.28,34.98,14.83,62.77,0
798,12,78.16,97.55,86.54,35.08,15.28,60.09,0
798,13,78.62,97.08,88.21,36.87,14.92,61.19,0
798,14,77.99,97.27,88.38,35.66,15.06,60.99,0
798,15,76.61,96.83,86.48,35.56,15.56,63.01,0
798,16,78.03,97.38,86.13,36.32,15.20,60.95,0
798,17,76.07,97.18,90.81,36.27,14.73,59.34,0
798,18,77.05,97.49,91.61,36.18,14.61,59.03,0
798,19,76.12,97.27,91.64,36.17,14.94,62.32,0
799,0,91.76,96.77,87.10,36.03,11.25,56.49,0
799,1,91.09,97.34,92.26,36.89,11.19,58.59,0
799,2,90.86,97.03,89.14,37.32,10.86,58.02,0
799,3,93.79,96.67,87.85,35.81,10.49,56.19,0
799,4,91.22,97.00,88.55,36.84,10.90,57.56,0
799,5,93.26,97.40,91.16,37.18,11.04,59.40,0
799,6,91.65,97.14,87.51,36.27,11.20,56.26,0
799,7,91.04,97.37,87.43,37.21,10.47,57.06,0
799,8,92.52,96.69,89.72,37.41,11.15,56.14,0
799,9,92.47,96.89,92.13,35.47,10.42,57.23,0
799,10,93.45,97.09,88.06,36.42,10.33,59.04,0
799,11,89.57,96.86,90.85,36.38,11.05,59.29,0
799,12,91.18,96.97,87.11,35.46,10.28,56.90,0
799,13,89.17,96.86,87.12,37.26,10.39,57.68,0
799,14,92.81,97.19,86.70,36.58,10.53,57.14,0
799,15,92.90,96.85,88.38,36.85,10.82,56.68,0
799,16,92.42,97.18,90.67,35.96,11.27,59.38,0
799,17,91.38,96.74,88.16,36.67,10.84,57.06,0
799,18,93.06,97.14,87.74,36.76,11.44,59.18,0
799,19,90.32,96.67,88.94,37.10,10.90,57.27,0
800,0,81.42,97.42,90.38,35.43,12.22,50.19,0
800,1,81.58,97.01,86.73,35.84,11.81,48.76,0
800,2,80.08,96.82,90.09,36.45,12.53,48.67,0
800,3,80.15,96.89,88.73,36.21,12.33,51.58,0
800,4,82.97,96.78,87.88,36.30,12.26,51.88,0
800,5,79.21,97.16,91.13,35.43,12.65,49.96,0
800,6,82.46,97.02,90.71,35.44,12.07,50.13,0
800,7,81.92,97.18,87.58,36.50,12.06,49.17,0
800,8,81.67,97.28,87.34,35.82,12.05,48.87,0
800,9,81.60,96.84,87.53,35.42,12.06,49.23,0
800,10,78.13,96.78,84.51,35.96,12.24,49.94,0
800,11,78.30,96.78,86.90,35.97,12.81,49.08,0
800,12,78.23,96.76,84.08,35.37,12.78,51.56,0
800,13,78.99,96.88,89.18,35.53,12.85,50.84,0
800,14,79.26,97.19,86.05,36.76,12.27,50.35,0
800,15,81.07,97.22,84.91,36.46,12.04,48.72,0
800,16,79.20,96.92,85.37,35.11,12.55,48.66,0
800,17,80.67,96.91,89.49,35.54,12.10,48.75,0
800,18,78.36,97.19,86.51,36.44,12.79,52.20,0
800,19,79.49,97.28,86.04,35.88,11.82,51.23,0
801,0,75.26,98.81,100.50,36.96,10.96,61.44,0
801,1,75.11,98.59,100.08,36.48,11.04,62.11,0
801,2,74.83,98.40,97.11,36.98,11.25,59.76,0
801,3,74.97,98.77,96.94,36.25,10.88,62.62,0
801,4,78.21,98.32,98.86,35.53,10.79,60.66,0
801,5,77.25,98.67,100.15,35.99,11.33,60.08,0
801,6,74.75,98.78,100.76,35.77,10.94,60.63,0
801,7,75.92,98.27,99.50,36.88,11.33,60.59,0
801,8,76.60,98.46,101.08,37.18,10.81,60.54,0
801,9,76.50,98.10,97.68,35.69,11.30,60.18,0
801,10,77.27,98.31,96.19,36.45,11.31,62.70,0
801,11,76.84,98.82,97.87,35.67,11.14,62.82,0
801,12,73.83,98.10,96.32,37.28,11.51,60.15,0
801,13,73.30,98.28,96.90,35.90,10.80,62.90,0
801,14,74.09,98.77,96.04,36.35,11.04,62.50,0
801,15,75.65,98.88,94.48,36.76,10.59,60.18,0
801,16,73.12,98.84,96.71,37.13,11.31,62.90,0
801,17,75.99,98.53,99.19,35.66,11.13,60.76,0
801,18,77.07,98.72,94.88,35.95,10.36,61.50,0
801,19,76.49,98.67,100.20,36.17,10.56,63.10,0
802,0,80.53,97.95,91.76,36.13,13.42,58.94,0
802,1,79.65,97.65,94.65,35.41,14.39,56.17,0
802,2,79.66,97.45,97.28,35.44,14.34,58.80,0
802,3,80.79,98.08,94.77,36.27,13.96,57.10,0
802,4,81.82,97.91,94.59,35.11,13.80,58.04,0
802,5,82.82,97.42,92.56,35.05,13.51,58.02,0
802,6,82.17,98.03,91.82,35.38,14.28,56.23,0
802,7,79.43,97.48,91.92,34.98,14.54,58.82,0
802,8,80.68,98.05,94.62,34.51,14.53,58.59,0
802,9,79.41,97.80,93.11,36.08,13.61,56.84,0
802,10,79.25,98.03,91.42,34.48,14.08,58.52,0
802,11,81.59,98.01,91.13,35.29,14.28,59.28,0
802,12,80.46,98.07,91.76,35.29,14.35,56.78,0
802,13,78.46,97.61,95.05,35.90,14.42,57.39,0
802,14,81.41,98.00,91.35,35.33,13.49,57.70,0
802,15,78.25,98.06,94.61,35.98,13.65,59.09,0
802,16,81.53,97.38,94.17,35.22,13.84,56.07,0
802,17,80.34,97.34,91.70,35.82,13.83,59.74,0
802,18,79.79,97.94,95.66,34.65,14.13,58.95,0
802,19,80.02,97.72,91.36,35.87,13.47,58.62,0
803,0,81.81,98.85,90.65,34.51,14.89,44.39,0
803,1,81.72,98.27,92.86,33.80,15.00,42.77,0
803,2,79.77,98.66,89.94,33.63,14.38,44.60,0
803,3,79.10,98.52,94.53,34.30,14.88,45.03,0
803,4,79.93,98.28,94.58,35.49,15.14,43.02,0
803,5,82.90,98.89,91.43,34.78,14.61,42.95,0
803,6,82.88,98.52,89.60,34.67,15.01,45.06,0
803,7,81.40,98.58,90.33,34.70,15.00,42.78,0
803,8,79.39,98.59,91.73,33.62,14.30,43.83,0
803,9,78.80,98.68,88.60,34.99,14.33,44.67,0
803,10,80.45,98.93,88.64,34.64,14.23,46.03,0
803,11,80.69,98.78,87.98,33.63,14.11,45.78,0
803,12,79.49,98.66,90.72,34.04,14.91,43.15,0
803,13,79.20,98.79,88.81,35.16,14.96,43.98,0
803,14,80.06,99.01,90.80,33.58,14.63,45.75,0
803,15,77.94,98.47,87.92,34.57,15.20,45.81,0
803,16,79.96,98.35,89.01,34.19,15.07,42.55,0
803,17,78.15,98.39,89.88,34.85,14.72,44.85,0
803,18,81.46,98.96,92.78,35.21,14.39,44.30,0
803,19,79.76,98.89,88.70,34.90,15.10,42.81,0
804,0,87.74,97.44,81.77,38.66,14.65,60.03,0
804,1,84.61,97.66,79.14,38.77,14.63,56.40,0
804,2,84.45,97.32,83.98,37.66,14.66,56.40,0
804,3,85.76,96.99,82.07,37.63,14.12,59.37,0
804,4,88.39,97.19,79.38,39.25,14.10,59.77,0
804,5,88.46,97.21,82.60,39.07,14.64,56.59,0
804,6,85.56,97.19,80.26,39.06,14.13,58.94,0
804,7,85.37,97.08,81.85,38.57,14.96,59.15,0
804,8,86.08,97.46,82.01,37.54,14.66,59.09,0
804,9,84.91,97.67,80.67,39.01,14.78,57.38,0
804,10,87.23,97.15,82.17,37.84,14.83,57.23,0
804,11,85.22,97.14,82.66,38.97,15.01,57.41,0
804,12,86.53,97.37,82.60,39.10,15.01,56.18,0
804,13,84.20,97.27,79.80,38.06,14.51,58.21,0
804,14,84.30,97.70,81.37,39.16,14.67,58.94,0
804,15,85.87,97.34,80.65,39.26,15.09,59.87,0
804,16,87.16,97.00,79.67,37.91,14.12,58.67,0
804,17,87.07,97.53,81.77,37.95,14.25,56.54,0
804,18,87.15,97.30,83.65,38.20,14.59,57.42,0
804,19,87.48,97.43,82.48,37.77,15.05,59.48,0
805,0,83.93,98.21,83.12,34.26,13.09,57.81,0
805,1,80.69,97.96,82.52,33.36,12.99,58.56,0
805,2,81.01,98.30,81.59,34.54,12.31,58.21,0
805,3,82.22,98.52,79.67,32.60,12.53,56.09,0
805,4,84.36,97.87,81.59,33.88,12.75,55.46,0
805,5,84.33,98.26,79.96,33.56,12.48,57.60,0
805,6,84.94,98.21,78.99,34.07,12.67,55.73,0
805,7,81.43,97.90,83.93,33.26,13.10,56.11,0
805,8,80.76,98.24,80.26,33.33,13.01,57.40,0
805,9,82.59,98.48,78.48,33.97,12.12,58.30,0
805,10,80.61,98.07,81.26,33.99,12.79,56.01,0
805,11,82.22,98.21,78.86,34.54,12.10,58.00,0
805,12,82.25,98.21,79.34,32.77,13.15,56.29,0
805,13,80.61,98.14,78.25,33.19,12.85,55.33,0
805,14,82.23,98.11,81.57,33.99,13.23,57.26,0
805,15,81.42,97.99,79.65,33.24,12.85,55.94,0
805,16,81.64,98.10,80.09,34.08,13.01,56.64,0
805,17,83.64,97.80,80.29,33.94,12.98,56.32,0
805,18,80.71,98.12,83.06,34.28,12.62,57.72,0
805,19,82.51,98.41,81.76,33.78,12.13,56.13,0
806,0,87.47,98.38,91.89,36.53,14.75,47.20,0
806,1,88.55,98.20,96.15,36.04,14.92,46.23,0
806,2,90.75,98.19,94.23,36.43,14.82,46.48,0
806,3,89.38,98.31,96.36,36.91,15.20,46.20,0
806,4,90.60,97.95,93.18,36.02,15.29,47.48,0
806,5,87.81,98.06,95.77,36.23,14.73,45.89,0
806,6,90.79,98.31,93.87,35.54,15.33,48.17,0
806,7,89.51,97.99,91.35,35.52,14.25,46.63,0
806,8,90.19,97.89,96.75,35.71,15.29,44.32,0
806,9,87.93,98.04,96.50,36.74,15.06,45.01,0
806,10,87.93,97.76,94.46,35.44,14.41,45.02,0
806,11,88.99,98.07,90.94,35.52,14.93,47.46,0
806,12,86.26,98.04,94.67,37.02,14.36,46.29,0
806,13,87.42,98.27,91.25,36.70,14.76,47.13,0
806,14,88.90,98.43,92.78,36.71,14.29,44.48,0
806,15,87.34,97.83,89.80,35.75,14.99,47.86,0
806,16,86.92,98.13,90.82,36.96,14.59,46.72,0
806,17,87.74,98.27,93.60,35.61,14.26,46.35,0
806,18,87.05,98.07,91.90,36.19,14.49,44.45,0
806,19,90.20,98.25,94.07,37.19,14.44,45.48,0
807,0,72.05,97.89,81.97,37.35,13.09,57.28,0
807,1,71.20,97.59,80.66,36.71,13.27,56.40,0
807,2,71.67,97.97,83.03,37.19,13.11,59.03,0
807,3,73.08,98.02,83.04,36.79,12.34,57.15,0
807,4,70.67,97.55,82.51,36.52,12.75,56.90,0
807,5,70.85,97.34,78.00,36.94,12.60,59.06,0
807,6,70.61,98.03,81.11,36.41,13.17,58.65,0
807,7,70.39,97.67,81.96,37.85,13.05,57.78,0
807,8,71.70,97.73,81.23,36.77,13.21,58.30,0
807,9,72.01,97.77,81.02,37.33,12.63,57.24,0
807,10,70.40,97.65,82.46,36.93,13.39,58.87,0
807,11,68.28,97.53,79.79,36.56,12.53,58.90,0
807,12,68.59,97.99,77.11,36.71,13.51,58.16,0
807,13,69.91,97.71,80.03,36.94,12.89,59.20,0
807,14,69.95,97.38,77.64,37.16,12.98,58.52,0
807,15,68.11,97.92,79.72,36.75,13.07,56.96,0
807,16,70.68,98.06,79.29,36.27,13.29,57.19,0
807,17,71.61,97.72,78.27,38.08,12.48,59.42,0
807,18,70.02,97.77,79.91,36.47,12.39,58.87,0
807,19,71.19,97.41,82.40,36.52,13.32,59.10,0
808,0,83.42,98.24,99.18,33.80,11.92,42.31,0
808,1,82.10,98.62,96.15,33.66,13.03,44.17,0
808,2,82.81,98.82,96.71,32.80,13.03,42.55,0
808,3,84.33,98.62,99.77,33.93,12.46,43.50,0
808,4,82.80,98.15,98.97,33.86,12.18,44.65,0
808,5,84.49,98.37,100.15,34.34,12.17,44.86,0
808,6,82.69,98.06,97.67,32.92,12.55,42.43,0
808,7,81.64,98.56,100.24,34.04,12.14,45.67,0
808,8,80.40,98.44,98.61,34.38,12.08,45.05,0
808,9,80.89,98.25,98.25,33.86,11.92,45.97,0
808,10,80.84,98.76,96.21,34.19,12.53,44.53,0
808,11,81.68,98.67,97.48,34.19,12.53,46.13,0
808,12,81.45,98.70,93.95,34.36,12.29,45.72,0
808,13,80.47,98.73,98.30,34.44,12.55,45.39,0
808,14,82.50,98.12,94.23,33.14,12.61,42.31,0
808,15,82.82,98.79,98.68,33.88,12.90,45.00,0
808,16,81.68,98.48,93.49,33.50,12.04,44.10,0
808,17,80.10,98.27,98.76,34.23,12.26,43.72,0
808,18,81.94,98.35,98.83,34.40,12.20,43.06,0
808,19,80.12,98.36,95.63,33.98,12.97,44.13,0
809,0,78.37,97.64,91.31,37.57,14.24,43.50,0
809,1,78.54,97.44,91.40,38.54,13.61,43.78,0
809,2,75.40,97.49,94.19,38.43,13.56,40.82,0
809,3,75.53,97.39,93.78,38.21,13.82,41.81,0
809,4,79.23,97.36,92.98,37.22,14.26,41.61,0
809,5,77.38,97.22,91.05,38.61,13.73,42.00,0
809,6,75.82,96.97,89.69,37.22,13.69,42.35,0
809,7,77.71,97.40,89.24,38.66,14.28,43.16,0
809,8,77.02,97.38,94.25,38.18,14.20,44.31,0
809,9,75.83,97.17,91.51,37.23,13.61,41.20,0
809,10,75.30,97.55,93.56,37.27,13.55,43.84,0
809,11,76.62,97.11,90.35,37.93,13.93,40.87,0
809,12,74.31,97.66,89.61,37.56,14.39,43.64,0
809,13,75.37,97.01,92.33,38.85,13.93,41.18,0
809,14,75.63,97.62,91.54,37.63,13.85,40.47,0
809,15,77.72,96.90,92.73,38.75,14.30,42.46,0
809,16,76.64,97.29,90.33,37.34,13.49,42.57,0
809,17,75.61,96.94,88.46,38.56,13.83,43.59,0
809,18,77.35,96.90,90.81,38.34,14.11,40.89,0
809,19,76.61,97.13,90.19,38.35,14.04,41.60,0
810,0,85.77,97.83,88.04,36.11,11.84,45.42,0
810,1,89.44,97.39,88.00,36.25,11.52,47.28,0
810,2,87.60,97.88,88.30,36.21,12.08,45.77,0
810,3,87.27,97.78,87.36,36.38,11.66,44.57,0
810,4,89.57,97.30,90.53,37.01,12.25,44.62,0
810,5,88.52,97.65,87.85,35.77,12.18,48.47,0
810,6,87.81,98.02,86.45,36.21,11.55,45.67,0
810,7,89.00,97.85,87.95,37.16,12.38,46.30,0
810,8,94.77,97.48,83.00,35.55,11.60,44.08,0
810,9,96.91,97.67,77.36,36.38,12.01,41.92,0
810,10,96.63,97.29,72.80,36.25,12.42,42.07,1
810,11,94.05,97.38,74.66,36.35,11.39,43.12,0
810,12,91.22,97.90,80.83,35.38,12.28,43.58,0
810,13,86.78,97.96,84.93,36.09,11.47,46.38,0
810,14,85.93,97.59,85.44,36.80,11.81,45.21,0
810,15,86.73,97.93,86.15,36.93,11.48,44.97,0
810,16,88.25,97.45,88.94,36.90,12.15,47.33,0
810,17,86.33,97.41,85.56,35.30,11.37,46.09,0
810,18,85.76,97.87,88.71,37.11,11.35,47.19,0
810,19,86.04,97.99,90.23,37.11,11.52,46.39,0
811,0,80.02,98.70,95.48,32.46,11.17,47.81,0
811,1,82.04,98.31,96.43,32.23,11.62,45.99,0
811,2,80.68,98.46,99.10,33.34,11.26,46.88,0
811,3,82.01,98.81,98.31,33.46,10.76,45.81,0
811,4,83.52,98.22,96.29,33.05,10.75,48.87,0
811,5,81.51,98.30,94.46,33.65,11.44,47.91,0
811,6,82.82,98.63,95.20,32.63,10.90,46.96,0
811,7,82.23,98.84,94.05,33.53,11.54,45.41,0
811,8,81.16,98.84,94.61,33.04,11.02,46.51,0
811,9,81.15,98.62,96.43,32.49,10.80,46.85,0
811,10,79.98,98.33,93.26,33.19,11.27,47.99,0
811,11,79.14,98.57,96.69,32.48,11.52,49.10,0
811,12,79.29,98.41,95.82,32.63,10.53,46.40,0
811,13,78.75,98.33,94.06,32.70,10.54,46.36,0
811,14,81.24,98.92,97.14,33.53,10.82,45.80,0
811,15,78.93,98.62,94.82,33.63,11.68,45.43,0
811,16,80.02,98.25,94.14,32.72,11.20,46.34,0
811,17,80.22,98.36,93.11,32.43,10.80,45.42,0
811,18,82.00,98.35,96.60,32.47,10.59,49.08,0
811,19,79.69,98.14,94.67,33.52,11.45,47.69,0
812,0,79.56,97.49,86.97,39.64,11.84,52.49,0
812,1,81.23,97.73,90.25,39.70,11.68,53.27,0
812,2,80.60,97.78,89.00,39.76,11.98,54.53,0
812,3,78.36,97.62,87.34,39.15,11.95,55.62,0
812,4,81.33,97.48,88.73,38.72,10.95,52.28,0
812,5,82.34,97.41,89.99,39.09,11.70,55.02,0
812,6,79.90,97.53,89.39,38.21,11.07,53.48,0
812,7,79.16,97.30,87.84,38.88,10.98,55.82,0
812,8,78.99,97.62,86.51,39.75,11.98,54.99,0
812,9,78.63,97.90,86.90,39.17,10.93,54.19,0
812,10,79.34,97.55,87.46,39.85,11.87,54.02,0
812,11,79.04,97.23,89.83,37.98,11.41,54.44,0
812,12,80.46,97.90,85.59,38.14,11.22,55.50,0
812,13,78.34,97.40,84.85,39.40,10.95,54.52,0
812,14,79.69,97.26,85.25,38.23,11.21,55.67,0
812,15,78.03,97.81,85.48,38.45,11.58,55.28,0
812,16,80.05,97.42,85.15,38.06,10.80,52.60,0
812,17,80.84,97.38,84.05,39.48,10.84,52.59,0
812,18,78.94,97.29,87.29,39.17,11.08,55.55,0
812,19,78.81,97.79,86.32,39.94,11.07,55.42,0
813,0,84.78,97.29,91.23,36.49,11.46,53.65,0
813,1,85.16,96.95,94.35,38.15,11.42,56.20,0
813,2,84.53,97.01,94.29,36.78,11.17,55.15,0
813,3,86.68,97.25,95.72,38.18,11.30,55.52,0
813,4,84.89,97.21,95.39,37.74,11.23,55.53,0
813,5,86.72,97.10,93.25,37.20,11.80,55.69,0
813,6,87.81,97.24,90.18,38.21,11.45,53.02,0
813,7,88.23,97.21,92.53,36.91,11.67,56.23,0
813,8,92.48,97.26,88.47,36.42,10.99,52.33,0
813,9,94.59,97.12,80.11,37.45,11.96,48.87,0
813,10,95.40,97.32,79.62,36.39,11.21,48.32,1
813,11,93.15,97.36,80.99,38.21,11.24,51.78,0
813,12,91.89,97.35,88.29,37.97,11.91,53.36,0
813,13,84.45,97.49,92.79,38.22,10.91,55.83,0
813,14,86.97,97.25,89.27,37.95,11.68,54.45,0
813,15,85.91,97.07,91.52,38.18,11.36,56.29,0
813,16,84.83,97.61,89.14,36.78,11.78,52.81,0
813,17,85.82,97.37,89.62,38.27,11.20,54.60,0
813,18,86.82,97.54,91.45,36.61,11.01,53.12,0
813,19,85.53,97.26,92.22,38.14,10.80,55.84,0
814,0,88.15,99.02,81.45,34.65,12.61,55.86,0
814,1,91.70,98.74,81.26,33.56,12.39,55.46,0
814,2,88.66,98.72,85.52,34.42,11.66,57.68,0
814,3,88.61,98.51,82.73,34.60,12.11,57.43,0
814,4,92.07,98.43,80.51,33.04,11.77,58.44,0
814,5,90.17,98.28,83.54,33.83,12.01,58.72,0
814,6,90.25,98.58,81.11,32.76,11.78,58.59,0
814,7,88.97,98.28,80.62,34.62,12.38,57.46,0
814,8,90.61,98.27,83.76,33.88,11.54,55.47,0
814,9,94.82,98.39,76.00,34.35,11.60,55.10,0
814,10,95.59,98.87,71.27,33.70,11.52,54.16,0
814,11,98.94,98.70,65.68,32.91,11.99,53.22,1
814,12,96.53,98.28,69.09,33.98,12.44,53.20,0
814,13,94.37,99.01,75.39,33.77,12.15,53.14,0
814,14,87.09,98.93,84.33,33.77,11.89,56.32,0
814,15,88.40,98.77,80.32,33.67,11.53,57.13,0
814,16,88.70,98.80,78.59,33.52,12.17,55.97,0
814,17,88.65,98.69,82.34,34.61,11.79,59.28,0
814,18,91.16,98.75,81.24,34.62,12.08,55.83,0
814,19,88.43,98.64,80.61,32.99,12.05,56.01,0
815,0,90.86,97.10,96.87,36.84,14.12,49.90,0
815,1,91.40,97.40,95.30,36.75,15.20,50.47,0
815,2,88.22,97.57,93.58,37.61,14.84,51.53,0
815,3,89.67,97.21,94.88,37.01,14.65,48.93,0
815,4,89.21,97.27,98.86,37.83,14.81,51.76,0
815,5,90.06,97.73,98.89,37.55,14.43,51.98,0
815,6,89.32,97.40,95.51,37.44,14.63,51.01,0
815,7,91.41,97.33,95.09,37.54,14.43,50.36,0
815,8,90.55,97.30,96.70,36.47,14.39,50.49,0
815,9,88.30,97.54,96.02,37.23,15.15,51.54,0
815,10,89.67,97.27,97.27,37.21,14.84,48.82,0
815,11,89.98,97.50,94.16,36.45,14.36,49.28,0
815,12,89.05,97.80,96.27,37.31,14.53,49.02,0
815,13,90.49,97.64,97.56,36.93,14.02,49.66,0
815,14,88.05,97.44,95.16,36.86,14.45,51.18,0
815,15,88.59,97.80,94.92,37.23,15.09,49.25,0
815,16,86.72,97.45,96.00,36.51,14.98,51.41,0
815,17,88.17,97.63,98.41,36.88,14.56,49.79,0
815,18,90.99,97.69,93.63,36.87,14.54,49.08,0
815,19,91.36,97.37,94.39,37.06,14.05,49.09,0
816,0,80.16,97.68,86.51,36.07,13.00,59.81,0
816,1,83.45,97.61,84.96,37.05,12.23,58.96,0
816,2,80.54,97.69,85.28,35.70,12.57,59.84,0
816,3,81.25,97.26,86.25,36.01,12.50,57.58,0
816,4,83.00,97.24,87.30,35.87,12.18,60.01,0
816,5,83.71,97.02,88.65,35.93,12.19,59.07,0
816,6,82.76,97.14,86.14,36.36,12.47,58.73,0
816,7,83.92,97.22,90.38,36.97,12.92,58.34,0
816,8,82.49,97.10,88.03,36.82,12.15,61.11,0
816,9,82.35,97.49,87.12,35.69,12.77,59.46,0
816,10,80.55,97.35,87.90,35.87,11.95,57.95,0
816,11,82.56,97.50,88.17,36.37,12.60,58.53,0
816,12,80.86,97.43,89.33,36.80,12.40,57.86,0
816,13,79.54,97.51,86.85,35.31,12.68,57.39,0
816,14,79.33,96.92,89.01,36.37,12.68,59.54,0
816,15,78.87,97.19,86.81,36.38,12.20,61.14,0
816,16,81.94,97.38,85.66,36.60,11.89,57.89,0
816,17,81.41,96.94,87.68,35.60,12.24,59.66,0
816,18,79.50,97.59,85.79,35.71,11.92,57.31,0
816,19,79.67,97.08,89.64,36.30,12.07,57.57,0
817,0,70.36,97.58,86.82,35.42,15.20,59.41,0
817,1,72.08,97.12,89.69,34.99,14.69,61.26,0
817,2,72.14,97.06,90.33,35.37,14.56,60.53,0
817,3,70.78,97.24,90.68,33.85,14.33,58.31,0
817,4,71.31,97.02,89.89,35.26,14.33,59.40,0
817,5,71.62,97.10,89.81,34.60,14.48,57.95,0
817,6,72.89,97.14,89.82,34.87,14.54,60.15,0
817,7,72.45,96.99,87.98,34.20,14.67,61.48,0
817,8,78.10,96.99,85.70,35.32,15.38,55.69,0
817,9,78.22,97.05,81.58,35.38,14.76,55.96,0
817,10,78.93,97.57,73.86,33.70,14.41,52.85,1
817,11,78.61,97.00,76.37,34.57,14.24,57.20,0
817,12,75.62,97.38,81.17,35.52,14.62,58.17,0
817,13,68.39,96.94,90.74,34.56,14.30,61.19,0
817,14,70.80,97.35,87.79,33.92,14.40,61.42,0
817,15,69.30,97.59,91.22,35.31,14.87,58.98,0
817,16,69.92,97.40,85.94,33.81,15.09,58.27,0
817,17,72.26,97.03,86.96,35.44,14.79,58.70,0
817,18,69.04,97.12,91.76,35.50,15.16,58.88,0
817,19,72.11,97.30,91.55,34.34,14.61,59.66,0
818,0,78.61,96.77,81.49,34.04,10.71,43.74,0
818,1,80.80,96.98,80.51,34.00,10.95,43.20,0
818,2,80.22,96.79,77.20,33.10,10.91,40.39,0
818,3,78.75,96.79,80.52,33.08,11.11,42.27,0
818,4,77.68,96.96,80.05,33.67,10.37,40.75,0
818,5,80.90,96.74,77.58,34.76,9.94,40.82,0
818,6,78.26,97.35,78.78,33.03,10.93,43.97,0
818,7,77.75,96.75,82.92,34.14,10.63,41.69,0
818,8,79.71,96.95,78.13,33.02,10.90,43.91,0
818,9,78.45,97.04,77.45,33.64,10.47,41.24,0
818,10,78.13,97.19,76.40,33.98,10.69,43.18,0
818,11,79.01,97.39,76.88,34.77,10.92,43.98,0
818,12,79.14,96.96,77.75,34.24,11.02,43.66,0
818,13,78.03,97.08,80.41,33.19,10.72,40.19,0
818,14,79.51,97.37,77.30,33.25,10.47,42.31,0
818,15,75.90,97.41,78.06,33.01,10.65,40.83,0
818,16,79.68,97.19,78.55,33.47,10.98,42.82,0
818,17,77.10,97.31,79.13,33.54,10.21,41.92,0
818,18,78.85,97.32,79.54,33.55,10.87,43.90,0
818,19,78.58,96.93,76.45,33.03,10.62,43.17,0
819,0,83.88,98.12,88.02,38.57,15.08,52.74,0
819,1,82.24,98.02,88.11,38.91,15.80,53.02,0
819,2,83.87,98.03,92.63,38.21,15.54,55.01,0
819,3,84.37,97.63,90.57,38.24,15.11,51.78,0
819,4,85.20,97.59,92.14,38.71,15.13,51.94,0
819,5,84.08,98.26,91.71,38.63,15.31,53.83,0
819,6,83.33,97.62,89.72,38.93,15.35,52.32,0
819,7,82.76,97.90,88.62,38.26,15.87,51.55,0
819,8,83.66,97.58,92.45,38.45,14.94,54.12,0
819,9,81.22,97.73,90.19,39.17,15.71,51.73,0
819,10,83.41,97.96,89.02,39.03,15.05,54.73,0
819,11,83.73,98.27,87.94,37.51,14.83,53.09,0
819,12,82.81,98.22,90.55,37.52,14.98,54.25,0
819,13,80.06,97.83,87.46,38.39,14.93,51.95,0
819,14,81.47,97.52,91.16,38.96,15.53,51.78,0
819,15,80.73,97.90,88.53,37.51,14.98,54.73,0
819,16,83.94,97.87,88.01,37.70,15.61,54.94,0
819,17,83.92,97.90,86.87,37.86,15.94,52.10,0
819,18,80.85,98.26,87.53,38.61,15.95,52.59,0
819,19,84.69,97.60,89.79,37.46,15.42,51.92,0
820,0,77.92,97.28,95.43,36.75,10.85,53.33,0
820,1,78.13,96.84,98.64,36.59,10.42,50.47,0
820,2,75.74,97.11,99.53,36.71,10.29,52.19,0
820,3,77.78,97.46,96.01,35.43,10.77,53.59,0
820,4,79.49,96.71,95.91,36.75,10.98,53.76,0
820,5,77.93,97.05,96.23,36.22,10.85,51.52,0
820,6,78.72,96.98,96.03,35.72,11.01,53.28,0
820,7,77.32,97.31,100.56,36.28,10.40,52.44,0
820,8,76.12,97.17,100.45,36.29,10.25,50.84,0
820,9,76.49,97.20,96.14,36.05,11.16,52.18,0
820,10,83.39,97.46,91.58,36.95,10.34,50.03,0
820,11,86.08,97.15,84.01,36.28,11.35,48.92,0
820,12,85.69,96.92,81.58,36.17,10.96,47.90,1
820,13,85.83,97.02,88.88,36.53,10.85,46.30,0
820,14,83.87,96.70,90.14,35.43,10.34,50.70,0
820,15,74.37,96.97,97.12,36.71,10.90,52.94,0
820,16,75.11,97.16,97.82,35.84,10.95,52.46,0
820,17,76.67,97.23,97.87,35.94,10.41,53.13,0
820,18,78.12,97.40,94.32,36.60,10.78,51.66,0
820,19,77.44,96.69,97.09,36.46,11.29,50.51,0
821,0,81.87,97.44,85.49,35.46,10.93,54.95,0
821,1,82.45,97.20,84.77,37.11,10.18,54.86,0
821,2,82.89,97.50,85.87,35.84,10.76,54.02,0
821,3,83.15,97.13,85.32,36.54,10.03,54.92,0
821,4,82.52,97.43,84.87,37.06,9.85,53.89,0
821,5,80.68,97.01,86.29,36.54,10.94,53.16,0
821,6,82.30,96.96,88.81,37.16,10.41,53.44,0
821,7,83.27,97.43,85.99,36.05,10.00,54.55,0
821,8,81.61,97.16,86.49,35.57,10.59,55.69,0
821,9,81.09,97.08,86.80,36.70,10.13,53.75,0
821,10,87.20,96.94,79.61,36.88,10.48,50.39,0
821,11,87.93,97.19,78.17,35.54,10.41,51.56,0
821,12,91.16,96.96,73.80,37.15,10.49,49.75,1
821,13,87.70,97.26,76.00,36.42,10.04,51.49,0
821,14,84.14,97.07,79.80,36.31,9.80,52.54,0
821,15,81.07,96.96,87.76,36.15,10.06,54.47,0
821,16,82.09,97.11,83.70,37.44,10.90,55.87,0
821,17,81.51,97.36,88.22,36.59,10.19,54.98,0
821,18,79.00,97.46,87.45,37.18,10.06,55.96,0
821,19,82.43,97.03,88.92,36.50,10.62,54.03,0
822,0,89.99,97.87,95.99,35.63,12.70,42.67,0
822,1,90.35,97.61,98.48,35.27,13.07,44.51,0
822,2,90.77,97.90,99.90,34.54,12.68,41.24,0
822,3,92.67,97.87,100.53,34.79,12.39,43.36,0
822,4,91.03,97.65,99.37,34.22,12.27,42.73,0
822,5,92.46,97.42,97.22,34.93,13.43,43.88,0
822,6,92.68,97.85,96.82,34.53,13.28,42.17,0
822,7,90.21,97.56,96.04,34.93,12.58,42.76,0
822,8,88.94,97.69,100.79,35.48,12.79,43.24,0
822,9,89.26,97.94,98.99,34.90,12.81,43.90,0
822,10,91.82,97.39,97.33,33.96,13.37,42.30,0
822,11,90.87,97.95,99.49,35.78,12.85,42.85,0
822,12,91.61,97.65,99.84,34.78,12.50,43.29,0
822,13,90.01,97.94,95.52,34.07,12.47,42.25,0
822,14,90.02,98.00,98.65,35.10,12.72,40.87,0
822,15,88.23,97.49,95.84,34.66,12.83,43.11,0
822,16,91.57,97.41,96.98,35.25,13.29,42.01,0
822,17,90.74,97.27,94.78,34.63,13.33,44.20,0
822,18,91.09,97.78,98.65,33.90,13.42,42.81,0
822,19,90.80,97.83,94.92,33.95,12.84,44.38,0
823,0,71.41,97.68,93.02,38.15,11.48,45.57,0
823,1,73.03,97.67,96.73,37.94,10.46,46.13,0
823,2,70.57,97.70,96.87,38.93,11.14,46.32,0
823,3,70.40,97.93,96.29,38.76,11.18,47.22,0
823,4,73.62,98.23,95.08,37.21,11.26,48.22,0
823,5,73.63,97.80,97.49,37.37,10.76,48.26,0
823,6,71.53,97.75,96.17,38.76,10.44,46.92,0
823,7,72.54,97.89,97.12,38.53,10.67,48.31,0
823,8,72.66,97.74,96.33,37.94,11.21,47.97,0
823,9,71.36,98.17,93.14,38.55,11.11,45.73,0
823,10,71.73,98.26,92.37,37.20,10.99,48.51,0
823,11,70.44,97.66,94.89,37.15,10.99,47.01,0
823,12,71.26,97.84,92.00,37.56,10.54,46.44,0
823,13,71.29,97.75,92.99,38.43,10.71,47.48,0
823,14,68.62,97.99,92.96,37.40,11.12,47.65,0
823,15,70.65,98.14,93.17,38.10,10.56,46.12,0
823,16,69.77,98.11,94.91,37.08,10.74,45.89,0
823,17,69.49,98.19,93.98,37.64,11.28,46.82,0
823,18,71.19,97.82,93.67,38.94,10.39,46.92,0
823,19,72.45,98.40,93.79,38.25,10.37,45.34,0
824,0,73.07,97.35,80.90,37.08,15.73,43.67,0
824,1,75.55,97.94,76.63,36.17,15.77,41.45,0
824,2,76.05,97.83,81.49,36.41,15.54,41.99,0
824,3,75.62,97.76,81.70,36.62,15.31,44.56,0
824,4,76.10,97.75,79.79,36.21,15.18,44.72,0
824,5,73.98,97.46,79.83,35.58,15.83,42.89,0
824,6,75.63,97.52,81.21,35.71,15.48,44.03,0
824,7,75.50,97.66,80.72,36.13,15.38,43.04,0
824,8,74.96,97.76,81.05,36.70,16.13,42.59,0
824,9,73.08,97.61,80.09,35.28,15.36,41.34,0
824,10,72.50,97.41,78.90,35.69,15.47,42.92,0
824,11,74.02,97.72,80.54,36.15,15.10,41.88,0
824,12,73.39,97.55,75.62,35.59,15.21,44.41,0
824,13,72.04,97.45,75.88,35.41,15.06,43.44,0
824,14,75.79,97.60,75.88,35.65,15.17,42.37,0
824,15,74.46,97.71,80.17,36.76,15.35,42.19,0
824,16,72.33,97.55,74.83,35.85,15.07,44.31,0
824,17,74.28,98.10,77.68,36.55,15.54,43.68,0
824,18,73.21,98.00,76.18,37.05,15.05,41.59,0
824,19,75.95,98.00,75.71,35.23,15.36,41.22,0
825,0,76.12,98.59,93.05,37.28,11.80,53.28,0
825,1,76.86,98.22,96.15,35.65,10.97,51.68,0
825,2,80.24,98.35,93.05,36.09,11.00,53.33,0
825,3,78.57,98.53,98.84,36.35,11.09,50.73,0
825,4,80.85,97.88,93.90,37.24,11.38,54.16,0
825,5,77.38,98.59,95.84,37.34,11.62,51.81,0
825,6,79.66,98.12,94.03,36.23,12.05,52.14,0
825,7,77.66,97.88,98.52,35.54,10.99,53.03,0
825,8,82.97,97.94,89.66,35.85,11.02,49.23,0
825,9,86.35,98.34,86.51,35.72,11.92,49.65,0
825,10,88.04,98.08,84.04,36.95,11.99,46.36,1
825,11,86.91,97.87,87.55,37.01,11.55,49.80,0
825,12,83.51,97.95,90.58,36.72,11.06,48.32,0
825,13,75.68,98.66,96.85,36.59,11.74,51.99,0
825,14,76.82,98.63,96.01,35.63,11.31,50.78,0
825,15,77.76,98.36,94.00,36.34,11.86,53.52,0
825,16,77.02,98.29,91.92,37.03,11.11,51.03,0
825,17,78.26,98.17,94.76,36.93,11.65,50.74,0
825,18,78.20,98.62,94.45,36.54,10.88,54.20,0
825,19,79.61,98.66,95.39,36.80,11.26,54.55,0
826,0,84.76,98.05,93.67,33.27,15.98,48.07,0
826,1,85.95,98.46,98.07,34.61,15.64,50.96,0
826,2,87.58,98.07,97.97,33.81,15.74,50.13,0
826,3,85.46,98.32,96.91,33.94,16.23,48.41,0
826,4,88.17,98.00,94.28,33.52,15.77,49.53,0
826,5,88.20,98.03,97.12,33.51,15.90,50.70,0
826,6,87.08,98.43,98.43,33.63,16.05,48.11,0
826,7,85.32,97.93,94.67,34.44,16.01,50.41,0
826,8,87.56,98.06,94.54,33.38,15.26,49.08,0
826,9,87.93,98.28,95.68,34.62,15.76,49.38,0
826,10,84.48,98.64,94.78,33.44,15.36,48.07,0
826,11,85.25,98.12,96.96,34.74,16.40,50.44,0
826,12,87.29,98.41,97.85,33.63,15.76,50.53,0
826,13,83.84,98.61,95.51,33.57,15.97,48.35,0
826,14,84.86,98.24,93.44,33.17,15.78,47.68,0
826,15,85.13,98.33,93.93,33.48,15.60,50.39,0
826,16,87.07,98.48,98.32,32.93,15.79,48.85,0
826,17,83.94,98.45,94.31,33.77,15.68,48.90,0
826,18,86.13,98.22,93.40,34.19,16.21,49.59,0
826,19,88.16,98.41,95.29,33.07,16.38,50.13,0
827,0,73.71,98.64,89.72,36.53,12.51,52.10,0
827,1,71.76,98.71,90.09,36.13,12.77,52.73,0
827,2,75.38,98.41,94.23,36.76,11.72,52.82,0
827,3,74.96,98.95,93.85,36.19,12.46,50.45,0
827,4,75.13,98.99,91.42,35.62,12.10,50.87,0
827,5,73.55,98.48,94.77,35.44,12.71,52.86,0
827,6,73.41,99.07,91.88,37.23,12.71,49.20,0
827,7,74.95,98.61,92.07,35.80,11.86,51.23,0
827,8,72.17,98.73,94.15,36.90,12.75,51.53,0
827,9,74.35,98.48,93.26,37.09,12.71,52.44,0
827,10,73.01,99.06,89.34,36.92,11.76,51.82,0
827,11,71.17,99.01,89.81,37.22,12.15,49.43,0
827,12,72.93,98.97,93.63,36.87,12.50,50.17,0
827,13,74.21,98.76,92.05,37.01,11.73,52.39,0
827,14,73.04,98.80,89.73,35.97,12.09,51.66,0
827,15,71.49,98.71,88.32,36.58,12.29,52.74,0
827,16,74.37,99.12,89.84,36.99,11.91,50.15,0
827,17,72.11,98.48,88.90,36.96,11.98,49.32,0
827,18,73.97,99.11,91.52,36.38,12.87,50.26,0
827,19,72.11,98.84,94.00,36.05,11.90,50.87,0
828,0,88.29,97.92,87.40,37.89,15.59,44.16,0
828,1,85.13,97.96,90.11,37.26,15.77,43.13,0
828,2,88.32,97.96,89.33,37.41,15.19,40.81,0
828,3,88.08,98.07,92.65,37.08,15.80,40.42,0
828,4,87.62,98.33,93.24,37.05,15.27,43.25,0
828,5,87.97,98.05,89.49,37.73,15.11,43.29,0
828,6,87.93,97.77,93.11,37.24,15.83,44.03,0
828,7,88.02,97.76,88.25,37.43,15.17,40.66,0
828,8,85.37,97.80,88.81,37.20,15.96,41.86,0
828,9,85.59,98.08,90.23,38.19,15.09,43.69,0
828,10,84.81,98.20,92.88,37.59,15.80,41.70,0
828,11,86.04,97.73,87.39,37.23,15.88,41.14,0
828,12,85.06,97.84,90.45,37.91,15.62,43.23,0
828,13,87.67,98.45,89.56,37.75,15.13,41.31,0
828,14,85.93,97.81,89.49,37.90,15.40,43.37,0
828,15,84.89,98.22,91.80,38.21,15.26,41.13,0
828,16,87.80,97.70,88.23,37.64,14.92,41.32,0
828,17,84.12,98.16,88.28,38.18,15.02,43.40,0
828,18,87.38,97.99,91.95,37.69,14.79,41.42,0
828,19,85.98,97.94,89.61,37.62,14.93,43.01,0
829,0,83.28,98.36,83.67,35.05,11.60,48.63,0
829,1,83.44,98.39,82.89,34.83,11.62,46.80,0
829,2,84.92,98.49,86.00,33.47,10.95,50.58,0
829,3,84.99,98.25,85.41,34.61,10.88,50.07,0
829,4,84.03,98.44,85.45,35.04,11.39,49.54,0
829,5,85.74,98.03,82.00,34.61,11.91,50.62,0
829,6,84.26,98.14,82.83,33.85,11.71,48.46,0
829,7,83.14,98.18,85.95,34.70,11.48,49.56,0
829,8,83.03,98.17,84.16,34.03,11.62,48.97,0
829,9,85.21,98.23,85.77,34.49,11.50,49.70,0
829,10,85.54,98.04,83.25,34.41,10.87,47.87,0
829,11,81.77,98.46,81.15,34.83,11.67,49.07,0
829,12,84.74,97.94,86.17,33.65,11.45,48.62,0
829,13,81.92,98.19,82.59,35.08,11.67,50.37,0
829,14,82.39,97.99,84.72,34.22,11.89,47.79,0
829,15,82.25,98.33,86.17,34.15,11.25,48.08,0
829,16,81.72,98.17,83.79,34.16,11.61,49.22,0
829,17,84.24,98.02,85.86,35.03,11.46,48.26,0
829,18,84.40,98.18,81.66,33.88,11.35,50.65,0
829,19,83.70,97.72,85.38,34.25,11.14,49.50,0
830,0,82.09,97.42,94.52,35.35,16.20,56.20,0
830,1,83.65,97.42,95.63,35.61,15.45,52.70,0
830,2,82.66,97.33,93.47,36.79,15.43,53.08,0
830,3,84.98,96.94,97.49,35.20,15.47,55.06,0
830,4,83.68,96.92,96.82,36.85,15.18,54.81,0
830,5,84.70,97.37,97.22,35.60,15.23,54.31,0
830,6,81.35,97.07,92.61,35.84,15.92,52.69,0
830,7,83.67,97.31,93.68,35.97,16.08,56.01,0
830,8,81.76,97.28,95.67,36.45,15.74,54.95,0
830,9,83.19,96.98,94.51,37.06,15.65,55.13,0
830,10,80.66,97.38,95.75,35.46,15.51,54.37,0
830,11,80.65,96.83,94.53,36.92,16.00,55.81,0
830,12,83.86,97.16,93.94,37.01,15.51,54.73,0
830,13,80.88,96.83,92.83,37.09,15.81,53.90,0
830,14,83.11,96.84,91.86,35.75,15.75,55.61,0
830,15,83.25,96.74,96.06,36.14,15.38,55.91,0
830,16,80.74,97.07,92.72,36.93,15.38,55.18,0
830,17,80.89,96.95,96.21,36.95,15.85,56.37,0
830,18,80.33,97.25,96.62,35.18,15.87,53.73,0
830,19,81.43,96.77,92.41,36.10,15.42,53.22,0
831,0,82.62,98.97,79.37,38.11,14.66,51.40,0
831,1,85.21,98.99,79.93,36.91,14.95,53.66,0
831,2,83.93,98.63,77.33,38.06,15.43,53.30,0
831,3,83.53,98.91,77.44,36.65,15.22,52.84,0
831,4,82.77,98.55,80.14,37.19,14.56,51.15,0
831,5,83.40,98.56,76.23,36.65,15.24,50.92,0
831,6,82.02,98.44,81.02,36.90,14.95,51.67,0
831,7,83.24,99.13,76.17,37.03,15.25,53.31,0
831,8,83.85,98.96,76.03,36.61,14.87,50.55,0
831,9,82.26,98.51,76.01,38.25,15.34,53.57,0
831,10,89.85,98.76,73.16,37.19,15.63,47.48,0
831,11,92.47,98.67,68.81,36.36,15.52,48.68,0
831,12,94.67,98.46,62.19,37.96,15.46,47.54,1
831,13,91.20,99.03,67.86,38.01,15.54,47.19,0
831,14,87.41,98.52,73.79,38.08,15.62,48.71,0
831,15,81.05,98.40,76.57,38.19,15.21,53.49,0
831,16,83.65,99.10,80.36,38.16,15.03,50.94,0
831,17,81.55,98.80,79.84,37.09,14.65,50.72,0
831,18,84.63,98.69,77.01,37.24,14.83,53.44,0
831,19,82.72,99.04,78.73,37.05,14.72,52.95,0
832,0,79.28,97.33,93.11,38.79,12.24,44.29,0
832,1,79.01,97.28,96.94,37.69,11.98,44.70,0
832,2,77.96,97.59,99.13,38.08,11.54,44.02,0
832,3,80.93,97.42,96.89,38.52,11.79,42.88,0
832,4,80.91,97.20,97.55,37.85,12.43,45.17,0
832,5,80.66,97.06,93.82,37.13,12.28,43.40,0
832,6,79.34,97.39,98.08,38.08,12.05,41.47,0
832,7,78.58,97.23,98.65,37.68,12.29,43.51,0
832,8,83.79,97.73,87.72,37.39,11.52,41.76,0
832,9,87.33,97.62,83.17,38.32,11.65,39.22,0
832,10,87.41,97.78,81.34,38.37,12.27,38.05,1
832,11,88.08,97.81,88.16,37.91,11.68,39.97,0
832,12,86.30,97.19,91.77,38.07,12.13,38.61,0
832,13,78.54,97.32,94.84,37.23,11.90,45.23,0
832,14,79.93,97.38,97.60,37.36,12.13,45.30,0
832,15,78.39,97.56,93.44,37.56,11.99,43.74,0
832,16,78.95,97.42,95.22,37.89,12.08,44.39,0
832,17,79.14,97.49,96.12,37.86,11.78,44.91,0
832,18,80.74,97.79,93.25,38.94,11.62,44.68,0
832,19,81.33,97.79,95.87,37.94,12.42,42.43,0
833,0,83.75,97.89,96.59,33.94,12.96,50.51,0
833,1,81.74,97.97,99.09,33.10,13.82,49.66,0
833,2,83.48,97.43,95.36,32.55,13.61,51.79,0
833,3,83.92,97.71,97.69,32.59,13.47,48.67,0
833,4,82.47,97.85,96.82,33.94,13.96,49.93,0
833,5,84.50,97.78,95.82,32.05,13.65,49.10,0
833,6,84.37,98.11,95.36,32.87,12.98,48.49,0
833,7,83.05,97.64,99.22,32.30,13.32,48.93,0
833,8,83.43,97.60,99.16,32.22,13.44,48.68,0
833,9,81.46,97.58,95.64,32.50,13.86,50.21,0
833,10,82.37,97.39,99.48,32.62,13.96,49.41,0
833,11,81.95,97.64,96.75,33.71,13.64,51.09,0
833,12,84.14,97.37,96.02,32.73,12.82,48.93,0
833,13,82.20,98.09,95.16,32.19,13.45,50.80,0
833,14,83.31,97.72,94.07,33.97,12.84,49.85,0
833,15,80.69,97.60,94.36,33.07,12.97,48.58,0
833,16,81.46,98.12,96.54,32.81,13.88,48.43,0
833,17,83.75,97.80,97.96,32.02,13.12,50.19,0
833,18,84.08,97.85,96.20,32.01,13.82,52.03,0
833,19,82.36,97.50,97.84,32.45,13.55,50.18,0
834,0,79.87,96.92,92.38,34.19,13.87,46.47,0
834,1,76.69,96.85,93.86,36.05,14.18,49.21,0
834,2,77.64,97.16,93.31,34.90,13.10,46.57,0
834,3,78.83,96.83,93.77,35.99,13.64,50.36,0
834,4,78.47,97.47,93.24,35.38,13.80,49.16,0
834,5,80.05,96.92,94.63,36.01,13.67,48.33,0
834,6,78.83,96.92,93.86,35.83,14.05,46.68,0
834,7,80.14,97.17,93.43,35.99,13.28,49.02,0
834,8,82.71,97.49,91.59,35.73,14.05,45.20,0
834,9,84.45,97.49,86.01,34.53,13.79,45.42,0
834,10,89.34,97.05,80.45,35.54,13.23,44.23,1
834,11,84.91,96.94,81.19,35.69,14.09,45.59,0
834,12,84.54,97.22,86.56,34.61,13.10,47.20,0
834,13,78.38,97.06,95.11,35.23,13.70,49.10,0
834,14,78.21,97.47,93.09,36.09,14.08,48.65,0
834,15,78.29,96.92,94.46,35.25,13.03,48.14,0
834,16,77.63,96.81,93.17,35.25,13.78,50.13,0
834,17,78.17,96.91,91.50,34.53,13.07,47.31,0
834,18,76.53,97.34,96.69,35.78,13.56,47.23,0
834,19,80.22,96.92,96.65,35.90,14.20,47.30,0
835,0,79.76,98.27,80.28,37.53,10.92,44.53,0
835,1,80.71,98.23,81.86,36.29,10.96,45.86,0
835,2,81.38,97.73,81.52,35.84,11.03,47.40,0
835,3,81.20,97.92,80.01,37.13,10.94,46.38,0
835,4,78.62,97.72,78.44,36.34,10.88,44.30,0
835,5,78.86,97.95,77.08,37.40,10.97,44.86,0
835,6,78.33,98.36,78.47,36.22,10.74,44.48,0
835,7,79.21,98.02,78.47,36.62,10.63,44.10,0
835,8,85.47,97.84,75.54,35.98,11.22,43.60,0
835,9,87.87,98.30,68.09,35.80,11.20,41.14,0
835,10,90.69,97.95,63.84,37.28,10.39,39.12,1
835,11,86.70,97.61,69.41,36.80,11.45,42.34,0
835,12,85.06,98.01,69.81,36.43,10.72,44.74,0
835,13,77.80,98.12,80.72,36.07,11.30,44.45,0
835,14,77.48,97.62,79.45,36.35,10.55,46.44,0
835,15,80.20,97.60,76.62,37.57,10.71,47.40,0
835,16,79.93,98.01,78.23,36.13,11.48,44.73,0
835,17,78.52,98.30,77.72,36.11,10.92,44.69,0
835,18,79.53,97.78,79.08,36.35,11.15,44.11,0
835,19,78.97,98.14,79.84,36.00,10.92,43.89,0
836,0,73.66,98.42,95.34,36.80,16.00,50.27,0
836,1,71.69,98.82,98.66,37.23,16.16,51.45,0
836,2,71.69,98.69,97.73,37.13,16.18,48.68,0
836,3,74.10,98.52,95.91,36.76,15.81,49.31,0
836,4,74.51,98.29,97.84,37.42,16.06,49.81,0
836,5,73.70,98.50,97.68,37.35,16.07,48.34,0
836,6,73.63,98.85,99.49,37.37,15.77,49.78,0
836,7,74.61,99.04,99.07,36.44,15.61,50.19,0
836,8,74.97,98.62,99.96,37.43,15.05,50.71,0
836,9,72.17,98.39,97.76,37.51,16.05,51.35,0
836,10,71.09,98.48,99.19,36.28,15.35,50.82,0
836,11,72.14,98.46,97.95,36.62,15.30,49.15,0
836,12,71.92,98.90,97.96,37.24,15.93,50.94,0
836,13,72.59,98.53,96.90,37.64,16.16,49.92,0
836,14,72.30,98.77,95.23,37.32,15.68,51.08,0
836,15,72.16,98.74,98.88,37.63,15.94,49.63,0
836,16,72.59,98.66,97.89,35.80,16.19,49.17,0
836,17,73.85,98.63,95.19,37.00,15.59,49.13,0
836,18,74.46,98.68,96.53,37.46,15.39,50.29,0
836,19,71.99,98.35,96.32,36.54,15.92,50.80,0
837,0,82.76,98.02,96.05,38.17,13.51,51.02,0
837,1,83.47,98.29,96.08,38.04,13.78,47.93,0
837,2,85.07,98.12,94.77,39.53,13.23,48.35,0
837,3,84.15,98.23,96.82,39.20,13.98,47.23,0
837,4,82.43,98.59,95.06,39.11,13.64,49.25,0
837,5,85.34,98.39,98.27,38.35,13.23,47.89,0
837,6,84.05,98.25,95.50,39.55,14.10,47.70,0
837,7,85.33,98.78,99.55,38.17,14.22,49.03,0
837,8,82.68,98.57,98.34,39.05,13.61,48.47,0
837,9,85.10,98.58,96.34,38.40,13.24,49.18,0
837,10,84.60,98.70,99.77,39.32,13.49,51.07,0
837,11,83.13,98.48,94.33,39.48,13.55,49.95,0
837,12,81.15,98.58,96.57,38.20,14.12,49.78,0
837,13,81.09,98.77,98.56,38.91,13.60,49.71,0
837,14,83.72,98.20,94.05,38.26,13.54,48.32,0
837,15,83.56,98.21,94.90,39.00,14.33,50.57,0
837,16,81.02,98.13,97.73,39.46,13.87,48.08,0
837,17,82.01,98.38,96.04,39.68,13.73,49.55,0
837,18,84.04,98.62,99.44,39.19,13.32,47.37,0
837,19,83.60,98.29,97.28,38.45,14.26,51.08,0
838,0,78.89,97.86,95.28,32.20,10.31,52.48,0
838,1,78.32,97.55,95.40,32.52,10.61,49.66,0
838,2,80.79,97.87,94.97,32.97,10.18,50.16,0
838,3,77.77,97.36,93.24,34.07,10.27,50.03,0
838,4,80.69,97.45,96.49,34.09,9.78,52.44,0
838,5,79.58,97.60,94.45,33.14,10.62,52.05,0
838,6,77.92,97.83,94.06,33.64,10.46,51.40,0
838,7,81.15,97.37,95.96,32.31,10.73,49.51,0
838,8,78.25,98.01,96.54,33.02,10.65,52.19,0
838,9,77.61,97.71,92.64,32.79,9.83,50.05,0
838,10,77.26,97.54,92.52,33.53,10.36,50.35,0
838,11,79.57,97.56,96.48,33.51,9.91,51.78,0
838,12,76.08,97.53,93.24,33.20,10.75,50.36,0
838,13,78.44,97.82,92.42,33.19,10.37,49.55,0
838,14,76.27,97.31,93.89,33.17,9.92,49.80,0
838,15,78.33,97.89,93.70,32.12,10.24,50.14,0
838,16,77.71,97.46,93.74,32.66,9.88,50.93,0
838,17,77.21,97.73,94.98,32.21,10.09,50.83,0
838,18,78.14,97.78,94.82,33.70,10.40,50.64,0
838,19,76.73,97.77,95.66,32.15,10.28,50.96,0
839,0,75.11,97.50,88.56,32.62,13.00,48.35,0
839,1,76.80,97.23,92.95,32.95,12.21,46.83,0
839,2,75.82,97.38,88.86,32.58,12.89,47.35,0
839,3,79.04,96.95,89.10,34.38,13.23,47.31,0
839,4,77.50,97.41,94.65,33.28,13.29,46.48,0
839,5,78.27,97.29,90.32,34.03,12.66,47.63,0
839,6,77.26,97.32,94.47,34.21,12.54,44.77,0
839,7,76.67,97.17,92.81,33.42,12.78,48.35,0
839,8,78.62,97.04,91.65,32.44,12.45,46.09,0
839,9,75.91,96.88,93.82,33.28,12.98,48.73,0
839,10,78.65,97.61,91.26,33.07,12.95,46.69,0
839,11,75.78,97.06,89.27,33.06,13.01,44.82,0
839,12,77.29,97.60,92.45,32.51,13.02,46.69,0
839,13,78.11,97.59,88.53,32.53,12.91,47.54,0
839,14,77.86,97.33,89.27,34.21,12.91,46.24,0
839,15,77.43,97.61,92.85,34.30,13.31,46.21,0
839,16,76.22,97.60,91.98,32.81,12.42,45.74,0
839,17,77.14,97.24,90.90,33.43,12.52,45.95,0
839,18,76.87,96.97,89.89,33.31,12.73,47.77,0
839,19,78.29,97.56,90.15,34.11,12.67,44.97,0
840,0,86.26,98.73,89.04,38.09,10.91,58.59,0
840,1,85.43,99.12,88.26,36.81,10.22,57.16,0
840,2,84.06,98.38,88.31,37.48,10.08,56.94,0
840,3,84.89,98.49,87.02,36.67,10.07,58.00,0
840,4,85.18,98.92,86.52,38.18,10.74,58.60,0
840,5,86.96,98.99,88.74,37.57,10.40,55.80,0
840,6,85.31,98.81,90.51,37.97,10.08,59.00,0
840,7,84.81,98.52,90.24,36.58,10.92,56.12,0
840,8,82.75,98.51,90.93,36.90,10.37,59.33,0
840,9,91.00,99.10,82.17,38.48,10.33,52.72,0
840,10,93.07,99.08,77.46,37.84,10.23,53.08,0
840,11,91.92,99.00,75.38,37.18,11.11,52.52,1
840,12,92.28,98.97,75.64,37.09,10.73,54.92,0
840,13,91.28,98.77,84.49,38.33,10.99,54.20,0
840,14,85.22,98.99,87.71,37.45,11.08,57.11,0
840,15,84.12,98.84,86.58,37.87,11.21,56.14,0
840,16,83.74,99.03,85.03,37.15,10.05,59.33,0
840,17,83.60,98.92,86.76,37.24,10.67,57.64,0
840,18,85.41,98.66,87.34,37.70,10.08,58.54,0
840,19,82.73,99.03,86.13,38.41,10.90,57.10,0
841,0,83.93,99.07,87.14,37.55,12.16,47.09,0
841,1,82.77,98.84,81.60,36.96,11.38,44.34,0
841,2,82.83,98.64,87.65,37.30,11.85,44.03,0
841,3,80.95,98.89,85.31,37.19,11.43,44.04,0
841,4,83.13,98.53,85.91,36.88,11.82,43.90,0
841,5,81.29,98.47,87.94,36.36,11.93,46.80,0
841,6,84.18,98.94,85.53,37.56,11.76,44.85,0
841,7,80.96,98.75,87.82,37.65,11.43,44.39,0
841,8,84.04,99.18,84.22,36.57,11.98,46.85,0
841,9,82.68,98.77,85.18,37.88,11.45,46.41,0
841,10,80.60,98.61,81.29,38.01,11.66,44.14,0
841,11,80.26,98.79,85.02,36.50,12.17,47.35,0
841,12,81.31,98.69,81.48,36.64,11.83,46.89,0
841,13,79.55,99.08,86.34,37.03,11.86,46.01,0
841,14,81.62,99.14,83.01,36.47,11.87,44.43,0
841,15,79.74,99.20,83.24,37.91,11.94,44.69,0
841,16,80.32,98.54,80.94,37.86,12.02,46.70,0
841,17,81.39,99.00,81.76,37.12,12.20,45.03,0
841,18,82.32,98.72,86.65,37.76,12.27,45.36,0
841,19,82.81,99.00,85.57,36.99,11.71,45.72,0
842,0,91.03,98.99,91.04,32.74,14.80,51.59,0
842,1,89.77,98.52,87.28,32.69,15.33,50.28,0
842,2,89.60,98.47,86.75,33.78,14.57,49.61,0
842,3,90.61,98.49,86.64,33.11,15.42,50.76,0
842,4,92.71,98.99,89.77,33.11,15.19,51.96,0
842,5,93.38,98.88,88.34,32.83,14.65,50.98,0
842,6,92.49,98.64,89.64,32.88,15.18,49.67,0
842,7,91.24,98.94,91.50,32.77,14.74,50.32,0
842,8,91.45,98.70,90.31,33.22,15.36,51.62,0
842,9,90.46,98.65,90.78,33.41,14.71,51.27,0
842,10,89.34,99.14,88.13,33.47,14.48,49.60,0
842,11,88.75,99.17,90.12,33.70,15.39,52.28,0
842,12,90.96,98.52,87.43,34.26,15.31,49.59,0
842,13,90.64,98.96,87.27,32.95,15.18,49.99,0
842,14,88.43,98.91,89.28,33.81,15.24,52.50,0
842,15,91.00,98.67,90.76,34.44,15.52,51.77,0
842,16,91.39,98.43,88.26,33.94,14.36,50.16,0
842,17,90.74,98.42,88.18,34.28,15.11,51.50,0
842,18,89.93,98.85,88.36,33.87,15.27,51.09,0
842,19,89.87,99.21,87.01,32.87,14.75,50.59,0
843,0,81.56,97.17,96.26,36.94,13.48,60.81,0
843,1,82.63,97.60,92.90,38.04,13.37,61.39,0
843,2,80.03,97.05,93.20,37.43,12.78,59.94,0
843,3,79.58,97.50,95.43,38.22,13.74,60.28,0
843,4,81.94,97.60,93.67,37.25,13.19,58.71,0
843,5,82.14,97.20,99.11,38.73,13.59,60.29,0
843,6,81.96,97.46,97.53,38.79,13.52,61.76,0
843,7,79.89,97.38,96.35,37.50,12.65,60.01,0
843,8,80.59,97.21,93.02,37.72,13.42,61.96,0
843,9,80.67,97.12,93.62,37.09,12.99,58.42,0
843,10,80.71,97.67,93.27,38.67,13.60,60.01,0
843,11,81.43,97.31,92.88,37.90,13.27,60.77,0
843,12,80.78,97.16,96.44,37.85,13.12,60.38,0
843,13,81.67,97.33,95.41,38.10,13.46,59.41,0
843,14,78.12,97.28,94.56,36.93,13.05,61.18,0
843,15,79.16,97.51,92.62,38.20,12.99,58.17,0
843,16,80.81,97.29,95.07,37.06,13.13,61.08,0
843,17,79.35,97.78,95.65,37.64,13.40,60.37,0
843,18,79.02,97.07,96.00,38.12,12.71,58.14,0
843,19,80.34,97.83,92.66,38.58,13.50,60.42,0
844,0,86.08,99.08,87.17,34.38,9.62,50.01,0
844,1,89.65,99.16,88.18,33.46,10.43,52.77,0
844,2,89.22,98.93,88.69,34.57,9.89,50.46,0
844,3,89.45,98.82,84.23,33.31,9.89,53.87,0
844,4,90.17,98.88,89.26,33.11,10.24,53.20,0
844,5,90.40,99.07,87.07,34.66,10.20,53.03,0
844,6,88.25,98.69,86.26,34.11,9.71,50.45,0
844,7,88.66,99.01,84.42,33.19,9.51,53.85,0
844,8,86.39,99.23,86.29,33.40,9.93,52.14,0
844,9,87.29,99.14,85.21,34.46,10.46,52.43,0
844,10,85.80,99.08,83.73,33.04,9.84,50.17,0
844,11,85.79,99.13,88.01,33.22,9.93,50.28,0
844,12,87.78,98.56,83.40,32.97,10.21,52.65,0
844,13,88.16,99.05,84.71,32.91,9.51,52.73,0
844,14,86.06,99.01,84.00,33.03,10.09,53.04,0
844,15,86.47,98.97,84.53,34.63,10.12,51.72,0
844,16,88.81,98.85,84.18,33.20,9.50,50.80,0
844,17,85.39,99.16,85.54,33.84,10.17,51.04,0
844,18,86.85,98.70,83.72,34.38,9.45,50.34,0
844,19,86.44,98.48,87.04,33.94,10.41,52.51,0
845,0,71.76,97.66,83.62,37.07,14.15,53.90,0
845,1,71.41,97.77,80.72,38.82,14.17,53.19,0
845,2,72.31,97.27,79.93,38.33,14.26,54.88,0
845,3,71.80,97.72,81.66,38.27,14.62,55.53,0
845,4,71.01,97.75,84.05,37.75,14.00,56.31,0
845,5,72.71,97.28,84.50,38.50,14.98,55.50,0
845,6,71.49,97.36,80.08,37.70,14.44,54.27,0
845,7,72.77,97.24,82.86,37.61,14.00,54.90,0
845,8,71.42,97.43,79.66,38.12,14.20,53.19,0
845,9,69.91,97.25,79.17,36.98,14.85,54.52,0
845,10,70.79,97.34,82.81,37.54,14.19,53.00,0
845,11,69.56,97.97,79.96,37.60,14.25,52.88,0
845,12,69.94,97.35,79.78,38.74,14.98,54.69,0
845,13,68.50,97.21,82.10,37.18,15.01,55.64,0
845,14,71.22,97.34,83.46,38.18,14.64,55.82,0
845,15,70.60,97.57,80.86,38.07,15.01,53.59,0
845,16,70.87,97.63,83.37,37.80,14.05,52.97,0
845,17,69.43,97.38,78.75,36.87,14.18,52.72,0
845,18,71.94,97.47,79.95,37.89,15.09,55.58,0
845,19,71.90,97.52,80.72,38.71,14.60,52.72,0
846,0,78.05,97.54,90.64,37.28,13.73,59.69,0
846,1,80.79,98.00,94.68,37.96,13.78,60.33,0
846,2,81.26,98.24,94.51,37.11,13.64,57.64,0
846,3,79.52,98.11,94.79,37.60,14.07,60.15,0
846,4,77.60,98.20,91.82,37.50,13.76,60.43,0
846,5,79.58,97.75,92.56,37.31,13.79,60.46,0
846,6,77.87,98.25,95.24,37.20,13.90,57.90,0
846,7,79.46,98.04,91.31,38.05,12.97,58.23,0
846,8,80.53,97.67,94.94,37.79,13.27,60.49,0
846,9,83.03,98.20,83.90,37.59,13.31,57.24,0
846,10,86.04,97.94,84.56,36.71,13.13,54.68,0
846,11,87.96,98.07,75.99,38.56,13.11,54.71,1
846,12,85.23,97.72,84.28,37.88,14.09,54.16,0
846,13,84.12,97.78,87.47,36.69,13.64,56.03,0
846,14,79.79,98.28,88.52,37.80,13.30,60.42,0
846,15,79.03,98.03,92.07,36.84,14.05,58.12,0
846,16,77.31,97.93,91.56,38.35,13.31,58.40,0
846,17,76.71,98.24,89.02,37.12,13.31,57.09,0
846,18,80.21,97.87,94.43,38.30,14.08,60.98,0
846,19,80.67,97.80,94.94,37.51,13.04,57.89,0
847,0,86.96,97.64,86.12,33.78,12.93,44.32,0
847,1,89.22,97.39,85.28,34.99,13.21,43.01,0
847,2,89.64,97.89,82.59,34.47,13.44,44.95,0
847,3,90.67,97.93,86.45,33.40,13.10,42.48,0
847,4,90.52,97.72,84.57,34.07,12.97,45.01,0
847,5,90.03,97.94,86.11,33.50,12.55,43.93,0
847,6,87.92,97.47,85.59,33.24,12.72,45.08,0
847,7,88.70,97.72,84.29,35.10,12.82,43.48,0
847,8,88.15,97.52,85.60,33.99,12.72,44.45,0
847,9,88.12,97.42,86.72,33.88,12.93,41.22,0
847,10,88.05,97.55,85.17,34.25,12.61,45.08,0
847,11,89.48,97.82,84.77,33.81,12.91,44.17,0
847,12,87.52,98.09,84.00,34.47,13.19,41.78,0
847,13,85.68,98.10,81.82,34.60,12.49,42.38,0
847,14,87.13,97.64,83.94,34.62,13.28,41.46,0
847,15,89.17,98.08,85.36,34.09,13.07,41.38,0
847,16,87.29,98.11,82.97,33.78,12.48,44.38,0
847,17,85.98,97.42,86.14,34.74,13.54,42.64,0
847,18,87.57,98.00,84.23,34.39,12.79,43.34,0
847,19,89.96,97.99,82.99,33.66,12.56,44.56,0
848,0,71.90,98.53,86.43,34.90,13.53,44.73,0
848,1,75.08,98.93,86.15,35.78,12.67,43.35,0
848,2,74.90,98.56,85.16,35.13,13.78,43.86,0
848,3,73.78,98.70,85.68,35.53,13.59,44.78,0
848,4,73.34,98.89,87.46,36.02,13.71,45.08,0
848,5,75.05,98.77,86.23,35.90,13.78,41.26,0
848,6,72.63,98.69,88.88,35.91,13.35,43.98,0
848,7,74.96,98.33,85.52,35.87,13.24,43.03,0
848,8,73.96,98.92,89.79,36.03,12.77,45.14,0
848,9,75.66,98.62,87.61,35.42,12.73,44.93,0
848,10,73.55,99.00,89.72,35.09,12.75,42.67,0
848,11,72.76,98.97,86.36,34.59,13.06,42.76,0
848,12,75.25,98.71,89.38,35.35,13.76,43.96,0
848,13,74.17,98.61,85.23,36.38,13.09,41.42,0
848,14,71.42,98.89,86.62,34.91,13.63,43.15,0
848,15,72.93,98.66,86.31,35.92,12.99,43.78,0
848,16,74.17,98.49,83.57,35.98,13.13,43.58,0
848,17,71.49,98.53,86.60,35.43,13.61,43.34,0
848,18,71.69,98.62,87.12,36.18,13.53,43.65,0
848,19,74.42,98.64,87.64,36.25,12.94,42.33,0
849,0,70.88,97.00,96.04,37.17,15.12,60.65,0
849,1,74.08,96.81,98.60,37.64,14.39,60.21,0
849,2,72.72,97.57,94.64,36.19,14.80,61.76,0
849,3,72.86,97.40,100.00,35.96,15.33,58.21,0
849,4,73.97,96.82,99.22,37.64,14.75,59.98,0
849,5,70.92,97.36,98.80,36.92,15.03,58.93,0
849,6,73.29,97.37,100.24,36.13,15.27,60.18,0
849,7,74.08,97.20,98.03,36.41,15.16,59.08,0
849,8,73.44,97.46,98.81,35.73,14.42,58.15,0
849,9,70.05,96.88,97.13,36.27,15.44,60.23,0
849,10,73.48,96.80,98.33,36.15,15.44,59.07,0
849,11,73.08,97.57,96.37,37.28,15.04,60.40,0
849,12,69.42,97.08,93.66,36.38,14.62,59.00,0
849,13,71.11,97.17,95.72,36.63,14.55,59.78,0
849,14,72.16,96.82,97.39,36.95,15.07,59.58,0
849,15,72.09,97.10,98.40,36.41,14.68,60.78,0
849,16,72.49,97.33,97.25,36.31,14.90,60.58,0
849,17,72.72,96.80,95.42,35.97,15.53,60.57,0
849,18,69.69,97.33,99.41,36.20,15.30,59.54,0
849,19,70.57,97.17,99.41,36.30,14.90,61.26,0
850,0,77.27,97.54,77.91,33.15,10.88,57.65,0
850,1,75.57,97.48,80.66,33.39,10.42,55.78,0
850,2,77.57,97.51,76.63,33.34,11.34,57.08,0
850,3,77.20,97.94,79.35,32.49,11.19,58.45,0
850,4,77.38,97.64,81.59,33.54,10.44,56.14,0
850,5,78.39,97.44,77.68,32.87,10.59,57.27,0
850,6,77.92,97.58,79.20,33.37,10.95,56.52,0
850,7,76.73,98.13,81.11,32.41,11.21,58.07,0
850,8,77.05,97.99,79.49,33.29,10.89,57.20,0
850,9,75.78,97.85,78.24,33.16,11.44,56.14,0
850,10,77.53,97.84,81.29,33.15,11.28,55.63,0
850,11,78.03,97.67,80.58,33.17,11.37,57.95,0
850,12,74.07,98.15,75.80,32.39,11.17,58.74,0
850,13,73.93,97.75,78.09,32.33,10.45,56.95,0
850,14,76.51,97.60,78.11,33.45,10.35,58.10,0
850,15,74.33,97.57,76.49,32.51,11.24,55.36,0
850,16,75.49,98.17,75.47,33.45,10.44,57.12,0
850,17,77.53,97.47,80.13,33.82,10.89,57.60,0
850,18,75.96,97.58,80.37,33.09,10.82,57.44,0
850,19,77.54,98.00,78.18,33.09,11.23,57.68,0
851,0,78.99,97.14,77.40,35.51,14.86,52.91,0
851,1,77.36,97.27,83.45,34.52,13.98,52.13,0
851,2,79.48,97.62,83.04,34.55,14.92,53.28,0
851,3,78.91,97.64,81.80,34.95,13.97,52.18,0
851,4,80.06,97.17,80.41,34.18,14.82,50.48,0
851,5,79.38,97.62,78.21,34.84,14.63,51.50,0
851,6,77.82,97.45,83.63,35.34,13.93,50.68,0
851,7,79.13,97.47,79.39,35.72,14.97,53.18,0
851,8,78.78,97.16,79.69,34.42,14.66,49.57,0
851,9,78.89,97.43,77.35,34.81,14.77,52.26,0
851,10,77.18,97.36,79.83,35.59,14.38,51.09,0
851,11,77.63,97.47,77.12,34.87,14.85,51.07,0
851,12,74.92,97.12,80.56,34.81,14.65,51.79,0
851,13,76.40,97.18,77.72,35.06,14.23,52.18,0
851,14,78.32,97.56,76.56,34.12,14.52,50.23,0
851,15,76.76,97.10,80.77,34.60,14.05,52.24,0
851,16,78.22,97.08,77.00,35.83,14.07,51.11,0
851,17,78.55,97.34,78.52,36.01,14.04,51.85,0
851,18,76.75,97.44,81.74,34.95,14.99,51.93,0
851,19,77.51,97.85,77.58,35.67,14.87,52.74,0
852,0,84.83,99.25,97.98,38.25,14.84,55.68,0
852,1,84.26,99.30,97.23,38.42,15.23,55.18,0
852,2,86.11,98.90,95.25,38.51,14.17,55.24,0
852,3,82.81,98.61,93.48,38.74,14.29,56.19,0
852,4,82.81,98.67,94.49,38.19,14.73,55.44,0
852,5,82.67,98.90,96.08,37.77,14.55,56.37,0
852,6,84.14,99.29,93.85,39.06,14.55,56.24,0
852,7,85.16,98.83,93.34,38.03,15.14,55.05,0
852,8,85.98,99.31,97.88,38.15,15.02,56.35,0
852,9,84.23,98.53,96.75,37.89,14.62,55.44,0
852,10,82.67,98.58,94.57,37.92,14.77,55.57,0
852,11,84.88,99.07,92.23,38.72,14.36,54.08,0
852,12,82.17,98.66,95.85,38.14,14.15,56.77,0
852,13,83.23,99.05,93.26,39.03,14.71,55.86,0
852,14,83.26,98.97,95.53,38.91,14.91,55.20,0
852,15,84.80,98.59,94.52,38.64,14.87,54.92,0
852,16,82.06,98.80,96.43,38.46,14.71,54.42,0
852,17,82.46,98.69,96.26,38.78,14.34,56.09,0
852,18,85.44,98.63,97.63,39.15,15.02,56.78,0
852,19,82.43,98.81,95.51,38.97,15.02,53.69,0
853,0,70.90,99.01,91.00,37.25,11.19,55.79,0
853,1,72.73,98.70,89.55,38.04,10.72,55.12,0
853,2,72.39,98.87,89.61,38.55,11.01,53.70,0
853,3,73.35,98.83,93.71,37.91,10.70,55.01,0
853,4,70.96,99.05,94.23,38.44,10.93,52.71,0
853,5,71.93,98.92,93.04,37.16,11.15,52.29,0
853,6,71.76,99.32,90.81,38.78,11.36,54.52,0
853,7,69.49,99.19,90.62,36.94,11.53,54.59,0
853,8,71.98,98.73,91.65,37.28,11.32,55.36,0
853,9,72.31,99.39,90.09,38.04,11.37,52.45,0
853,10,69.26,98.69,92.35,38.62,10.36,55.54,0
853,11,69.15,99.08,92.30,38.77,10.69,54.53,0
853,12,68.96,99.40,90.73,36.96,10.95,54.15,0
853,13,70.16,98.83,91.41,37.07,10.46,53.24,0
853,14,70.98,98.89,91.42,38.28,10.72,54.65,0
853,15,71.47,99.36,88.16,37.01,11.32,54.85,0
853,16,68.12,98.70,92.33,37.46,11.37,53.43,0
853,17,72.25,99.19,93.40,38.37,10.38,55.18,0
853,18,70.17,99.23,91.29,38.13,10.43,54.17,0
853,19,70.98,98.63,88.82,37.43,10.52,54.54,0
854,0,78.67,97.34,99.06,32.77,11.87,55.52,0
854,1,79.39,97.54,96.26,32.91,11.85,54.02,0
854,2,82.66,97.46,99.95,33.28,12.05,53.00,0
854,3,79.79,97.90,98.36,33.74,12.36,55.02,0
854,4,81.84,97.99,95.94,32.67,11.90,52.50,0
854,5,79.08,97.70,98.76,32.99,12.53,54.70,0
854,6,81.80,97.77,96.12,34.28,12.45,52.67,0
854,7,80.24,97.92,99.33,34.33,11.63,53.47,0
854,8,80.76,97.31,99.79,34.20,12.49,53.98,0
854,9,78.87,97.63,97.32,34.64,11.86,53.71,0
854,10,81.21,97.36,94.87,32.88,11.58,55.08,0
854,11,81.60,97.84,96.81,32.93,12.17,55.38,0
854,12,78.08,97.51,94.35,33.35,11.67,55.67,0
854,13,77.73,97.88,98.95,34.12,12.00,53.17,0
854,14,78.70,97.37,98.42,32.79,11.48,53.67,0
854,15,78.42,97.76,96.14,34.07,11.48,54.78,0
854,16,77.96,97.38,98.76,34.50,12.52,53.64,0
854,17,81.48,97.50,97.47,34.58,12.23,54.15,0
854,18,79.73,97.81,96.64,33.69,12.56,54.22,0
854,19,80.58,97.22,99.15,34.22,12.39,55.80,0
855,0,88.42,98.38,77.79,38.02,16.07,49.44,0
855,1,87.59,98.85,78.50,39.12,15.02,51.92,0
855,2,88.71,98.54,77.50,38.79,15.24,49.13,0
855,3,90.34,98.71,81.25,37.77,14.91,52.75,0
855,4,88.82,98.44,81.50,39.37,14.97,51.49,0
855,5,91.22,98.48,79.99,38.52,15.24,49.60,0
855,6,87.78,98.50,78.51,38.33,15.89,51.30,0
855,7,87.91,98.28,79.88,37.61,15.47,50.45,0
855,8,90.20,98.26,78.73,39.48,15.15,49.66,0
855,9,89.41,98.30,77.71,38.36,16.07,51.23,0
855,10,87.67,98.24,80.72,39.14,16.01,51.50,0
855,11,86.92,98.76,76.75,37.67,15.63,52.14,0
855,12,88.87,98.33,80.51,38.02,14.93,52.16,0
855,13,87.34,98.29,80.50,38.49,15.14,52.42,0
855,14,86.65,98.82,76.33,38.38,15.99,49.15,0
855,15,89.31,98.59,77.94,39.12,15.12,51.62,0
855,16,88.94,98.33,76.68,37.50,16.04,51.60,0
855,17,86.75,98.62,78.69,38.86,15.31,52.72,0
855,18,87.57,98.38,76.66,38.59,15.06,51.97,0
855,19,89.31,98.69,81.46,37.56,15.72,49.12,0
856,0,86.13,98.52,81.30,34.90,16.24,47.08,0
856,1,84.24,98.66,81.71,34.56,16.01,46.12,0
856,2,85.12,98.88,82.16,34.16,16.03,48.38,0
856,3,84.46,98.81,85.03,34.16,15.89,47.81,0
856,4,86.15,98.92,82.05,35.03,15.69,48.05,0
856,5,87.00,98.72,84.09,34.59,15.96,48.41,0
856,6,87.33,99.04,83.29,33.86,16.35,46.94,0
856,7,84.56,98.69,82.81,35.31,15.62,47.00,0
856,8,83.21,98.80,82.13,34.57,15.40,47.19,0
856,9,84.76,98.93,83.73,34.94,16.47,45.62,0
856,10,83.49,98.95,79.55,34.87,16.02,45.87,0
856,11,84.94,98.46,79.57,34.77,15.66,48.32,0
856,12,83.47,98.58,82.90,34.40,16.45,45.60,0
856,13,82.98,99.12,81.26,35.34,16.11,48.39,0
856,14,83.48,98.78,80.79,33.92,16.51,48.62,0
856,15,82.64,98.71,83.86,34.46,16.37,45.84,0
856,16,83.89,99.02,83.59,34.23,15.53,45.86,0
856,17,83.96,98.83,80.41,34.84,15.47,48.52,0
856,18,86.03,98.54,83.73,34.82,15.80,45.40,0
856,19,85.73,98.76,79.81,34.12,15.59,45.59,0
857,0,83.91,97.02,81.42,35.93,15.02,60.77,0
857,1,84.30,97.32,80.15,34.93,14.96,61.79,0
857,2,83.85,97.02,81.99,34.59,15.80,59.98,0
857,3,83.20,97.53,83.87,35.42,15.33,59.99,0
857,4,81.83,97.18,83.31,34.93,15.53,59.80,0
857,5,81.79,96.86,81.25,35.33,14.97,61.38,0
857,6,82.42,96.94,82.62,34.53,15.26,60.76,0
857,7,82.73,96.76,84.57,35.32,15.25,62.44,0
857,8,81.96,97.01,80.50,34.20,15.70,63.02,0
857,9,81.01,97.01,84.18,34.76,15.58,61.89,0
857,10,82.73,97.23,79.21,34.35,15.00,63.29,0
857,11,80.89,96.93,79.50,36.09,15.79,61.65,0
857,12,81.91,97.08,81.70,34.97,14.94,61.00,0
857,13,80.39,97.27,78.92,35.91,14.82,60.43,0
857,14,82.72,96.91,80.23,34.93,15.27,62.57,0
857,15,81.71,96.82,81.49,35.97,15.39,62.43,0
857,16,80.33,97.08,83.18,35.97,15.15,59.89,0
857,17,81.84,97.07,81.24,35.50,15.31,60.64,0
857,18,81.06,97.38,79.71,35.14,14.86,63.28,0
857,19,81.96,97.40,82.26,35.86,15.09,63.16,0
858,0,90.97,99.05,88.19,34.57,14.52,61.58,0
858,1,89.84,98.61,83.62,34.85,14.41,62.43,0
858,2,89.40,98.94,84.10,34.38,14.40,61.75,0
858,3,89.26,98.35,87.55,35.10,14.49,60.08,0
858,4,90.43,98.46,89.41,34.86,14.14,60.53,0
858,5,89.56,98.34,88.71,35.62,14.55,60.94,0
858,6,90.73,98.80,87.05,36.11,14.52,61.81,0
858,7,90.44,98.71,83.75,34.40,13.76,60.03,0
858,8,90.55,98.97,85.11,35.85,14.01,62.03,0
858,9,89.66,98.51,84.89,35.55,14.67,61.39,0
858,10,90.53,98.33,83.07,35.72,13.90,61.60,0
858,11,91.61,98.69,83.24,35.59,14.45,63.29,0
858,12,87.79,98.43,84.76,34.25,13.72,60.04,0
858,13,88.08,98.53,83.25,35.72,14.68,61.53,0
858,14,87.42,98.57,87.04,34.48,14.13,61.20,0
858,15,87.85,98.94,87.20,34.27,14.08,62.02,0
858,16,89.87,98.85,84.48,35.12,13.86,61.66,0
858,17,87.99,98.96,83.92,34.79,14.61,59.81,0
858,18,89.08,98.57,84.36,34.43,14.30,61.51,0
858,19,89.62,99.01,84.47,35.17,14.58,62.75,0
859,0,86.29,97.52,91.97,36.32,14.81,46.70,0
859,1,89.30,96.97,91.38,36.83,14.40,44.69,0
859,2,89.57,97.31,92.23,37.16,14.43,44.22,0
859,3,86.87,97.08,90.00,36.82,14.93,45.14,0
859,4,87.41,97.60,91.42,36.84,14.76,45.15,0
859,5,88.74,97.04,90.72,35.71,15.27,44.45,0
859,6,89.20,97.57,93.78,36.03,15.34,44.91,0
859,7,89.89,97.00,89.53,35.77,14.41,44.44,0
859,8,86.91,97.63,88.61,36.32,15.08,45.56,0
859,9,89.87,97.13,90.14,36.02,14.77,45.01,0
859,10,87.37,96.87,92.56,35.73,14.68,46.44,0
859,11,89.59,97.33,92.32,36.29,14.73,43.89,0
859,12,86.83,97.43,90.04,37.26,15.47,44.39,0
859,13,86.35,97.62,92.47,35.93,15.11,44.69,0
859,14,86.77,96.86,90.85,37.13,14.67,44.90,0
859,15,88.92,97.09,90.41,36.45,15.53,46.44,0
859,16,87.70,97.37,92.74,36.36,14.64,45.04,0
859,17,87.42,97.39,91.42,37.41,14.53,46.78,0
859,18,86.16,97.65,90.20,35.75,14.45,44.81,0
859,19,88.16,96.93,90.29,36.49,15.34,44.27,0
860,0,79.24,98.10,87.84,38.37,13.01,59.55,0
860,1,79.41,97.93,90.82,39.72,13.41,57.94,0
860,2,80.23,98.17,90.90,38.35,13.76,59.36,0
860,3,77.79,97.70,86.44,39.56,13.06,56.55,0
860,4,80.34,98.10,88.58,38.04,12.71,60.28,0
860,5,77.49,98.10,89.08,38.46,12.74,57.71,0
860,6,79.43,97.69,91.51,38.42,13.38,60.32,0
860,7,77.89,97.93,91.62,38.70,13.04,57.57,0
860,8,83.85,97.63,83.31,39.49,13.53,54.69,0
860,9,87.49,98.27,78.20,38.53,13.11,54.70,0
860,10,87.70,98.06,74.36,39.57,13.58,55.05,1
860,11,87.52,98.01,79.80,38.80,13.36,55.26,0
860,12,85.07,98.31,82.88,37.95,13.30,56.72,0
860,13,75.95,97.88,87.45,38.00,13.54,60.06,0
860,14,77.03,97.79,90.87,38.10,13.23,56.94,0
860,15,79.06,97.78,89.94,38.43,13.65,60.11,0
860,16,77.50,97.89,89.50,39.84,13.21,59.25,0
860,17,77.82,98.23,88.56,39.54,13.75,59.42,0
860,18,78.65,98.14,87.92,39.02,12.87,60.15,0
860,19,76.78,97.82,91.42,38.99,13.15,58.16,0
861,0,88.96,96.99,91.61,36.25,11.08,57.92,0
861,1,87.41,97.67,91.87,36.24,12.01,59.01,0
861,2,89.39,97.22,89.31,36.04,11.82,60.47,0
861,3,88.60,96.99,93.44,35.44,11.54,61.49,0
861,4,91.09,96.91,89.98,35.33,11.73,59.85,0
861,5,90.99,97.15,89.87,37.10,11.34,59.97,0
861,6,91.15,97.08,90.02,36.17,11.01,61.32,0
861,7,88.87,97.56,88.47,35.59,11.97,57.60,0
861,8,89.56,97.21,90.37,36.99,11.20,58.06,0
861,9,90.52,97.27,91.63,36.66,11.67,57.73,0
861,10,89.46,96.95,89.48,35.48,11.70,59.60,0
861,11,86.39,97.39,87.75,36.48,11.51,59.34,0
861,12,87.50,97.57,87.52,37.13,11.79,59.98,0
861,13,89.32,97.48,87.99,35.80,11.46,58.37,0
861,14,86.21,96.90,87.60,35.53,12.15,60.78,0
861,15,89.37,97.08,90.70,35.77,11.83,61.26,0
861,16,88.08,97.12,88.28,36.36,11.13,58.23,0
861,17,89.54,96.90,92.78,37.20,11.58,58.79,0
861,18,90.26,96.88,92.10,35.38,11.99,60.84,0
861,19,89.78,97.26,91.61,35.56,11.00,59.84,0
862,0,88.53,98.09,82.79,37.21,10.94,56.55,0
862,1,89.55,98.47,82.20,37.24,10.94,56.06,0
862,2,89.06,98.39,87.28,36.73,11.66,59.09,0
862,3,92.00,98.29,87.44,37.34,10.78,56.07,0
862,4,90.35,98.20,86.51,36.88,10.76,57.13,0
862,5,91.03,98.20,87.13,36.87,10.95,55.73,0
862,6,91.94,98.45,85.10,37.89,11.14,55.92,0
862,7,91.62,98.00,84.18,38.31,11.56,55.30,0
862,8,90.27,98.55,86.27,37.10,11.60,58.26,0
862,9,91.73,98.48,87.34,38.36,10.54,55.42,0
862,10,90.48,98.01,83.95,37.55,11.56,55.43,0
862,11,89.34,98.67,82.16,37.86,10.96,56.59,0
862,12,89.47,98.02,86.32,37.76,11.38,55.87,0
862,13,90.83,98.30,83.35,37.72,11.45,57.06,0
862,14,90.30,98.11,83.09,36.45,10.92,58.08,0
862,15,88.04,98.61,84.29,37.21,10.63,57.03,0
862,16,90.44,98.10,81.97,36.95,11.15,59.14,0
862,17,91.04,98.54,83.31,37.14,11.52,58.55,0
862,18,91.32,98.13,86.89,37.94,10.63,57.61,0
862,19,90.64,98.75,83.32,38.30,11.49,57.93,0
863,0,77.09,98.47,86.45,37.11,13.45,59.35,0
863,1,79.37,98.40,86.71,36.87,12.85,55.77,0
863,2,78.75,97.98,87.63,35.57,12.95,58.57,0
863,3,79.03,98.26,90.38,36.81,12.93,56.07,0
863,4,80.70,97.98,87.57,36.47,12.96,57.13,0
863,5,79.17,97.85,89.47,36.47,13.68,58.85,0
863,6,79.18,97.93,86.81,36.82,13.39,58.26,0
863,7,78.09,97.84,85.84,36.97,13.30,56.71,0
863,8,77.56,97.89,86.69,36.55,12.94,58.79,0
863,9,79.97,97.96,89.09,35.78,12.93,56.16,0
863,10,78.55,98.49,88.15,37.25,13.25,58.82,0
863,11,77.47,98.33,87.07,36.62,13.65,58.76,0
863,12,77.80,98.21,84.52,35.78,13.47,59.12,0
863,13,79.71,98.46,88.70,35.58,13.36,58.98,0
863,14,76.00,98.32,83.41,37.16,13.76,57.04,0
863,15,75.98,97.84,84.12,35.62,13.12,57.37,0
863,16,79.96,97.86,87.98,36.01,13.46,57.92,0
863,17,79.15,98.05,86.55,36.40,13.05,57.33,0
863,18,79.03,98.12,88.20,37.10,13.17,56.03,0
863,19,77.79,97.97,87.01,36.95,13.95,57.80,0
864,0,76.63,98.84,83.04,36.55,13.01,54.03,0
864,1,78.16,98.87,80.79,36.85,12.62,54.96,0
864,2,77.96,99.00,82.67,36.61,12.91,56.09,0
864,3,76.68,99.25,79.48,37.82,13.70,57.38,0
864,4,76.95,98.75,80.69,37.14,12.84,56.10,0
864,5,78.59,99.18,85.53,37.78,13.74,53.98,0
864,6,80.06,98.76,81.91,37.55,13.48,56.56,0
864,7,80.08,99.29,82.26,36.93,13.19,53.64,0
864,8,76.92,98.58,83.33,37.06,13.27,56.13,0
864,9,78.40,98.82,81.45,37.47,12.75,53.92,0
864,10,79.26,99.35,79.67,37.27,13.64,54.47,0
864,11,76.73,99.01,81.92,36.88,13.04,53.53,0
864,12,76.02,98.81,78.83,36.47,13.72,53.50,0
864,13,76.85,99.09,82.41,36.29,12.99,54.16,0
864,14,78.66,98.56,79.22,36.66,12.86,55.98,0
864,15,77.65,98.70,78.70,36.58,13.58,56.48,0
864,16,77.35,98.82,78.33,36.47,12.69,57.24,0
864,17,76.96,99.19,82.23,37.37,12.92,54.47,0
864,18,77.61,98.90,80.89,36.84,12.88,55.35,0
864,19,77.19,99.19,82.76,36.00,13.40,56.96,0
865,0,77.35,98.82,93.70,34.38,15.95,60.19,0
865,1,77.97,99.16,94.31,34.24,15.40,60.26,0
865,2,78.80,99.30,95.03,34.75,15.06,60.28,0
865,3,79.85,99.05,95.99,33.22,14.89,61.54,0
865,4,78.79,98.67,91.81,33.25,15.51,61.11,0
865,5,76.39,98.90,95.39,33.80,15.70,59.94,0
865,6,79.28,99.16,93.29,35.14,15.85,61.55,0
865,7,76.38,98.63,93.36,33.97,14.95,59.50,0
865,8,82.83,98.96,88.61,34.09,15.08,57.18,0
865,9,83.71,98.90,81.57,33.26,15.93,58.40,0
865,10,85.48,98.96,76.80,33.58,15.37,54.39,1
865,11,84.93,98.86,80.64,34.33,14.79,57.01,0
865,12,84.09,99.29,87.77,33.79,15.90,60.09,0
865,13,75.07,98.73,89.24,33.38,15.72,59.46,0
865,14,77.61,99.00,90.35,34.23,15.11,60.40,0
865,15,78.33,99.12,94.00,34.45,15.90,60.63,0
865,16,76.39,99.24,92.93,34.02,15.89,62.14,0
865,17,78.47,99.07,92.55,33.70,15.55,60.37,0
865,18,77.16,99.12,92.80,33.73,15.92,62.04,0
865,19,78.58,99.29,94.40,33.38,15.34,62.83,0
866,0,89.44,96.87,95.19,37.80,11.10,54.18,0
866,1,91.66,97.12,94.78,36.45,11.17,54.94,0
866,2,91.13,97.61,98.85,36.07,11.69,55.86,0
866,3,91.94,97.49,94.15,37.71,12.23,55.21,0
866,4,90.70,97.20,97.88,37.18,12.22,55.21,0
866,5,93.49,96.87,95.15,37.26,11.60,53.88,0
866,6,89.88,97.52,96.48,37.85,11.38,54.33,0
866,7,91.33,97.43,97.31,37.12,12.22,56.65,0
866,8,92.76,97.58,96.73,36.22,11.08,54.69,0
866,9,90.97,97.11,93.12,37.54,11.77,55.24,0
866,10,91.17,96.91,94.73,37.32,11.33,53.12,0
866,11,89.50,97.53,95.30,37.26,12.17,55.63,0
866,12,89.29,97.42,95.31,37.41,11.47,53.87,0
866,13,91.84,97.45,94.73,37.46,11.86,53.09,0
866,14,88.03,97.56,97.95,37.52,11.17,53.34,0
866,15,88.98,97.12,93.38,37.71,11.38,53.60,0
866,16,88.30,97.53,95.04,37.10,11.37,53.33,0
866,17,90.25,97.08,98.17,37.72,12.03,54.07,0
866,18,92.39,97.52,98.41,37.48,12.02,56.25,0
866,19,89.50,97.59,95.22,36.49,11.81,54.21,0
867,0,85.94,97.50,86.59,36.65,13.38,50.28,0
867,1,86.38,97.50,84.34,36.43,12.55,49.27,0
867,2,84.97,97.78,87.91,36.19,12.63,50.67,0
867,3,87.01,97.53,87.39,36.37,13.39,51.85,0
867,4,85.84,97.35,86.12,37.11,12.89,49.32,0
867,5,88.66,97.55,85.65,36.41,13.50,51.33,0
867,6,85.66,97.62,89.03,36.43,12.90,52.20,0
867,7,87.55,98.05,84.04,36.59,12.78,50.45,0
867,8,87.56,97.63,83.91,37.38,12.51,49.28,0
867,9,93.40,97.30,79.64,37.34,12.79,48.43,0
867,10,95.95,97.83,77.86,35.77,13.01,47.68,0
867,11,97.03,97.79,72.73,35.87,12.55,46.57,1
867,12,93.92,97.35,77.64,37.21,13.24,47.97,0
867,13,92.19,97.83,80.70,37.62,12.42,49.42,0
867,14,83.55,97.28,83.50,36.04,13.17,52.10,0
867,15,84.27,97.51,82.70,36.12,12.94,51.41,0
867,16,87.60,97.74,84.94,36.37,13.24,51.23,0
867,17,86.63,97.75,84.25,36.46,12.78,52.52,0
867,18,84.95,98.03,84.53,36.92,12.63,51.04,0
867,19,87.90,98.03,86.94,37.52,12.47,50.56,0
868,0,82.08,97.19,94.08,39.16,14.34,53.30,0
868,1,82.23,96.67,93.81,38.15,14.71,54.33,0
868,2,83.70,97.23,94.95,39.53,15.03,53.98,0
868,3,83.65,96.75,96.52,38.26,14.80,55.86,0
868,4,81.76,97.10,93.47,39.34,14.36,54.40,0
868,5,84.89,97.20,96.66,39.21,15.42,53.12,0
868,6,85.46,96.79,94.92,38.18,15.30,54.24,0
868,7,84.36,97.20,95.05,38.26,14.76,54.99,0
868,8,81.89,97.14,95.15,38.30,14.69,54.66,0
868,9,81.15,97.44,93.90,38.08,15.13,54.06,0
868,10,81.97,96.98,97.94,38.64,14.79,54.80,0
868,11,80.64,97.28,96.57,37.58,15.42,53.92,0
868,12,81.21,96.85,93.38,39.49,14.95,55.15,0
868,13,82.76,97.22,92.55,38.06,15.07,53.98,0
868,14,81.04,97.02,93.63,39.28,15.14,51.98,0
868,15,80.45,97.24,94.40,39.02,15.40,53.89,0
868,16,82.81,96.83,93.24,38.75,14.57,54.58,0
868,17,80.50,96.80,95.79,39.29,14.36,52.50,0
868,18,82.40,96.74,94.66,38.34,14.92,52.12,0
868,19,82.52,96.73,96.88,38.37,14.56,51.95,0
869,0,74.68,96.86,93.61,37.97,11.47,43.89,0
869,1,73.17,96.98,92.15,37.80,11.63,45.14,0
869,2,74.66,96.93,90.64,38.19,11.79,44.06,0
869,3,76.11,96.77,92.12,38.00,12.07,44.66,0
869,4,74.42,97.40,91.19,37.73,11.10,44.06,0
869,5,74.68,96.87,92.01,38.96,11.70,45.00,0
869,6,76.18,97.30,95.85,38.98,11.60,44.04,0
869,7,77.03,97.35,90.83,38.37,12.05,44.15,0
869,8,73.97,97.30,91.77,37.53,11.22,41.98,0
869,9,75.48,96.83,91.60,39.28,11.03,43.29,0
869,10,73.98,97.38,91.07,39.01,12.05,42.49,0
869,11,74.46,97.14,93.38,37.96,11.81,44.88,0
869,12,74.57,97.39,92.53,38.87,11.40,41.52,0
869,13,74.27,97.27,88.86,38.48,12.10,42.58,0
869,14,72.85,96.86,89.00,37.83,11.10,42.93,0
869,15,73.77,97.27,93.18,38.47,11.48,43.81,0
869,16,73.10,96.78,88.61,39.25,12.10,42.53,0
869,17,75.69,97.43,89.54,38.44,11.50,42.52,0
869,18,74.19,97.42,94.35,38.15,11.40,42.46,0
869,19,74.12,97.33,89.27,37.53,11.65,43.95,0
870,0,81.83,97.48,93.43,37.72,10.91,44.97,0
870,1,83.46,98.06,94.91,39.25,9.87,45.24,0
870,2,83.59,98.09,95.80,37.63,10.27,42.70,0
870,3,82.17,97.86,92.42,38.49,10.40,43.16,0
870,4,82.99,97.73,96.27,38.50,10.58,44.21,0
870,5,81.28,97.60,94.40,38.00,10.59,43.78,0
870,6,82.52,98.00,93.82,38.69,10.16,44.51,0
870,7,81.12,97.47,96.97,38.97,10.64,43.44,0
870,8,82.49,97.74,96.81,38.74,10.26,44.24,0
870,9,89.64,98.20,87.93,37.82,10.37,41.62,0
870,10,91.15,97.66,81.17,37.70,10.60,41.84,0
870,11,90.43,97.84,77.10,38.13,10.44,40.18,1
870,12,90.03,98.05,81.27,38.58,10.13,40.24,0
870,13,86.15,98.08,87.81,38.37,10.86,40.50,0
870,14,81.10,97.83,94.67,39.33,10.14,45.24,0
870,15,82.46,97.66,91.12,38.97,10.62,42.48,0
870,16,80.98,97.45,92.12,37.46,10.33,43.17,0
870,17,79.97,97.60,95.15,37.81,10.85,44.89,0
870,18,80.76,97.70,94.36,37.41,10.82,45.10,0
870,19,83.62,97.74,92.95,38.94,10.45,43.15,0
871,0,72.17,97.45,85.58,34.39,12.89,59.76,0
871,1,73.55,97.67,87.00,35.25,13.31,60.08,0
871,2,74.80,97.44,89.29,35.79,12.83,62.21,0
871,3,74.23,97.72,90.50,34.50,13.54,61.54,0
871,4,74.56,97.43,91.18,34.22,12.76,61.96,0
871,5,75.77,97.75,89.63,33.82,13.45,59.51,0
871,6,73.70,97.62,90.66,35.13,13.17,61.00,0
871,7,72.98,97.85,87.06,34.35,13.48,62.72,0
871,8,80.99,97.49,80.79,35.05,13.80,56.05,0
871,9,80.58,97.90,77.50,34.64,13.72,54.97,0
871,10,83.21,97.43,72.82,34.81,13.88,53.75,1
871,11,82.32,97.80,77.45,34.72,13.61,57.84,0
871,12,77.51,97.92,78.71,34.32,13.00,56.03,0
871,13,73.00,97.48,86.83,35.65,13.37,62.19,0
871,14,73.40,97.44,87.61,34.96,13.78,62.49,0
871,15,74.35,98.00,87.01,35.37,13.09,59.91,0
871,16,72.24,97.82,88.08,34.33,13.42,59.12,0
871,17,73.55,97.50,86.95,34.77,13.42,59.52,0
871,18,71.82,98.02,87.24,34.49,13.89,61.50,0
871,19,74.49,97.67,88.17,34.77,13.85,62.24,0
872,0,70.93,98.24,90.92,36.23,15.85,47.53,0
872,1,70.89,98.38,88.62,37.00,15.50,47.57,0
872,2,70.72,98.33,89.09,37.29,15.11,47.83,0
872,3,72.36,98.59,91.67,36.50,16.16,48.81,0
872,4,73.67,98.42,91.62,37.85,15.66,47.54,0
872,5,74.52,98.32,89.92,36.52,15.49,49.04,0
872,6,71.60,98.57,91.55,37.97,16.04,46.32,0
872,7,71.56,98.70,87.82,36.23,16.13,47.26,0
872,8,70.41,98.33,90.26,36.25,15.36,46.26,0
872,9,72.08,97.97,89.13,36.20,15.43,45.99,0
872,10,72.47,98.17,86.39,37.98,15.64,49.32,0
872,11,73.40,98.62,86.71,37.31,15.48,46.81,0
872,12,72.33,98.33,85.62,37.47,16.16,49.61,0
872,13,71.56,98.47,89.81,36.95,16.06,45.82,0
872,14,72.47,98.63,86.84,36.88,15.89,47.04,0
872,15,70.58,98.08,88.37,37.58,15.36,47.91,0
872,16,69.63,98.19,88.45,36.72,15.16,45.96,0
872,17,70.38,98.27,86.68,36.86,15.43,48.82,0
872,18,70.21,98.59,86.77,37.16,15.59,48.36,0
872,19,71.31,98.13,89.05,36.24,15.17,48.29,0
873,0,80.93,97.14,94.66,34.67,11.14,57.16,0
873,1,82.28,97.41,96.17,33.86,10.91,58.67,0
873,2,83.19,97.38,95.20,33.99,11.46,55.99,0
873,3,84.84,97.53,97.56,34.27,10.42,55.51,0
873,4,81.73,97.12,97.73,34.78,11.03,58.74,0
873,5,83.16,97.08,98.49,34.68,10.78,57.27,0
873,6,84.13,97.13,95.68,33.56,10.61,55.47,0
873,7,83.99,96.99,92.69,33.88,11.19,55.52,0
873,8,81.86,97.20,93.96,34.80,10.92,57.00,0
873,9,84.64,97.43,93.39,34.31,11.10,56.78,0
873,10,83.16,97.45,92.12,35.12,11.40,56.19,0
873,11,83.92,97.63,92.91,35.45,11.16,57.82,0
873,12,82.87,97.57,94.63,35.07,11.33,59.05,0
873,13,80.15,97.60,94.53,35.07,11.01,56.00,0
873,14,82.33,97.51,95.58,34.58,11.24,58.02,0
873,15,81.11,97.11,95.00,33.77,10.94,57.36,0
873,16,84.09,97.59,92.62,35.12,10.82,58.42,0
873,17,83.64,97.08,95.55,34.80,10.43,57.81,0
873,18,84.08,97.03,96.71,34.08,10.91,58.28,0
873,19,84.09,97.59,92.73,35.27,10.72,55.67,0
874,0,76.98,97.23,86.60,38.04,12.96,62.33,0
874,1,75.96,97.33,91.31,38.36,12.21,61.45,0
874,2,79.07,97.51,87.56,37.76,12.51,62.85,0
874,3,79.44,97.59,92.42,37.09,12.57,61.02,0
874,4,76.03,97.40,87.94,37.10,11.85,61.98,0
874,5,76.74,97.30,88.88,37.76,12.43,60.66,0
874,6,78.92,97.18,92.51,37.59,12.10,60.60,0
874,7,75.56,97.61,91.86,37.22,12.24,61.10,0
874,8,76.68,97.45,90.31,37.85,12.76,61.91,0
874,9,75.34,97.07,90.82,37.74,12.73,61.03,0
874,10,77.02,97.61,88.92,36.74,12.72,63.02,0
874,11,75.28,97.12,87.12,38.08,12.88,60.62,0
874,12,78.02,97.23,89.19,37.67,12.24,62.69,0
874,13,76.38,97.47,86.87,37.89,11.85,61.10,0
874,14,74.18,97.36,89.48,37.79,12.57,60.92,0
874,15,76.38,97.05,88.75,37.47,11.88,61.11,0
874,16,77.53,97.61,86.16,38.30,12.11,60.04,0
874,17,75.24,97.34,90.31,37.05,12.81,61.24,0
874,18,74.78,97.29,90.92,38.28,11.99,59.92,0
874,19,75.62,97.59,91.20,36.52,12.03,60.44,0
875,0,82.43,98.46,85.98,37.52,14.67,49.86,0
875,1,83.15,98.39,84.61,37.54,14.60,50.21,0
875,2,84.48,98.50,85.60,36.87,14.47,49.93,0
875,3,85.87,98.66,83.94,36.97,14.52,50.46,0
875,4,84.61,99.00,86.22,38.00,14.46,48.85,0
875,5,82.78,99.11,85.33,37.37,13.97,50.81,0
875,6,84.28,98.55,83.14,37.59,14.63,47.77,0
875,7,82.74,98.54,84.07,37.49,14.46,51.42,0
875,8,84.73,98.64,83.21,37.88,14.72,48.71,0
875,9,91.28,98.36,78.69,36.69,14.86,47.90,0
875,10,92.40,98.84,74.19,36.95,14.22,46.11,0
875,11,91.10,98.51,67.24,38.22,14.55,43.52,1
875,12,90.04,98.67,74.93,37.13,13.83,44.72,0
875,13,87.71,98.44,76.15,38.03,14.98,45.01,0
875,14,80.47,98.71,81.65,37.09,14.36,47.77,0
875,15,81.32,98.70,82.76,37.28,14.68,47.57,0
875,16,82.55,98.32,86.04,38.04,14.33,48.65,0
875,17,84.18,99.05,85.29,36.62,14.22,48.75,0
875,18,83.12,98.85,81.07,37.09,14.77,50.35,0
875,19,83.33,98.36,85.18,37.37,14.08,50.84,0
876,0,88.89,98.79,80.56,37.54,10.12,57.77,0
876,1,87.46,98.79,76.56,37.72,10.18,57.69,0
876,2,89.34,98.34,82.20,37.43,11.06,56.42,0
876,3,89.38,98.76,81.06,37.65,10.91,57.66,0
876,4,86.05,98.83,77.58,36.65,10.90,58.32,0
876,5,89.07,98.42,80.93,36.39,10.57,58.70,0
876,6,88.90,98.88,77.11,37.82,10.42,60.31,0
876,7,87.55,98.32,80.53,36.14,10.44,59.06,0
876,8,87.24,98.21,76.55,35.99,11.00,58.09,0
876,9,85.55,98.27,76.63,36.77,11.04,57.25,0
876,10,85.77,98.33,76.36,37.02,10.25,59.51,0
876,11,87.21,98.77,80.40,36.63,11.30,60.13,0
876,12,88.24,98.97,78.12,37.38,10.60,58.41,0
876,13,86.96,98.95,78.43,36.81,11.23,58.97,0
876,14,86.08,98.81,78.47,36.41,10.30,57.54,0
876,15,86.27,98.48,75.78,37.58,11.01,56.76,0
876,16,88.00,98.94,75.65,37.64,10.70,58.65,0
876,17,88.08,98.28,75.74,36.07,10.24,59.51,0
876,18,88.73,98.49,79.99,37.04,11.05,59.71,0
876,19,87.86,98.81,77.55,36.76,10.24,57.79,0
877,0,81.07,97.90,97.41,36.77,15.06,45.34,0
877,1,82.30,98.38,96.12,37.48,15.25,43.65,0
877,2,83.36,98.22,94.52,37.42,15.22,45.86,0
877,3,83.18,97.81,93.92,37.79,15.53,44.03,0
877,4,84.27,98.17,96.92,36.01,14.52,43.64,0
877,5,81.90,97.92,94.57,37.80,15.19,44.65,0
877,6,82.99,97.79,93.76,37.78,14.95,45.11,0
877,7,81.50,97.94,97.84,37.28,15.33,44.10,0
877,8,81.02,98.22,98.20,37.71,14.58,44.56,0
877,9,90.16,97.80,89.53,36.58,15.29,42.23,0
877,10,88.72,97.90,87.89,36.26,15.24,39.08,0
877,11,90.36,98.15,79.11,37.14,14.85,38.66,1
877,12,90.85,98.09,87.04,36.65,15.47,39.89,0
877,13,88.07,97.68,85.66,36.12,15.69,40.16,0
877,14,81.24,97.83,93.51,37.10,14.54,43.49,0
877,15,79.90,97.72,94.98,36.52,15.48,42.19,0
877,16,82.72,98.38,96.56,37.00,15.22,42.21,0
877,17,80.91,97.97,94.76,36.91,14.67,44.02,0
877,18,82.86,98.05,94.72,35.98,15.38,44.42,0
877,19,83.29,97.63,94.70,37.23,15.42,43.47,0
878,0,80.84,98.51,97.49,36.50,11.28,58.67,0
878,1,79.49,98.28,98.46,36.97,10.91,59.25,0
878,2,83.14,98.00,97.88,37.10,10.85,59.77,0
878,3,79.79,98.22,92.91,36.43,11.23,58.66,0
878,4,80.12,98.05,95.90,36.62,10.39,57.65,0
878,5,81.49,98.62,95.02,36.72,11.08,58.89,0
878,6,83.07,98.63,96.51,36.16,11.07,56.44,0
878,7,82.62,98.01,97.94,37.11,11.28,56.90,0
878,8,79.53,98.35,93.57,37.18,10.88,59.10,0
878,9,82.32,98.59,98.28,35.76,10.91,58.71,0
878,10,79.40,98.19,94.50,36.51,10.79,58.64,0
878,11,80.33,98.03,94.69,35.62,10.37,58.40,0
878,12,79.61,98.35,96.14,37.13,11.26,58.71,0
878,13,81.31,98.01,93.66,35.85,11.04,58.23,0
878,14,79.01,98.26,93.85,36.46,11.38,59.32,0
878,15,80.97,98.36,93.82,37.17,10.65,57.29,0
878,16,80.98,98.00,95.98,35.73,10.86,58.80,0
878,17,81.34,98.58,94.76,36.47,11.06,59.87,0
878,18,82.67,98.58,92.36,35.97,10.86,57.66,0
878,19,80.12,98.56,96.74,37.03,10.77,60.01,0
879,0,74.84,98.36,86.42,36.32,11.46,49.17,0
879,1,76.70,98.54,88.61,36.50,10.40,49.46,0
879,2,77.51,98.36,89.00,35.06,11.25,48.39,0
879,3,74.84,98.00,89.55,35.89,11.02,50.14,0
879,4,77.43,98.60,85.70,36.26,10.86,47.11,0
879,5,76.06,97.98,88.23,35.56,11.17,49.07,0
879,6,76.89,98.28,88.23,36.87,11.22,49.33,0
879,7,75.34,98.76,90.59,36.59,10.56,49.99,0
879,8,75.00,98.15,90.92,35.27,10.85,47.62,0
879,9,76.55,98.62,90.53,35.95,11.53,47.56,0
879,10,81.64,98.00,80.48,36.12,10.85,44.09,0
879,11,82.00,98.39,79.33,35.19,10.92,44.45,0
879,12,86.68,98.10,72.09,35.18,10.64,44.28,1
879,13,84.63,98.71,77.81,35.53,10.90,43.78,0
879,14,79.17,98.16,81.67,35.56,11.14,47.44,0
879,15,75.26,98.06,86.53,35.61,10.92,49.77,0
879,16,74.16,98.52,87.63,36.68,11.16,49.58,0
879,17,76.94,98.06,88.89,36.18,10.71,48.03,0
879,18,76.83,98.43,88.09,35.72,11.09,47.25,0
879,19,75.80,98.16,88.36,35.21,11.01,47.72,0
880,0,89.21,98.92,98.33,36.98,12.13,62.53,0
880,1,87.40,98.57,100.72,36.03,11.86,60.32,0
880,2,89.23,99.13,97.20,36.23,11.56,59.67,0
880,3,88.39,98.77,97.39,36.93,11.74,59.00,0
880,4,88.30,98.48,97.76,36.21,12.42,61.63,0
880,5,91.51,98.81,97.79,36.64,12.33,60.81,0
880,6,88.44,98.93,95.47,36.09,12.13,61.80,0
880,7,89.58,99.04,96.66,36.68,11.57,59.49,0
880,8,87.46,98.67,99.73,36.71,11.90,61.96,0
880,9,89.33,98.95,97.47,36.37,12.33,60.23,0
880,10,89.07,98.83,97.15,35.76,12.00,61.69,0
880,11,86.60,98.97,95.55,36.92,11.82,60.06,0
880,12,87.25,98.99,99.65,36.43,11.85,60.14,0
880,13,89.55,98.71,94.13,35.67,11.99,60.24,0
880,14,89.94,98.54,94.90,36.44,11.61,62.53,0
880,15,86.48,98.88,93.74,36.56,12.48,62.51,0
880,16,87.63,98.58,96.30,36.27,12.30,59.91,0
880,17,90.41,98.53,94.63,36.18,12.06,60.93,0
880,18,90.25,99.15,96.81,35.48,12.33,59.71,0
880,19,88.37,98.66,95.42,35.41,11.83,59.49,0
881,0,79.71,98.64,86.23,37.01,13.34,51.08,0
881,1,78.99,98.49,85.02,36.95,13.55,48.42,0
881,2,79.84,98.47,84.53,37.92,13.44,49.41,0
881,3,81.95,98.63,85.35,37.11,13.85,50.50,0
881,4,79.22,98.66,82.24,38.37,13.60,49.90,0
881,5,81.02,98.25,83.81,36.69,14.37,49.73,0
881,6,81.66,98.48,83.28,36.77,13.73,49.31,0
881,7,80.35,98.01,86.42,38.03,14.25,49.13,0
881,8,81.53,98.47,83.76,37.93,14.21,50.06,0
881,9,80.03,98.11,83.24,36.84,14.46,47.52,0
881,10,80.35,98.21,83.03,36.64,13.89,50.27,0
881,11,80.40,98.21,84.84,38.49,14.26,48.76,0
881,12,77.50,98.56,83.02,36.91,14.12,48.51,0
881,13,80.26,98.29,80.51,37.93,14.46,49.38,0
881,14,77.24,98.69,83.57,37.98,13.83,49.71,0
881,15,77.28,98.47,84.08,37.10,13.70,51.08,0
881,16,76.93,98.31,83.47,36.82,14.36,48.84,0
881,17,79.57,98.65,85.27,36.76,13.92,50.94,0
881,18,77.82,98.23,83.54,36.80,13.59,49.11,0
881,19,81.11,97.94,82.89,38.38,14.36,49.25,0
882,0,90.68,97.45,92.38,32.90,14.04,60.71,0
882,1,91.37,97.58,92.00,32.61,13.98,57.86,0
882,2,91.06,97.58,95.38,32.61,13.27,57.79,0
882,3,91.23,97.21,94.38,33.12,13.86,58.16,0
882,4,91.99,97.08,92.61,34.13,13.77,59.59,0
882,5,90.03,97.63,95.19,33.85,13.74,60.04,0
882,6,90.55,97.31,94.90,33.58,14.26,58.40,0
882,7,89.37,97.30,93.80,34.28,13.26,59.11,0
882,8,97.26,97.72,86.67,34.16,13.96,56.13,0
882,9,98.86,97.16,81.79,32.63,13.86,55.98,0
882,10,101.30,97.64,78.99,33.71,14.28,56.03,1
882,11,98.50,97.64,82.88,34.53,14.10,56.30,0
882,12,96.38,97.75,87.28,32.96,13.51,55.29,0
882,13,91.24,97.60,91.19,33.98,13.49,59.93,0
882,14,89.22,97.25,91.76,32.82,13.37,58.60,0
882,15,90.12,97.18,95.86,34.32,14.19,57.93,0
882,16,91.62,97.34,93.87,33.48,13.58,58.60,0
882,17,88.43,97.43,92.01,33.54,13.48,60.40,0
882,18,92.28,97.24,97.00,34.34,13.47,60.82,0
882,19,90.69,97.77,95.00,34.01,13.50,59.94,0
883,0,79.95,98.08,78.63,35.26,13.39,58.30,0
883,1,78.89,98.34,81.95,35.97,13.23,57.29,0
883,2,81.04,98.06,80.11,35.01,13.41,56.81,0
883,3,80.50,98.00,77.72,35.44,13.44,57.64,0
883,4,78.65,98.14,83.04,36.28,13.50,57.89,0
883,5,81.88,98.07,81.33,36.06,13.08,57.90,0
883,6,80.35,97.98,78.19,35.15,13.46,57.05,0
883,7,80.31,98.23,82.59,35.32,12.92,57.57,0
883,8,78.12,98.17,82.12,36.27,13.37,57.67,0
883,9,80.13,98.21,78.42,36.40,12.59,58.17,0
883,10,79.79,98.41,79.75,35.29,13.26,57.96,0
883,11,79.69,98.08,79.51,36.59,13.12,59.00,0
883,12,77.04,98.30,76.94,36.16,13.34,57.86,0
883,13,78.71,98.64,80.56,35.64,13.24,58.38,0
883,14,79.07,98.10,77.77,35.02,13.62,56.74,0
883,15,77.42,98.56,81.01,35.74,13.10,57.01,0
883,16,79.62,98.23,79.63,35.36,13.16,56.85,0
883,17,80.32,98.11,80.06,34.76,13.27,57.26,0
883,18,78.23,98.73,79.54,36.17,12.80,56.97,0
883,19,80.49,98.13,81.79,36.45,13.21,57.89,0
884,0,74.29,97.90,95.43,37.96,16.14,52.15,0
884,1,72.06,97.64,93.37,38.08,16.25,53.78,0
884,2,73.25,97.99,95.21,37.17,15.91,53.26,0
884,3,73.29,97.68,94.57,37.81,15.59,54.79,0
884,4,74.35,97.29,91.11,37.22,15.23,53.65,0
884,5,73.49,97.88,90.96,37.33,15.70,53.19,0
884,6,75.50,97.29,95.36,37.27,15.16,52.51,0
884,7,73.87,97.51,95.51,37.14,15.15,52.36,0
884,8,73.97,97.29,93.45,37.55,15.56,52.83,0
884,9,80.38,97.60,86.01,37.30,16.00,51.61,0
884,10,79.05,97.34,81.59,37.10,15.14,48.03,0
884,11,82.54,97.48,77.61,37.87,15.16,48.82,1
884,12,80.83,97.48,81.76,37.93,16.00,47.69,0
884,13,80.03,97.72,82.79,38.82,15.54,48.56,0
884,14,74.07,97.38,91.08,38.53,15.42,51.61,0
884,15,70.43,97.90,90.55,37.13,15.10,55.12,0
884,16,73.97,97.68,90.58,38.52,15.69,54.35,0
884,17,73.83,97.44,94.98,39.01,15.79,51.73,0
884,18,74.30,97.54,93.36,37.68,15.24,51.97,0
884,19,74.23,97.37,93.93,37.69,15.09,54.79,0
885,0,87.27,96.87,85.12,35.05,11.16,49.66,0
885,1,86.09,96.71,83.70,34.10,11.08,46.72,0
885,2,85.44,97.11,84.20,35.70,11.99,48.01,0
885,3,88.61,97.19,83.47,34.46,11.92,47.31,0
885,4,88.12,97.07,85.25,35.92,11.82,49.39,0
885,5,87.67,97.38,87.19,35.33,10.93,49.72,0
885,6,87.10,97.35,85.46,35.03,12.02,46.72,0
885,7,87.74,96.76,86.07,34.51,10.93,47.57,0
885,8,87.22,97.39,83.02,35.93,11.60,48.72,0
885,9,85.73,96.94,84.67,34.65,11.99,49.15,0
885,10,86.28,96.87,83.75,35.05,11.56,47.29,0
885,11,85.81,96.93,84.92,34.97,11.47,46.51,0
885,12,88.00,96.85,85.87,34.17,11.69,49.24,0
885,13,86.66,96.94,84.28,34.30,11.46,49.78,0
885,14,86.58,97.07,83.25,34.36,11.47,49.05,0
885,15,85.67,96.69,87.09,35.60,11.05,49.01,0
885,16,87.23,96.68,84.91,34.78,12.00,49.10,0
885,17,87.32,96.65,84.25,34.22,10.94,47.73,0
885,18,87.94,96.73,86.02,35.49,11.73,48.58,0
885,19,85.60,96.84,86.92,35.01,11.98,46.47,0
886,0,72.03,98.48,93.89,33.19,12.60,41.04,0
886,1,72.73,98.74,98.58,33.37,12.42,42.14,0
886,2,74.04,98.78,93.89,33.24,12.32,44.39,0
886,3,74.74,98.67,96.59,33.78,12.93,43.93,0
886,4,73.26,98.50,97.56,33.56,12.79,43.75,0
886,5,75.50,99.11,94.30,32.67,12.95,41.39,0
886,6,75.01,99.00,94.63,33.81,12.41,40.98,0
886,7,73.31,99.04,96.04,32.77,12.33,42.64,0
886,8,75.17,99.02,96.72,34.49,12.41,40.83,0
886,9,73.91,98.79,94.89,33.12,11.97,42.43,0
886,10,73.33,98.96,97.23,32.68,12.61,42.75,0
886,11,72.37,98.73,96.53,34.22,12.66,42.99,0
886,12,74.15,98.39,98.20,33.27,12.25,40.85,0
886,13,72.52,98.48,97.15,32.73,12.70,44.47,0
886,14,71.68,99.04,95.33,32.54,12.46,42.14,0
886,15,74.41,98.71,96.68,33.87,12.04,43.46,0
886,16,72.38,98.57,93.86,34.23,12.83,44.36,0
886,17,74.53,99.17,93.67,34.41,12.07,42.35,0
886,18,71.71,98.55,94.26,32.95,12.89,44.41,0
886,19,74.17,98.70,93.59,34.01,12.87,43.76,0
887,0,92.70,97.28,99.19,33.56,15.68,45.43,0
887,1,90.82,97.78,94.89,34.81,15.64,44.29,0
887,2,92.40,97.14,99.16,33.97,14.87,45.90,0
887,3,92.14,97.71,94.03,34.88,15.45,45.64,0
887,4,91.65,97.45,98.95,34.37,15.83,45.56,0
887,5,90.28,97.83,94.49,33.44,15.33,46.58,0
887,6,90.88,97.21,96.32,33.92,15.39,46.29,0
887,7,90.53,97.39,99.53,34.44,14.79,46.96,0
887,8,97.29,97.65,88.22,33.83,15.48,40.49,0
887,9,97.89,97.22,86.92,34.08,15.45,40.61,0
887,10,102.20,97.79,84.49,34.60,15.41,41.59,1
887,11,97.80,97.64,85.99,33.43,14.71,39.10,0
887,12,95.94,97.36,87.73,33.81,15.32,41.16,0
887,13,91.31,97.83,94.63,35.08,14.72,44.12,0
887,14,90.57,97.80,94.00,35.32,15.70,44.62,0
887,15,89.65,97.83,95.55,35.39,15.22,45.95,0
887,16,92.25,97.58,97.19,33.52,14.98,44.73,0
887,17,90.61,97.44,96.86,33.57,15.71,44.41,0
887,18,92.75,97.86,96.79,34.02,15.40,45.96,0
887,19,89.44,97.87,98.35,34.66,14.72,45.99,0
888,0,76.19,98.93,79.90,36.69,11.19,52.50,0
888,1,77.70,98.77,83.04,36.87,10.80,52.79,0
888,2,77.16,98.25,83.16,38.17,11.15,53.50,0
888,3,75.48,98.48,82.54,38.02,10.66,53.97,0
888,4,76.79,98.69,78.12,36.97,11.21,52.79,0
888,5,76.99,98.83,81.39,37.27,10.68,52.26,0
888,6,77.53,98.79,82.09,37.69,11.20,50.66,0
888,7,75.88,98.73,79.18,36.18,10.75,53.27,0
888,8,78.11,98.48,83.16,36.83,10.89,53.58,0
888,9,77.89,98.58,79.70,37.24,11.21,51.84,0
888,10,76.69,98.45,81.40,36.79,11.27,53.86,0
888,11,74.58,98.98,79.95,37.02,10.66,51.19,0
888,12,74.57,98.44,78.88,37.55,11.02,53.87,0
888,13,76.73,98.48,82.52,36.74,10.86,52.92,0
888,14,76.70,98.26,76.80,37.66,11.03,50.66,0
888,15,74.35,99.02,80.98,36.79,10.36,53.06,0
888,16,75.55,98.90,80.32,36.86,11.22,52.94,0
888,17,75.16,98.49,81.72,37.59,10.35,52.11,0
888,18,76.28,98.29,80.87,37.19,11.10,52.94,0
888,19,76.28,98.43,80.97,36.32,10.82,54.25,0
889,0,77.86,96.85,87.93,34.68,13.67,50.25,0
889,1,76.28,97.13,86.16,34.16,12.91,52.50,0
889,2,79.07,97.49,87.97,34.64,13.39,50.96,0
889,3,77.68,96.94,85.04,35.90,12.51,49.47,0
889,4,76.61,97.01,88.42,35.08,13.28,51.28,0
889,5,78.60,97.64,86.36,34.52,13.03,50.94,0
889,6,78.38,97.43,88.49,34.52,13.14,50.38,0
889,7,75.34,96.98,85.98,34.52,13.29,49.89,0
889,8,75.86,97.64,86.45,34.02,13.41,50.82,0
889,9,76.25,97.53,89.85,35.28,12.56,52.30,0
889,10,77.00,97.49,87.82,35.69,12.86,50.62,0
889,11,76.38,97.42,85.54,34.39,13.19,49.25,0
889,12,77.18,97.11,86.68,35.63,13.61,52.59,0
889,13,77.12,96.87,86.27,34.97,12.90,51.85,0
889,14,74.42,97.47,84.33,35.81,13.58,51.56,0
889,15,75.67,96.94,87.08,35.80,13.27,52.13,0
889,16,76.41,96.99,88.33,35.86,13.38,52.97,0
889,17,77.46,96.86,85.80,34.77,12.78,50.94,0
889,18,77.74,97.29,89.08,34.32,13.51,49.28,0
889,19,75.66,96.96,86.60,34.10,13.35,51.29,0
890,0,88.86,98.84,91.31,36.29,12.54,61.05,0
890,1,87.56,98.64,94.28,35.43,11.66,60.60,0
890,2,88.79,98.79,90.99,35.48,12.17,58.72,0
890,3,87.86,98.69,94.65,35.80,11.69,59.77,0
890,4,88.77,98.43,95.57,35.02,11.51,57.69,0
890,5,87.96,98.92,91.09,35.49,12.27,61.42,0
890,6,88.16,98.30,91.78,36.73,12.24,60.09,0
890,7,88.55,98.27,95.37,36.69,12.54,58.89,0
890,8,88.63,98.54,91.06,35.72,11.61,60.23,0
890,9,93.09,98.30,87.66,36.13,11.70,57.08,0
890,10,94.24,98.30,82.77,36.08,11.44,54.75,0
890,11,98.53,98.31,75.90,35.04,11.39,54.52,1
890,12,93.94,98.39,85.07,34.86,11.41,54.05,0
890,13,94.36,98.57,85.52,35.73,12.06,57.12,0
890,14,88.96,98.79,93.73,35.56,11.53,59.82,0
890,15,86.82,98.68,94.63,35.89,12.45,59.72,0
890,16,86.02,98.81,89.89,35.80,11.67,60.67,0
890,17,86.76,98.49,92.35,36.05,11.80,61.17,0
890,18,88.76,98.30,90.67,35.74,12.48,60.60,0
890,19,87.14,98.64,93.71,36.50,12.25,58.61,0
891,0,77.33,97.05,87.24,38.31,11.76,51.85,0
891,1,76.33,96.95,88.67,36.90,11.69,52.41,0
891,2,76.72,97.09,90.42,37.85,12.65,53.39,0
891,3,79.34,97.32,86.31,37.12,11.87,55.44,0
891,4,77.02,96.81,90.55,38.45,12.61,54.57,0
891,5,79.05,97.26,86.28,36.61,12.46,53.74,0
891,6,77.05,96.97,91.13,37.41,12.32,53.67,0
891,7,78.24,97.06,88.10,37.89,12.04,55.00,0
891,8,78.18,97.26,85.85,36.68,12.54,54.19,0
891,9,76.98,96.94,85.48,37.50,12.23,52.20,0
891,10,75.72,96.96,86.75,38.32,11.99,53.71,0
891,11,74.89,96.93,88.27,37.24,11.94,54.38,0
891,12,76.38,97.09,84.54,37.85,12.30,55.31,0
891,13,76.22,97.22,87.95,36.56,11.85,52.81,0
891,14,76.64,97.30,88.81,37.53,12.22,53.88,0
891,15,75.93,97.39,88.13,38.17,11.81,53.34,0
891,16,74.95,97.33,84.18,38.45,12.27,52.55,0
891,17,75.29,96.99,86.10,37.44,12.23,53.38,0
891,18,77.08,97.36,88.17,36.93,11.53,51.74,0
891,19,76.98,96.87,90.78,36.69,11.88,54.49,0
892,0,82.64,98.05,81.25,38.81,13.72,62.99,0
892,1,82.31,98.67,80.24,39.44,13.78,63.34,0
892,2,81.04,97.98,80.16,39.64,13.60,63.19,0
892,3,81.49,98.53,82.07,38.45,12.72,61.09,0
892,4,80.97,98.24,79.99,38.29,12.73,61.69,0
892,5,81.03,98.18,82.64,38.71,13.76,60.30,0
892,6,84.33,98.09,82.15,38.38,13.24,59.58,0
892,7,80.67,98.15,78.06,37.97,12.84,61.77,0
892,8,81.56,98.37,82.63,38.10,13.54,62.41,0
892,9,81.29,98.12,78.14,38.25,13.22,61.38,0
892,10,82.13,98.07,82.44,39.52,13.59,61.84,0
892,11,80.47,98.40,77.86,38.11,12.70,61.74,0
892,12,80.39,98.59,78.40,39.05,13.04,62.47,0
892,13,80.78,98.63,78.05,39.23,13.81,61.43,0
892,14,82.15,98.58,80.13,37.79,12.86,62.08,0
892,15,79.61,98.40,81.04,38.16,13.54,60.62,0
892,16,79.96,97.99,79.77,38.61,13.71,61.62,0
892,17,81.23,97.97,80.04,38.26,13.75,63.00,0
892,18,81.61,98.39,82.77,38.48,13.68,61.74,0
892,19,80.99,98.54,78.76,38.52,12.82,63.20,0
893,0,72.21,97.58,91.11,33.62,12.20,57.20,0
893,1,76.10,97.50,89.66,33.26,13.00,60.11,0
893,2,74.45,98.23,89.96,33.75,12.61,59.10,0
893,3,75.61,98.09,86.91,34.56,13.07,56.49,0
893,4,75.88,98.26,89.44,33.50,12.80,56.67,0
893,5,76.52,97.49,86.61,33.49,13.02,59.37,0
893,6,74.62,97.59,90.24,32.89,13.07,58.50,0
893,7,74.73,97.88,87.84,33.48,12.77,56.31,0
893,8,73.52,97.98,90.76,34.21,12.40,58.95,0
893,9,74.72,97.53,86.27,34.49,12.84,57.32,0
893,10,74.49,97.88,86.74,33.84,12.44,59.81,0
893,11,75.05,97.51,84.85,34.50,12.08,58.07,0
893,12,75.37,97.94,89.40,33.86,12.49,58.10,0
893,13,74.13,97.74,85.99,33.77,12.15,56.73,0
893,14,72.15,97.57,88.03,33.50,12.91,59.72,0
893,15,73.72,97.89,86.56,33.55,12.54,58.11,0
893,16,72.48,98.21,84.89,33.55,12.65,58.97,0
893,17,75.56,97.74,87.61,33.47,12.93,59.56,0
893,18,75.28,97.49,88.42,34.04,12.23,58.05,0
893,19,76.09,97.53,87.01,32.97,12.42,57.54,0
894,0,72.80,97.21,84.22,36.82,10.34,50.91,0
894,1,75.68,97.40,85.86,37.42,10.63,53.16,0
894,2,74.15,97.56,86.05,37.32,10.21,53.55,0
894,3,74.24,97.66,85.56,36.59,10.06,50.33,0
894,4,75.32,97.53,84.03,36.10,10.44,53.32,0
894,5,77.20,97.62,84.91,36.35,10.79,52.02,0
894,6,75.80,96.94,84.73,35.75,10.74,51.60,0
894,7,74.95,97.28,85.96,36.93,9.92,51.90,0
894,8,76.11,97.24,87.69,36.63,10.31,50.64,0
894,9,78.74,97.41,77.37,36.28,9.96,49.54,0
894,10,80.45,97.33,72.64,37.24,10.96,49.01,0
894,11,83.87,97.68,67.85,35.88,10.10,46.04,1
894,12,82.13,97.10,72.63,35.86,11.07,48.85,0
894,13,79.86,97.63,79.57,37.17,10.37,47.32,0
894,14,75.49,97.32,84.29,36.09,10.25,50.59,0
894,15,72.93,97.19,86.96,37.10,9.90,50.85,0
894,16,72.95,97.47,84.60,37.32,10.10,50.37,0
894,17,73.79,97.49,82.79,36.96,10.98,50.55,0
894,18,76.12,97.67,85.50,36.70,10.81,50.76,0
894,19,76.23,97.14,82.70,35.81,10.89,51.63,0
895,0,82.97,99.20,96.05,37.69,11.39,59.66,0
895,1,85.17,98.90,93.26,38.47,12.23,58.07,0
895,2,84.92,98.71,93.12,37.81,11.82,60.00,0
895,3,85.03,99.02,96.57,38.54,11.31,57.69,0
895,4,86.25,98.51,95.41,38.97,11.73,58.97,0
895,5,86.50,98.69,93.94,37.22,12.29,60.66,0
895,6,83.29,98.65,93.88,37.23,11.77,57.98,0
895,7,86.54,98.73,92.86,38.14,12.18,60.26,0
895,8,92.42,98.61,87.76,37.11,11.53,55.97,0
895,9,90.42,98.78,86.66,38.30,11.76,52.96,0
895,10,92.42,99.00,78.08,38.64,12.15,53.87,1
895,11,93.57,98.80,83.53,37.67,11.50,53.71,0
895,12,89.30,98.78,86.24,38.10,12.12,56.60,0
895,13,81.43,98.64,92.28,38.54,12.35,57.57,0
895,14,81.91,99.10,90.80,38.69,11.23,58.61,0
895,15,81.53,98.80,95.38,37.70,12.35,59.81,0
895,16,81.84,98.54,94.14,38.45,11.88,58.15,0
895,17,83.18,98.95,90.72,37.40,11.88,60.07,0
895,18,82.85,98.83,95.13,37.51,11.91,57.53,0
895,19,84.98,98.70,95.86,37.08,11.95,60.55,0
896,0,71.97,97.96,78.89,34.36,14.67,47.81,0
896,1,72.99,98.13,81.81,34.23,14.30,48.18,0
896,2,75.87,97.79,77.74,34.66,14.55,50.44,0
896,3,75.42,98.26,80.27,34.74,14.66,51.32,0
896,4,72.57,97.98,80.50,34.06,14.46,50.92,0
896,5,73.64,97.89,77.88,35.10,14.49,48.66,0
896,6,74.93,97.64,76.99,33.81,14.29,49.27,0
896,7,74.87,97.56,79.18,35.20,14.74,49.98,0
896,8,72.39,98.01,81.82,34.12,14.47,50.95,0
896,9,74.38,97.96,81.30,34.72,14.36,47.70,0
896,10,72.83,97.59,77.31,33.81,13.96,50.91,0
896,11,74.71,97.70,80.38,35.50,15.01,49.03,0
896,12,73.32,98.09,78.72,33.98,15.03,49.74,0
896,13,72.50,97.74,80.23,33.66,14.11,50.83,0
896,14,74.14,97.59,74.82,34.30,14.06,51.17,0
896,15,72.09,97.62,79.52,33.65,14.87,48.40,0
896,16,71.29,98.00,75.09,34.83,15.06,49.33,0
896,17,73.98,97.67,79.39,34.72,14.77,50.48,0
896,18,72.17,97.93,79.14,34.27,14.13,47.84,0
896,19,72.08,97.80,81.21,34.49,14.28,51.29,0
897,0,81.88,97.56,96.38,36.03,14.49,54.06,0
897,1,83.11,97.08,96.89,36.46,15.27,52.40,0
897,2,81.25,97.13,96.06,36.12,14.83,53.07,0
897,3,84.25,97.58,98.87,37.65,14.64,53.10,0
897,4,83.00,97.06,95.24,37.44,14.57,53.31,0
897,5,83.66,97.24,100.34,35.82,14.25,55.19,0
897,6,83.74,97.12,96.55,37.50,14.52,54.94,0
897,7,83.07,97.62,100.33,36.55,15.30,54.19,0
897,8,82.35,97.12,97.38,37.15,14.89,55.27,0
897,9,83.35,97.34,97.01,36.03,14.66,52.01,0
897,10,81.32,97.61,99.46,36.01,14.73,53.73,0
897,11,80.02,97.04,95.16,36.71,14.48,52.86,0
897,12,82.97,96.93,96.98,37.71,14.35,53.71,0
897,13,80.24,97.04,95.12,36.85,14.38,51.97,0
897,14,82.22,96.93,98.36,36.00,14.23,53.83,0
897,15,80.21,97.41,98.69,36.39,14.57,53.36,0
897,16,82.26,97.31,96.21,36.84,14.31,54.79,0
897,17,80.40,96.93,93.93,36.36,14.93,54.00,0
897,18,80.38,97.58,96.39,35.90,15.04,52.67,0
897,19,82.52,97.57,98.60,37.67,14.41,53.44,0
898,0,73.04,97.54,92.24,32.96,13.58,50.30,0
898,1,73.82,97.02,94.62,33.12,12.98,50.20,0
898,2,73.04,97.30,93.35,34.40,13.06,46.57,0
898,3,72.11,97.70,95.81,33.86,13.41,48.82,0
898,4,74.59,97.22,92.17,34.54,12.96,48.62,0
898,5,73.11,96.95,94.52,34.60,14.06,49.49,0
898,6,74.97,97.59,96.59,32.84,14.02,46.76,0
898,7,71.29,97.52,95.38,34.66,13.70,50.12,0
898,8,71.61,97.14,91.21,34.20,13.86,48.91,0
898,9,72.76,97.03,92.73,33.99,13.17,47.36,0
898,10,73.57,97.66,90.83,32.79,13.71,46.73,0
898,11,71.68,97.43,93.18,33.86,13.90,47.81,0
898,12,70.41,97.11,90.22,33.98,13.43,49.31,0
898,13,73.23,97.66,94.07,33.06,13.68,49.71,0
898,14,71.61,97.55,91.15,34.43,13.30,49.94,0
898,15,71.33,97.22,93.43,33.92,13.12,46.64,0
898,16,69.81,96.99,90.29,33.88,13.51,46.70,0
898,17,71.63,97.47,92.67,34.03,13.55,48.85,0
898,18,72.50,97.70,94.43,33.87,13.73,47.80,0
898,19,72.55,97.49,92.17,33.12,13.49,50.20,0
899,0,83.18,97.14,92.49,33.92,12.95,58.30,0
899,1,82.48,97.43,90.65,34.18,12.48,57.24,0
899,2,84.86,97.28,90.79,33.25,12.94,56.45,0
899,3,85.04,97.63,88.79,32.84,13.09,58.83,0
899,4,85.01,97.57,88.05,34.16,13.60,58.73,0
899,5,85.15,97.56,92.84,34.52,13.65,57.90,0
899,6,84.24,97.42,88.92,34.52,12.92,59.40,0
899,7,85.28,97.90,88.60,34.30,13.23,58.51,0
899,8,82.41,97.39,92.31,33.45,12.76,59.04,0
899,9,83.19,97.55,89.82,32.99,13.37,58.95,0
899,10,83.16,97.63,89.19,34.34,13.49,57.42,0
899,11,82.68,97.91,87.59,34.73,13.18,55.69,0
899,12,84.25,97.91,87.64,33.25,12.58,57.76,0
899,13,82.60,97.17,91.47,33.41,12.97,57.98,0
899,14,83.84,97.54,87.70,32.74,12.87,57.39,0
899,15,80.52,97.55,89.61,33.50,12.80,58.58,0
899,16,82.38,97.25,86.75,34.21,12.74,58.16,0
899,17,82.59,97.37,90.71,34.38,12.89,56.60,0
899,18,83.19,97.36,89.09,34.60,13.08,58.33,0
899,19,84.71,97.35,88.00,34.37,13.50,56.89,0
900,0,84.91,98.46,97.18,34.28,12.58,55.79,0
900,1,85.66,98.27,97.89,32.64,13.09,52.74,0
900,2,83.22,98.09,95.57,32.48,12.09,52.95,0
900,3,82.86,98.79,96.14,32.41,12.72,55.15,0
900,4,84.05,98.69,96.95,33.76,12.06,55.49,0
900,5,84.52,98.61,95.95,33.89,12.72,52.86,0
900,6,85.14,98.46,96.46,33.65,13.10,55.06,0
900,7,84.61,98.13,99.07,33.88,12.27,52.92,0
900,8,83.20,98.55,97.41,33.83,12.09,54.42,0
900,9,88.94,98.62,92.50,34.38,12.82,52.02,0
900,10,91.28,98.18,84.10,34.36,12.91,49.09,0
900,11,94.66,98.40,81.16,32.83,12.61,49.50,1
900,12,92.28,98.38,82.38,33.86,12.68,50.22,0
900,13,90.51,98.51,89.57,33.17,12.64,50.96,0
900,14,81.76,98.62,95.81,34.07,12.72,55.79,0
900,15,82.27,98.54,97.09,33.97,12.40,55.24,0
900,16,83.33,98.47,94.33,33.85,12.05,55.41,0
900,17,84.51,98.84,93.12,32.66,12.07,54.89,0
900,18,83.97,98.43,93.59,33.25,12.29,52.69,0
900,19,82.61,98.83,96.70,34.00,13.09,52.43,0
901,0,91.31,98.34,88.00,38.46,14.83,55.08,0
901,1,88.18,98.70,91.34,39.28,15.43,55.76,0
901,2,92.08,98.79,92.64,38.57,14.93,57.44,0
901,3,91.57,98.57,91.36,39.28,15.21,54.99,0
901,4,91.11,98.76,89.00,38.22,14.91,58.34,0
901,5,89.08,99.05,88.49,38.75,14.93,56.82,0
901,6,89.39,98.41,87.78,38.52,14.97,56.82,0
901,7,89.57,98.49,87.47,38.93,15.86,56.09,0
901,8,90.53,98.73,90.98,39.61,15.00,56.66,0
901,9,87.82,98.45,90.83,38.26,15.51,56.24,0
901,10,90.83,99.00,88.74,39.61,15.41,56.81,0
901,11,87.61,98.72,89.11,38.72,14.87,58.34,0
901,12,89.52,98.68,87.00,38.24,15.20,54.91,0
901,13,87.03,98.40,89.87,39.78,15.41,56.70,0
901,14,87.85,98.52,90.26,39.32,15.27,58.14,0
901,15,90.29,98.33,88.99,39.31,15.35,55.54,0
901,16,87.63,98.66,90.14,38.98,15.29,55.91,0
901,17,90.67,98.45,88.84,39.45,15.06,57.28,0
901,18,88.75,98.95,91.38,39.20,14.95,56.34,0
901,19,90.59,98.99,88.65,39.70,15.50,55.43,0
902,0,80.15,96.94,93.34,35.35,10.46,49.02,0
902,1,78.72,97.50,90.05,35.46,9.79,47.81,0
902,2,78.88,96.97,88.67,36.08,10.09,47.71,0
902,3,77.98,97.66,88.95,37.29,10.11,51.10,0
902,4,78.31,97.62,91.46,36.82,9.47,48.36,0
902,5,78.21,97.44,91.30,36.10,9.80,50.23,0
902,6,78.64,97.58,88.36,35.91,10.20,50.48,0
902,7,78.44,97.58,88.55,37.00,9.57,48.23,0
902,8,79.57,96.92,91.52,36.54,9.84,47.91,0
902,9,77.65,97.66,90.42,35.51,10.32,51.55,0
902,10,79.66,97.51,91.59,35.70,10.42,50.21,0
902,11,78.32,96.99,91.67,36.23,9.44,50.49,0
902,12,75.93,97.65,88.63,36.14,10.18,50.59,0
902,13,78.96,97.25,91.36,36.07,9.50,47.73,0
902,14,78.03,97.41,88.65,36.16,9.56,49.15,0
902,15,76.51,97.12,87.37,35.39,9.97,51.23,0
902,16,75.91,97.04,86.92,36.17,9.75,47.76,0
902,17,77.63,97.10,93.07,37.09,10.13,49.35,0
902,18,79.44,97.60,89.17,36.76,9.76,48.90,0
902,19,77.42,97.28,91.72,36.67,10.14,48.44,0
903,0,75.10,98.92,84.63,34.27,14.48,55.44,0
903,1,72.96,98.67,86.97,35.44,14.91,52.61,0
903,2,74.49,98.58,88.15,34.75,14.22,52.78,0
903,3,73.77,99.33,87.69,35.11,15.10,53.34,0
903,4,73.34,99.00,87.93,33.68,14.07,52.71,0
903,5,72.09,99.33,84.63,34.02,14.64,56.36,0
903,6,73.57,98.93,88.07,35.45,14.99,53.15,0
903,7,73.75,98.95,88.07,34.78,14.98,53.15,0
903,8,73.35,98.97,87.05,34.09,14.83,55.56,0
903,9,74.68,98.69,85.30,33.83,13.95,56.14,0
903,10,74.79,98.79,82.34,34.83,15.03,55.89,0
903,11,73.93,98.91,84.54,35.32,14.15,55.58,0
903,12,71.56,98.96,82.23,34.72,14.27,54.44,0
903,13,71.88,99.12,85.64,34.76,14.67,54.91,0
903,14,71.74,99.14,82.85,34.45,14.40,54.18,0
903,15,72.41,98.76,84.29,35.33,13.94,54.89,0
903,16,71.12,99.22,85.13,35.50,14.92,54.24,0
903,17,73.68,98.99,83.85,35.38,13.96,53.50,0
903,18,73.73,98.74,87.43,35.46,14.86,53.75,0
903,19,72.20,98.81,86.41,34.33,14.29,53.23,0
904,0,76.41,97.07,97.81,35.33,15.60,50.33,0
904,1,76.78,97.38,96.61,36.19,15.15,47.77,0
904,2,77.17,97.25,101.21,35.97,15.24,48.82,0
904,3,77.84,97.06,96.44,35.75,15.90,50.38,0
904,4,78.80,97.10,98.03,35.14,15.68,48.22,0
904,5,78.83,96.80,98.07,35.64,15.89,49.73,0
904,6,76.69,97.32,98.23,34.52,15.56,48.43,0
904,7,75.72,97.04,99.05,34.67,16.15,48.58,0
904,8,78.17,97.12,100.65,35.33,16.10,48.53,0
904,9,75.98,97.23,99.76,35.48,15.91,50.39,0
904,10,77.10,96.69,96.90,36.08,15.21,50.40,0
904,11,78.28,97.32,100.58,34.78,15.71,48.11,0
904,12,74.98,97.07,94.60,35.78,15.82,47.70,0
904,13,75.75,97.18,97.87,36.20,15.85,50.53,0
904,14,76.33,96.92,95.79,36.23,15.53,46.74,0
904,15,74.29,97.24,94.68,35.37,15.65,48.31,0
904,16,74.84,96.84,96.15,35.70,15.31,47.11,0
904,17,76.56,97.09,94.53,35.44,15.43,48.22,0
904,18,76.60,97.11,94.96,35.44,15.25,47.01,0
904,19,76.46,97.22,97.07,35.15,15.42,50.01,0
905,0,70.67,98.16,98.03,34.20,15.04,49.79,0
905,1,71.20,97.70,97.50,33.85,14.69,49.83,0
905,2,68.58,98.16,100.05,33.98,15.56,49.91,0
905,3,70.70,97.80,100.90,33.33,15.51,46.25,0
905,4,71.80,98.09,97.87,34.98,14.76,48.84,0
905,5,70.94,97.65,96.05,33.49,15.30,47.61,0
905,6,72.09,98.15,98.58,34.14,15.04,48.72,0
905,7,72.06,97.59,96.01,33.84,14.87,49.42,0
905,8,71.65,97.81,97.79,35.00,15.32,47.22,0
905,9,69.43,97.80,95.30,34.12,15.49,48.18,0
905,10,69.94,97.99,95.30,34.56,15.55,49.23,0
905,11,70.96,98.02,95.80,33.95,15.26,49.61,0
905,12,69.10,98.15,94.23,33.62,14.83,48.21,0
905,13,70.92,97.67,97.09,34.22,14.68,48.62,0
905,14,68.12,97.83,97.46,34.71,15.58,46.49,0
905,15,68.41,97.62,94.37,33.10,14.54,48.66,0
905,16,69.46,97.47,96.07,33.76,15.18,47.95,0
905,17,69.85,97.67,99.35,34.24,15.17,48.83,0
905,18,68.80,97.41,95.60,34.19,15.26,47.81,0
905,19,72.03,98.13,98.06,34.08,15.14,47.19,0
906,0,91.50,97.25,82.87,34.34,14.36,50.11,0
906,1,91.23,96.99,78.65,35.58,15.06,50.42,0
906,2,92.28,97.67,82.28,35.72,15.22,50.77,0
906,3,91.15,97.46,79.16,34.20,14.23,47.94,0
906,4,90.87,96.99,80.14,35.12,14.88,49.51,0
906,5,89.38,97.39,83.89,34.32,15.11,51.30,0
906,6,89.62,96.99,81.36,34.15,14.96,51.57,0
906,7,92.03,97.59,83.33,35.81,14.53,48.91,0
906,8,95.83,96.96,74.27,34.90,14.94,45.45,0
906,9,97.36,97.59,70.34,35.51,14.86,44.32,0
906,10,99.13,97.12,66.92,35.23,14.86,43.67,1
906,11,98.70,97.60,68.64,35.47,14.85,47.19,0
906,12,94.49,97.41,77.56,34.24,14.37,45.91,0
906,13,88.11,97.46,82.10,35.85,14.32,50.18,0
906,14,87.52,97.53,82.98,35.33,15.10,51.80,0
906,15,89.13,97.35,80.42,34.58,14.99,49.70,0
906,16,88.95,97.17,79.04,35.11,14.24,49.83,0
906,17,87.84,97.48,80.58,34.90,14.30,48.19,0
906,18,88.19,97.13,81.93,34.15,14.74,51.62,0
906,19,89.21,97.29,78.89,35.79,14.73,51.28,0
907,0,72.48,97.33,83.21,34.16,11.45,43.58,0
907,1,71.54,97.13,84.26,33.30,11.56,43.47,0
907,2,71.91,97.58,82.76,33.49,11.82,42.55,0
907,3,69.71,97.35,85.54,32.90,11.85,42.96,0
907,4,72.95,97.22,81.65,34.22,11.95,44.63,0
907,5,71.62,97.22,80.66,32.56,11.64,43.23,0
907,6,71.95,97.51,80.25,33.95,11.84,41.00,0
907,7,72.08,97.42,84.51,33.99,11.69,42.46,0
907,8,77.89,97.30,78.51,33.90,11.47,40.88,0
907,9,77.40,97.41,70.38,32.62,11.52,39.25,0
907,10,80.49,97.44,70.09,34.04,12.61,38.60,1
907,11,78.81,97.34,72.80,34.17,12.60,39.03,0
907,12,75.91,97.11,73.87,34.15,12.16,40.61,0
907,13,71.23,96.92,79.48,34.09,11.75,44.54,0
907,14,68.71,97.48,80.54,33.04,12.62,42.92,0
907,15,69.93,97.27,82.52,33.24,11.85,43.42,0
907,16,69.16,97.56,82.46,32.54,11.70,43.48,0
907,17,71.51,97.52,81.79,32.89,11.86,43.89,0
907,18,70.98,97.08,79.10,33.31,11.85,40.99,0
907,19,70.79,97.37,81.64,34.17,12.24,41.81,0
908,0,77.25,98.40,80.70,35.99,13.46,58.10,0
908,1,76.38,98.31,80.63,34.85,13.12,59.59,0
908,2,77.44,97.96,81.36,36.19,13.45,59.93,0
908,3,77.97,97.77,81.83,36.61,13.43,58.92,0
908,4,75.47,97.79,80.54,36.11,13.70,58.41,0
908,5,76.73,97.93,84.18,35.40,12.98,61.39,0
908,6,74.20,98.12,79.54,35.47,13.31,58.95,0
908,7,77.83,98.08,83.37,35.58,13.46,61.48,0
908,8,76.88,98.07,82.33,35.87,13.07,59.48,0
908,9,74.57,97.68,78.35,35.22,12.91,60.46,0
908,10,75.93,98.45,82.07,35.36,13.05,58.61,0
908,11,74.76,98.11,82.83,36.04,13.39,58.77,0
908,12,73.94,98.15,79.51,35.35,13.71,58.93,0
908,13,74.14,98.38,78.80,35.63,13.63,59.83,0
908,14,74.13,97.71,81.75,35.84,12.62,59.40,0
908,15,75.62,98.28,78.01,35.82,13.37,60.61,0
908,16,74.65,98.18,77.08,36.07,12.52,58.84,0
908,17,76.69,97.76,81.52,35.72,12.88,61.35,0
908,18,77.00,98.43,77.23,36.40,13.59,59.64,0
908,19,74.63,97.84,77.69,35.27,13.66,59.46,0
909,0,89.98,98.19,91.01,39.27,15.71,41.11,0
909,1,90.07,98.19,87.37,38.62,16.26,43.18,0
909,2,91.06,98.08,92.83,38.79,15.45,41.76,0
909,3,91.34,98.18,91.82,38.09,15.88,42.85,0
909,4,88.61,98.03,91.14,38.27,15.43,43.43,0
909,5,89.36,97.64,91.98,38.58,15.96,40.25,0
909,6,88.67,97.55,91.01,38.83,15.52,42.51,0
909,7,88.49,98.03,88.32,38.66,15.37,42.88,0
909,8,88.94,97.69,88.62,37.93,15.30,40.68,0
909,9,88.15,97.86,88.76,37.74,16.07,43.01,0
909,10,89.26,97.75,90.78,38.15,15.46,42.81,0
909,11,90.54,97.78,87.05,39.48,15.75,40.52,0
909,12,89.52,97.70,89.77,37.95,15.33,43.56,0
909,13,88.16,98.00,89.29,39.51,16.44,43.75,0
909,14,88.34,97.64,86.59,38.88,15.59,40.69,0
909,15,88.94,97.59,88.19,39.42,15.33,43.76,0
909,16,89.79,98.22,88.94,38.67,15.97,43.12,0
909,17,88.66,97.82,91.12,37.98,15.78,43.29,0
909,18,88.76,97.53,88.69,38.59,16.03,40.35,0
909,19,87.57,97.98,88.61,39.26,16.20,44.12,0
910,0,78.03,96.94,80.27,34.56,11.27,54.72,0
910,1,78.57,96.81,81.16,34.78,11.78,53.58,0
910,2,76.41,97.38,78.48,34.22,11.37,56.30,0
910,3,75.93,97.16,78.64,35.48,11.63,55.59,0
910,4,79.43,96.88,79.73,33.95,11.44,55.98,0
910,5,77.40,96.85,79.91,34.93,11.81,55.68,0
910,6,78.31,97.32,77.99,34.23,11.98,57.38,0
910,7,76.29,96.88,80.94,35.47,11.67,54.30,0
910,8,75.59,96.87,81.22,34.48,11.30,56.61,0
910,9,76.02,96.78,80.39,34.27,11.54,53.47,0
910,10,77.71,97.45,80.14,34.29,12.29,55.30,0
910,11,76.21,97.38,76.28,35.47,11.66,55.61,0
910,12,75.96,97.53,79.63,34.61,11.77,54.65,0
910,13,77.05,96.91,78.91,34.48,12.20,54.08,0
910,14,77.06,96.90,80.52,35.38,11.39,55.76,0
910,15,77.17,97.18,76.85,34.33,11.58,56.95,0
910,16,74.98,96.80,75.96,34.45,11.50,56.30,0
910,17,74.50,97.03,79.18,34.46,12.12,54.32,0
910,18,74.67,97.51,78.18,34.74,11.62,54.20,0
910,19,76.18,97.15,81.36,35.04,11.61,56.76,0
911,0,84.48,98.07,91.65,32.31,15.82,45.31,0
911,1,85.74,98.30,92.31,32.52,15.90,46.71,0
911,2,86.00,97.88,91.17,33.45,15.57,45.22,0
911,3,85.71,97.68,87.83,33.78,16.30,48.47,0
911,4,86.91,98.11,89.09,33.54,15.93,45.47,0
911,5,86.35,97.89,91.38,32.16,15.93,47.40,0
911,6,85.04,98.25,92.64,32.59,16.34,46.09,0
911,7,85.87,97.81,89.00,32.18,16.32,46.78,0
911,8,87.30,98.42,87.96,32.88,15.95,48.26,0
911,9,84.17,97.90,90.22,33.84,15.80,48.40,0
911,10,86.85,98.20,87.56,33.47,16.09,45.80,0
911,11,86.49,97.96,90.10,32.05,15.83,46.89,0
911,12,83.91,97.69,86.41,33.53,15.73,47.50,0
911,13,85.34,98.07,89.58,33.57,16.29,47.22,0
911,14,82.84,97.68,89.69,33.59,16.33,45.83,0
911,15,83.13,97.84,87.18,33.96,15.70,45.70,0
911,16,83.53,98.19,88.55,32.10,15.49,46.86,0
911,17,86.55,98.29,88.67,33.28,15.42,46.94,0
911,18,86.59,97.92,91.50,33.81,15.53,48.53,0
911,19,84.79,97.69,91.18,33.15,16.04,47.47,0
912,0,69.76,98.00,87.68,38.89,11.98,47.17,0
912,1,71.32,97.72,83.52,39.51,11.20,46.93,0
912,2,70.75,98.17,83.80,39.64,11.79,47.82,0
912,3,70.12,98.26,85.03,39.04,11.49,48.08,0
912,4,71.83,98.27,88.00,38.53,11.33,46.59,0
912,5,71.43,98.18,84.50,38.32,12.20,49.89,0
912,6,73.36,98.08,84.09,38.97,11.92,48.89,0
912,7,70.09,97.61,87.27,38.43,11.47,49.54,0
912,8,71.14,97.53,88.07,39.61,11.98,47.39,0
912,9,68.97,97.94,84.44,38.38,11.10,49.32,0
912,10,70.56,97.61,82.89,39.65,11.60,47.13,0
912,11,68.42,97.53,87.74,38.01,11.08,49.62,0
912,12,69.33,97.91,83.61,38.87,11.66,47.02,0
912,13,71.24,97.65,85.73,39.49,12.17,46.88,0
912,14,69.02,97.89,82.48,39.40,11.42,47.69,0
912,15,70.60,97.98,86.13,38.32,11.25,48.43,0
912,16,70.57,97.65,86.20,38.52,11.49,47.33,0
912,17,72.02,97.76,82.42,39.61,11.87,47.15,0
912,18,68.71,97.83,82.87,37.79,11.71,49.53,0
912,19,69.41,97.95,84.05,39.43,11.93,49.97,0
913,0,86.03,98.21,91.25,34.98,10.99,60.99,0
913,1,88.16,97.93,91.50,35.57,10.54,60.64,0
913,2,88.36,98.34,90.76,36.13,10.74,61.83,0
913,3,85.51,98.35,87.05,35.54,10.78,62.41,0
913,4,87.25,98.25,87.85,34.80,11.01,61.08,0
913,5,88.61,98.17,91.03,35.79,11.42,60.89,0
913,6,87.06,98.28,89.35,34.71,10.37,62.72,0
913,7,87.54,98.16,90.38,35.25,10.52,60.60,0
913,8,92.27,98.36,81.03,36.24,10.76,57.65,0
913,9,95.89,98.29,77.56,34.88,11.35,58.56,0
913,10,94.79,98.16,76.02,35.54,11.30,56.48,1
913,11,94.08,97.76,80.83,35.31,10.88,57.61,0
913,12,90.15,98.38,83.92,35.09,11.54,59.30,0
913,13,87.80,97.70,88.33,36.39,11.41,62.09,0
913,14,84.51,98.37,86.42,35.42,11.44,59.80,0
913,15,83.83,97.82,90.35,35.93,10.45,60.94,0
913,16,83.96,97.68,89.87,34.86,11.50,63.44,0
913,17,85.32,98.36,87.63,35.75,11.42,61.14,0
913,18,86.08,98.02,90.04,35.66,10.67,62.52,0
913,19,85.22,97.74,89.99,34.68,10.83,62.99,0
914,0,76.52,98.78,86.01,35.24,13.88,48.67,0
914,1,73.83,98.88,88.38,35.33,13.11,47.66,0
914,2,73.70,99.10,84.92,34.24,13.18,47.12,0
914,3,77.63,98.54,88.32,35.29,13.59,49.10,0
914,4,76.51,99.17,84.97,35.30,13.78,47.29,0
914,5,75.66,98.57,85.39,34.54,13.56,49.42,0
914,6,74.33,99.08,89.41,34.33,13.66,47.76,0
914,7,75.35,99.01,90.19,35.10,13.90,46.86,0
914,8,77.09,99.02,88.08,33.50,13.19,47.16,0
914,9,75.94,99.08,89.39,34.29,13.22,49.13,0
914,10,81.90,98.49,83.00,33.90,13.53,46.52,0
914,11,82.37,98.72,75.43,33.60,13.26,43.21,0
914,12,84.90,98.76,72.56,33.51,13.53,43.95,1
914,13,84.12,99.00,73.88,34.81,12.96,45.51,0
914,14,81.52,98.67,82.91,34.79,13.97,45.44,0
914,15,72.65,98.90,86.63,35.17,13.78,47.76,0
914,16,75.18,98.49,84.61,35.28,13.43,47.42,0
914,17,76.68,99.00,86.28,33.80,13.44,48.86,0
914,18,76.33,98.86,85.63,33.46,13.51,47.75,0
914,19,76.26,99.18,84.28,35.14,13.44,46.45,0
915,0,81.71,98.61,78.67,36.98,15.10,57.46,0
915,1,80.35,98.34,80.86,36.75,14.97,55.87,0
915,2,82.88,97.93,81.91,36.79,14.83,53.65,0
915,3,79.98,97.85,77.74,37.65,14.95,56.71,0
915,4,82.27,97.82,82.67,37.69,15.50,55.17,0
915,5,82.52,98.43,79.40,37.73,14.49,57.02,0
915,6,80.35,98.52,79.57,37.28,14.64,54.03,0
915,7,80.54,98.40,79.09,37.96,14.76,57.09,0
915,8,82.53,97.94,77.89,36.22,15.06,56.76,0
915,9,81.16,98.56,79.39,37.39,15.30,56.02,0
915,10,84.81,98.22,74.31,36.80,15.09,53.54,0
915,11,87.16,97.87,66.07,36.15,14.55,51.62,0
915,12,90.59,98.24,66.43,36.19,14.96,51.64,1
915,13,87.73,98.40,69.53,36.28,15.52,52.77,0
915,14,84.79,98.34,70.55,37.34,14.68,51.27,0
915,15,79.50,98.25,76.05,37.79,15.04,56.49,0
915,16,79.84,98.56,76.28,37.42,15.26,54.67,0
915,17,81.75,98.46,75.79,37.55,14.93,53.84,0
915,18,82.61,98.21,78.61,37.63,14.65,53.82,0
915,19,82.65,98.56,79.51,37.96,14.56,57.41,0
916,0,83.17,98.97,93.01,37.31,13.72,50.62,0
916,1,83.46,98.99,95.24,36.54,13.23,51.20,0
916,2,82.55,98.35,93.80,37.29,13.95,50.98,0
916,3,83.25,98.45,93.48,37.85,13.78,48.78,0
916,4,82.92,98.81,94.30,36.24,13.26,49.92,0
916,5,84.82,98.31,95.73,36.66,13.91,48.44,0
916,6,84.55,98.89,98.42,36.26,13.62,48.36,0
916,7,82.86,98.75,95.36,36.30,13.88,51.13,0
916,8,82.24,98.95,93.09,36.33,13.13,49.25,0
916,9,81.75,98.87,94.67,37.85,13.22,51.32,0
916,10,81.95,98.71,97.06,37.93,13.39,48.21,0
916,11,81.34,98.32,94.80,36.11,13.90,51.68,0
916,12,83.08,98.58,96.79,37.98,13.50,51.81,0
916,13,82.68,98.48,92.08,36.83,13.86,49.13,0
916,14,81.14,98.85,92.00,36.25,14.18,51.68,0
916,15,82.47,99.00,95.96,36.13,13.80,51.49,0
916,16,80.73,98.66,94.19,36.72,13.93,50.30,0
916,17,81.04,98.50,93.26,36.30,13.36,50.49,0
916,18,81.93,98.51,94.93,36.84,13.15,51.31,0
916,19,83.31,98.26,98.24,37.07,13.65,50.04,0
917,0,77.30,97.65,91.61,35.07,14.77,46.22,0
917,1,76.11,97.46,89.09,33.87,14.17,44.29,0
917,2,75.70,97.41,89.00,34.95,14.48,45.88,0
917,3,76.09,97.70,91.89,34.27,14.47,47.66,0
917,4,77.90,97.03,92.02,34.41,14.36,45.49,0
917,5,77.92,97.06,89.48,35.57,14.34,47.12,0
917,6,76.85,97.54,90.32,35.42,14.56,44.90,0
917,7,75.68,97.78,90.24,34.60,14.05,47.89,0
917,8,76.58,97.51,89.93,33.86,14.91,47.39,0
917,9,75.37,97.41,87.57,33.80,14.88,47.10,0
917,10,76.48,97.07,86.40,33.96,14.15,44.93,0
917,11,76.00,97.28,85.89,35.04,13.91,47.55,0
917,12,76.79,97.38,86.73,35.05,13.80,46.34,0
917,13,74.38,97.25,90.13,35.56,14.75,47.35,0
917,14,76.21,97.54,86.01,34.96,14.53,47.72,0
917,15,75.28,97.37,89.83,35.41,14.03,46.19,0
917,16,73.79,97.10,89.35,34.52,14.81,47.43,0
917,17,77.14,97.69,88.71,35.18,14.07,45.79,0
917,18,76.18,97.50,88.78,35.08,14.72,46.35,0
917,19,77.79,97.57,87.71,34.27,14.24,46.45,0
918,0,85.62,97.46,81.57,37.47,11.03,63.32,0
918,1,86.62,97.68,78.63,37.58,10.30,59.89,0
918,2,86.80,97.46,78.86,37.70,10.44,63.12,0
918,3,87.95,97.06,84.36,36.69,10.25,63.13,0
918,4,88.30,96.96,80.96,37.50,10.09,62.84,0
918,5,88.15,97.64,82.82,36.22,10.14,63.41,0
918,6,85.48,97.42,83.69,37.54,10.09,63.64,0
918,7,87.80,97.20,78.76,36.46,10.13,61.26,0
918,8,88.57,97.51,83.02,36.41,11.06,63.39,0
918,9,84.87,97.54,81.05,37.22,10.09,63.07,0
918,10,92.45,97.37,77.29,36.30,10.20,58.25,0
918,11,93.54,97.07,71.14,36.01,11.05,58.83,0
918,12,93.95,97.54,64.16,37.67,10.91,58.29,1
918,13,95.00,97.21,73.05,37.69,11.10,57.18,0
918,14,89.67,97.20,71.43,37.24,10.17,58.20,0
918,15,85.42,97.16,80.70,37.72,10.40,61.90,0
918,16,84.10,97.22,78.59,37.03,11.15,63.54,0
918,17,87.17,97.53,82.85,37.73,10.34,60.30,0
918,18,87.39,96.98,78.08,36.93,11.07,62.65,0
918,19,87.98,97.34,82.06,36.82,10.30,63.09,0
919,0,81.69,97.05,82.92,38.03,13.35,46.68,0
919,1,82.51,97.02,79.76,36.62,13.07,45.85,0
919,2,82.07,96.76,85.28,38.18,12.97,45.22,0
919,3,85.57,97.02,85.17,36.49,13.87,47.43,0
919,4,84.47,96.80,82.40,36.86,13.34,47.44,0
919,5,84.65,96.77,81.87,37.85,13.23,46.67,0
919,6,83.11,96.87,83.98,38.07,13.79,45.13,0
919,7,85.57,96.99,82.93,36.37,13.23,46.90,0
919,8,83.73,97.22,85.70,38.05,13.94,44.65,0
919,9,83.08,97.43,83.25,37.67,13.33,44.97,0
919,10,82.69,97.39,79.44,36.52,13.63,44.20,0
919,11,81.97,96.86,83.76,36.67,13.80,47.35,0
919,12,83.69,97.43,82.72,37.34,13.21,45.73,0
919,13,82.37,97.07,83.75,37.50,13.92,46.85,0
919,14,84.33,97.24,79.90,36.44,13.43,45.43,0
919,15,81.05,97.09,83.74,37.01,13.61,47.50,0
919,16,81.99,97.27,83.29,37.09,13.92,44.26,0
919,17,84.91,96.89,84.30,36.51,13.15,47.75,0
919,18,83.45,97.34,83.05,36.59,13.28,47.53,0
919,19,83.26,97.25,79.48,36.85,13.19,47.71,0
920,0,71.50,98.35,87.87,33.47,11.65,42.84,0
920,1,74.41,98.58,88.18,34.25,11.74,43.41,0
920,2,73.81,98.46,85.37,34.04,11.77,42.99,0
920,3,74.52,98.23,89.70,34.83,12.08,43.61,0
920,4,74.93,98.47,88.96,34.04,11.90,41.39,0
920,5,73.22,98.16,87.86,33.16,12.10,42.58,0
920,6,74.09,98.51,84.60,33.86,11.43,41.23,0
920,7,73.46,98.11,86.18,33.83,11.58,42.03,0
920,8,73.02,98.52,84.26,34.27,11.31,40.44,0
920,9,70.61,98.36,85.95,34.65,11.37,40.37,0
920,10,73.67,98.41,88.25,33.77,11.16,42.21,0
920,11,70.74,98.60,86.11,34.17,11.96,40.59,0
920,12,72.24,98.42,87.58,34.22,11.38,43.62,0
920,13,71.57,98.49,88.47,33.54,12.17,40.96,0
920,14,70.43,98.78,87.46,33.96,11.09,42.40,0
920,15,70.35,98.81,83.77,32.94,11.71,43.93,0
920,16,71.42,98.26,87.92,34.59,11.30,43.51,0
920,17,73.66,98.86,87.24,34.83,11.05,43.47,0
920,18,71.20,98.41,83.20,33.97,11.43,43.33,0
920,19,70.70,98.55,85.86,34.15,11.23,41.22,0
921,0,85.48,98.35,99.06,34.97,14.96,58.60,0
921,1,85.92,97.89,94.98,35.26,14.86,60.51,0
921,2,84.58,98.34,100.31,35.04,15.66,60.81,0
921,3,86.38,98.12,96.99,36.40,14.87,60.74,0
921,4,87.07,97.71,98.28,34.80,15.52,59.80,0
921,5,83.84,98.12,99.74,34.62,15.34,58.70,0
921,6,85.48,97.84,100.18,35.58,15.68,60.82,0
921,7,87.46,97.86,96.96,34.80,15.95,60.48,0
921,8,86.34,98.04,99.52,35.31,15.73,60.05,0
921,9,85.27,98.25,98.79,35.14,15.31,58.92,0
921,10,84.56,98.12,97.88,36.16,15.25,60.47,0
921,11,85.27,97.88,95.88,36.41,15.81,60.59,0
921,12,85.01,97.82,98.35,36.18,15.98,61.85,0
921,13,82.86,98.25,93.75,34.75,15.30,59.09,0
921,14,84.02,98.20,97.91,35.45,15.43,61.47,0
921,15,83.26,97.81,97.93,36.18,14.94,59.22,0
921,16,85.93,97.83,98.48,36.38,15.39,61.33,0
921,17,82.95,98.34,97.27,35.24,15.71,60.91,0
921,18,84.97,98.27,98.20,36.46,15.01,61.35,0
921,19,83.08,97.96,94.90,35.62,15.26,61.43,0
922,0,76.09,98.12,91.98,37.90,14.37,58.41,0
922,1,73.93,98.25,90.61,38.05,14.12,56.59,0
922,2,73.66,98.78,89.69,37.86,14.36,58.50,0
922,3,74.62,98.86,89.20,37.67,14.34,54.63,0
922,4,74.96,98.72,89.60,36.50,13.72,58.39,0
922,5,75.35,98.17,94.54,37.30,14.50,56.65,0
922,6,77.03,98.71,94.43,38.03,14.52,56.43,0
922,7,75.81,98.33,92.00,36.10,13.72,57.84,0
922,8,75.11,98.32,94.12,37.37,13.87,57.25,0
922,9,75.43,98.09,89.93,37.33,14.10,58.46,0
922,10,75.94,98.07,93.75,36.90,14.08,56.32,0
922,11,74.59,98.45,87.64,37.39,13.44,58.45,0
922,12,72.32,98.32,87.87,37.28,13.65,56.29,0
922,13,73.83,98.33,90.66,36.67,14.29,58.28,0
922,14,71.98,98.70,91.78,36.60,14.60,58.00,0
922,15,72.89,98.27,88.65,37.99,13.60,58.17,0
922,16,74.07,98.23,92.04,36.30,13.98,57.60,0
922,17,75.57,98.73,89.34,38.01,14.16,54.77,0
922,18,74.94,98.09,92.84,37.78,13.64,55.46,0
922,19,74.46,98.49,89.76,36.14,13.92,57.56,0
923,0,74.60,97.74,78.74,34.86,15.17,57.58,0
923,1,75.88,98.30,82.79,35.60,15.06,57.49,0
923,2,74.90,97.75,82.43,35.97,15.12,55.04,0
923,3,76.42,97.66,78.42,35.72,14.73,57.45,0
923,4,76.86,98.23,78.65,35.50,14.20,55.99,0
923,5,77.82,97.92,81.74,35.09,14.63,58.51,0
923,6,76.76,98.34,83.58,35.03,15.00,56.38,0
923,7,77.34,97.64,80.66,35.44,14.45,57.25,0
923,8,78.60,98.10,81.45,34.85,14.07,57.72,0
923,9,77.38,98.03,81.11,35.71,14.79,55.75,0
923,10,76.68,98.33,81.74,35.70,14.95,56.93,0
923,11,74.30,98.25,81.21,36.24,14.27,55.06,0
923,12,74.37,97.74,78.48,35.91,15.10,57.25,0
923,13,74.49,97.64,79.41,35.51,14.52,57.20,0
923,14,76.31,98.07,78.88,36.30,14.57,54.94,0
923,15,74.92,98.33,78.47,35.93,14.66,58.72,0
923,16,76.31,97.67,78.55,36.41,14.35,57.26,0
923,17,77.55,97.75,79.56,35.68,15.11,58.57,0
923,18,75.94,97.69,81.15,36.56,14.35,57.42,0
923,19,77.53,97.76,80.51,34.88,14.98,55.84,0
924,0,77.42,98.11,89.89,35.69,14.50,51.89,0
924,1,78.26,98.54,87.38,34.54,14.32,51.23,0
924,2,78.06,98.22,86.76,34.77,14.57,52.05,0
924,3,78.08,98.39,89.82,34.75,14.68,52.68,0
924,4,76.82,97.90,89.15,34.07,14.41,51.67,0
924,5,78.73,97.92,89.32,34.83,14.46,51.28,0
924,6,76.28,98.50,88.56,35.92,15.15,54.43,0
924,7,78.34,98.04,90.30,35.30,14.80,53.54,0
924,8,84.99,98.64,79.91,34.14,14.98,48.13,0
924,9,85.84,98.07,78.90,34.86,14.80,47.79,0
924,10,87.37,98.46,73.27,34.44,14.74,46.07,1
924,11,84.37,98.07,74.32,34.35,14.39,49.04,0
924,12,83.45,98.40,81.97,35.74,14.91,48.70,0
924,13,76.67,98.38,85.89,35.93,14.25,51.79,0
924,14,74.39,98.42,85.12,35.18,14.97,50.80,0
924,15,75.88,98.45,84.38,34.62,14.49,51.15,0
924,16,76.06,98.26,87.37,35.61,14.34,51.95,0
924,17,77.15,98.47,87.80,35.24,14.46,50.88,0
924,18,76.41,98.54,87.15,34.99,15.09,54.39,0
924,19,78.63,98.42,87.63,34.48,14.30,53.98,0
925,0,88.60,97.84,79.24,37.47,12.85,51.62,0
925,1,90.24,97.91,76.36,37.20,13.08,51.55,0
925,2,89.00,97.87,77.49,36.95,13.70,51.15,0
925,3,91.13,98.29,77.64,37.41,13.39,51.36,0
925,4,88.30,97.83,81.21,38.52,13.02,52.53,0
925,5,90.03,98.36,77.49,36.91,13.62,52.17,0
925,6,90.77,97.89,78.48,38.28,12.63,51.31,0
925,7,90.67,97.88,77.42,37.82,13.49,51.10,0
925,8,89.62,98.13,79.53,37.61,13.62,51.66,0
925,9,87.86,97.62,79.76,36.62,12.90,52.71,0
925,10,90.04,98.25,75.88,36.98,13.43,50.78,0
925,11,88.21,97.80,78.36,37.46,13.04,51.23,0
925,12,86.90,97.65,80.24,37.88,13.30,50.25,0
925,13,87.58,98.05,78.30,37.14,13.02,51.77,0
925,14,87.15,97.67,75.64,37.61,13.70,52.28,0
925,15,86.49,98.23,75.67,37.44,13.79,49.83,0
925,16,88.16,98.09,79.05,38.10,12.79,50.94,0
925,17,86.33,97.73,77.09,36.65,13.00,52.15,0
925,18,89.73,98.06,78.24,37.30,13.36,51.78,0
925,19,88.24,98.05,78.64,37.34,13.69,51.43,0
926,0,91.77,97.37,93.01,34.18,13.92,50.93,0
926,1,91.52,97.64,89.82,34.45,12.98,49.88,0
926,2,90.28,97.92,91.63,35.34,13.17,49.79,0
926,3,92.48,97.44,92.37,34.05,13.28,51.25,0
926,4,90.06,97.88,90.26,34.81,13.04,48.87,0
926,5,90.75,98.00,94.31,35.13,13.47,51.18,0
926,6,90.01,97.67,92.80,35.35,12.78,49.46,0
926,7,90.41,97.55,91.49,33.91,13.56,51.68,0
926,8,92.96,97.48,89.59,34.61,13.45,49.96,0
926,9,92.78,97.85,93.11,35.80,12.79,49.32,0
926,10,90.84,97.45,90.09,35.84,13.95,49.63,0
926,11,90.86,97.82,89.81,35.21,13.48,51.86,0
926,12,91.52,97.34,89.45,34.26,13.74,48.86,0
926,13,89.61,97.41,88.75,34.41,13.37,52.36,0
926,14,88.31,98.06,90.09,34.61,13.54,51.98,0
926,15,88.13,97.45,90.96,34.46,12.98,51.71,0
926,16,88.36,97.55,90.37,33.91,13.23,48.42,0
926,17,90.80,97.55,92.41,34.23,13.40,50.47,0
926,18,89.42,97.95,94.09,34.99,13.44,51.92,0
926,19,89.41,97.55,93.19,34.33,13.84,48.51,0
927,0,76.28,97.31,83.02,35.92,12.42,51.50,0
927,1,75.86,97.21,81.67,36.95,12.04,49.76,0
927,2,78.20,96.96,86.22,35.96,12.82,48.42,0
927,3,76.66,97.12,85.06,35.94,12.85,48.94,0
927,4,78.21,96.95,83.57,35.71,11.95,52.35,0
927,5,76.12,97.17,83.19,37.19,12.96,50.93,0
927,6,78.28,97.17,83.97,37.21,12.01,48.88,0
927,7,74.93,97.16,84.56,37.42,12.97,50.73,0
927,8,75.22,96.73,82.39,36.26,11.97,51.44,0
927,9,77.53,96.97,81.19,36.09,12.13,48.68,0
927,10,75.80,96.93,84.70,35.84,12.18,50.33,0
927,11,74.08,96.76,83.50,35.99,12.11,48.93,0
927,12,75.97,97.20,83.24,36.57,11.87,49.05,0
927,13,75.85,97.41,83.02,37.12,12.78,52.20,0
927,14,76.52,96.65,83.59,36.63,12.90,50.36,0
927,15,75.76,97.17,82.82,36.29,12.15,51.42,0
927,16,75.31,96.62,82.64,35.71,12.71,51.48,0
927,17,73.99,96.66,85.91,35.76,12.59,49.90,0
927,18,74.97,96.95,83.20,37.38,12.48,49.41,0
927,19,76.53,97.24,84.58,37.07,12.12,49.37,0
928,0,83.74,97.53,98.95,37.01,12.76,57.33,0
928,1,85.18,97.36,99.03,36.31,13.61,54.42,0
928,2,86.03,97.48,96.26,35.45,13.31,54.55,0
928,3,86.18,97.27,96.38,36.46,13.33,54.86,0
928,4,86.35,97.77,96.25,35.27,12.84,56.17,0
928,5,83.65,97.59,97.54,35.76,13.09,57.85,0
928,6,85.42,97.53,97.69,35.22,13.82,54.22,0
928,7,86.69,97.30,100.40,36.36,13.28,57.57,0
928,8,85.71,97.55,99.84,36.89,13.61,55.83,0
928,9,84.62,97.70,100.63,36.19,12.91,55.22,0
928,10,84.84,97.61,95.49,35.47,13.30,54.94,0
928,11,84.83,97.54,94.92,35.63,13.44,54.23,0
928,12,84.62,97.75,95.46,35.43,13.62,55.44,0
928,13,82.88,97.31,95.80,35.68,13.13,56.60,0
928,14,84.37,97.35,98.75,36.97,13.67,56.68,0
928,15,85.38,97.20,95.84,35.35,13.20,55.57,0
928,16,85.12,97.77,98.23,36.44,13.81,58.10,0
928,17,84.87,97.55,99.60,36.68,12.94,58.16,0
928,18,82.87,97.46,100.04,36.42,13.00,58.03,0
928,19,86.21,97.46,96.08,36.22,13.31,55.14,0
929,0,87.79,98.25,89.83,34.49,13.82,56.36,0
929,1,88.27,98.20,86.77,34.95,13.66,56.73,0
929,2,89.56,98.02,89.92,35.37,13.13,56.68,0
929,3,87.25,98.63,87.36,34.21,12.67,54.38,0
929,4,87.38,98.20,88.07,34.44,12.78,55.07,0
929,5,87.26,98.11,87.47,34.06,13.34,56.51,0
929,6,87.33,98.03,90.96,33.95,13.33,56.63,0
929,7,88.47,98.64,87.39,35.56,13.32,54.60,0
929,8,88.03,98.01,86.60,35.43,12.67,56.75,0
929,9,86.86,98.32,86.59,35.39,12.65,56.70,0
929,10,85.88,98.27,85.40,33.94,12.97,56.59,0
929,11,86.42,98.64,87.07,34.19,13.18,55.21,0
929,12,87.79,98.18,85.50,35.22,13.30,54.62,0
929,13,87.63,98.34,88.12,34.43,13.50,54.15,0
929,14,84.65,98.36,84.67,35.16,13.55,54.45,0
929,15,85.96,98.41,84.20,34.37,13.70,54.66,0
929,16,86.81,98.45,87.28,35.28,13.23,56.81,0
929,17,87.70,98.30,87.69,35.78,12.68,56.92,0
929,18,86.99,98.51,89.67,34.15,12.66,56.06,0
929,19,89.37,98.68,88.55,34.08,12.67,57.02,0
930,0,85.80,97.06,82.35,37.26,15.93,47.64,0
930,1,84.22,97.54,88.13,38.13,15.15,47.02,0
930,2,84.52,97.12,84.81,37.32,14.89,46.16,0
930,3,85.24,97.18,85.79,37.48,15.98,47.29,0
930,4,86.22,97.21,87.40,37.31,15.71,47.78,0
930,5,85.95,97.22,86.96,38.34,15.42,46.66,0
930,6,86.06,97.16,88.31,37.99,15.95,47.42,0
930,7,88.34,96.99,84.66,38.23,15.94,46.46,0
930,8,84.65,97.18,88.25,37.15,15.54,46.62,0
930,9,86.81,96.95,84.41,38.02,15.67,46.68,0
930,10,86.99,97.44,83.06,37.62,15.08,48.05,0
930,11,86.42,97.05,87.15,37.00,15.74,47.47,0
930,12,84.41,97.30,84.73,38.88,15.11,47.95,0
930,13,83.74,97.38,84.88,37.86,14.85,46.09,0
930,14,85.64,96.95,86.87,37.63,15.94,46.30,0
930,15,86.94,97.44,85.80,38.07,15.60,45.59,0
930,16,84.54,97.28,81.59,38.22,15.84,47.53,0
930,17,84.88,96.84,85.90,37.78,15.73,48.97,0
930,18,86.75,97.37,87.56,38.34,15.22,49.01,0
930,19,86.88,97.06,86.84,38.91,15.59,49.15,0
931,0,80.23,98.20,90.79,33.47,15.79,58.69,0
931,1,79.66,98.12,88.42,32.38,16.20,58.09,0
931,2,78.73,97.77,88.53,33.33,15.30,57.34,0
931,3,79.05,97.80,93.56,33.84,15.42,57.29,0
931,4,79.51,98.20,89.13,33.99,15.61,56.86,0
931,5,80.99,97.45,93.59,33.47,15.11,59.93,0
931,6,79.33,97.53,90.97,32.34,16.05,56.34,0
931,7,80.79,97.66,93.77,33.22,15.57,58.26,0
931,8,80.67,98.11,89.61,32.93,15.97,57.91,0
931,9,81.34,98.16,92.35,32.57,15.35,58.57,0
931,10,79.46,97.94,90.55,33.91,15.46,59.65,0
931,11,79.65,97.91,90.14,32.34,15.30,56.29,0
931,12,80.40,97.59,91.45,33.75,15.13,60.02,0
931,13,78.25,98.11,90.69,33.28,15.19,58.42,0
931,14,80.39,97.72,89.08,32.93,15.80,56.46,0
931,15,77.49,97.55,92.76,33.75,15.61,56.71,0
931,16,79.05,98.13,93.31,34.20,16.00,59.24,0
931,17,77.26,97.98,91.64,32.56,15.55,58.18,0
931,18,80.14,97.60,93.20,33.69,15.93,57.50,0
931,19,77.47,97.47,91.47,33.98,16.08,59.84,0
932,0,76.69,97.28,84.68,37.01,9.70,46.54,0
932,1,78.05,96.73,86.51,37.53,10.00,46.18,0
932,2,79.75,97.44,86.78,37.86,9.97,43.34,0
932,3,78.75,97.01,85.63,38.15,9.98,44.92,0
932,4,79.71,96.70,82.66,37.53,10.04,45.62,0
932,5,79.91,97.39,86.28,36.80,9.79,45.51,0
932,6,77.70,96.74,86.83,38.20,9.84,43.55,0
932,7,77.58,97.20,83.22,38.68,9.55,46.33,0
932,8,79.46,97.29,85.87,37.02,9.84,44.85,0
932,9,78.29,97.04,84.14,38.61,10.00,42.87,0
932,10,79.52,96.71,85.51,36.79,10.25,44.40,0
932,11,76.51,97.29,85.85,36.85,9.89,43.59,0
932,12,77.06,97.29,82.12,37.39,10.06,45.31,0
932,13,76.80,97.27,81.13,36.98,10.26,45.06,0
932,14,75.54,97.18,84.80,36.92,10.09,45.48,0
932,15,76.46,96.91,85.15,38.11,10.49,43.33,0
932,16,77.52,96.84,81.45,38.19,10.40,43.42,0
932,17,76.10,97.24,84.09,37.55,10.38,44.38,0
932,18,77.20,96.84,81.62,38.20,10.17,44.99,0
932,19,76.05,97.30,84.39,36.87,10.64,46.34,0
933,0,74.43,97.28,76.17,37.93,15.48,52.89,0
933,1,74.41,97.32,81.45,38.32,16.29,51.00,0
933,2,74.72,98.03,77.97,37.83,15.53,53.23,0
933,3,74.49,97.91,77.55,37.73,16.42,53.41,0
933,4,74.20,97.53,77.81,38.28,15.93,54.02,0
933,5,72.64,97.27,80.08,38.15,16.40,52.27,0
933,6,73.63,97.65,81.98,36.66,16.28,52.69,0
933,7,72.72,97.96,80.31,38.28,15.52,54.47,0
933,8,74.04,97.62,77.14,37.15,15.42,51.25,0
933,9,73.16,97.33,76.47,36.97,15.57,54.02,0
933,10,73.06,97.86,78.95,38.33,16.28,53.98,0
933,11,73.42,97.93,81.70,37.97,15.67,53.55,0
933,12,74.13,97.64,81.15,37.56,15.84,50.98,0
933,13,71.19,97.71,75.97,36.72,15.71,51.02,0
933,14,73.72,97.85,80.52,37.08,15.82,54.04,0
933,15,72.27,97.33,76.58,38.35,16.08,51.00,0
933,16,70.99,97.44,81.46,37.86,15.67,52.14,0
933,17,74.94,97.89,76.19,37.09,15.92,53.23,0
933,18,72.20,97.93,79.43,38.24,15.45,53.38,0
933,19,74.59,97.49,78.26,37.13,15.49,51.08,0
934,0,76.93,97.90,82.23,35.38,11.38,51.57,0
934,1,75.37,97.45,81.73,34.67,11.78,51.25,0
934,2,75.73,97.42,78.95,34.51,11.83,52.27,0
934,3,76.14,98.02,80.92,34.72,11.54,54.19,0
934,4,77.05,97.29,83.25,35.79,11.16,51.36,0
934,5,77.85,97.59,83.01,35.91,11.89,54.74,0
934,6,76.00,97.52,79.88,35.93,11.97,53.13,0
934,7,74.48,97.37,82.31,34.98,11.98,55.00,0
934,8,77.17,97.41,81.82,35.97,12.13,52.53,0
934,9,73.94,97.80,79.56,34.40,12.06,52.18,0
934,10,74.45,97.81,77.86,35.57,11.40,52.01,0
934,11,74.06,97.78,79.66,34.87,11.85,52.56,0
934,12,76.91,97.82,77.57,36.27,11.18,52.34,0
934,13,72.97,97.56,77.99,36.08,12.15,54.86,0
934,14,74.27,97.32,79.39,35.23,11.91,51.36,0
934,15,75.02,97.59,79.20,34.38,11.69,51.59,0
934,16,74.49,97.65,81.52,35.33,11.17,51.71,0
934,17,75.17,97.71,79.78,34.96,12.04,52.04,0
934,18,74.20,97.36,80.28,34.41,11.05,53.10,0
934,19,73.74,97.59,81.75,34.67,11.34,52.09,0
935,0,88.78,98.51,82.89,37.48,11.88,60.52,0
935,1,87.35,98.60,83.53,37.04,11.56,60.32,0
935,2,85.67,98.57,84.72,36.79,11.86,60.65,0
935,3,87.68,98.70,89.09,38.31,11.29,60.07,0
935,4,86.62,98.57,86.90,37.82,11.50,59.51,0
935,5,86.27,99.05,84.79,37.11,12.15,58.91,0
935,6,86.47,98.81,88.76,37.39,11.66,59.52,0
935,7,89.35,98.41,85.42,37.75,11.33,58.63,0
935,8,87.35,98.82,84.73,38.02,11.34,62.10,0
935,9,89.01,99.17,88.74,37.57,11.53,60.26,0
935,10,88.58,99.02,88.11,37.97,11.38,60.78,0
935,11,85.56,98.93,84.41,36.60,11.15,59.00,0
935,12,86.99,99.18,87.65,37.69,11.15,59.06,0
935,13,84.40,98.80,82.16,37.37,11.39,61.71,0
935,14,88.11,98.62,85.66,36.92,11.59,62.17,0
935,15,84.69,98.86,82.91,37.19,11.81,61.26,0
935,16,85.66,98.50,86.85,37.86,11.66,60.64,0
935,17,87.26,98.69,85.27,36.59,11.33,59.42,0
935,18,88.68,98.64,88.07,37.98,11.79,61.94,0
935,19,86.66,98.73,86.02,36.54,12.11,62.31,0
936,0,89.79,97.40,84.81,32.78,13.31,60.92,0
936,1,90.25,97.12,86.66,33.76,13.26,60.74,0
936,2,92.78,97.17,86.27,32.72,12.34,63.50,0
936,3,90.74,97.89,85.90,32.12,12.42,60.14,0
936,4,90.58,97.32,89.27,33.72,12.83,60.66,0
936,5,90.76,97.38,84.42,32.42,13.36,62.91,0
936,6,92.68,97.86,84.21,33.05,12.57,62.81,0
936,7,93.19,97.56,87.99,33.70,13.40,62.96,0
936,8,91.55,97.60,84.65,32.94,13.07,61.40,0
936,9,91.74,97.26,84.82,32.22,12.35,62.05,0
936,10,90.81,97.46,86.41,32.49,12.89,61.61,0
936,11,89.62,97.64,83.83,33.15,12.87,60.15,0
936,12,92.27,97.74,87.00,33.02,12.31,61.88,0
936,13,90.15,97.43,84.48,34.03,12.50,63.05,0
936,14,88.70,97.77,86.47,33.19,12.78,62.54,0
936,15,90.70,97.65,87.70,32.82,13.36,62.91,0
936,16,89.48,97.68,82.92,32.35,12.83,60.74,0
936,17,91.37,97.13,83.52,34.04,12.72,63.15,0
936,18,91.81,97.27,83.96,33.32,12.88,62.30,0
936,19,90.31,97.53,84.78,33.35,12.27,62.42,0
937,0,86.62,97.69,87.38,37.65,14.94,48.84,0
937,1,85.84,97.73,88.51,37.82,14.76,49.74,0
937,2,85.29,97.34,87.18,38.87,14.82,49.10,0
937,3,84.89,97.12,83.83,37.39,15.01,49.10,0
937,4,87.60,97.55,84.87,37.82,15.46,46.95,0
937,5,86.37,97.13,84.54,38.64,15.47,46.79,0
937,6,88.61,97.06,87.64,37.42,14.75,49.73,0
937,7,86.12,97.25,82.96,39.00,15.56,47.81,0
937,8,85.15,97.78,88.37,38.80,15.54,49.41,0
937,9,84.98,97.49,85.04,37.74,15.08,49.25,0
937,10,85.09,97.11,82.87,39.10,15.55,46.76,0
937,11,85.97,97.43,85.59,38.66,15.50,47.34,0
937,12,87.02,97.80,87.37,38.02,15.30,46.99,0
937,13,85.90,97.69,86.43,39.29,14.59,49.84,0
937,14,83.94,97.52,83.28,38.37,15.06,47.33,0
937,15,85.86,97.61,85.10,37.50,15.41,46.81,0
937,16,86.19,97.39,84.33,39.24,14.83,47.94,0
937,17,86.48,97.42,82.76,38.83,15.53,50.02,0
937,18,87.00,97.69,87.80,37.97,15.19,49.05,0
937,19,87.64,97.26,82.74,37.92,15.37,47.45,0
938,0,72.36,96.93,88.40,33.47,10.05,54.98,0
938,1,72.17,97.21,86.18,32.69,10.51,55.00,0
938,2,71.32,97.37,86.19,33.63,10.56,53.29,0
938,3,71.10,96.89,89.61,32.58,10.36,52.32,0
938,4,71.52,97.35,85.23,32.53,10.09,53.41,0
938,5,71.16,97.12,84.42,32.42,9.89,54.82,0
938,6,73.53,96.90,88.51,33.45,10.89,52.46,0
938,7,71.42,96.78,86.76,33.38,10.20,54.02,0
938,8,70.92,96.99,86.35,32.48,10.69,55.84,0
938,9,71.90,97.21,88.08,33.88,10.14,53.95,0
938,10,70.86,97.14,85.28,32.51,10.99,52.59,0
938,11,71.18,96.97,87.27,33.73,10.82,53.90,0
938,12,70.50,97.28,84.43,33.99,10.78,53.84,0
938,13,70.46,97.37,85.21,33.72,10.83,55.85,0
938,14,71.62,96.85,87.02,32.53,10.40,54.10,0
938,15,71.74,96.78,88.08,32.86,10.05,53.77,0
938,16,71.19,96.93,83.09,33.01,9.84,52.34,0
938,17,71.44,97.19,85.70,32.29,10.64,52.43,0
938,18,71.25,97.33,87.80,32.98,10.25,54.16,0
938,19,73.03,97.29,87.26,33.13,10.27,55.54,0
939,0,77.80,98.63,86.49,38.18,14.68,50.36,0
939,1,77.85,98.86,83.81,37.88,14.35,50.77,0
939,2,80.75,98.61,85.78,38.91,14.91,51.77,0
939,3,79.63,98.79,84.39,38.48,14.62,51.98,0
939,4,78.78,98.94,83.31,37.93,14.73,49.97,0
939,5,79.61,98.72,86.01,38.90,14.67,51.34,0
939,6,80.54,98.63,83.18,37.92,14.35,51.92,0
939,7,79.86,98.71,83.86,37.87,14.76,50.54,0
939,8,79.88,98.88,81.75,38.99,14.66,49.47,0
939,9,81.30,98.83,81.00,38.17,14.10,51.81,0
939,10,77.16,99.01,81.92,38.19,14.87,51.80,0
939,11,79.53,98.35,86.12,38.09,15.19,50.11,0
939,12,78.17,98.49,82.88,39.27,15.09,52.77,0
939,13,77.70,98.31,81.78,39.57,14.69,52.26,0
939,14,76.89,98.83,80.63,39.00,14.77,52.32,0
939,15,78.62,98.56,82.74,38.91,14.14,50.37,0
939,16,78.53,98.44,85.58,39.19,14.53,51.03,0
939,17,78.38,98.53,85.49,39.40,14.35,50.00,0
939,18,79.56,98.39,85.84,37.91,15.16,53.00,0
939,19,78.81,98.30,83.40,38.56,14.20,52.99,0
940,0,71.51,97.83,79.01,36.58,13.51,55.84,0
940,1,70.88,98.21,83.32,37.04,12.98,59.51,0
940,2,69.93,98.04,84.00,36.00,13.28,59.50,0
940,3,70.80,98.03,81.76,36.42,12.78,59.35,0
940,4,69.39,97.75,84.60,36.33,13.24,59.56,0
940,5,70.16,98.22,80.69,36.09,13.35,59.76,0
940,6,71.11,98.37,80.37,36.17,13.23,56.89,0
940,7,71.25,98.09,80.16,36.99,13.83,57.70,0
940,8,71.47,97.66,79.15,36.45,13.04,56.21,0
940,9,69.74,98.09,79.52,36.48,13.07,57.83,0
940,10,68.50,97.95,79.78,37.73,13.13,57.71,0
940,11,70.54,97.81,83.74,37.77,13.39,57.98,0
940,12,70.49,97.92,78.03,36.41,13.56,57.72,0
940,13,70.25,98.09,78.86,36.91,13.38,57.41,0
940,14,70.93,98.45,80.25,36.35,13.68,59.58,0
940,15,70.75,97.84,81.20,37.45,12.82,55.91,0
940,16,71.64,98.20,78.97,37.49,13.82,58.58,0
940,17,69.84,98.27,80.57,37.09,13.45,59.44,0
940,18,68.26,97.72,83.27,37.43,13.50,58.69,0
940,19,69.50,98.13,83.35,37.76,12.83,57.03,0
941,0,81.46,97.70,76.48,33.26,12.29,59.02,0
941,1,81.53,98.00,79.69,32.77,12.01,61.76,0
941,2,79.30,97.81,80.08,33.11,11.93,58.30,0
941,3,78.60,97.97,82.31,33.73,11.67,58.74,0
941,4,78.82,97.98,82.56,34.32,11.64,59.10,0
941,5,80.21,97.98,78.07,34.09,11.89,60.56,0
941,6,82.32,98.14,82.32,33.77,12.00,58.29,0
941,7,81.17,97.94,77.40,34.73,12.06,61.57,0
941,8,79.76,97.69,81.06,32.78,11.22,60.74,0
941,9,81.80,97.83,81.24,34.56,11.33,59.46,0
941,10,78.75,97.56,77.35,33.36,11.82,58.50,0
941,11,80.26,97.95,80.47,34.68,11.37,61.45,0
941,12,77.70,97.91,80.90,34.50,12.04,61.55,0
941,13,77.19,97.55,80.50,32.91,11.55,58.74,0
941,14,78.92,97.80,78.68,33.82,11.93,58.87,0
941,15,80.12,97.52,79.32,33.90,11.37,60.58,0
941,16,80.38,97.80,75.51,32.79,11.42,58.80,0
941,17,77.60,97.84,76.04,34.61,12.16,60.23,0
941,18,80.59,97.57,79.97,34.70,12.14,58.41,0
941,19,79.75,97.64,80.64,32.90,12.08,58.77,0
942,0,74.70,98.73,88.52,33.12,10.69,47.08,0
942,1,72.81,99.14,91.19,35.01,11.35,44.04,0
942,2,75.20,98.90,87.52,34.55,10.93,45.71,0
942,3,76.36,98.64,91.03,33.19,11.45,47.15,0
942,4,76.21,98.95,92.66,33.97,10.32,44.63,0
942,5,75.15,98.69,93.19,34.50,10.61,44.44,0
942,6,75.12,98.52,89.55,33.24,11.24,44.58,0
942,7,76.26,98.64,92.50,34.96,10.54,46.13,0
942,8,74.86,98.81,89.51,33.18,10.69,47.34,0
942,9,74.94,98.86,89.07,33.81,10.61,46.60,0
942,10,72.37,98.91,91.49,33.88,10.87,46.12,0
942,11,72.74,99.13,88.03,34.67,10.58,45.55,0
942,12,72.59,99.03,88.70,33.71,10.58,46.70,0
942,13,71.83,99.09,88.44,33.45,11.40,46.08,0
942,14,75.10,98.79,91.69,35.01,10.43,46.83,0
942,15,75.07,98.54,90.86,34.19,10.36,44.63,0
942,16,73.53,98.78,90.56,33.46,11.20,45.21,0
942,17,73.41,99.02,87.46,34.83,11.32,46.18,0
942,18,74.28,98.67,88.06,34.18,10.68,45.62,0
942,19,73.88,99.12,90.63,33.39,10.93,44.02,0
943,0,74.70,98.51,85.12,39.58,11.41,53.94,0
943,1,75.80,98.01,90.40,39.48,10.67,55.51,0
943,2,76.63,98.43,86.49,38.72,11.42,56.02,0
943,3,74.03,98.60,86.64,38.24,10.68,56.29,0
943,4,74.07,98.67,88.73,38.84,11.08,56.53,0
943,5,76.66,98.59,85.06,38.21,10.69,57.74,0
943,6,74.45,98.29,87.12,38.85,11.00,55.70,0
943,7,74.30,98.78,87.00,39.27,11.07,56.02,0
943,8,74.17,98.58,89.54,39.58,11.19,55.39,0
943,9,73.93,98.31,86.61,38.83,11.13,53.86,0
943,10,73.78,98.24,86.58,38.38,11.50,55.80,0
943,11,73.55,98.61,85.39,38.40,10.49,55.78,0
943,12,72.43,98.60,84.97,39.41,11.40,54.90,0
943,13,72.55,98.42,85.02,37.91,10.54,57.21,0
943,14,74.90,98.01,83.70,38.99,11.35,57.26,0
943,15,73.93,98.68,87.82,38.47,10.50,54.67,0
943,16,71.84,98.06,83.75,39.51,10.75,57.03,0
943,17,72.98,98.07,87.52,38.43,11.21,57.51,0
943,18,72.74,98.47,87.18,37.98,10.68,54.21,0
943,19,75.34,98.29,85.20,38.91,10.89,57.48,0
944,0,89.58,99.00,88.77,37.64,11.82,56.51,0
944,1,88.02,98.65,85.69,37.67,10.94,56.43,0
944,2,88.80,98.74,83.94,36.99,11.16,56.87,0
944,3,88.88,98.96,87.15,37.30,11.77,55.78,0
944,4,88.93,99.00,84.16,36.94,11.47,59.00,0
944,5,90.59,98.80,85.87,37.24,11.88,56.70,0
944,6,87.59,99.16,88.01,37.84,11.90,59.14,0
944,7,88.01,98.97,84.00,36.80,11.94,57.98,0
944,8,87.91,98.81,87.41,36.24,11.09,58.12,0
944,9,86.89,98.72,88.23,38.01,11.17,56.06,0
944,10,86.59,98.49,86.91,37.28,11.89,58.13,0
944,11,89.14,99.28,85.22,37.77,11.17,57.08,0
944,12,87.90,99.02,86.59,37.56,11.18,56.08,0
944,13,89.24,98.63,86.55,37.12,10.93,55.86,0
944,14,86.00,99.18,83.29,37.61,11.34,57.72,0
944,15,87.01,98.69,85.57,37.37,11.71,58.89,0
944,16,86.27,99.09,86.65,37.05,11.45,59.08,0
944,17,86.26,98.92,83.27,36.78,11.42,57.53,0
944,18,89.59,98.85,82.74,37.64,12.04,55.78,0
944,19,87.73,99.02,88.58,37.40,11.36,59.43,0
945,0,74.55,98.59,98.75,35.44,15.95,57.56,0
945,1,72.94,98.37,98.82,35.10,15.97,59.72,0
945,2,74.52,98.14,98.18,36.04,16.49,58.09,0
945,3,73.97,98.03,97.24,34.87,15.39,59.55,0
945,4,73.69,98.09,98.83,34.44,15.79,57.17,0
945,5,72.33,97.92,95.20,35.45,15.93,58.13,0
945,6,71.48,98.56,97.35,35.13,15.91,57.49,0
945,7,73.33,98.07,96.70,35.81,16.03,58.30,0
945,8,73.91,98.06,97.76,35.22,16.25,58.86,0
945,9,71.85,98.41,99.19,34.42,16.49,56.59,0
945,10,72.95,98.21,95.29,35.55,15.50,57.50,0
945,11,73.29,98.07,98.60,34.78,16.30,56.02,0
945,12,73.98,98.05,97.72,34.73,16.20,58.83,0
945,13,71.64,98.51,97.41,34.82,15.71,56.20,0
945,14,72.35,98.47,94.98,35.32,15.65,58.91,0
945,15,72.22,97.83,98.58,35.20,16.25,59.87,0
945,16,70.11,98.58,94.01,34.58,16.48,56.93,0
945,17,72.74,98.24,96.09,35.74,15.86,57.75,0
945,18,74.00,97.90,93.50,34.90,16.04,56.31,0
945,19,72.11,98.14,94.69,35.00,16.49,57.18,0
946,0,77.18,97.22,84.23,35.83,14.85,42.25,0
946,1,76.48,97.52,82.73,36.70,14.86,42.37,0
946,2,79.15,97.10,85.35,36.70,14.11,42.97,0
946,3,76.86,97.14,85.27,35.65,14.36,43.30,0
946,4,78.54,96.79,85.37,35.78,14.71,40.84,0
946,5,77.34,97.53,84.49,36.87,14.94,43.77,0
946,6,75.69,97.57,81.71,37.07,14.22,40.82,0
946,7,78.56,97.46,82.44,37.11,15.13,43.81,0
946,8,75.24,97.37,85.25,36.64,14.26,41.49,0
946,9,75.30,97.22,80.60,35.77,14.42,43.16,0
946,10,76.97,96.98,80.81,36.42,14.11,43.48,0
946,11,77.44,97.03,82.23,35.75,14.58,40.80,0
946,12,75.64,97.26,79.94,37.13,14.25,42.19,0
946,13,75.25,97.55,78.60,35.64,14.06,43.77,0
946,14,74.72,97.50,82.47,36.50,14.62,41.31,0
946,15,76.62,97.53,81.98,36.76,14.16,44.12,0
946,16,77.46,97.07,82.80,36.89,13.97,42.91,0
946,17,75.52,97.52,80.02,37.24,14.16,42.87,0
946,18,74.84,97.03,80.80,37.08,14.92,41.92,0
946,19,77.57,97.21,80.16,36.45,14.25,41.16,0
947,0,86.63,97.48,89.46,37.19,13.45,57.99,0
947,1,89.02,97.56,88.44,35.76,13.32,56.81,0
947,2,88.32,97.29,86.63,35.92,13.67,59.00,0
947,3,86.13,97.41,89.89,36.69,13.49,57.00,0
947,4,86.20,97.66,87.84,36.87,13.62,59.30,0
947,5,87.67,97.78,86.41,36.26,12.80,58.57,0
947,6,87.09,97.62,90.46,35.78,13.07,56.63,0
947,7,88.71,97.27,89.08,37.25,13.13,55.67,0
947,8,94.87,97.68,80.44,36.55,13.06,53.74,0
947,9,96.44,97.91,76.79,36.58,13.42,52.44,0
947,10,95.09,97.47,72.53,37.00,13.32,54.39,1
947,11,92.64,97.53,78.35,36.68,13.57,53.37,0
947,12,93.88,98.04,81.68,36.68,13.51,55.50,0
947,13,86.55,97.45,83.11,36.44,13.50,56.85,0
947,14,86.41,98.02,84.28,37.42,13.19,56.99,0
947,15,85.31,97.91,87.34,36.95,12.62,56.13,0
947,16,87.49,97.29,85.35,37.06,13.57,56.01,0
947,17,85.34,97.49,87.37,37.26,13.31,57.21,0
947,18,86.95,97.46,83.65,36.90,13.69,57.37,0
947,19,85.87,97.74,86.60,35.73,12.77,58.20,0
948,0,69.94,98.94,87.28,35.44,10.58,56.83,0
948,1,72.78,98.52,89.30,34.37,10.27,57.95,0
948,2,72.53,98.46,88.95,34.67,10.01,56.73,0
948,3,72.30,98.90,85.92,34.86,10.23,58.08,0
948,4,72.81,98.90,88.66,33.91,10.62,56.61,0
948,5,73.25,99.00,88.41,34.13,10.25,57.35,0
948,6,74.01,98.58,86.10,34.50,9.85,55.64,0
948,7,71.35,98.48,90.19,34.76,10.27,56.77,0
948,8,73.66,98.73,87.32,33.99,10.54,55.97,0
948,9,71.51,98.74,86.65,35.59,9.80,58.84,0
948,10,72.02,98.83,87.22,34.91,10.23,57.29,0
948,11,69.07,98.65,88.39,34.34,10.16,58.52,0
948,12,69.15,98.42,87.49,34.13,9.83,55.74,0
948,13,71.53,98.39,85.22,34.44,9.70,55.81,0
948,14,71.77,98.79,84.59,34.75,10.40,58.54,0
948,15,68.83,98.31,85.16,34.57,10.39,56.72,0
948,16,70.67,98.88,88.40,34.76,10.16,59.05,0
948,17,71.05,98.81,84.82,35.26,10.81,57.10,0
948,18,70.95,98.52,86.73,34.51,9.82,58.76,0
948,19,71.50,98.55,88.36,34.76,10.52,58.24,0
949,0,91.22,96.88,82.19,34.26,12.51,56.25,0
949,1,92.12,96.93,83.09,34.22,13.28,55.55,0
949,2,92.14,97.25,84.76,34.12,12.57,58.08,0
949,3,89.28,96.99,83.96,34.03,12.95,55.31,0
949,4,89.87,96.71,80.38,35.30,12.22,57.29,0
949,5,91.72,97.38,80.60,34.07,13.17,55.59,0
949,6,92.31,96.79,79.58,35.34,12.27,55.63,0
949,7,91.88,96.99,82.29,34.86,13.38,56.90,0
949,8,91.40,97.17,82.95,34.52,12.53,59.06,0
949,9,98.44,96.99,76.85,34.83,12.40,52.60,0
949,10,96.77,96.61,70.56,34.05,13.03,54.82,0
949,11,101.69,97.06,69.94,35.38,12.77,50.40,1
949,12,98.65,96.74,70.27,35.03,12.80,51.66,0
949,13,95.84,97.03,72.49,35.17,12.45,53.33,0
949,14,91.18,96.74,81.75,34.16,12.52,56.40,0
949,15,89.41,96.74,77.97,35.57,13.10,55.30,0
949,16,90.92,97.00,82.46,34.92,13.07,56.75,0
949,17,89.96,97.21,79.32,34.92,13.11,55.49,0
949,18,90.67,96.81,84.04,34.84,12.30,57.64,0
949,19,92.56,96.87,83.24,33.83,12.61,57.20,0
950,0,76.40,98.22,89.72,33.84,9.93,57.88,0
950,1,78.22,98.52,86.13,34.71,9.59,55.27,0
950,2,76.83,98.41,88.60,33.84,9.92,57.64,0
950,3,75.75,98.27,90.57,34.66,9.80,57.04,0
950,4,76.08,98.14,87.20,34.00,9.63,57.54,0
950,5,76.72,98.68,88.56,33.90,10.32,55.22,0
950,6,76.72,98.71,86.21,34.23,10.49,55.40,0
950,7,75.46,98.22,84.71,34.06,9.64,56.95,0
950,8,78.95,98.17,86.40,35.10,9.76,56.74,0
950,9,83.84,97.94,78.91,34.35,10.54,51.74,0
950,10,84.53,98.51,77.68,34.82,9.67,50.96,0
950,11,86.78,98.23,75.20,34.73,10.33,50.87,1
950,12,84.46,98.64,77.10,35.24,9.95,53.92,0
950,13,82.64,97.96,78.23,35.31,9.64,54.61,0
950,14,75.81,98.46,87.61,33.85,9.84,57.05,0
950,15,74.35,97.98,84.00,34.10,10.35,54.76,0
950,16,76.61,98.37,84.78,35.53,10.10,57.36,0
950,17,77.17,98.35,87.31,35.71,9.56,55.67,0
950,18,78.47,97.97,87.71,34.27,10.22,57.70,0
950,19,78.55,98.53,87.81,35.44,9.53,56.27,0
951,0,83.11,96.92,82.88,34.24,14.18,48.05,0
951,1,84.81,97.20,82.51,34.12,13.91,46.18,0
951,2,83.91,97.27,82.72,34.14,13.47,45.51,0
951,3,85.48,97.14,82.20,34.47,14.34,47.33,0
951,4,85.39,97.19,85.11,34.94,14.26,48.01,0
951,5,84.03,96.91,86.54,35.45,13.90,45.96,0
951,6,84.00,97.56,85.46,35.21,14.13,46.58,0
951,7,84.09,97.37,80.52,35.31,13.78,48.82,0
951,8,81.83,97.25,85.37,34.52,13.76,46.06,0
951,9,85.38,96.99,81.32,34.12,13.48,46.60,0
951,10,84.85,97.09,83.54,35.57,13.82,47.10,0
951,11,81.79,97.46,79.60,34.59,13.82,46.40,0
951,12,81.59,97.04,83.32,36.05,13.95,46.23,0
951,13,82.47,96.96,79.30,35.86,13.64,46.61,0
951,14,83.71,97.00,83.25,35.71,14.01,46.67,0
951,15,84.23,97.16,83.55,35.10,13.94,46.95,0
951,16,83.30,97.43,80.55,35.25,13.64,47.92,0
951,17,84.19,97.42,79.78,35.29,14.37,45.96,0
951,18,83.06,96.79,83.48,34.11,13.83,45.43,0
951,19,82.45,96.82,79.98,34.75,14.31,46.35,0
952,0,80.13,97.51,90.58,34.53,10.63,54.32,0
952,1,81.11,97.63,91.50,33.99,10.35,51.34,0
952,2,78.56,97.19,92.67,34.53,10.45,53.10,0
952,3,81.58,97.71,93.92,34.36,10.35,51.87,0
952,4,79.37,97.66,95.51,35.59,10.80,52.19,0
952,5,78.62,97.33,89.80,34.07,9.96,52.14,0
952,6,78.84,97.52,94.56,33.94,10.41,51.02,0
952,7,81.36,96.96,92.05,34.07,10.52,54.14,0
952,8,78.37,97.04,92.33,33.92,10.13,50.71,0
952,9,80.52,97.35,89.73,35.71,10.82,54.05,0
952,10,77.17,97.00,94.05,35.77,10.72,50.75,0
952,11,77.76,97.05,88.72,34.11,9.76,54.15,0
952,12,80.10,97.67,90.20,35.02,10.06,52.62,0
952,13,80.31,97.16,89.13,33.96,10.43,53.73,0
952,14,80.24,97.06,88.57,35.76,10.00,53.37,0
952,15,77.79,97.21,92.57,35.70,10.84,52.62,0
952,16,77.73,97.72,88.93,34.56,10.67,52.73,0
952,17,80.43,97.02,88.58,35.03,9.82,52.32,0
952,18,80.11,97.14,89.65,35.01,10.78,53.17,0
952,19,80.34,97.75,91.41,33.99,10.83,53.35,0
953,0,90.12,97.76,91.97,37.36,11.22,61.95,0
953,1,88.38,97.61,91.28,37.71,11.66,61.00,0
953,2,86.96,97.63,91.78,36.70,11.39,62.55,0
953,3,88.64,97.19,91.82,38.59,10.86,60.43,0
953,4,91.14,97.45,92.96,37.69,11.58,61.97,0
953,5,88.55,97.37,93.24,36.94,11.37,59.53,0
953,6,91.06,97.79,91.65,37.23,11.03,60.23,0
953,7,90.59,97.85,92.23,37.78,11.58,61.19,0
953,8,93.42,97.79,88.84,38.58,11.14,57.15,0
953,9,97.94,97.90,84.03,36.64,11.16,55.82,0
953,10,97.60,97.86,81.06,37.55,10.95,56.69,1
953,11,94.23,97.83,80.00,36.86,10.77,58.68,0
953,12,94.59,97.21,88.19,38.46,10.80,57.64,0
953,13,85.85,97.47,93.28,38.33,11.14,63.31,0
953,14,89.45,97.43,94.78,36.94,11.06,62.06,0
953,15,87.41,97.92,91.88,38.60,11.86,61.12,0
953,16,87.37,97.49,93.47,37.90,11.33,63.10,0
953,17,87.72,97.18,94.15,38.35,11.04,60.73,0
953,18,87.99,97.89,95.04,37.18,11.86,59.49,0
953,19,88.44,97.53,93.28,38.28,11.31,63.01,0
954,0,90.04,97.68,83.90,37.27,11.02,51.34,0
954,1,89.08,98.29,86.41,37.06,10.63,49.68,0
954,2,88.08,97.64,85.76,37.64,10.68,52.00,0
954,3,88.52,98.39,84.86,37.22,10.82,52.41,0
954,4,90.27,98.32,87.16,38.10,10.99,50.27,0
954,5,88.41,97.88,86.25,37.07,10.93,49.64,0
954,6,88.51,97.91,83.47,37.42,10.91,49.32,0
954,7,91.04,97.64,83.22,37.35,10.73,52.09,0
954,8,88.25,97.74,82.92,37.21,10.86,49.31,0
954,9,87.67,97.76,85.37,36.94,11.37,51.88,0
954,10,90.91,97.96,82.89,36.76,10.61,48.84,0
954,11,89.62,98.12,84.09,36.78,10.91,48.82,0
954,12,89.54,98.04,83.54,36.58,11.05,50.65,0
954,13,89.89,98.40,83.82,37.93,11.16,50.71,0
954,14,87.74,98.08,85.77,37.01,10.64,50.40,0
954,15,89.34,98.22,83.50,36.82,10.99,49.35,0
954,16,90.62,98.02,85.40,36.31,11.26,51.92,0
954,17,88.61,98.30,84.81,36.29,11.14,48.78,0
954,18,90.30,98.31,84.50,36.28,10.84,48.71,0
954,19,88.86,97.68,85.74,37.51,11.35,51.75,0
955,0,77.06,98.70,88.02,37.57,14.39,51.11,0
955,1,74.22,99.03,89.62,39.05,14.56,49.06,0
955,2,77.25,99.13,90.92,38.15,14.58,50.66,0
955,3,75.15,98.84,93.09,38.33,14.07,49.35,0
955,4,76.56,99.27,92.23,38.38,14.07,49.89,0
955,5,75.49,99.10,89.91,37.93,13.62,50.51,0
955,6,77.06,98.74,88.84,38.67,14.53,51.10,0
955,7,76.84,99.08,91.51,38.56,13.40,50.23,0
955,8,82.71,99.15,87.11,38.99,14.18,46.22,0
955,9,83.63,98.75,80.67,38.86,14.21,47.72,0
955,10,83.52,98.91,72.91,39.04,14.23,44.13,1
955,11,84.78,98.85,79.70,39.09,14.40,46.99,0
955,12,80.84,98.90,82.73,37.45,14.53,48.59,0
955,13,75.52,99.21,91.44,37.57,14.53,51.26,0
955,14,74.79,98.82,86.26,37.29,14.51,51.71,0
955,15,72.89,99.19,89.40,37.71,14.31,49.95,0
955,16,75.94,99.11,91.97,37.95,14.39,50.49,0
955,17,73.23,99.11,91.84,37.62,13.97,48.83,0
955,18,76.97,98.80,88.45,38.59,13.65,51.44,0
955,19,73.84,99.18,89.90,37.59,13.96,49.45,0
956,0,80.72,98.59,97.00,32.68,11.64,44.25,0
956,1,82.22,98.06,95.95,32.68,11.60,44.23,0
956,2,81.90,98.51,96.12,33.42,11.27,44.36,0
956,3,81.04,98.40,96.63,34.12,11.70,45.29,0
956,4,79.69,98.32,96.23,32.24,10.72,44.83,0
956,5,81.68,98.55,95.59,32.82,11.15,47.07,0
956,6,82.26,97.89,99.98,34.11,11.56,46.32,0
956,7,80.90,98.05,97.00,32.64,11.13,44.89,0
956,8,80.79,98.51,94.84,33.58,11.05,45.22,0
956,9,81.76,98.41,100.30,34.02,10.54,44.55,0
956,10,84.16,98.61,88.95,33.81,11.15,40.33,0
956,11,86.33,98.27,85.92,32.67,11.40,41.48,0
956,12,89.28,98.34,84.86,33.16,10.99,41.15,1
956,13,85.96,97.84,84.32,33.70,11.02,40.59,0
956,14,84.74,97.86,90.34,33.32,11.01,43.50,0
956,15,81.21,98.61,94.00,33.14,11.58,46.84,0
956,16,79.96,98.46,98.22,32.81,10.57,47.14,0
956,17,77.91,98.13,94.62,33.08,10.79,46.49,0
956,18,80.37,98.18,96.21,32.65,11.41,43.30,0
956,19,78.91,98.10,97.82,33.73,11.04,45.25,0
957,0,85.60,97.47,90.64,35.12,14.72,53.99,0
957,1,85.35,97.64,86.06,34.78,14.04,50.95,0
957,2,85.87,97.51,89.34,35.29,15.15,51.97,0
957,3,85.35,97.06,85.93,33.98,14.65,51.41,0
957,4,85.92,97.15,87.20,34.94,14.49,53.37,0
957,5,84.80,96.97,87.84,35.36,14.25,50.28,0
957,6,85.20,97.35,90.01,33.95,15.02,50.23,0
957,7,82.55,97.40,88.62,34.56,14.57,52.82,0
957,8,85.70,97.44,86.35,33.50,14.56,52.17,0
957,9,83.57,97.46,86.25,34.66,15.12,51.13,0
957,10,84.46,96.97,88.09,34.06,14.06,53.73,0
957,11,84.77,97.67,88.06,34.62,14.22,51.53,0
957,12,84.09,97.29,86.58,35.45,14.18,53.62,0
957,13,84.21,97.14,89.40,34.55,14.95,52.91,0
957,14,83.49,97.33,88.08,35.08,14.57,51.99,0
957,15,84.33,96.96,88.15,34.34,14.57,53.00,0
957,16,83.00,97.50,87.95,34.63,14.77,52.02,0
957,17,81.63,97.15,87.57,35.04,14.28,53.87,0
957,18,82.06,97.25,88.22,34.05,14.90,52.49,0
957,19,83.31,97.04,86.95,35.10,14.74,51.98,0
958,0,79.22,97.28,92.13,33.26,14.08,47.59,0
958,1,82.09,97.07,92.02,33.43,13.98,50.11,0
958,2,80.93,97.33,93.54,32.54,14.82,48.89,0
958,3,81.20,96.81,90.04,33.08,14.23,49.33,0
958,4,80.54,96.87,91.84,33.65,14.91,46.70,0
958,5,82.46,97.12,90.42,34.34,14.84,48.76,0
958,6,83.77,96.94,95.94,33.53,14.85,46.79,0
958,7,82.83,97.46,93.45,34.00,13.91,48.93,0
958,8,87.25,97.17,84.64,32.77,14.60,46.31,0
958,9,88.44,97.37,80.54,34.10,13.98,43.31,0
958,10,92.74,96.86,77.30,33.29,14.72,44.75,1
958,11,89.96,97.11,83.37,32.69,13.77,45.45,0
958,12,86.81,97.45,83.25,34.45,14.33,45.85,0
958,13,78.68,97.11,94.22,33.94,13.89,48.60,0
958,14,81.73,97.18,92.56,33.28,14.47,47.35,0
958,15,79.72,96.92,94.34,34.14,14.41,49.91,0
958,16,81.18,97.09,88.74,34.14,14.85,49.57,0
958,17,81.97,97.06,91.43,33.42,14.40,50.15,0
958,18,81.19,97.04,90.42,33.77,14.59,49.79,0
958,19,80.05,96.96,95.08,34.24,14.38,47.88,0
959,0,86.56,97.96,91.79,37.37,14.45,56.18,0
959,1,87.64,97.90,95.63,38.72,13.87,56.71,0
959,2,89.74,98.38,95.39,37.72,14.94,57.98,0
959,3,87.99,97.88,94.27,37.84,14.83,58.39,0
959,4,89.64,98.30,95.11,38.17,14.94,56.19,0
959,5,88.66,98.21,95.18,38.75,14.54,56.35,0
959,6,86.35,97.84,91.33,38.07,14.19,55.20,0
959,7,87.38,97.89,95.46,37.45,14.26,56.34,0
959,8,88.29,98.14,94.09,37.23,14.28,57.35,0
959,9,92.24,98.48,86.62,38.11,14.12,55.48,0
959,10,95.49,98.51,81.43,38.41,14.02,53.03,0
959,11,97.73,97.85,76.72,38.17,14.10,53.44,1
959,12,95.32,98.53,84.56,38.31,13.82,53.84,0
959,13,90.74,98.30,85.23,37.98,14.88,53.92,0
959,14,87.25,98.18,90.37,37.50,14.57,57.91,0
959,15,88.26,98.18,94.44,37.67,14.90,56.59,0
959,16,87.84,98.30,89.38,37.82,14.38,56.10,0
959,17,85.48,97.82,91.12,38.73,14.32,56.74,0
959,18,88.03,98.20,95.29,38.63,14.38,57.40,0
959,19,87.55,97.84,90.44,38.78,14.98,57.67,0
960,0,79.36,97.98,92.41,36.78,15.97,49.69,0
960,1,80.17,97.65,89.52,37.76,15.39,50.45,0
960,2,80.04,98.22,90.82,36.28,16.10,47.63,0
960,3,80.02,97.82,92.64,37.75,15.53,50.79,0
960,4,82.69,97.88,88.56,38.15,16.05,49.53,0
960,5,81.76,98.04,93.23,36.32,15.55,47.83,0
960,6,82.79,98.07,88.57,37.79,15.59,48.73,0
960,7,82.92,97.80,91.82,36.42,15.77,49.00,0
960,8,79.45,97.94,92.12,37.11,15.91,49.68,0
960,9,87.55,97.81,82.74,37.94,15.88,45.25,0
960,10,89.32,97.76,79.39,37.51,15.55,45.50,0
960,11,88.74,97.62,75.88,36.72,15.53,42.71,1
960,12,86.77,97.79,82.55,36.82,16.33,43.17,0
960,13,85.53,98.05,85.88,37.29,16.34,45.21,0
960,14,81.87,97.59,92.34,36.50,15.74,47.16,0
960,15,78.29,98.28,86.77,37.68,15.42,47.54,0
960,16,78.69,97.70,92.47,36.19,15.30,48.87,0
960,17,78.65,98.17,87.83,37.26,15.64,48.46,0
960,18,81.66,97.80,89.12,36.48,15.86,47.05,0
960,19,80.85,97.62,88.94,36.27,16.09,48.29,0
961,0,88.10,97.78,88.75,34.16,13.01,43.48,0
961,1,88.25,98.12,86.49,34.75,12.32,43.73,0
961,2,88.76,98.23,87.84,34.57,12.27,45.99,0
961,3,90.86,97.97,84.53,34.30,12.22,46.66,0
961,4,87.68,98.04,88.36,34.35,12.32,46.68,0
961,5,89.93,98.10,88.82,34.44,12.11,44.34,0
961,6,91.09,97.75,87.48,33.80,12.37,45.21,0
961,7,87.55,98.13,90.33,35.46,12.51,45.91,0
961,8,87.50,98.06,86.33,35.10,12.54,43.72,0
961,9,87.52,98.54,89.24,35.54,12.30,44.89,0
961,10,88.51,98.49,85.02,34.68,13.18,46.30,0
961,11,88.22,98.51,86.67,34.23,12.71,43.88,0
961,12,87.11,98.35,83.20,34.63,12.36,45.80,0
961,13,89.65,97.83,88.89,35.52,12.34,46.53,0
961,14,88.14,98.42,83.13,34.76,12.32,43.40,0
961,15,87.72,98.49,87.74,33.75,12.76,44.48,0
961,16,87.35,98.16,86.31,34.05,12.56,44.87,0
961,17,86.97,98.37,88.29,33.99,12.62,45.77,0
961,18,87.19,98.27,87.87,34.09,12.08,43.57,0
961,19,88.74,98.16,87.91,34.41,13.20,43.58,0
962,0,88.44,98.18,88.47,37.60,14.09,48.70,0
962,1,90.79,98.58,87.97,38.78,13.74,48.24,0
962,2,89.68,98.33,87.16,38.03,13.87,49.54,0
962,3,89.21,98.76,89.21,38.38,13.27,50.76,0
962,4,92.19,98.48,87.75,38.07,13.84,50.98,0
962,5,91.25,98.78,86.48,38.75,13.56,50.13,0
962,6,90.42,98.42,90.96,37.37,13.59,49.90,0
962,7,92.07,98.65,86.29,37.91,13.92,51.15,0
962,8,89.76,98.44,85.71,37.46,13.98,51.05,0
962,9,90.79,98.53,85.08,37.22,13.50,49.01,0
962,10,90.52,98.27,85.04,38.86,13.29,50.35,0
962,11,90.67,98.53,84.32,38.94,14.27,48.59,0
962,12,88.74,98.15,87.16,37.68,13.94,49.46,0
962,13,88.83,98.51,89.27,38.53,13.19,48.36,0
962,14,89.24,98.49,85.20,38.15,13.21,51.02,0
962,15,88.67,98.44,84.91,38.69,13.58,48.44,0
962,16,88.40,98.14,87.74,38.51,13.79,48.22,0
962,17,90.16,98.49,87.52,37.27,14.04,50.31,0
962,18,88.28,98.45,90.02,38.70,13.82,50.93,0
962,19,89.00,98.11,86.11,37.33,13.47,50.30,0
963,0,78.78,98.36,83.99,36.39,12.59,61.18,0
963,1,79.63,97.78,86.83,36.46,12.51,60.35,0
963,2,78.81,98.41,85.92,35.14,12.59,61.50,0
963,3,79.52,98.49,84.86,35.45,12.28,61.70,0
963,4,77.98,98.44,82.62,35.27,12.14,60.25,0
963,5,78.54,97.83,82.93,34.80,12.02,61.48,0
963,6,79.74,98.22,84.55,34.70,12.83,61.00,0
963,7,78.33,97.85,86.62,35.74,12.79,61.25,0
963,8,78.90,97.81,81.85,35.68,12.86,60.34,0
963,9,77.93,97.93,84.44,35.88,12.71,61.02,0
963,10,78.29,98.12,86.53,35.46,12.59,59.76,0
963,11,77.02,98.10,85.53,36.47,12.62,62.10,0
963,12,76.84,98.24,81.94,36.29,11.98,58.92,0
963,13,75.43,98.30,81.56,35.39,12.84,58.63,0
963,14,76.96,98.43,82.68,35.94,12.77,61.67,0
963,15,76.33,97.80,86.33,36.16,12.52,59.41,0
963,16,78.39,98.52,84.27,35.53,12.25,59.39,0
963,17,79.33,98.27,84.05,34.85,12.21,58.88,0
963,18,76.92,98.20,82.33,35.38,12.71,62.13,0
963,19,78.02,97.89,85.76,36.31,11.99,61.05,0
964,0,84.65,98.29,100.30,36.37,12.22,60.77,0
964,1,84.89,98.52,100.36,37.09,12.24,60.75,0
964,2,84.08,98.68,96.53,36.97,12.29,61.10,0
964,3,86.52,98.52,95.46,36.77,12.51,60.73,0
964,4,86.72,98.92,101.00,37.16,12.88,60.60,0
964,5,87.03,98.94,95.78,36.52,12.96,62.54,0
964,6,84.31,98.52,96.29,37.92,12.27,60.63,0
964,7,85.13,98.72,99.18,36.85,13.05,62.74,0
964,8,85.59,98.35,98.90,36.91,13.18,58.76,0
964,9,86.09,98.34,99.88,37.09,12.46,59.09,0
964,10,84.47,98.18,99.50,37.09,12.81,59.06,0
964,11,83.70,98.23,94.08,36.77,12.32,61.29,0
964,12,83.46,98.92,96.11,37.30,13.11,61.03,0
964,13,84.93,98.57,95.02,38.06,13.15,60.13,0
964,14,84.79,98.60,94.51,36.30,12.54,60.42,0
964,15,81.93,98.80,95.02,36.34,12.58,58.94,0
964,16,84.22,98.20,94.88,37.36,13.30,61.31,0
964,17,85.96,98.46,94.68,36.23,13.34,62.24,0
964,18,84.73,98.39,96.94,36.76,12.97,61.63,0
964,19,85.96,98.62,95.79,37.18,13.00,62.61,0
965,0,76.54,98.67,88.65,35.46,12.20,49.88,0
965,1,76.37,98.64,90.40,35.44,11.84,49.23,0
965,2,78.78,98.65,88.78,34.41,11.33,52.17,0
965,3,78.99,98.29,90.35,33.96,12.23,51.63,0
965,4,76.44,98.47,88.73,34.85,12.05,51.70,0
965,5,77.75,98.28,92.25,34.76,12.12,49.33,0
965,6,77.24,98.44,91.73,35.34,11.88,48.87,0
965,7,77.06,98.67,91.94,34.08,12.45,49.82,0
965,8,78.36,98.88,91.75,34.74,11.92,49.02,0
965,9,79.08,98.24,91.94,34.49,12.38,49.77,0
965,10,75.89,98.60,92.34,34.95,11.99,49.53,0
965,11,76.66,98.27,91.77,33.53,11.50,51.02,0
965,12,75.70,98.85,90.10,34.22,12.44,48.88,0
965,13,74.78,98.82,88.45,35.17,12.52,51.22,0
965,14,74.78,98.81,89.67,34.74,12.17,50.67,0
965,15,76.14,98.82,88.55,34.21,12.20,52.07,0
965,16,75.36,98.63,86.39,34.45,12.34,51.62,0
965,17,76.72,98.71,90.57,33.71,11.76,50.96,0
965,18,77.12,98.63,87.31,34.93,11.85,48.65,0
965,19,79.14,98.46,89.89,33.98,12.11,51.35,0
966,0,89.68,97.48,85.80,36.03,11.92,45.17,0
966,1,88.67,98.16,85.21,36.39,11.89,44.85,0
966,2,90.43,97.75,87.71,35.88,11.67,46.63,0
966,3,89.50,97.70,84.20,36.47,11.94,46.48,0
966,4,90.61,98.13,83.98,37.26,11.52,46.55,0
966,5,87.47,97.44,84.48,37.39,12.04,47.09,0
966,6,89.93,97.71,86.80,36.92,12.51,45.38,0
966,7,88.11,98.19,83.13,36.13,12.31,46.17,0
966,8,89.29,97.98,83.28,37.40,12.59,48.75,0
966,9,89.76,97.80,85.83,36.29,11.77,46.65,0
966,10,89.08,98.03,86.80,35.98,11.74,45.98,0
966,11,88.20,97.48,86.77,36.47,11.87,47.93,0
966,12,88.18,97.45,83.85,36.09,11.53,46.41,0
966,13,86.24,97.97,81.99,37.59,11.59,46.08,0
966,14,86.01,97.62,81.38,36.46,12.65,48.73,0
966,15,88.72,97.78,81.45,36.31,12.49,45.13,0
966,16,86.30,97.57,85.40,37.47,12.20,47.20,0
966,17,87.13,97.65,83.29,36.61,11.71,48.29,0
966,18,87.76,97.94,83.91,36.30,11.59,46.98,0
966,19,87.07,98.06,85.64,36.88,12.65,48.59,0
967,0,71.68,98.91,92.00,38.85,14.01,48.40,0
967,1,71.49,99.06,89.78,38.73,14.36,49.94,0
967,2,71.63,98.77,92.03,37.77,13.88,49.23,0
967,3,72.99,99.04,87.19,37.21,13.71,49.53,0
967,4,72.50,99.23,91.21,37.91,13.81,48.69,0
967,5,74.64,98.99,91.78,38.85,14.03,47.29,0
967,6,74.25,99.06,90.90,38.70,13.78,49.54,0
967,7,72.35,99.30,90.69,37.71,14.29,50.72,0
967,8,78.43,99.23,83.12,37.21,13.84,44.30,0
967,9,80.01,98.72,76.41,37.96,13.99,46.29,0
967,10,83.01,99.15,72.82,37.55,13.28,43.69,1
967,11,81.93,98.76,79.26,38.92,14.00,46.74,0
967,12,79.56,99.05,80.35,38.12,14.19,45.96,0
967,13,73.76,99.33,91.08,38.84,13.32,49.64,0
967,14,73.76,99.16,85.44,38.74,13.94,48.90,0
967,15,74.03,98.79,85.27,38.97,13.47,49.91,0
967,16,71.95,98.60,90.73,37.75,13.72,49.58,0
967,17,71.53,98.91,86.80,38.27,13.47,50.61,0
967,18,74.15,99.20,88.32,38.35,13.82,49.71,0
967,19,74.16,99.16,90.11,38.23,13.56,48.23,0
968,0,73.88,98.29,80.94,37.33,12.29,60.33,0
968,1,72.92,98.40,80.57,38.36,12.16,59.76,0
968,2,72.16,98.39,79.67,39.06,12.34,58.17,0
968,3,72.43,98.60,81.00,37.42,11.93,58.15,0
968,4,74.58,98.58,82.66,39.14,11.77,61.84,0
968,5,71.45,98.39,84.23,38.57,11.71,59.85,0
968,6,72.58,98.56,83.09,37.31,12.42,58.38,0
968,7,72.60,98.11,79.11,37.48,12.46,60.96,0
968,8,71.27,98.11,83.96,37.54,11.98,60.15,0
968,9,72.43,98.64,78.32,38.14,11.55,61.79,0
968,10,73.78,98.51,79.71,38.09,11.90,58.31,0
968,11,71.92,98.54,79.68,38.70,11.97,58.09,0
968,12,70.85,98.26,83.46,37.82,12.13,58.94,0
968,13,73.25,98.60,83.02,39.05,12.30,58.42,0
968,14,69.50,97.95,77.93,37.98,11.54,59.57,0
968,15,71.14,98.74,81.38,38.80,11.49,58.60,0
968,16,72.68,98.00,82.36,39.26,12.08,58.58,0
968,17,71.30,98.33,82.20,39.06,12.38,58.37,0
968,18,72.07,98.17,79.58,38.84,11.98,59.23,0
968,19,70.18,98.00,84.02,37.65,11.85,59.69,0
969,0,74.65,98.14,98.81,34.56,12.82,48.66,0
969,1,76.52,98.09,98.81,34.58,12.49,48.37,0
969,2,73.47,98.04,94.32,35.24,13.17,47.42,0
969,3,75.69,98.30,96.62,35.13,12.18,47.67,0
969,4,75.60,98.44,96.90,33.66,12.60,48.95,0
969,5,75.05,98.04,96.24,34.71,12.45,50.00,0
969,6,75.89,98.52,98.91,34.35,12.77,47.10,0
969,7,73.77,98.34,98.57,35.31,12.43,47.81,0
969,8,76.59,98.19,99.00,35.28,12.91,50.72,0
969,9,76.41,98.53,95.81,34.97,13.21,50.30,0
969,10,72.30,98.64,99.07,34.24,12.19,47.19,0
969,11,72.22,98.37,99.18,34.14,12.31,47.09,0
969,12,73.25,98.11,93.37,34.30,12.84,48.66,0
969,13,73.48,98.49,95.97,34.00,12.24,50.85,0
969,14,74.28,98.39,96.56,34.32,12.85,48.65,0
969,15,73.31,97.90,98.66,35.44,12.59,49.14,0
969,16,72.18,98.60,96.55,34.94,13.11,49.39,0
969,17,72.84,98.44,94.98,35.20,12.73,48.23,0
969,18,75.72,98.39,95.12,35.43,12.43,47.33,0
969,19,73.74,98.54,99.19,35.51,12.93,48.46,0
970,0,85.59,97.47,89.16,37.43,10.66,44.95,0
970,1,87.23,97.50,91.79,38.90,10.30,44.31,0
970,2,87.79,96.85,88.40,37.89,10.98,42.17,0
970,3,86.50,97.36,92.00,38.14,10.49,44.13,0
970,4,85.20,96.92,88.19,37.41,9.96,43.77,0
970,5,87.24,97.40,88.16,38.41,11.08,43.00,0
970,6,86.05,97.04,90.57,37.11,10.36,41.94,0
970,7,86.08,97.41,90.03,37.51,10.77,42.30,0
970,8,84.74,96.91,87.35,37.81,10.25,42.61,0
970,9,84.73,97.41,88.94,38.71,9.94,43.10,0
970,10,86.13,97.18,91.58,37.68,10.22,43.48,0
970,11,85.28,96.85,86.89,38.85,9.95,43.53,0
970,12,85.27,97.07,88.07,38.52,10.04,44.10,0
970,13,83.36,97.43,88.59,37.04,9.94,44.78,0
970,14,84.58,96.92,88.75,38.87,10.47,42.01,0
970,15,86.62,97.13,87.63,37.45,10.39,44.79,0
970,16,83.75,96.78,89.11,37.13,10.82,43.81,0
970,17,87.25,96.88,86.93,38.28,10.93,44.97,0
970,18,86.88,97.06,90.45,38.61,10.81,42.14,0
970,19,87.20,97.19,89.47,37.24,11.00,41.62,0
971,0,81.17,98.00,80.28,33.34,12.58,42.48,0
971,1,80.29,98.08,82.67,32.20,13.52,44.73,0
971,2,83.51,98.29,81.38,32.33,12.58,43.77,0
971,3,81.04,98.59,78.66,32.88,13.51,43.39,0
971,4,80.89,98.10,80.89,32.45,12.81,45.84,0
971,5,84.41,98.14,81.49,33.19,13.22,45.61,0
971,6,81.60,98.65,81.59,33.69,13.43,42.39,0
971,7,84.08,98.44,81.47,33.19,12.74,44.83,0
971,8,81.12,98.33,80.84,33.57,13.64,45.37,0
971,9,83.62,98.72,78.00,32.84,13.21,45.86,0
971,10,81.60,98.66,81.83,32.32,12.67,44.85,0
971,11,83.22,98.16,81.10,33.92,13.57,43.13,0
971,12,81.94,98.23,76.05,32.57,13.12,43.32,0
971,13,81.39,98.38,81.78,34.06,13.68,45.50,0
971,14,80.07,98.13,77.48,33.98,13.30,44.94,0
971,15,81.60,98.68,77.50,33.79,12.93,45.93,0
971,16,79.77,98.61,78.67,32.31,13.27,46.10,0
971,17,82.72,98.22,79.58,33.03,12.62,44.74,0
971,18,82.73,98.51,78.96,34.07,13.50,42.59,0
971,19,83.57,98.36,82.02,32.35,13.57,46.06,0
972,0,92.97,98.57,79.07,33.99,16.22,61.49,0
972,1,91.79,98.49,78.95,34.10,16.16,59.19,0
972,2,93.31,97.87,82.97,34.13,16.55,59.20,0
972,3,92.91,97.83,80.36,35.66,16.40,62.33,0
972,4,90.51,98.51,82.31,35.27,16.13,59.74,0
972,5,93.05,97.78,82.66,34.84,15.69,60.78,0
972,6,92.97,98.22,83.49,34.14,15.80,59.03,0
972,7,93.66,98.03,80.39,35.56,15.48,61.60,0
972,8,92.73,98.42,82.40,35.68,16.17,62.06,0
972,9,92.63,98.48,79.31,34.01,15.50,61.46,0
972,10,90.62,98.34,79.77,35.17,16.00,60.95,0
972,11,91.85,97.97,83.10,33.91,16.03,60.02,0
972,12,91.06,98.13,82.03,33.86,15.49,60.47,0
972,13,92.02,97.87,82.61,35.19,15.47,61.63,0
972,14,91.88,98.32,79.62,35.07,16.37,59.89,0
972,15,90.85,98.19,80.34,35.67,16.48,60.94,0
972,16,92.73,97.89,82.49,34.94,15.68,61.74,0
972,17,93.10,98.25,79.49,34.15,15.93,59.22,0
972,18,90.38,98.30,82.80,34.98,15.80,62.30,0
972,19,93.57,98.22,82.16,34.64,16.52,61.71,0
973,0,91.85,97.83,84.61,35.81,10.73,62.31,0
973,1,90.67,98.10,90.40,37.05,10.16,61.59,0
973,2,92.41,97.59,85.47,36.41,9.78,61.81,0
973,3,93.86,97.55,87.72,37.55,10.02,59.47,0
973,4,92.40,97.56,90.75,36.09,9.90,61.13,0
973,5,92.48,97.42,86.47,36.00,10.68,62.14,0
973,6,91.08,97.84,89.89,37.29,9.79,59.91,0
973,7,94.18,98.06,85.65,37.31,10.06,61.86,0
973,8,90.85,97.86,86.04,37.26,10.44,62.81,0
973,9,91.83,97.85,85.33,35.61,10.34,62.45,0
973,10,92.70,98.14,87.59,36.62,9.87,61.31,0
973,11,90.60,97.68,85.62,36.40,9.89,61.92,0
973,12,92.29,97.42,89.59,36.20,9.59,61.59,0
973,13,92.54,97.90,88.22,36.20,9.66,62.20,0
973,14,89.74,97.94,85.16,36.29,10.43,60.86,0
973,15,91.09,97.53,88.86,35.64,9.66,60.41,0
973,16,91.29,97.77,86.97,36.84,10.23,59.62,0
973,17,90.57,98.04,85.61,36.74,9.63,62.19,0
973,18,92.99,97.56,87.24,36.75,9.73,59.48,0
973,19,93.71,97.79,89.37,37.29,9.96,61.74,0
974,0,85.41,99.00,97.10,33.87,13.90,56.28,0
974,1,82.18,99.00,98.73,33.30,14.39,57.74,0
974,2,84.58,98.88,95.97,33.79,14.91,59.04,0
974,3,82.38,99.11,93.48,33.93,14.40,58.05,0
974,4,82.94,99.19,95.93,33.90,14.43,56.95,0
974,5,86.07,98.57,98.40,33.29,14.82,55.89,0
974,6,84.09,99.19,96.83,34.47,15.06,56.39,0
974,7,84.18,98.87,95.83,34.12,15.09,57.81,0
974,8,83.93,98.50,93.31,34.59,14.03,58.81,0
974,9,84.66,98.69,94.45,32.85,14.43,55.43,0
974,10,90.80,98.81,87.99,33.85,14.36,53.20,0
974,11,92.38,98.68,86.94,33.38,14.02,54.80,0
974,12,92.48,98.53,83.29,34.25,14.04,53.73,1
974,13,89.92,98.77,87.59,34.32,14.03,52.68,0
974,14,88.30,99.20,86.16,34.63,14.57,54.02,0
974,15,84.34,98.72,94.88,33.82,13.96,57.22,0
974,16,81.08,99.16,92.91,33.15,15.00,57.96,0
974,17,84.56,98.54,98.00,33.08,14.59,59.15,0
974,18,85.44,99.19,93.59,33.59,14.87,55.33,0
974,19,82.03,98.45,94.79,34.55,14.14,56.91,0
975,0,84.94,97.64,88.85,36.86,12.46,56.28,0
975,1,86.89,97.55,90.39,38.39,12.06,56.85,0
975,2,86.68,97.39,90.61,37.67,11.89,57.86,0
975,3,87.49,97.72,87.86,36.51,11.77,56.57,0
975,4,88.25,97.92,85.42,36.64,12.72,58.06,0
975,5,88.11,97.51,90.04,37.99,12.68,58.54,0
975,6,86.20,97.33,89.49,38.01,12.23,59.30,0
975,7,85.46,97.64,88.20,36.51,11.64,56.44,0
975,8,88.46,97.44,85.53,36.53,11.85,59.63,0
975,9,86.08,97.36,86.14,37.73,12.20,59.93,0
975,10,94.43,97.65,80.45,37.41,11.97,53.65,0
975,11,93.68,97.82,75.21,37.16,12.09,53.02,0
975,12,96.80,97.94,75.69,37.81,12.77,54.04,1
975,13,94.14,97.87,78.04,38.39,11.88,55.22,0
975,14,91.21,97.83,77.89,38.33,12.13,56.47,0
975,15,85.14,97.78,86.75,38.02,12.56,56.55,0
975,16,85.65,97.79,84.39,37.28,12.41,57.73,0
975,17,87.63,97.73,88.48,38.27,12.03,57.81,0
975,18,87.93,97.85,84.74,37.55,11.70,59.33,0
975,19,85.50,97.34,85.56,37.65,11.77,58.76,0
976,0,76.22,98.05,77.12,37.62,14.34,58.96,0
976,1,72.65,97.61,76.45,38.29,13.61,60.09,0
976,2,73.94,97.85,76.40,38.41,14.48,61.44,0
976,3,74.97,97.92,79.69,38.39,14.69,61.63,0
976,4,74.89,97.71,78.37,37.33,13.84,60.32,0
976,5,75.01,98.10,77.65,37.72,14.11,58.35,0
976,6,74.63,97.92,81.92,38.70,14.52,61.84,0
976,7,76.55,97.73,79.69,38.25,14.03,60.11,0
976,8,74.15,97.68,79.76,37.38,13.96,62.23,0
976,9,79.76,97.53,75.53,37.73,14.69,55.97,0
976,10,83.41,97.99,66.25,38.07,13.86,54.59,0
976,11,82.79,98.04,62.42,36.97,14.03,53.38,1
976,12,83.03,97.82,70.74,38.26,14.60,56.05,0
976,13,78.47,97.96,69.43,38.65,14.61,58.43,0
976,14,74.92,97.53,78.66,37.34,13.69,59.12,0
976,15,71.63,98.13,79.72,38.42,13.70,62.17,0
976,16,74.58,97.60,76.53,37.91,14.14,60.27,0
976,17,72.76,97.61,75.55,38.11,14.09,61.16,0
976,18,72.11,97.86,77.75,37.96,13.83,58.87,0
976,19,72.56,98.09,81.38,37.59,14.48,62.27,0
977,0,90.24,98.60,81.11,33.98,12.28,44.62,0
977,1,93.09,98.45,79.05,33.38,12.29,46.79,0
977,2,91.43,98.85,81.23,32.51,12.18,47.17,0
977,3,92.60,98.82,79.87,33.49,11.86,43.97,0
977,4,92.27,98.66,77.56,32.27,12.22,46.72,0
977,5,91.68,98.45,80.06,32.92,12.08,44.76,0
977,6,90.76,98.75,81.17,32.83,12.24,47.23,0
977,7,92.35,98.42,78.36,33.38,12.26,44.60,0
977,8,92.27,98.82,77.72,32.48,12.30,46.32,0
977,9,92.14,98.48,77.35,34.06,12.36,47.62,0
977,10,93.36,98.69,80.14,33.92,12.17,44.73,0
977,11,89.62,98.85,77.64,33.54,11.91,46.85,0
977,12,93.01,98.29,76.40,33.80,11.98,47.43,0
977,13,91.46,98.78,74.99,32.31,12.41,46.66,0
977,14,90.43,98.22,79.12,32.28,12.76,47.85,0
977,15,92.58,98.21,75.15,34.02,12.26,47.37,0
977,16,93.13,98.62,79.69,32.58,12.43,46.63,0
977,17,92.19,98.79,78.15,33.37,12.02,45.57,0
977,18,90.84,98.72,75.56,33.05,12.19,47.30,0
977,19,93.26,98.81,75.21,32.44,12.40,45.49,0
978,0,92.00,98.94,88.02,39.12,11.31,55.81,0
978,1,89.72,98.51,88.12,38.19,11.47,52.20,0
978,2,91.39,99.03,88.14,38.95,10.74,55.27,0
978,3,90.35,98.91,87.71,37.62,11.30,55.20,0
978,4,92.08,99.18,88.95,39.02,11.30,54.82,0
978,5,89.66,99.13,88.50,37.42,10.85,54.91,0
978,6,92.20,99.04,88.33,38.28,10.59,54.77,0
978,7,90.32,98.70,86.73,37.48,11.56,54.38,0
978,8,92.57,98.51,89.66,38.61,11.07,54.14,0
978,9,89.50,99.07,90.87,38.53,10.60,54.98,0
978,10,90.11,98.80,87.41,38.67,10.77,55.78,0
978,11,90.57,98.92,87.28,38.56,10.45,53.78,0
978,12,89.50,99.14,87.49,38.42,11.37,53.34,0
978,13,90.26,98.98,90.50,39.00,11.47,54.29,0
978,14,87.73,98.84,86.56,38.96,11.36,54.02,0
978,15,90.87,98.60,88.23,38.51,11.61,54.47,0
978,16,88.98,99.00,84.94,37.62,10.92,53.10,0
978,17,88.70,98.73,85.34,37.67,10.65,54.38,0
978,18,88.42,99.02,85.14,38.38,11.54,53.60,0
978,19,91.42,98.97,88.89,38.84,11.16,54.88,0
979,0,90.45,99.02,96.90,37.01,14.31,58.69,0
979,1,89.38,98.53,96.37,37.82,14.80,59.50,0
979,2,91.05,98.57,96.79,38.04,14.25,59.52,0
979,3,88.92,98.53,93.78,38.22,14.59,57.65,0
979,4,90.10,98.38,94.56,37.64,14.87,59.27,0
979,5,89.30,98.78,94.56,37.22,14.59,60.33,0
979,6,88.88,98.73,98.45,37.02,14.67,58.02,0
979,7,88.00,98.35,93.31,37.08,15.06,59.11,0
979,8,91.06,98.41,97.35,37.24,14.76,59.45,0
979,9,89.84,98.35,95.74,38.09,14.96,61.27,0
979,10,86.95,98.32,96.39,37.02,14.49,60.90,0
979,11,87.53,98.77,91.84,38.55,14.72,59.36,0
979,12,88.70,98.39,96.93,36.64,15.05,58.38,0
979,13,90.02,98.58,93.69,38.32,14.92,58.96,0
979,14,88.75,98.35,92.21,38.15,14.96,58.33,0
979,15,86.75,98.74,96.79,38.55,14.43,58.79,0
979,16,87.95,99.03,96.41,37.07,15.41,57.83,0
979,17,88.09,99.07,95.93,37.26,15.10,58.72,0
979,18,89.13,98.84,94.07,37.30,15.17,58.43,0
979,19,89.29,98.44,94.72,37.31,14.89,58.02,0
980,0,80.82,99.30,94.30,38.22,15.51,53.13,0
980,1,81.50,98.83,92.89,37.93,15.32,54.15,0
980,2,80.14,98.81,96.37,37.35,15.71,54.92,0
980,3,82.21,99.16,95.54,37.81,15.77,55.12,0
980,4,79.36,98.83,95.76,38.04,15.20,52.03,0
980,5,81.58,98.65,96.87,38.52,14.72,53.04,0
980,6,79.24,98.60,95.20,38.87,14.66,55.07,0
980,7,80.10,99.12,96.38,38.37,14.86,54.77,0
980,8,82.30,98.78,91.44,38.87,14.63,51.86,0
980,9,82.14,98.71,96.69,38.31,15.24,53.19,0
980,10,81.16,98.70,95.79,37.30,15.61,53.46,0
980,11,81.21,98.99,91.79,37.88,14.74,54.99,0
980,12,78.84,99.23,94.45,38.52,14.71,52.60,0
980,13,78.01,98.84,90.83,38.71,15.33,52.36,0
980,14,78.02,99.08,90.60,38.53,15.59,55.11,0
980,15,79.39,98.85,93.19,37.33,14.82,54.97,0
980,16,77.96,98.66,95.38,37.64,15.63,54.19,0
980,17,80.34,98.91,91.43,37.30,15.37,52.23,0
980,18,79.77,98.67,91.26,38.33,15.25,52.22,0
980,19,79.69,99.25,94.39,38.24,14.62,52.24,0
981,0,69.39,98.56,86.01,39.36,15.10,49.13,0
981,1,72.34,98.43,83.97,38.45,14.14,47.66,0
981,2,73.32,98.04,86.96,38.67,14.76,50.68,0
981,3,72.77,98.70,83.71,39.64,14.32,48.63,0
981,4,71.52,98.12,85.86,39.76,14.93,51.26,0
981,5,70.99,98.41,84.35,39.51,14.61,49.57,0
981,6,72.06,98.40,82.55,38.43,14.87,50.20,0
981,7,73.09,98.54,84.07,39.07,14.02,48.18,0
981,8,71.42,98.59,81.65,38.94,14.19,51.16,0
981,9,69.28,98.25,83.21,38.99,14.24,50.93,0
981,10,71.87,98.74,84.92,38.90,15.06,50.28,0
981,11,71.17,98.19,83.35,38.67,14.86,48.37,0
981,12,71.14,98.47,80.73,39.21,15.08,50.18,0
981,13,71.84,98.74,80.52,38.90,14.39,48.01,0
981,14,71.89,98.69,81.80,38.90,14.81,48.63,0
981,15,69.02,98.10,81.50,38.44,14.50,51.06,0
981,16,68.46,98.37,84.59,39.32,15.03,50.98,0
981,17,71.50,98.17,86.13,39.54,14.89,50.10,0
981,18,72.33,98.38,82.69,39.24,14.67,48.93,0
981,19,72.41,98.27,84.08,38.98,14.59,47.95,0
982,0,73.65,97.57,78.57,34.13,14.25,44.86,0
982,1,73.00,98.30,78.88,34.39,13.85,41.79,0
982,2,72.90,97.53,81.76,34.10,13.96,40.87,0
982,3,74.78,97.88,83.37,33.73,13.81,42.54,0
982,4,74.72,98.21,81.92,33.38,14.47,42.58,0
982,5,75.10,97.52,79.89,34.44,14.01,43.27,0
982,6,75.66,98.18,83.03,34.23,14.06,42.48,0
982,7,75.29,97.97,79.98,33.51,14.08,41.35,0
982,8,75.78,97.99,79.07,33.22,14.31,41.82,0
982,9,72.88,97.56,83.18,34.36,13.68,43.60,0
982,10,73.48,97.52,79.07,34.36,13.73,41.73,0
982,11,71.53,97.82,81.32,34.89,14.56,42.79,0
982,12,72.26,98.25,77.56,33.77,14.41,43.37,0
982,13,71.73,97.71,79.76,33.81,13.99,41.41,0
982,14,72.18,97.89,79.44,34.89,14.22,42.09,0
982,15,73.99,97.56,81.51,33.08,13.83,42.45,0
982,16,71.88,97.52,79.80,33.04,13.91,40.98,0
982,17,73.27,98.24,82.03,34.28,14.66,43.59,0
982,18,72.35,98.17,79.74,33.45,14.26,44.23,0
982,19,72.84,97.52,81.84,33.14,14.10,43.46,0
983,0,69.55,98.89,86.01,34.03,14.76,55.41,0
983,1,69.48,99.09,84.81,35.47,14.45,56.09,0
983,2,71.75,98.78,86.85,35.14,14.79,58.45,0
983,3,71.37,98.72,88.12,35.20,14.18,57.59,0
983,4,69.85,98.78,87.54,34.02,14.21,55.35,0
983,5,70.08,98.84,82.96,35.40,14.79,58.56,0
983,6,71.58,98.77,86.79,33.67,14.49,58.17,0
983,7,72.63,98.35,84.06,35.03,14.92,54.96,0
983,8,69.53,98.51,83.25,34.35,14.88,55.71,0
983,9,72.24,98.59,85.19,35.41,14.16,55.13,0
983,10,70.23,99.00,86.28,34.04,14.96,57.75,0
983,11,69.72,98.86,86.81,35.04,14.29,55.27,0
983,12,69.29,98.64,81.63,33.60,13.97,55.34,0
983,13,70.01,98.57,85.76,34.98,14.13,58.65,0
983,14,68.11,98.89,86.40,35.07,14.07,56.13,0
983,15,69.89,98.77,83.51,34.66,14.76,57.09,0
983,16,68.71,98.76,82.42,34.49,14.45,55.27,0
983,17,69.17,98.58,87.20,35.53,14.11,56.24,0
983,18,69.48,98.95,83.69,34.23,14.49,58.16,0
983,19,70.32,98.85,86.23,35.02,14.22,55.26,0
984,0,83.05,98.30,87.71,35.57,14.32,59.34,0
984,1,80.50,98.44,88.95,34.81,14.75,55.59,0
984,2,80.81,98.18,88.44,34.87,14.13,55.58,0
984,3,81.35,97.81,88.80,34.16,13.77,59.01,0
984,4,82.56,97.98,86.06,34.92,14.79,57.73,0
984,5,83.81,97.76,87.19,34.23,14.27,58.09,0
984,6,84.08,98.44,90.87,34.49,14.30,59.31,0
984,7,83.86,97.84,90.88,35.15,14.01,57.69,0
984,8,82.30,97.73,86.93,34.68,13.97,57.86,0
984,9,81.39,98.13,89.39,34.83,14.37,56.01,0
984,10,83.89,98.07,85.07,33.80,14.74,58.56,0
984,11,83.16,98.36,85.51,35.37,14.68,57.09,0
984,12,80.44,98.33,88.40,34.82,14.27,58.88,0
984,13,79.62,98.29,84.98,34.68,13.93,58.84,0
984,14,80.78,97.92,89.41,34.97,14.91,59.09,0
984,15,83.37,97.93,86.61,35.14,14.24,55.50,0
984,16,83.40,98.33,86.34,33.92,14.78,57.07,0
984,17,81.52,98.23,86.05,35.41,14.06,57.11,0
984,18,83.86,98.32,85.32,35.42,14.35,58.64,0
984,19,80.47,98.12,86.81,34.09,14.56,57.73,0
985,0,75.22,98.53,82.98,38.08,13.32,43.11,0
985,1,77.25,98.92,83.60,36.98,13.13,43.39,0
985,2,75.72,99.04,82.26,38.21,12.78,44.28,0
985,3,74.43,98.85,83.32,38.22,13.59,43.88,0
985,4,77.12,98.31,84.40,37.22,13.25,43.28,0
985,5,74.86,98.89,84.35,38.50,13.38,41.22,0
985,6,75.24,98.38,82.32,37.48,13.14,44.78,0
985,7,75.19,98.63,84.34,38.01,12.69,43.29,0
985,8,75.59,98.73,83.14,37.67,13.31,43.93,0
985,9,75.17,98.95,81.98,38.70,13.43,43.32,0
985,10,76.30,98.90,80.36,37.12,13.45,43.78,0
985,11,76.37,98.84,80.32,37.62,12.85,41.15,0
985,12,74.37,98.95,79.94,38.14,12.82,42.60,0
985,13,76.38,98.46,83.98,37.21,13.25,40.99,0
985,14,72.38,98.94,79.20,38.86,12.86,44.30,0
985,15,74.96,98.62,80.82,38.51,13.03,43.76,0
985,16,75.54,98.47,82.70,37.01,13.25,42.55,0
985,17,74.10,98.39,80.60,37.99,13.59,44.05,0
985,18,75.10,98.95,82.68,36.97,13.56,42.93,0
985,19,75.96,98.80,80.46,37.32,12.60,44.59,0
986,0,91.48,97.83,85.90,37.86,15.58,56.45,0
986,1,92.89,97.99,86.16,37.74,14.93,56.35,0
986,2,91.22,98.25,85.41,37.02,14.90,54.45,0
986,3,92.00,97.94,88.86,36.37,15.29,55.55,0
986,4,91.85,97.64,88.23,37.06,15.21,57.37,0
986,5,93.42,97.87,86.52,37.89,14.67,54.89,0
986,6,89.69,97.52,87.34,36.72,15.50,56.99,0
986,7,90.14,98.21,87.99,37.12,15.11,57.35,0
986,8,90.19,97.90,83.37,36.49,14.47,54.49,0
986,9,92.07,97.95,87.11,38.15,14.72,56.66,0
986,10,92.57,97.90,88.43,37.24,15.38,57.34,0
986,11,89.38,97.99,86.83,38.15,14.85,55.00,0
986,12,90.68,97.77,86.19,36.19,15.47,56.83,0
986,13,91.12,97.56,85.74,37.77,14.61,54.10,0
986,14,91.82,98.13,84.58,36.62,14.46,56.10,0
986,15,90.72,97.53,86.75,37.83,14.73,55.10,0
986,16,91.86,98.01,82.80,37.76,14.66,57.34,0
986,17,89.31,97.70,83.32,37.46,15.03,56.28,0
986,18,90.99,98.11,86.74,37.88,14.65,54.16,0
986,19,89.62,97.63,84.95,37.77,15.08,53.54,0
987,0,71.82,97.81,77.83,34.02,11.60,55.18,0
987,1,72.80,98.45,80.42,34.97,12.41,52.23,0
987,2,70.39,97.97,81.14,35.10,11.64,56.11,0
987,3,72.60,98.42,80.64,35.13,11.43,52.49,0
987,4,69.95,97.82,77.60,34.34,11.55,53.78,0
987,5,70.13,98.52,82.14,33.92,12.19,54.69,0
987,6,70.80,98.31,79.73,34.07,11.60,53.39,0
987,7,71.46,98.26,79.50,35.44,11.62,55.16,0
987,8,72.35,98.08,78.53,34.05,11.90,54.11,0
987,9,68.78,97.88,82.38,34.21,12.44,52.80,0
987,10,71.15,98.34,80.29,34.35,11.76,55.99,0
987,11,68.94,97.98,79.24,34.05,11.62,54.45,0
987,12,70.17,98.33,79.39,34.47,11.39,54.02,0
987,13,70.46,98.03,80.61,34.54,11.79,55.33,0
987,14,68.20,97.81,78.42,34.58,11.34,54.44,0
987,15,70.41,97.90,80.22,34.45,11.83,54.18,0
987,16,70.45,98.01,77.33,34.83,12.04,56.07,0
987,17,68.93,98.34,76.86,35.34,11.98,55.25,0
987,18,71.89,98.31,76.78,34.93,11.95,54.55,0
987,19,69.94,98.01,78.48,35.67,11.49,53.35,0
988,0,87.12,97.38,95.40,36.10,10.68,56.60,0
988,1,87.06,97.74,100.18,35.02,10.57,58.34,0
988,2,88.05,97.57,99.51,35.69,10.16,57.68,0
988,3,87.23,97.67,96.50,36.67,9.92,56.45,0
988,4,89.78,97.29,101.39,34.74,10.73,58.64,0
988,5,87.75,97.38,96.09,36.61,10.16,57.74,0
988,6,89.88,97.16,97.66,35.41,10.22,59.23,0
988,7,88.52,97.29,99.47,35.28,10.74,58.89,0
988,8,89.52,97.42,100.87,35.79,10.21,57.48,0
988,9,88.68,97.37,95.98,36.66,10.95,58.09,0
988,10,86.79,97.27,100.35,35.07,10.92,57.30,0
988,11,87.83,97.48,95.67,35.22,10.66,57.00,0
988,12,85.86,97.76,95.93,35.41,10.41,59.53,0
988,13,87.19,97.50,96.34,35.17,10.09,57.63,0
988,14,88.25,97.68,99.60,36.11,10.19,55.98,0
988,15,86.47,97.78,94.30,36.35,9.96,56.65,0
988,16,88.99,97.37,95.55,35.40,10.69,57.36,0
988,17,87.79,97.55,97.96,36.08,10.33,58.18,0
988,18,86.31,97.36,99.05,35.27,10.41,57.96,0
988,19,86.82,97.93,100.24,35.77,10.32,56.92,0
989,0,87.48,97.26,79.52,38.73,15.27,47.26,0
989,1,87.11,97.31,79.27,39.18,15.87,47.89,0
989,2,87.08,96.94,81.59,38.98,15.07,45.67,0
989,3,87.07,96.98,82.76,39.09,15.18,45.72,0
989,4,88.58,97.44,85.57,39.64,16.09,45.76,0
989,5,88.52,97.20,83.80,38.70,15.20,48.39,0
989,6,91.09,97.40,82.77,39.01,15.46,47.93,0
989,7,87.54,96.99,80.53,39.19,15.45,44.73,0
989,8,86.93,96.96,79.35,39.64,16.14,47.18,0
989,9,89.28,97.26,81.83,39.44,15.12,46.14,0
989,10,88.97,96.92,83.38,39.25,15.42,45.35,0
989,11,86.54,97.24,78.84,38.63,15.70,45.62,0
989,12,88.76,97.08,83.61,39.19,15.59,48.06,0
989,13,86.07,97.29,80.93,39.69,16.04,47.27,0
989,14,86.70,97.09,81.60,37.87,15.89,46.75,0
989,15,87.54,96.90,82.33,38.07,16.09,45.38,0
989,16,85.98,97.10,83.84,39.77,15.65,47.69,0
989,17,89.83,97.27,82.35,39.31,15.20,46.82,0
989,18,89.21,96.76,79.45,39.00,15.84,46.35,0
989,19,90.12,97.35,80.86,38.00,15.52,48.35,0
990,0,72.87,98.70,89.46,38.85,11.98,54.96,0
990,1,71.17,98.40,89.70,39.52,12.18,51.28,0
990,2,73.01,98.50,85.97,38.13,12.79,52.86,0
990,3,74.62,98.68,87.56,38.00,12.10,54.72,0
990,4,75.04,99.09,92.06,38.34,12.42,54.90,0
990,5,73.06,98.87,87.56,37.98,12.56,51.50,0
990,6,71.44,98.61,86.38,38.91,12.59,52.52,0
990,7,71.96,98.93,86.38,37.75,12.99,54.01,0
990,8,73.11,98.98,86.35,37.80,11.95,55.00,0
990,9,71.73,98.63,87.33,39.21,12.69,51.59,0
990,10,74.04,98.91,89.21,39.11,12.49,53.37,0
990,11,73.13,98.58,89.02,39.49,12.12,52.70,0
990,12,71.24,98.49,90.02,39.45,13.05,52.79,0
990,13,72.86,99.02,84.98,38.17,12.84,53.61,0
990,14,72.87,98.60,88.45,38.17,12.96,51.82,0
990,15,72.68,98.52,88.81,39.50,12.75,54.57,0
990,16,72.39,98.70,86.31,38.66,12.25,53.54,0
990,17,70.03,98.82,88.75,39.06,12.78,54.51,0
990,18,70.45,98.61,87.75,39.43,11.90,54.34,0
990,19,70.58,98.83,91.07,37.73,13.02,51.80,0
991,0,80.39,97.88,85.78,33.71,15.56,53.80,0
991,1,80.09,97.95,88.69,33.70,15.17,57.12,0
991,2,79.59,97.97,90.99,33.61,15.60,56.16,0
991,3,82.81,97.68,91.75,35.01,15.05,56.87,0
991,4,81.91,97.91,87.06,34.46,15.95,53.87,0
991,5,81.55,97.83,90.64,33.30,15.39,54.59,0
991,6,79.61,97.56,91.99,34.75,15.88,54.12,0
991,7,81.56,97.79,90.82,33.39,16.02,55.45,0
991,8,79.39,97.69,91.42,34.78,15.40,56.01,0
991,9,81.86,97.86,88.29,33.46,15.80,57.10,0
991,10,82.63,97.97,90.00,33.84,15.91,56.21,0
991,11,79.33,97.49,86.74,34.17,15.22,55.00,0
991,12,81.22,97.52,87.94,34.60,15.43,56.03,0
991,13,78.46,97.86,88.80,34.34,15.68,55.49,0
991,14,78.87,98.03,85.24,33.24,15.37,56.77,0
991,15,81.55,98.18,87.23,33.17,15.93,53.85,0
991,16,79.87,97.65,88.49,33.27,16.03,56.73,0
991,17,79.39,97.93,85.46,34.15,15.04,54.54,0
991,18,79.26,97.50,85.93,34.67,15.03,54.16,0
991,19,79.96,97.81,85.73,33.61,15.12,53.70,0
992,0,75.36,98.16,85.24,36.30,11.55,40.58,0
992,1,72.79,98.44,88.17,36.37,11.38,42.18,0
992,2,75.73,98.46,88.20,37.46,11.72,43.31,0
992,3,73.51,98.63,84.90,37.17,11.81,40.70,0
992,4,73.95,98.04,86.84,36.55,12.16,40.96,0
992,5,76.59,98.71,88.28,36.69,11.70,40.49,0
992,6,76.30,98.55,89.40,37.07,12.54,42.74,0
992,7,74.81,98.03,89.61,37.21,11.82,42.13,0
992,8,76.17,98.23,85.65,37.00,11.94,42.22,0
992,9,75.71,97.99,88.36,36.23,11.44,40.54,0
992,10,74.50,98.47,88.38,36.99,11.89,40.62,0
992,11,74.90,98.15,84.65,37.16,11.42,42.55,0
992,12,75.03,98.32,87.47,36.87,11.64,41.42,0
992,13,72.05,98.34,86.51,35.79,12.00,41.65,0
992,14,74.76,98.14,84.91,36.22,12.15,41.29,0
992,15,72.34,98.41,86.22,37.46,11.46,41.69,0
992,16,74.51,98.63,86.21,37.53,12.55,40.85,0
992,17,72.42,98.08,84.23,37.32,12.32,40.42,0
992,18,74.72,98.15,87.56,36.87,11.51,42.68,0
992,19,73.86,98.40,83.62,36.85,12.34,41.17,0
993,0,82.71,98.03,79.36,36.89,12.89,61.00,0
993,1,79.98,98.12,80.05,36.94,12.88,58.67,0
993,2,79.40,98.08,79.38,36.34,12.92,60.26,0
993,3,82.02,98.08,77.45,36.14,13.06,59.46,0
993,4,80.22,97.76,79.70,35.66,13.01,60.68,0
993,5,79.92,98.25,81.92,36.91,13.43,61.12,0
993,6,80.30,98.05,79.51,36.98,13.52,58.93,0
993,7,82.73,98.27,81.22,36.13,13.39,61.64,0
993,8,80.23,98.47,77.74,36.36,13.49,58.71,0
993,9,82.47,98.12,81.46,35.57,13.27,59.94,0
993,10,79.72,98.51,82.11,37.10,13.40,61.45,0
993,11,79.67,97.85,79.44,36.58,12.91,58.59,0
993,12,78.61,98.31,78.81,36.97,13.22,61.95,0
993,13,80.44,98.27,76.91,36.33,12.41,60.80,0
993,14,79.78,98.12,80.00,36.53,12.42,59.93,0
993,15,81.61,98.52,79.62,37.13,13.20,62.26,0
993,16,78.92,98.42,80.76,37.00,12.63,61.13,0
993,17,79.43,98.18,78.90,35.34,13.03,59.19,0
993,18,81.04,98.52,81.00,36.98,13.16,58.65,0
993,19,79.69,98.28,82.24,35.87,13.06,59.87,0
994,0,70.85,97.36,96.18,36.38,11.90,44.52,0
994,1,72.83,97.35,94.05,35.66,11.97,43.22,0
994,2,74.96,97.36,92.83,34.81,12.54,45.73,0
994,3,72.72,97.41,97.24,34.73,11.84,45.17,0
994,4,72.66,97.30,97.79,35.87,12.50,42.23,0
994,5,74.28,96.97,96.73,35.56,12.02,42.21,0
994,6,72.34,97.71,97.59,36.66,12.54,44.65,0
994,7,72.57,97.33,93.75,35.15,12.34,44.03,0
994,8,73.15,97.00,95.58,36.48,11.96,45.18,0
994,9,78.00,96.97,88.89,36.55,12.46,41.38,0
994,10,81.68,97.66,87.28,35.22,12.75,38.29,0
994,11,82.86,97.36,79.49,34.74,12.80,39.46,1
994,12,78.54,97.23,87.07,34.93,12.63,40.03,0
994,13,78.30,97.01,85.15,35.39,11.88,40.85,0
994,14,71.95,97.59,96.46,36.46,11.97,42.42,0
994,15,72.26,97.19,93.55,35.16,12.05,44.72,0
994,16,73.03,97.00,95.39,34.98,12.51,45.54,0
994,17,70.97,97.35,92.87,36.58,12.74,44.90,0
994,18,73.83,97.09,93.67,36.64,12.21,43.71,0
994,19,73.16,97.30,96.85,35.62,12.70,45.73,0
995,0,77.40,97.26,85.76,36.24,11.70,59.58,0
995,1,78.99,97.12,84.78,36.12,10.98,60.10,0
995,2,77.39,97.17,84.27,36.90,11.64,60.25,0
995,3,81.32,97.81,87.98,36.52,11.75,58.96,0
995,4,78.83,97.64,90.06,36.64,11.33,61.63,0
995,5,77.83,97.64,88.67,36.79,11.40,60.04,0
995,6,80.74,97.64,85.14,36.79,11.85,59.77,0
995,7,78.45,97.27,85.50,35.35,11.80,57.88,0
995,8,80.03,97.41,86.60,36.65,11.33,58.78,0
995,9,77.90,97.38,86.13,35.17,11.03,58.08,0
995,10,84.57,97.60,81.00,35.41,11.27,56.69,0
995,11,87.77,97.17,76.68,35.96,10.84,53.91,0
995,12,88.03,97.12,69.09,35.27,11.25,55.08,1
995,13,84.26,97.18,77.87,36.88,10.79,54.00,0
995,14,84.01,97.25,78.18,35.96,11.44,55.37,0
995,15,76.58,97.65,85.68,35.15,11.16,58.78,0
995,16,79.67,97.12,87.91,36.52,11.06,60.76,0
995,17,78.02,97.26,85.23,35.84,11.10,59.44,0
995,18,77.41,97.16,89.22,36.69,11.90,58.15,0
995,19,77.71,97.50,87.41,36.11,11.51,58.56,0
996,0,83.18,98.08,82.42,34.81,13.64,49.75,0
996,1,84.06,97.54,84.25,35.70,13.59,48.90,0
996,2,84.52,98.12,82.99,35.03,12.95,49.76,0
996,3,83.99,97.77,86.70,35.70,13.49,49.90,0
996,4,82.77,97.97,84.88,35.88,12.97,48.47,0
996,5,84.93,98.27,87.00,35.92,13.57,50.29,0
996,6,84.71,97.97,82.32,35.44,13.00,49.03,0
996,7,81.23,98.14,86.69,35.21,13.05,50.15,0
996,8,81.31,97.54,83.04,36.05,13.45,49.14,0
996,9,88.78,98.21,76.10,35.81,13.85,45.90,0
996,10,91.43,98.26,76.37,35.05,13.74,47.25,0
996,11,90.93,97.49,67.48,35.64,13.39,45.64,1
996,12,88.66,97.55,71.53,35.45,13.58,47.58,0
996,13,87.64,98.17,76.62,34.25,13.61,45.81,0
996,14,82.46,98.26,82.78,35.45,13.11,51.45,0
996,15,80.77,97.53,84.54,36.04,13.75,49.29,0
996,16,80.59,97.97,80.50,34.37,13.09,49.32,0
996,17,81.00,97.79,84.02,35.53,13.62,50.40,0
996,18,80.06,98.21,82.29,34.83,13.14,48.60,0
996,19,83.27,98.07,82.80,35.73,13.62,51.78,0
997,0,85.06,98.12,86.58,34.89,15.43,47.29,0
997,1,86.67,97.47,88.87,35.38,15.13,45.84,0
997,2,85.58,98.09,88.49,35.50,15.12,49.52,0
997,3,87.69,97.88,86.01,34.90,15.62,47.43,0
997,4,88.39,97.49,89.81,36.12,15.09,49.40,0
997,5,88.62,97.43,89.96,35.63,14.77,45.89,0
997,6,86.72,97.48,88.22,36.60,15.03,48.04,0
997,7,88.55,98.12,86.26,36.12,15.17,47.17,0
997,8,88.09,97.63,89.50,35.73,15.34,46.45,0
997,9,90.37,97.50,78.22,36.74,14.70,45.11,0
997,10,94.09,98.08,77.80,36.43,14.93,43.40,0
997,11,94.31,98.01,73.76,35.98,15.55,42.12,1
997,12,92.90,98.01,74.70,36.02,14.60,45.61,0
997,13,89.88,97.52,80.89,35.69,15.41,43.28,0
997,14,83.49,97.72,85.59,36.09,14.95,45.87,0
997,15,83.36,97.75,89.16,36.70,14.94,47.82,0
997,16,87.07,97.47,86.93,36.46,15.11,48.64,0
997,17,86.25,97.60,86.33,35.74,14.64,49.22,0
997,18,87.67,97.69,84.35,34.83,15.51,49.53,0
997,19,88.04,97.42,84.94,35.78,15.42,49.31,0
998,0,79.71,98.45,91.08,36.19,12.07,49.09,0
998,1,80.95,98.60,91.86,35.21,12.42,50.18,0
998,2,79.74,98.31,91.52,36.22,12.75,51.85,0
998,3,81.17,97.92,93.36,34.87,12.07,49.54,0
998,4,80.15,98.45,92.55,34.33,11.95,48.00,0
998,5,81.55,97.96,88.39,35.76,12.12,49.03,0
998,6,81.45,98.02,91.49,35.40,11.92,48.41,0
998,7,79.61,98.46,92.40,34.71,12.28,49.94,0
998,8,81.44,98.29,91.38,35.51,12.49,49.25,0
998,9,85.65,98.04,82.75,34.91,12.29,47.65,0
998,10,87.61,98.45,80.15,35.85,12.49,46.29,0
998,11,89.24,98.39,72.98,35.15,11.90,46.07,1
998,12,86.59,97.98,80.83,36.01,12.80,46.63,0
998,13,85.45,98.03,80.85,34.94,11.86,48.08,0
998,14,78.38,97.99,88.11,35.89,11.98,48.89,0
998,15,81.03,98.23,89.55,36.25,11.70,50.17,0
998,16,79.42,98.31,91.95,34.78,12.52,51.68,0
998,17,79.08,98.20,87.81,36.12,11.94,50.41,0
998,18,79.93,98.35,87.66,35.55,12.48,49.51,0
998,19,80.15,98.02,89.73,35.88,12.15,50.37,0
999,0,74.83,98.46,85.67,37.99,11.51,48.47,0
999,1,76.61,98.44,89.52,38.69,11.31,48.77,0
999,2,78.59,98.87,85.68,38.52,10.73,48.54,0
999,3,78.14,98.44,87.01,38.88,10.75,50.16,0
999,4,75.76,98.57,90.54,37.26,11.42,49.38,0
999,5,79.27,98.62,88.83,38.86,11.37,48.57,0
999,6,76.48,98.85,89.98,37.80,11.85,48.59,0
999,7,76.30,98.81,85.82,37.10,11.58,49.22,0
999,8,76.78,98.74,88.87,37.20,10.83,47.21,0
999,9,84.60,98.37,78.64,38.12,11.15,45.60,0
999,10,83.99,98.52,76.95,37.70,11.72,43.69,0
999,11,87.19,99.03,70.15,38.75,11.24,43.59,1
999,12,83.94,98.53,74.34,37.12,11.46,44.88,0
999,13,82.09,98.32,80.52,37.95,11.48,44.44,0
999,14,77.08,98.98,84.55,38.38,11.82,49.13,0
999,15,74.95,98.86,84.75,38.09,10.69,49.95,0
999,16,77.38,99.02,87.68,37.21,11.03,50.52,0
999,17,75.89,98.74,83.76,37.85,11.40,50.53,0
999,18,77.87,99.01,86.13,38.38,10.67,48.67,0
999,19,77.96,99.01,87.43,37.95,11.31,47.29,0
1000,0,72.57,98.70,90.19,36.14,15.01,44.51,0
1000,1,70.89,99.05,91.93,35.81,14.25,41.82,0
1000,2,70.89,98.67,90.23,37.37,14.19,42.08,0
1000,3,71.84,99.04,93.36,37.17,14.26,42.22,0
1000,4,71.10,98.78,92.36,36.10,14.43,45.38,0
1000,5,72.84,99.24,89.84,36.34,14.94,44.10,0
1000,6,71.07,99.02,91.99,37.67,14.79,44.48,0
1000,7,69.77,99.16,90.66,36.59,14.29,45.03,0
1000,8,71.21,98.65,92.84,36.77,14.14,42.11,0
1000,9,69.78,98.64,88.20,36.41,15.12,43.37,0
1000,10,72.66,98.68,89.75,37.33,14.41,42.53,0
1000,11,71.41,98.53,90.03,37.32,14.65,43.44,0
1000,12,69.99,98.96,87.39,36.12,14.88,42.98,0
1000,13,70.78,99.22,87.74,37.47,14.94,42.05,0
1000,14,68.29,98.69,91.92,36.09,14.24,43.84,0
1000,15,69.97,98.49,91.40,36.19,14.09,43.14,0
1000,16,69.25,98.70,90.12,36.22,14.94,42.21,0
1000,17,69.64,99.03,91.28,36.57,14.21,43.59,0
1000,18,72.58,99.28,90.29,37.33,14.92,45.54,0
1000,19,69.78,98.57,90.55,36.40,15.00,41.79,0
